"bench_narma30.csv"	4	3.4667355e-06
1 1 0.13587479 0.0077390313 0.020451 0.397585 4.2869892 0.0030112802 0.14025305 0.25587264 2 1 0 0 0 0 1 1 16019 0
"bench_narma30.csv"	3	2.1627029e-05
1 1 0.13587479 0.0077390313 0.020451 0.397585 4.2869892 0.0030112802 0.14025305 0.25587264 2 1 0 0 0 0 1 1 16019 0
"bench_narma30.csv"	2	7.6963554e-06
1 1 0.13587479 0.0077390313 0.020451 0.397585 4.2869892 0.0030112802 0.14025305 0.25587264 2 1 0 0 0 0 1 1 16019 0
"bench_narma30.csv"	4	3.8186734e-05
1 1 0.13587479 0.0077390313 0.020451 0.397585 4.2869892 0.0030112802 0.14025305 0.25587264 2 1 0 0 0 0 1 1 16019 0
"bench_narma30.csv"	3	4.637609e-05
1 1 0.13587479 0.0077390313 0.020451 0.397585 4.2869892 0.0030112802 0.14025305 0.25587264 2 1 0 0 0 0 1 1 16019 0
"bench_narma30.csv"	2	8.6789229e-05
1 1 0.13587479 0.0077390313 0.020451 0.397585 4.2869892 0.0030112802 0.14025305 0.25587264 2 1 0 0 0 0 1 1 16019 0
"bench_narma30.csv"	4	1.4178078e-05
1 1 0.13587479 0.0077390313 0.020451 0.397585 4.2869892 0.0030112802 0.14025305 0.25587264 2 1 0 0 0 0 1 1 16019 0
"bench_narma30.csv"	3	5.319946e-05
1 1 0.13587479 0.0077390313 0.020451 0.397585 4.2869892 0.0030112802 0.14025305 0.25587264 2 1 0 0 0 0 1 1 16019 0
"bench_narma30.csv"	2	5.6661752e-05
1 1 0.13587479 0.0077390313 0.020451 0.397585 4.2869892 0.0030112802 0.14025305 0.25587264 2 1 0 0 0 0 1 1 16019 0
"bench_narma30.csv"	4	4.2865884e-05
1 1 0.13587479 0.0077390313 0.020451 0.397585 4.2869892 0.0030112802 0.14025305 0.25587264 2 1 0 0 0 0 1 1 16019 0
"bench_narma30.csv"	3	5.4099944e-05
1 1 0.13587479 0.0077390313 0.020451 0.397585 4.2869892 0.0030112802 0.14025305 0.25587264 2 1 0 0 0 0 1 1 16019 0
"bench_narma30.csv"	21	0.00011615013
1 1 0.13587479 0.0077390313 0.020451 0.397585 4.2869892 0.0030112802 0.14025305 0.25587264 2 1 0 0 0 0 1 1 16019 0
"bench_narma30.csv"	2	-0.0067052824
1 1 0.13587479 0.0077390313 0.020451 0.397585 4.2869892 0.0030112802 0.14025305 0.25587264 2 1 0 0 0 0 1 1 16019 0
"bench_narma30.csv"	4	3.4575564e-06
1 1 0.13587479 0.0077390313 0.020451 0.397585 4.2869892 0.0030112802 0.14025305 0.25587264 2 1 0 0 0 0 1 1 16019 0
"bench_narma30.csv"	3	2.0698671e-05
1 1 0.13587479 0.0077390313 0.020451 0.397585 4.2869892 0.0030112802 0.14025305 0.25587264 2 1 0 0 0 0 1 1 16019 0
"bench_narma30.csv"	3	5.0210854e-06
1 1 0.13587479 0.0077390313 0.020451 0.397585 4.2869892 0.0030112802 0.14025305 0.25587264 2 1 0 0 0 0 1 1 16019 0
"bench_narma30.csv"	21	3.2135121e-06
1 1 0.13587479 0.0077390313 0.020451 0.397585 4.2869892 0.0030112802 0.14025305 0.25587264 2 1 0 0 0 0 1 1 16019 0
"bench_narma30.csv"	2	3.2135121e-06
1 1 0.13587479 0.0077390313 0.020451 0.397585 4.2869892 0.0030112802 0.14025305 0.25587264 2 1 0 0 0 0 1 1 16019 0
"bench_narma30.csv"	4	3.5470505e-06
1 1 0.13587479 0.0077390313 0.020451 0.397585 4.2869892 0.0030112802 0.14025305 0.25587264 2 1 0 0 0 0 1 1 16019 0
"bench_narma30.csv"	2	1.8607378e-05
1 1 0.13587479 0.0077390313 0.020451 0.397585 4.2869892 0.0030112802 0.14025305 0.25587264 2 1 0 0 0 0 1 1 16019 0
"bench_narma30.csv"	4	1.8607378e-05
1 1 0.13587479 0.0077390313 0.020451 0.397585 4.2869892 0.0030112802 0.14025305 0.25587264 2 1 0 0 0 0 1 1 16019 0
"bench_narma30.csv"	1	1.8607378e-05
1 1 0.13587479 0.0077390313 0.020451 0.397585 4.2869892 0.0030112802 0.14025305 0.25587264 2 1 0 0 0 0 1 1 16019 0
"bench_narma30.csv"	3	1.8607378e-05
1 1 0.13587479 0.0077390313 0.020451 0.397585 4.2869892 0.0030112802 0.14025305 0.25587264 2 1 0 0 0 0 1 1 16019 0
"bench_narma30.csv"	2	1.9468315e-05
1 1 0.13587479 0.0077390313 0.020451 0.397585 4.2869892 0.0030112802 0.14025305 0.25587264 2 1 0 0 0 0 1 1 16019 0
"bench_narma30.csv"	4	1.9468315e-05
1 1 0.13587479 0.0077390313 0.020451 0.397585 4.2869892 0.0030112802 0.14025305 0.25587264 2 1 0 0 0 0 1 1 16019 0
"bench_narma30.csv"	1	1.9468315e-05
1 1 0.13587479 0.0077390313 0.020451 0.397585 4.2869892 0.0030112802 0.14025305 0.25587264 2 1 0 0 0 0 1 1 16019 0
"bench_narma30.csv"	3	1.9468315e-05
1 1 0.13587479 0.0077390313 0.020451 0.397585 4.2869892 0.0030112802 0.14025305 0.25587264 2 1 0 0 0 0 1 1 16019 0
"bench_narma30.csv"	2	1.9030156e-05
1 1 0.13587479 0.0077390313 0.020451 0.397585 4.2869892 0.0030112802 0.14025305 0.25587264 2 1 0 0 0 0 1 1 16019 0
"bench_narma30.csv"	4	1.9030156e-05
1 1 0.13587479 0.0077390313 0.020451 0.397585 4.2869892 0.0030112802 0.14025305 0.25587264 2 1 0 0 0 0 1 1 16019 0
"bench_narma30.csv"	1	1.9030156e-05
1 1 0.13587479 0.0077390313 0.020451 0.397585 4.2869892 0.0030112802 0.14025305 0.25587264 2 1 0 0 0 0 1 1 16019 0
"bench_narma30.csv"	3	1.9030156e-05
1 1 0.13587479 0.0077390313 0.020451 0.397585 4.2869892 0.0030112802 0.14025305 0.25587264 2 1 0 0 0 0 1 1 16019 0
"bench_narma30.csv"	2	1.9519848e-05
1 1 0.13587479 0.0077390313 0.020451 0.397585 4.2869892 0.0030112802 0.14025305 0.25587264 2 1 0 0 0 0 1 1 16019 0
"bench_narma30.csv"	4	1.9519848e-05
1 1 0.13587479 0.0077390313 0.020451 0.397585 4.2869892 0.0030112802 0.14025305 0.25587264 2 1 0 0 0 0 1 1 16019 0
"bench_narma30.csv"	1	1.9519848e-05
1 1 0.13587479 0.0077390313 0.020451 0.397585 4.2869892 0.0030112802 0.14025305 0.25587264 2 1 0 0 0 0 1 1 16019 0
"bench_narma30.csv"	3	1.9519848e-05
1 1 0.13587479 0.0077390313 0.020451 0.397585 4.2869892 0.0030112802 0.14025305 0.25587264 2 1 0 0 0 0 1 1 16019 0
"bench_narma30.csv"	2	1.9224461e-05
1 1 0.13587479 0.0077390313 0.020451 0.397585 4.2869892 0.0030112802 0.14025305 0.25587264 2 1 0 0 0 0 1 1 16019 0
"bench_narma30.csv"	4	1.9224461e-05
1 1 0.13587479 0.0077390313 0.020451 0.397585 4.2869892 0.0030112802 0.14025305 0.25587264 2 1 0 0 0 0 1 1 16019 0
"bench_narma30.csv"	1	1.9224461e-05
1 1 0.13587479 0.0077390313 0.020451 0.397585 4.2869892 0.0030112802 0.14025305 0.25587264 2 1 0 0 0 0 1 1 16019 0
"bench_narma30.csv"	3	1.9224461e-05
1 1 0.13587479 0.0077390313 0.020451 0.397585 4.2869892 0.0030112802 0.14025305 0.25587264 2 1 0 0 0 0 1 1 16019 0
"bench_narma30.csv"	2	1.9413232e-05
1 1 0.13587479 0.0077390313 0.020451 0.397585 4.2869892 0.0030112802 0.14025305 0.25587264 2 1 0 0 0 0 1 1 16019 0
"bench_narma30.csv"	4	1.9413232e-05
1 1 0.13587479 0.0077390313 0.020451 0.397585 4.2869892 0.0030112802 0.14025305 0.25587264 2 1 0 0 0 0 1 1 16019 0
"bench_narma30.csv"	1	1.9413232e-05
1 1 0.13587479 0.0077390313 0.020451 0.397585 4.2869892 0.0030112802 0.14025305 0.25587264 2 1 0 0 0 0 1 1 16019 0
"bench_narma30.csv"	3	1.9413232e-05
1 1 0.13587479 0.0077390313 0.020451 0.397585 4.2869892 0.0030112802 0.14025305 0.25587264 2 1 0 0 0 0 1 1 16019 0
"bench_narma30.csv"	2	1.9432658e-05
1 1 0.13587479 0.0077390313 0.020451 0.397585 4.2869892 0.0030112802 0.14025305 0.25587264 2 1 0 0 0 0 1 1 16019 0
"bench_narma30.csv"	4	1.9432658e-05
1 1 0.13587479 0.0077390313 0.020451 0.397585 4.2869892 0.0030112802 0.14025305 0.25587264 2 1 0 0 0 0 1 1 16019 0
"bench_narma30.csv"	1	1.9432658e-05
1 1 0.13587479 0.0077390313 0.020451 0.397585 4.2869892 0.0030112802 0.14025305 0.25587264 2 1 0 0 0 0 1 1 16019 0
"bench_narma30.csv"	3	1.9432658e-05
1 1 0.13587479 0.0077390313 0.020451 0.397585 4.2869892 0.0030112802 0.14025305 0.25587264 2 1 0 0 0 0 1 1 16019 0
"bench_narma30.csv"	2	1.9417848e-05
1 1 0.13587479 0.0077390313 0.020451 0.397585 4.2869892 0.0030112802 0.14025305 0.25587264 2 1 0 0 0 0 1 1 16019 0
"bench_narma30.csv"	4	1.9417848e-05
1 1 0.13587479 0.0077390313 0.020451 0.397585 4.2869892 0.0030112802 0.14025305 0.25587264 2 1 0 0 0 0 1 1 16019 0
"bench_narma30.csv"	1	1.9417848e-05
1 1 0.13587479 0.0077390313 0.020451 0.397585 4.2869892 0.0030112802 0.14025305 0.25587264 2 1 0 0 0 0 1 1 16019 0
"bench_narma30.csv"	3	1.9417848e-05
1 1 0.13587479 0.0077390313 0.020451 0.397585 4.2869892 0.0030112802 0.14025305 0.25587264 2 1 0 0 0 0 1 1 16019 0
"bench_narma30.csv"	2	1.9429364e-05
1 1 0.13587479 0.0077390313 0.020451 0.397585 4.2869892 0.0030112802 0.14025305 0.25587264 2 1 0 0 0 0 1 1 16019 0
"bench_narma30.csv"	4	1.9429364e-05
1 1 0.13587479 0.0077390313 0.020451 0.397585 4.2869892 0.0030112802 0.14025305 0.25587264 2 1 0 0 0 0 1 1 16019 0
"bench_narma30.csv"	1	1.9429364e-05
1 1 0.13587479 0.0077390313 0.020451 0.397585 4.2869892 0.0030112802 0.14025305 0.25587264 2 1 0 0 0 0 1 1 16019 0
"bench_narma30.csv"	3	1.9429364e-05
1 1 0.13587479 0.0077390313 0.020451 0.397585 4.2869892 0.0030112802 0.14025305 0.25587264 2 1 0 0 0 0 1 1 16019 0
"bench_narma30.csv"	2	1.9420544e-05
1 1 0.13587479 0.0077390313 0.020451 0.397585 4.2869892 0.0030112802 0.14025305 0.25587264 2 1 0 0 0 0 1 1 16019 0
"bench_narma30.csv"	4	1.9420544e-05
1 1 0.13587479 0.0077390313 0.020451 0.397585 4.2869892 0.0030112802 0.14025305 0.25587264 2 1 0 0 0 0 1 1 16019 0
"bench_narma30.csv"	1	1.9420544e-05
1 1 0.13587479 0.0077390313 0.020451 0.397585 4.2869892 0.0030112802 0.14025305 0.25587264 2 1 0 0 0 0 1 1 16019 0
"bench_narma30.csv"	3	1.9420544e-05
1 1 0.13587479 0.0077390313 0.020451 0.397585 4.2869892 0.0030112802 0.14025305 0.25587264 2 1 0 0 0 0 1 1 16019 0
"bench_narma30.csv"	2	1.9424147e-05
1 1 0.13587479 0.0077390313 0.020451 0.397585 4.2869892 0.0030112802 0.14025305 0.25587264 2 1 0 0 0 0 1 1 16019 0
"bench_narma30.csv"	4	1.9424147e-05
1 1 0.13587479 0.0077390313 0.020451 0.397585 4.2869892 0.0030112802 0.14025305 0.25587264 2 1 0 0 0 0 1 1 16019 0
"bench_narma30.csv"	1	1.9424147e-05
1 1 0.13587479 0.0077390313 0.020451 0.397585 4.2869892 0.0030112802 0.14025305 0.25587264 2 1 0 0 0 0 1 1 16019 0
"bench_narma30.csv"	3	1.9424147e-05
1 1 0.13587479 0.0077390313 0.020451 0.397585 4.2869892 0.0030112802 0.14025305 0.25587264 2 1 0 0 0 0 1 1 16019 0
"bench_narma30.csv"	2	1.9424653e-05
1 1 0.13587479 0.0077390313 0.020451 0.397585 4.2869892 0.0030112802 0.14025305 0.25587264 2 1 0 0 0 0 1 1 16019 0
"bench_narma30.csv"	4	1.9424653e-05
1 1 0.13587479 0.0077390313 0.020451 0.397585 4.2869892 0.0030112802 0.14025305 0.25587264 2 1 0 0 0 0 1 1 16019 0
"bench_narma30.csv"	1	1.9424653e-05
1 1 0.13587479 0.0077390313 0.020451 0.397585 4.2869892 0.0030112802 0.14025305 0.25587264 2 1 0 0 0 0 1 1 16019 0
"bench_narma30.csv"	3	1.9424653e-05
1 1 0.13587479 0.0077390313 0.020451 0.397585 4.2869892 0.0030112802 0.14025305 0.25587264 2 1 0 0 0 0 1 1 16019 0
"bench_narma30.csv"	2	1.9424263e-05
1 1 0.13587479 0.0077390313 0.020451 0.397585 4.2869892 0.0030112802 0.14025305 0.25587264 2 1 0 0 0 0 1 1 16019 0
"bench_narma30.csv"	4	1.9424263e-05
1 1 0.13587479 0.0077390313 0.020451 0.397585 4.2869892 0.0030112802 0.14025305 0.25587264 2 1 0 0 0 0 1 1 16019 0
"bench_narma30.csv"	1	1.9424263e-05
1 1 0.13587479 0.0077390313 0.020451 0.397585 4.2869892 0.0030112802 0.14025305 0.25587264 2 1 0 0 0 0 1 1 16019 0
"bench_narma30.csv"	3	1.9424263e-05
1 1 0.13587479 0.0077390313 0.020451 0.397585 4.2869892 0.0030112802 0.14025305 0.25587264 2 1 0 0 0 0 1 1 16019 0
"bench_narma30.csv"	2	1.9424563e-05
1 1 0.13587479 0.0077390313 0.020451 0.397585 4.2869892 0.0030112802 0.14025305 0.25587264 2 1 0 0 0 0 1 1 16019 0
"bench_narma30.csv"	4	1.9424563e-05
1 1 0.13587479 0.0077390313 0.020451 0.397585 4.2869892 0.0030112802 0.14025305 0.25587264 2 1 0 0 0 0 1 1 16019 0
"bench_narma30.csv"	1	1.9424563e-05
1 1 0.13587479 0.0077390313 0.020451 0.397585 4.2869892 0.0030112802 0.14025305 0.25587264 2 1 0 0 0 0 1 1 16019 0
"bench_narma30.csv"	3	1.9424563e-05
1 1 0.13587479 0.0077390313 0.020451 0.397585 4.2869892 0.0030112802 0.14025305 0.25587264 2 1 0 0 0 0 1 1 16019 0
"bench_narma30.csv"	2	1.9424332e-05
1 1 0.13587479 0.0077390313 0.020451 0.397585 4.2869892 0.0030112802 0.14025305 0.25587264 2 1 0 0 0 0 1 1 16019 0
"bench_narma30.csv"	4	1.9424332e-05
1 1 0.13587479 0.0077390313 0.020451 0.397585 4.2869892 0.0030112802 0.14025305 0.25587264 2 1 0 0 0 0 1 1 16019 0
"bench_narma30.csv"	1	1.9424332e-05
1 1 0.13587479 0.0077390313 0.020451 0.397585 4.2869892 0.0030112802 0.14025305 0.25587264 2 1 0 0 0 0 1 1 16019 0
"bench_narma30.csv"	3	1.9424332e-05
1 1 0.13587479 0.0077390313 0.020451 0.397585 4.2869892 0.0030112802 0.14025305 0.25587264 2 1 0 0 0 0 1 1 16019 0
"bench_narma30.csv"	2	1.9424425e-05
1 1 0.13587479 0.0077390313 0.020451 0.397585 4.2869892 0.0030112802 0.14025305 0.25587264 2 1 0 0 0 0 1 1 16019 0
"bench_narma30.csv"	4	1.9424425e-05
1 1 0.13587479 0.0077390313 0.020451 0.397585 4.2869892 0.0030112802 0.14025305 0.25587264 2 1 0 0 0 0 1 1 16019 0
"bench_narma30.csv"	1	1.9424425e-05
1 1 0.13587479 0.0077390313 0.020451 0.397585 4.2869892 0.0030112802 0.14025305 0.25587264 2 1 0 0 0 0 1 1 16019 0
"bench_narma30.csv"	3	1.9424425e-05
1 1 0.13587479 0.0077390313 0.020451 0.397585 4.2869892 0.0030112802 0.14025305 0.25587264 2 1 0 0 0 0 1 1 16019 0
"bench_narma30.csv"	2	1.9424438e-05
1 1 0.13587479 0.0077390313 0.020451 0.397585 4.2869892 0.0030112802 0.14025305 0.25587264 2 1 0 0 0 0 1 1 16019 0
"bench_narma30.csv"	4	1.9424438e-05
1 1 0.13587479 0.0077390313 0.020451 0.397585 4.2869892 0.0030112802 0.14025305 0.25587264 2 1 0 0 0 0 1 1 16019 0
"bench_narma30.csv"	1	1.9424438e-05
1 1 0.13587479 0.0077390313 0.020451 0.397585 4.2869892 0.0030112802 0.14025305 0.25587264 2 1 0 0 0 0 1 1 16019 0
"bench_narma30.csv"	3	1.9424438e-05
1 1 0.13587479 0.0077390313 0.020451 0.397585 4.2869892 0.0030112802 0.14025305 0.25587264 2 1 0 0 0 0 1 1 16019 0
"bench_narma30.csv"	2	1.9424428e-05
1 1 0.13587479 0.0077390313 0.020451 0.397585 4.2869892 0.0030112802 0.14025305 0.25587264 2 1 0 0 0 0 1 1 16019 0
"bench_narma30.csv"	4	1.9424428e-05
1 1 0.13587479 0.0077390313 0.020451 0.397585 4.2869892 0.0030112802 0.14025305 0.25587264 2 1 0 0 0 0 1 1 16019 0
"bench_narma30.csv"	1	1.9424428e-05
1 1 0.13587479 0.0077390313 0.020451 0.397585 4.2869892 0.0030112802 0.14025305 0.25587264 2 1 0 0 0 0 1 1 16019 0
"bench_narma30.csv"	3	1.9424428e-05
1 1 0.13587479 0.0077390313 0.020451 0.397585 4.2869892 0.0030112802 0.14025305 0.25587264 2 1 0 0 0 0 1 1 16019 0
"bench_narma30.csv"	2	1.9424436e-05
1 1 0.13587479 0.0077390313 0.020451 0.397585 4.2869892 0.0030112802 0.14025305 0.25587264 2 1 0 0 0 0 1 1 16019 0
"bench_narma30.csv"	4	1.9424436e-05
1 1 0.13587479 0.0077390313 0.020451 0.397585 4.2869892 0.0030112802 0.14025305 0.25587264 2 1 0 0 0 0 1 1 16019 0
"bench_narma30.csv"	1	1.9424436e-05
1 1 0.13587479 0.0077390313 0.020451 0.397585 4.2869892 0.0030112802 0.14025305 0.25587264 2 1 0 0 0 0 1 1 16019 0
"bench_narma30.csv"	3	1.9424436e-05
1 1 0.13587479 0.0077390313 0.020451 0.397585 4.2869892 0.0030112802 0.14025305 0.25587264 2 1 0 0 0 0 1 1 16019 0
"bench_narma30.csv"	2	1.942443e-05
1 1 0.13587479 0.0077390313 0.020451 0.397585 4.2869892 0.0030112802 0.14025305 0.25587264 2 1 0 0 0 0 1 1 16019 0
"bench_narma30.csv"	4	1.942443e-05
1 1 0.13587479 0.0077390313 0.020451 0.397585 4.2869892 0.0030112802 0.14025305 0.25587264 2 1 0 0 0 0 1 1 16019 0
"bench_narma30.csv"	1	1.942443e-05
1 1 0.13587479 0.0077390313 0.020451 0.397585 4.2869892 0.0030112802 0.14025305 0.25587264 2 1 0 0 0 0 1 1 16019 0
"bench_narma30.csv"	3	1.942443e-05
1 1 0.13587479 0.0077390313 0.020451 0.397585 4.2869892 0.0030112802 0.14025305 0.25587264 2 1 0 0 0 0 1 1 16019 0
"bench_narma30.csv"	2	1.9424432e-05
1 1 0.13587479 0.0077390313 0.020451 0.397585 4.2869892 0.0030112802 0.14025305 0.25587264 2 1 0 0 0 0 1 1 16019 0
"bench_narma30.csv"	4	1.9424432e-05
1 1 0.13587479 0.0077390313 0.020451 0.397585 4.2869892 0.0030112802 0.14025305 0.25587264 2 1 0 0 0 0 1 1 16019 0
"bench_narma30.csv"	1	1.9424432e-05
1 1 0.13587479 0.0077390313 0.020451 0.397585 4.2869892 0.0030112802 0.14025305 0.25587264 2 1 0 0 0 0 1 1 16019 0
"bench_narma30.csv"	3	1.9424432e-05
1 1 0.13587479 0.0077390313 0.020451 0.397585 4.2869892 0.0030112802 0.14025305 0.25587264 2 1 0 0 0 0 1 1 16019 0
"bench_narma30.csv"	2	1.9424433e-05
1 1 0.13587479 0.0077390313 0.020451 0.397585 4.2869892 0.0030112802 0.14025305 0.25587264 2 1 0 0 0 0 1 1 16019 0
"bench_narma30.csv"	4	1.9424433e-05
1 1 0.13587479 0.0077390313 0.020451 0.397585 4.2869892 0.0030112802 0.14025305 0.25587264 2 1 0 0 0 0 1 1 16019 0
"bench_narma30.csv"	1	1.9424433e-05
1 1 0.13587479 0.0077390313 0.020451 0.397585 4.2869892 0.0030112802 0.14025305 0.25587264 2 1 0 0 0 0 1 1 16019 0
"bench_narma30.csv"	3	1.9424433e-05
1 1 0.13587479 0.0077390313 0.020451 0.397585 4.2869892 0.0030112802 0.14025305 0.25587264 2 1 0 0 0 0 1 1 16019 0
"bench_hetero3.csv"	1	-0.53368274
1 1 1.2113168 11.757039 -4.967891 6.994869 3.4888509 1 2 5.4867366e-10 2 0 0 0 0 1 0 0 2.0041667 0
"bench_hetero3.csv"	12	-0.53368274
1 1 1.2113168 11.757039 -4.967891 6.994869 3.4888509 1 2 5.4867366e-10 2 0 0 0 0 1 0 0 2.0041667 0
"bench_hetero3.csv"	21	-0.53368274
1 1 1.2113168 11.757039 -4.967891 6.994869 3.4888509 1 2 5.4867366e-10 2 0 0 0 0 1 0 0 2.0041667 0
"bench_hetero3.csv"	12	-0.53330735
1 1 0.13144967 0.54365765 -0.999949 0.999994 2.7124071 0.077662551 0.11762702 0.0070245832 2 0 0 0 0 1 0 0 2.9999022 0
"bench_hetero3.csv"	1	-0.36063529
1 1 1.2113168 11.757039 -4.967891 6.994869 3.4888509 1 2 5.4867366e-10 2 0 0 0 0 1 0 0 2.0041667 0
"bench_hetero3.csv"	12	-0.36063529
1 1 1.2113168 11.757039 -4.967891 6.994869 3.4888509 1 2 5.4867366e-10 2 0 0 0 0 1 0 0 2.0041667 0
"bench_hetero3.csv"	21	-0.36063529
1 1 1.2113168 11.757039 -4.967891 6.994869 3.4888509 1 2 5.4867366e-10 2 0 0 0 0 1 0 0 2.0041667 0
"bench_hetero3.csv"	12	-0.35936774
1 1 0.13144967 0.54365765 -0.999949 0.999994 2.7124071 0.077662551 0.11762702 0.0070245832 2 0 0 0 0 1 0 0 2.9999022 0
"bench_hetero3.csv"	3	-0.20130041
1 1 1.2113168 11.757039 -4.967891 6.994869 3.4888509 1 2 5.4867366e-10 2 0 0 0 0 1 0 0 2.0041667 0
"bench_hetero3.csv"	5	0.0021189086
1 1 1.2113168 11.757039 -4.967891 6.994869 3.4888509 1 2 5.4867366e-10 2 0 0 0 0 1 0 0 2.0041667 0
"bench_hetero3.csv"	1	-0.20130041
1 1 1.2113168 11.757039 -4.967891 6.994869 3.4888509 1 2 5.4867366e-10 2 0 0 0 0 1 0 0 2.0041667 0
"bench_hetero3.csv"	12	-0.20130041
1 1 1.2113168 11.757039 -4.967891 6.994869 3.4888509 1 2 5.4867366e-10 2 0 0 0 0 1 0 0 2.0041667 0
"bench_hetero3.csv"	4	0.0019713645
1 1 1.2113168 11.757039 -4.967891 6.994869 3.4888509 1 2 5.4867366e-10 2 0 0 0 0 1 0 0 2.0041667 0
"bench_hetero3.csv"	21	0.0046801493
1 1 1.2113168 11.757039 -4.967891 6.994869 3.4888509 1 2 5.4867366e-10 2 0 0 0 0 1 0 0 2.0041667 0
"bench_hetero3.csv"	12	-0.2012542
1 1 0.13144967 0.54365765 -0.999949 0.999994 2.7124071 0.077662551 0.11762702 0.0070245832 2 0 0 0 0 1 0 0 2.9999022 0
"bench_hetero3.csv"	21	0.0018655266
1 1 0.13144967 0.54365765 -0.999949 0.999994 2.7124071 0.077662551 0.11762702 0.0070245832 2 0 0 0 0 1 0 0 2.9999022 0
"bench_hetero3.csv"	3	0.00020542658
1 1 0.13144967 0.54365765 -0.999949 0.999994 2.7124071 0.077662551 0.11762702 0.0070245832 2 0 0 0 0 1 0 0 2.9999022 0
"bench_hetero3.csv"	5	0.00069018613
1 1 0.13144967 0.54365765 -0.999949 0.999994 2.7124071 0.077662551 0.11762702 0.0070245832 2 0 0 0 0 1 0 0 2.9999022 0
"bench_hetero3.csv"	1	-0.16189647
1 1 0.13144967 0.54365765 -0.999949 0.999994 2.7124071 0.077662551 0.11762702 0.0070245832 2 0 0 0 0 1 0 0 2.9999022 0
"bench_hetero3.csv"	12	-0.16189647
1 1 0.13144967 0.54365765 -0.999949 0.999994 2.7124071 0.077662551 0.11762702 0.0070245832 2 0 0 0 0 1 0 0 2.9999022 0
"bench_hetero3.csv"	4	0.00058672538
1 1 0.13144967 0.54365765 -0.999949 0.999994 2.7124071 0.077662551 0.11762702 0.0070245832 2 0 0 0 0 1 0 0 2.9999022 0
"bench_hetero3.csv"	21	-0.16189647
1 1 0.13144967 0.54365765 -0.999949 0.999994 2.7124071 0.077662551 0.11762702 0.0070245832 2 0 0 0 0 1 0 0 2.9999022 0
"bench_hetero3.csv"	2	0.00039225903
1 1 0.13144967 0.54365765 -0.999949 0.999994 2.7124071 0.077662551 0.11762702 0.0070245832 2 0 0 0 0 1 0 0 2.9999022 0
"bench_hetero3.csv"	1	-0.025528936
1 1 1.2113168 11.757039 -4.967891 6.994869 3.4888509 1 2 5.4867366e-10 2 0 0 0 0 1 0 0 2.0041667 0
"bench_hetero3.csv"	12	-0.025528936
1 1 1.2113168 11.757039 -4.967891 6.994869 3.4888509 1 2 5.4867366e-10 2 0 0 0 0 1 0 0 2.0041667 0
"bench_hetero3.csv"	3	-0.0056540716
1 1 1.2113168 11.757039 -4.967891 6.994869 3.4888509 1 2 5.4867366e-10 2 0 0 0 0 1 0 0 2.0041667 0
"bench_hetero3.csv"	5	0.0011055405
1 1 1.2113168 11.757039 -4.967891 6.994869 3.4888509 1 2 5.4867366e-10 2 0 0 0 0 1 0 0 2.0041667 0
"bench_hetero3.csv"	1	-0.0056540716
1 1 1.2113168 11.757039 -4.967891 6.994869 3.4888509 1 2 5.4867366e-10 2 0 0 0 0 1 0 0 2.0041667 0
"bench_hetero3.csv"	12	-0.0056540716
1 1 1.2113168 11.757039 -4.967891 6.994869 3.4888509 1 2 5.4867366e-10 2 0 0 0 0 1 0 0 2.0041667 0
"bench_hetero3.csv"	21	-0.0056540716
1 1 1.2113168 11.757039 -4.967891 6.994869 3.4888509 1 2 5.4867366e-10 2 0 0 0 0 1 0 0 2.0041667 0
"bench_hetero3.csv"	2	2.3992535e-05
1 1 1.2113168 11.757039 -4.967891 6.994869 3.4888509 1 2 5.4867366e-10 2 0 0 0 0 1 0 0 2.0041667 0
"bench_hetero3.csv"	3	3.3815947e-05
1 1 1.2113168 11.757039 -4.967891 6.994869 3.4888509 1 2 5.4867366e-10 2 0 0 0 0 1 0 0 2.0041667 0
"bench_hetero3.csv"	5	0.0042865586
1 1 1.2113168 11.757039 -4.967891 6.994869 3.4888509 1 2 5.4867366e-10 2 0 0 0 0 1 0 0 2.0041667 0
"bench_hetero3.csv"	1	-0.0053422592
1 1 1.2113168 11.757039 -4.967891 6.994869 3.4888509 1 2 5.4867366e-10 2 0 0 0 0 1 0 0 2.0041667 0
"bench_hetero3.csv"	4	0.0017231751
1 1 1.2113168 11.757039 -4.967891 6.994869 3.4888509 1 2 5.4867366e-10 2 0 0 0 0 1 0 0 2.0041667 0
"bench_hetero3.csv"	2	-0.0053422592
1 1 1.2113168 11.757039 -4.967891 6.994869 3.4888509 1 2 5.4867366e-10 2 0 0 0 0 1 0 0 2.0041667 0
"bench_hetero3.csv"	3	-0.0053422592
1 1 1.2113168 11.757039 -4.967891 6.994869 3.4888509 1 2 5.4867366e-10 2 0 0 0 0 1 0 0 2.0041667 0
"bench_hetero3.csv"	5	0.00058933722
1 1 1.2113168 11.757039 -4.967891 6.994869 3.4888509 1 2 5.4867366e-10 2 0 0 0 0 1 0 0 2.0041667 0
"bench_hetero3.csv"	12	-0.0053422592
1 1 1.2113168 11.757039 -4.967891 6.994869 3.4888509 1 2 5.4867366e-10 2 0 0 0 0 1 0 0 2.0041667 0
"bench_hetero3.csv"	11	0.0024680494
1 1 0.13144967 0.54365765 -0.999949 0.999994 2.7124071 0.077662551 0.11762702 0.0070245832 2 0 0 0 0 1 0 0 2.9999022 0
"bench_hetero3.csv"	11	0.00051003764
1 1 0.13144967 0.54365765 -0.999949 0.999994 2.7124071 0.077662551 0.11762702 0.0070245832 2 0 0 0 0 1 0 0 2.9999022 0
"bench_hetero3.csv"	2	0.00015362421
1 1 0.13144967 0.54365765 -0.999949 0.999994 2.7124071 0.077662551 0.11762702 0.0070245832 2 0 0 0 0 1 0 0 2.9999022 0
"bench_hetero3.csv"	12	-0.0048052301
1 1 0.13144967 0.54365765 -0.999949 0.999994 2.7124071 0.077662551 0.11762702 0.0070245832 2 0 0 0 0 1 0 0 2.9999022 0
"bench_hetero3.csv"	5	0.00021578921
1 1 0.13144967 0.54365765 -0.999949 0.999994 2.7124071 0.077662551 0.11762702 0.0070245832 2 0 0 0 0 1 0 0 2.9999022 0
"bench_hetero3.csv"	4	0.0008525853
1 1 0.13144967 0.54365765 -0.999949 0.999994 2.7124071 0.077662551 0.11762702 0.0070245832 2 0 0 0 0 1 0 0 2.9999022 0
"bench_hetero3.csv"	21	0.0033417941
1 1 0.13144967 0.54365765 -0.999949 0.999994 2.7124071 0.077662551 0.11762702 0.0070245832 2 0 0 0 0 1 0 0 2.9999022 0
"bench_hetero3.csv"	1	-0.0048052301
1 1 0.13144967 0.54365765 -0.999949 0.999994 2.7124071 0.077662551 0.11762702 0.0070245832 2 0 0 0 0 1 0 0 2.9999022 0
"bench_hetero3.csv"	3	0.00086964959
1 1 0.13144967 0.54365765 -0.999949 0.999994 2.7124071 0.077662551 0.11762702 0.0070245832 2 0 0 0 0 1 0 0 2.9999022 0
"bench_hetero3.csv"	3	-0.0035509055
1 1 1.2113168 11.757039 -4.967891 6.994869 3.4888509 1 2 5.4867366e-10 2 0 0 0 0 1 0 0 2.0041667 0
"bench_hetero3.csv"	5	0.0018465935
1 1 1.2113168 11.757039 -4.967891 6.994869 3.4888509 1 2 5.4867366e-10 2 0 0 0 0 1 0 0 2.0041667 0
"bench_hetero3.csv"	1	-0.0035509055
1 1 1.2113168 11.757039 -4.967891 6.994869 3.4888509 1 2 5.4867366e-10 2 0 0 0 0 1 0 0 2.0041667 0
"bench_hetero3.csv"	4	0.00055419043
1 1 1.2113168 11.757039 -4.967891 6.994869 3.4888509 1 2 5.4867366e-10 2 0 0 0 0 1 0 0 2.0041667 0
"bench_hetero3.csv"	2	-0.0035509055
1 1 1.2113168 11.757039 -4.967891 6.994869 3.4888509 1 2 5.4867366e-10 2 0 0 0 0 1 0 0 2.0041667 0
"bench_stripes20.csv"	1	-0.24882553
1 1 0.45833333 0.24826389 0 1 2.0069808 0.03198888 0.081022683 0.22596882 2 1 0 0 0 1 1 1 411.35335 0
"bench_stripes20.csv"	2	6.554447e-05
1 1 0.45833333 0.24826389 0 1 2.0069808 0.03198888 0.081022683 0.22596882 2 1 0 0 0 1 1 1 411.35335 0
"bench_stripes20.csv"	4	0.00090674566
1 1 0.45833333 0.24826389 0 1 2.0069808 0.03198888 0.081022683 0.22596882 2 1 0 0 0 1 1 1 411.35335 0
"bench_stripes20.csv"	3	4.5301037e-05
1 1 0.45833333 0.24826389 0 1 2.0069808 0.03198888 0.081022683 0.22596882 2 1 0 0 0 1 1 1 411.35335 0
"bench_stripes20.csv"	4	0.0011238507
1 1 0.45833333 0.24826389 0 1 2.0069808 0.03198888 0.081022683 0.22596882 2 1 0 0 0 1 1 1 411.35335 0
"bench_stripes20.csv"	2	3.3347905e-06
1 1 0.45833333 0.24826389 0 1 2.0069808 0.03198888 0.081022683 0.22596882 2 1 0 0 0 1 1 1 411.35335 0
"bench_stripes20.csv"	5	0.0012711888
1 1 0.45833333 0.24826389 0 1 2.0069808 0.03198888 0.081022683 0.22596882 2 1 0 0 0 1 1 1 411.35335 0
"bench_stripes20.csv"	4	0.00064762409
1 1 0.45833333 0.24826389 0 1 2.0069808 0.03198888 0.081022683 0.22596882 2 1 0 0 0 1 1 1 411.35335 0
"bench_stripes20.csv"	3	2.8992321e-06
1 1 0.45833333 0.24826389 0 1 2.0069808 0.03198888 0.081022683 0.22596882 2 1 0 0 0 1 1 1 411.35335 0
"bench_stripes20.csv"	2	3.3096066e-06
1 1 0.45833333 0.24826389 0 1 2.0069808 0.03198888 0.081022683 0.22596882 2 1 0 0 0 1 1 1 411.35335 0
"bench_stripes20.csv"	5	0.0028525924
1 1 0.45833333 0.24826389 0 1 2.0069808 0.03198888 0.081022683 0.22596882 2 1 0 0 0 1 1 1 411.35335 0
"bench_stripes20.csv"	4	0.0006488676
1 1 0.45833333 0.24826389 0 1 2.0069808 0.03198888 0.081022683 0.22596882 2 1 0 0 0 1 1 1 411.35335 0
"bench_stripes20.csv"	3	2.8992321e-06
1 1 0.45833333 0.24826389 0 1 2.0069808 0.03198888 0.081022683 0.22596882 2 1 0 0 0 1 1 1 411.35335 0
"bench_stripes20.csv"	2	3.4637862e-06
1 1 0.45833333 0.24826389 0 1 2.0069808 0.03198888 0.081022683 0.22596882 2 1 0 0 0 1 1 1 411.35335 0
"bench_stripes20.csv"	2	3.9828438e-05
1 1 0.45833333 0.24826389 0 1 2.0069808 0.03198888 0.081022683 0.22596882 2 1 0 0 0 1 1 1 411.35335 0
"bench_stripes20.csv"	5	3.9579574e-05
1 1 0.45833333 0.24826389 0 1 2.0069808 0.03198888 0.081022683 0.22596882 2 1 0 0 0 1 1 1 411.35335 0
"bench_stripes20.csv"	4	0.00069230685
1 1 0.45833333 0.24826389 0 1 2.0069808 0.03198888 0.081022683 0.22596882 2 1 0 0 0 1 1 1 411.35335 0
"bench_stripes20.csv"	3	3.9378771e-05
1 1 0.45833333 0.24826389 0 1 2.0069808 0.03198888 0.081022683 0.22596882 2 1 0 0 0 1 1 1 411.35335 0
"bench_stripes20.csv"	5	0.0032267374
1 1 0.45833333 0.24826389 0 1 2.0069808 0.03198888 0.081022683 0.22596882 2 1 0 0 0 1 1 1 411.35335 0
"bench_stripes20.csv"	5	0.005376654
1 1 0.45833333 0.24826389 0 1 2.0069808 0.03198888 0.081022683 0.22596882 2 1 0 0 0 1 1 1 411.35335 0
"bench_stripes20.csv"	23	0.0067139407
1 1 0.45833333 0.24826389 0 1 2.0069808 0.03198888 0.081022683 0.22596882 2 1 0 0 0 1 1 1 411.35335 0
"bench_stripes20.csv"	23	0.0067139407
1 1 0.45833333 0.24826389 0 1 2.0069808 0.03198888 0.081022683 0.22596882 2 1 0 0 0 1 1 1 411.35335 0
"bench_stripes20.csv"	1	0.012284143
1 1 0.45833333 0.24826389 0 1 2.0069808 0.03198888 0.081022683 0.22596882 2 1 0 0 0 1 1 1 411.35335 0
"bench_stripes20.csv"	2	0.00022256207
1 1 0.45833333 0.24826389 0 1 2.0069808 0.03198888 0.081022683 0.22596882 2 1 0 0 0 1 1 1 411.35335 0
"bench_stripes20.csv"	11	0.0075848293
1 1 0.45833333 0.24826389 0 1 2.0069808 0.03198888 0.081022683 0.22596882 2 1 0 0 0 1 1 1 411.35335 0
"bench_stripes20.csv"	23	0.005836653
1 1 0.45833333 0.24826389 0 1 2.0069808 0.03198888 0.081022683 0.22596882 2 1 0 0 0 1 1 1 411.35335 0
"bench_stripes20.csv"	23	0.005836653
1 1 0.45833333 0.24826389 0 1 2.0069808 0.03198888 0.081022683 0.22596882 2 1 0 0 0 1 1 1 411.35335 0
"bench_stripes20.csv"	1	0.00041650738
1 1 0.45833333 0.24826389 0 1 2.0069808 0.03198888 0.081022683 0.22596882 2 1 0 0 0 1 1 1 411.35335 0
"bench_stripes20.csv"	5	0.005737506
1 1 0.45833333 0.24826389 0 1 2.0069808 0.03198888 0.081022683 0.22596882 2 1 0 0 0 1 1 1 411.35335 0
"bench_stripes20.csv"	4	0.0058213088
1 1 0.45833333 0.24826389 0 1 2.0069808 0.03198888 0.081022683 0.22596882 2 1 0 0 0 1 1 1 411.35335 0
"bench_stripes20.csv"	23	0.0076583002
1 1 0.45833333 0.24826389 0 1 2.0069808 0.03198888 0.081022683 0.22596882 2 1 0 0 0 1 1 1 411.35335 0
"bench_stripes20.csv"	23	0.0076583002
1 1 0.45833333 0.24826389 0 1 2.0069808 0.03198888 0.081022683 0.22596882 2 1 0 0 0 1 1 1 411.35335 0
"bench_stripes20.csv"	1	-0.24238571
1 1 0.45833333 0.24826389 0 1 2.0069808 0.03198888 0.081022683 0.22596882 2 1 0 0 0 1 1 1 411.35335 0
"bench_stripes20.csv"	2	0.0022286801
1 1 0.45833333 0.24826389 0 1 2.0069808 0.03198888 0.081022683 0.22596882 2 1 0 0 0 1 1 1 411.35335 0
"bench_stripes20.csv"	23	0.0062676293
1 1 0.45833333 0.24826389 0 1 2.0069808 0.03198888 0.081022683 0.22596882 2 1 0 0 0 1 1 1 411.35335 0
"bench_stripes20.csv"	23	0.0062676293
1 1 0.45833333 0.24826389 0 1 2.0069808 0.03198888 0.081022683 0.22596882 2 1 0 0 0 1 1 1 411.35335 0
"bench_stripes20.csv"	1	0.008306578
1 1 0.45833333 0.24826389 0 1 2.0069808 0.03198888 0.081022683 0.22596882 2 1 0 0 0 1 1 1 411.35335 0
"bench_stripes20.csv"	21	0.0040694187
1 1 0.45833333 0.24826389 0 1 2.0069808 0.03198888 0.081022683 0.22596882 2 1 0 0 0 1 1 1 411.35335 0
"bench_stripes20.csv"	12	0.0084713
1 1 0.45833333 0.24826389 0 1 2.0069808 0.03198888 0.081022683 0.22596882 2 1 0 0 0 1 1 1 411.35335 0
"bench_stripes20.csv"	5	0.002540628
1 1 0.45833333 0.24826389 0 1 2.0069808 0.03198888 0.081022683 0.22596882 2 1 0 0 0 1 1 1 411.35335 0
"bench_stripes20.csv"	3	0.008368325
1 1 0.45833333 0.24826389 0 1 2.0069808 0.03198888 0.081022683 0.22596882 2 1 0 0 0 1 1 1 411.35335 0
"bench_stripes20.csv"	23	0.0068733976
1 1 0.45833333 0.24826389 0 1 2.0069808 0.03198888 0.081022683 0.22596882 2 1 0 0 0 1 1 1 411.35335 0
"bench_stripes20.csv"	23	0.0068733976
1 1 0.45833333 0.24826389 0 1 2.0069808 0.03198888 0.081022683 0.22596882 2 1 0 0 0 1 1 1 411.35335 0
"bench_stripes20.csv"	2	0.00050233704
1 1 0.45833333 0.24826389 0 1 2.0069808 0.03198888 0.081022683 0.22596882 2 1 0 0 0 1 1 1 411.35335 0
"bench_stripes20.csv"	4	0.00078908652
1 1 0.45833333 0.24826389 0 1 2.0069808 0.03198888 0.081022683 0.22596882 2 1 0 0 0 1 1 1 411.35335 0
"bench_stripes20.csv"	3	0.0067838813
1 1 0.45833333 0.24826389 0 1 2.0069808 0.03198888 0.081022683 0.22596882 2 1 0 0 0 1 1 1 411.35335 0
"bench_stripes20.csv"	2	1.4601298e-05
1 1 0.45833333 0.24826389 0 1 2.0069808 0.03198888 0.081022683 0.22596882 2 1 0 0 0 1 1 1 411.35335 0
"bench_stripes20.csv"	5	0.001390519
1 1 0.45833333 0.24826389 0 1 2.0069808 0.03198888 0.081022683 0.22596882 2 1 0 0 0 1 1 1 411.35335 0
"bench_stripes20.csv"	4	0.0016219574
1 1 0.45833333 0.24826389 0 1 2.0069808 0.03198888 0.081022683 0.22596882 2 1 0 0 0 1 1 1 411.35335 0
"bench_stripes20.csv"	23	0.0088907256
1 1 0.45833333 0.24826389 0 1 2.0069808 0.03198888 0.081022683 0.22596882 2 1 0 0 0 1 1 1 411.35335 0
"bench_stripes20.csv"	23	0.0088907256
1 1 0.45833333 0.24826389 0 1 2.0069808 0.03198888 0.081022683 0.22596882 2 1 0 0 0 1 1 1 411.35335 0
"bench_stripes20.csv"	1	-0.24115335
1 1 0.45833333 0.24826389 0 1 2.0069808 0.03198888 0.081022683 0.22596882 2 1 0 0 0 1 1 1 411.35335 0
"bench_stripes20.csv"	5	0.0084412484
1 1 0.45833333 0.24826389 0 1 2.0069808 0.03198888 0.081022683 0.22596882 2 1 0 0 0 1 1 1 411.35335 0
"bench_stripes20.csv"	3	0.008854128
1 1 0.45833333 0.24826389 0 1 2.0069808 0.03198888 0.081022683 0.22596882 2 1 0 0 0 1 1 1 411.35335 0
"bench_stripes20.csv"	23	0.016051331
1 1 0.45833333 0.24826389 0 1 2.0069808 0.03198888 0.081022683 0.22596882 2 1 0 0 0 1 1 1 411.35335 0
"bench_stripes20.csv"	21	0.0070348242
1 1 0.45833333 0.24826389 0 1 2.0069808 0.03198888 0.081022683 0.22596882 2 1 0 0 0 1 1 1 411.35335 0
"bench_stripes20.csv"	1	0.016009295
1 1 0.45833333 0.24826389 0 1 2.0069808 0.03198888 0.081022683 0.22596882 2 1 0 0 0 1 1 1 411.35335 0
"bench_stripes20.csv"	2	0.0073912529
1 1 0.45833333 0.24826389 0 1 2.0069808 0.03198888 0.081022683 0.22596882 2 1 0 0 0 1 1 1 411.35335 0
"bench_stripes20.csv"	12	0.016154372
1 1 0.45833333 0.24826389 0 1 2.0069808 0.03198888 0.081022683 0.22596882 2 1 0 0 0 1 1 1 411.35335 0
"bench_stripes20.csv"	5	0.0043675587
1 1 0.45833333 0.24826389 0 1 2.0069808 0.03198888 0.081022683 0.22596882 2 1 0 0 0 1 1 1 411.35335 0
"bench_stripes20.csv"	21	0.012413
1 1 0.45833333 0.24826389 0 1 2.0069808 0.03198888 0.081022683 0.22596882 2 1 0 0 0 1 1 1 411.35335 0
"bench_stripes20.csv"	2	0.016605258
1 1 0.45833333 0.24826389 0 1 2.0069808 0.03198888 0.081022683 0.22596882 2 1 0 0 0 1 1 1 411.35335 0
"bench_stripes20.csv"	12	-0.23001288
1 1 0.45833333 0.24826389 0 1 2.0069808 0.03198888 0.081022683 0.22596882 2 1 0 0 0 1 1 1 411.35335 0
"bench_stripes20.csv"	5	0.01246179
1 1 0.45833333 0.24826389 0 1 2.0069808 0.03198888 0.081022683 0.22596882 2 1 0 0 0 1 1 1 411.35335 0
"bench_stripes20.csv"	4	0.010123944
1 1 0.45833333 0.24826389 0 1 2.0069808 0.03198888 0.081022683 0.22596882 2 1 0 0 0 1 1 1 411.35335 0
"bench_stripes20.csv"	3	-0.23001288
1 1 0.45833333 0.24826389 0 1 2.0069808 0.03198888 0.081022683 0.22596882 2 1 0 0 0 1 1 1 411.35335 0
"bench_stripes20.csv"	2	0.0071416249
1 1 0.45833333 0.24826389 0 1 2.0069808 0.03198888 0.081022683 0.22596882 2 1 0 0 0 1 1 1 411.35335 0
"bench_stripes20.csv"	3	0.0076874809
1 1 0.45833333 0.24826389 0 1 2.0069808 0.03198888 0.081022683 0.22596882 2 1 0 0 0 1 1 1 411.35335 0
"bench_stripes20.csv"	23	0.0094483723
1 1 0.45833333 0.24826389 0 1 2.0069808 0.03198888 0.081022683 0.22596882 2 1 0 0 0 1 1 1 411.35335 0
"bench_stripes20.csv"	21	0.0039536895
1 1 0.45833333 0.24826389 0 1 2.0069808 0.03198888 0.081022683 0.22596882 2 1 0 0 0 1 1 1 411.35335 0
"bench_stripes20.csv"	1	0.012201271
1 1 0.45833333 0.24826389 0 1 2.0069808 0.03198888 0.081022683 0.22596882 2 1 0 0 0 1 1 1 411.35335 0
"bench_stripes20.csv"	23	0.0056196252
1 1 0.45833333 0.24826389 0 1 2.0069808 0.03198888 0.081022683 0.22596882 2 1 0 0 0 1 1 1 411.35335 0
"bench_stripes20.csv"	1	0.012766124
1 1 0.45833333 0.24826389 0 1 2.0069808 0.03198888 0.081022683 0.22596882 2 1 0 0 0 1 1 1 411.35335 0
"bench_stripes20.csv"	12	0.014888793
1 1 0.45833333 0.24826389 0 1 2.0069808 0.03198888 0.081022683 0.22596882 2 1 0 0 0 1 1 1 411.35335 0
"bench_stripes20.csv"	5	0.0034055215
1 1 0.45833333 0.24826389 0 1 2.0069808 0.03198888 0.081022683 0.22596882 2 1 0 0 0 1 1 1 411.35335 0
"bench_stripes20.csv"	14	0.0095163974
1 1 0.45833333 0.24826389 0 1 2.0069808 0.03198888 0.081022683 0.22596882 2 1 0 0 0 1 1 1 411.35335 0
"bench_stripes20.csv"	4	0.0051990648
1 1 0.45833333 0.24826389 0 1 2.0069808 0.03198888 0.081022683 0.22596882 2 1 0 0 0 1 1 1 411.35335 0
"bench_stripes20.csv"	3	0.0073851161
1 1 0.45833333 0.24826389 0 1 2.0069808 0.03198888 0.081022683 0.22596882 2 1 0 0 0 1 1 1 411.35335 0
"bench_stripes20.csv"	23	0.019482311
1 1 0.45833333 0.24826389 0 1 2.0069808 0.03198888 0.081022683 0.22596882 2 1 0 0 0 1 1 1 411.35335 0
"bench_stripes20.csv"	21	0.014249327
1 1 0.45833333 0.24826389 0 1 2.0069808 0.03198888 0.081022683 0.22596882 2 1 0 0 0 1 1 1 411.35335 0
"bench_stripes20.csv"	1	0.0089402134
1 1 0.45833333 0.24826389 0 1 2.0069808 0.03198888 0.081022683 0.22596882 2 1 0 0 0 1 1 1 411.35335 0
"bench_stripes20.csv"	2	0.010854867
1 1 0.45833333 0.24826389 0 1 2.0069808 0.03198888 0.081022683 0.22596882 2 1 0 0 0 1 1 1 411.35335 0
"bench_stripes20.csv"	12	0.019585212
1 1 0.45833333 0.24826389 0 1 2.0069808 0.03198888 0.081022683 0.22596882 2 1 0 0 0 1 1 1 411.35335 0
"bench_stripes20.csv"	5	0.0056139273
1 1 0.45833333 0.24826389 0 1 2.0069808 0.03198888 0.081022683 0.22596882 2 1 0 0 0 1 1 1 411.35335 0
"bench_stripes20.csv"	23	0.0087493549
1 1 0.45833333 0.24826389 0 1 2.0069808 0.03198888 0.081022683 0.22596882 2 1 0 0 0 1 1 1 411.35335 0
"bench_stripes20.csv"	23	0.0087493549
1 1 0.45833333 0.24826389 0 1 2.0069808 0.03198888 0.081022683 0.22596882 2 1 0 0 0 1 1 1 411.35335 0
"bench_stripes20.csv"	1	0.008709325
1 1 0.45833333 0.24826389 0 1 2.0069808 0.03198888 0.081022683 0.22596882 2 1 0 0 0 1 1 1 411.35335 0
"bench_stripes20.csv"	2	0.0076258332
1 1 0.45833333 0.24826389 0 1 2.0069808 0.03198888 0.081022683 0.22596882 2 1 0 0 0 1 1 1 411.35335 0
"bench_stripes20.csv"	5	0.00091521659
1 1 0.45833333 0.24826389 0 1 2.0069808 0.03198888 0.081022683 0.22596882 2 1 0 0 0 1 1 1 411.35335 0
"bench_stripes20.csv"	4	0.0038199783
1 1 0.45833333 0.24826389 0 1 2.0069808 0.03198888 0.081022683 0.22596882 2 1 0 0 0 1 1 1 411.35335 0
"bench_stripes20.csv"	3	0.0016079554
1 1 0.45833333 0.24826389 0 1 2.0069808 0.03198888 0.081022683 0.22596882 2 1 0 0 0 1 1 1 411.35335 0
"bench_stripes20.csv"	23	0.0087491408
1 1 0.45833333 0.24826389 0 1 2.0069808 0.03198888 0.081022683 0.22596882 2 1 0 0 0 1 1 1 411.35335 0
"bench_stripes20.csv"	23	0.0087491408
1 1 0.45833333 0.24826389 0 1 2.0069808 0.03198888 0.081022683 0.22596882 2 1 0 0 0 1 1 1 411.35335 0
"bench_stripes20.csv"	21	0.0014868484
1 1 0.45833333 0.24826389 0 1 2.0069808 0.03198888 0.081022683 0.22596882 2 1 0 0 0 1 1 1 411.35335 0
"bench_stripes20.csv"	1	0.008750102
1 1 0.45833333 0.24826389 0 1 2.0069808 0.03198888 0.081022683 0.22596882 2 1 0 0 0 1 1 1 411.35335 0
"bench_stripes20.csv"	2	0.00026197728
1 1 0.45833333 0.24826389 0 1 2.0069808 0.03198888 0.081022683 0.22596882 2 1 0 0 0 1 1 1 411.35335 0
"bench_stripes20.csv"	12	0.0088521854
1 1 0.45833333 0.24826389 0 1 2.0069808 0.03198888 0.081022683 0.22596882 2 1 0 0 0 1 1 1 411.35335 0
"bench_stripes20.csv"	5	0.00056276389
1 1 0.45833333 0.24826389 0 1 2.0069808 0.03198888 0.081022683 0.22596882 2 1 0 0 0 1 1 1 411.35335 0
"bench_stripes20.csv"	1	0.00055680368
1 1 0.45833333 0.24826389 0 1 2.0069808 0.03198888 0.081022683 0.22596882 2 1 0 0 0 1 1 1 411.35335 0
"bench_stripes20.csv"	2	9.5995937e-06
1 1 0.45833333 0.24826389 0 1 2.0069808 0.03198888 0.081022683 0.22596882 2 1 0 0 0 1 1 1 411.35335 0
"bench_stripes20.csv"	5	0.0023286743
1 1 0.45833333 0.24826389 0 1 2.0069808 0.03198888 0.081022683 0.22596882 2 1 0 0 0 1 1 1 411.35335 0
"bench_stripes20.csv"	3	0.00055680775
1 1 0.45833333 0.24826389 0 1 2.0069808 0.03198888 0.081022683 0.22596882 2 1 0 0 0 1 1 1 411.35335 0
"bench_stripes20.csv"	21	2.2736154e-07
1 1 0.45833333 0.24826389 0 1 2.0069808 0.03198888 0.081022683 0.22596882 2 1 0 0 0 1 1 1 411.35335 0
"bench_stripes20.csv"	1	2.2736154e-07
1 1 0.45833333 0.24826389 0 1 2.0069808 0.03198888 0.081022683 0.22596882 2 1 0 0 0 1 1 1 411.35335 0
"bench_stripes20.csv"	2	2.2736154e-07
1 1 0.45833333 0.24826389 0 1 2.0069808 0.03198888 0.081022683 0.22596882 2 1 0 0 0 1 1 1 411.35335 0
"bench_stripes20.csv"	4	5.8689229e-07
1 1 0.45833333 0.24826389 0 1 2.0069808 0.03198888 0.081022683 0.22596882 2 1 0 0 0 1 1 1 411.35335 0
"bench_stripes20.csv"	4	0.00077226708
1 1 0.45833333 0.24826389 0 1 2.0069808 0.03198888 0.081022683 0.22596882 2 1 0 0 0 1 1 1 411.35335 0
"bench_stripes20.csv"	4	1.797941e-06
1 1 0.45833333 0.24826389 0 1 2.0069808 0.03198888 0.081022683 0.22596882 2 1 0 0 0 1 1 1 411.35335 0
"bench_stripes20.csv"	5	3.9511996e-08
1 1 0.45833333 0.24826389 0 1 2.0069808 0.03198888 0.081022683 0.22596882 2 1 0 0 0 1 1 1 411.35335 0
"bench_stripes20.csv"	4	0.00075644967
1 1 0.45833333 0.24826389 0 1 2.0069808 0.03198888 0.081022683 0.22596882 2 1 0 0 0 1 1 1 411.35335 0
"bench_stripes20.csv"	21	4.1506501e-07
1 1 0.45833333 0.24826389 0 1 2.0069808 0.03198888 0.081022683 0.22596882 2 1 0 0 0 1 1 1 411.35335 0
"bench_stripes20.csv"	2	4.0898848e-07
1 1 0.45833333 0.24826389 0 1 2.0069808 0.03198888 0.081022683 0.22596882 2 1 0 0 0 1 1 1 411.35335 0
"bench_stripes20.csv"	5	4.6981656e-07
1 1 0.45833333 0.24826389 0 1 2.0069808 0.03198888 0.081022683 0.22596882 2 1 0 0 0 1 1 1 411.35335 0
"bench_stripes20.csv"	3	4.2670789e-07
1 1 0.45833333 0.24826389 0 1 2.0069808 0.03198888 0.081022683 0.22596882 2 1 0 0 0 1 1 1 411.35335 0
"bench_count8.csv"	1	-1.8603811e-05
8 1 0.48854167 0.034113498 0.125 0.875 4.0606741 1 0.125 2.8086345e-16 19 0 0 0 0.033458659 0 0 1 0.625 4 0.48854167 0.48854167 0.48854167 0.48854167
"bench_count8.csv"	12	-1.8603811e-05
8 1 0.48854167 0.034113498 0.125 0.875 4.0606741 1 0.125 2.8086345e-16 19 0 0 0 0.033458659 0 0 1 0.625 4 0.48854167 0.48854167 0.48854167 0.48854167
"bench_count8.csv"	21	-1.8603811e-05
8 1 0.48854167 0.034113498 0.125 0.875 4.0606741 1 0.125 2.8086345e-16 19 0 0 0 0.033458659 0 0 1 0.625 4 0.48854167 0.48854167 0.48854167 0.48854167
"bench_count8.csv"	2	1.2068395e-05
8 1 0.48854167 0.034113498 0.125 0.875 4.0606741 1 0.125 2.8086345e-16 19 0 0 0 0.033458659 0 0 1 0.625 4 0.48854167 0.48854167 0.48854167 0.48854167
"bench_count8.csv"	1	-1.6053757e-05
8 1 0.48854167 0.034113498 0.125 0.875 4.0606741 1 0.125 2.8086345e-16 19 0 0 0 0.033458659 0 0 1 0.625 4 0.48854167 0.48854167 0.48854167 0.48854167
"bench_count8.csv"	12	-1.6053757e-05
8 1 0.48854167 0.034113498 0.125 0.875 4.0606741 1 0.125 2.8086345e-16 19 0 0 0 0.033458659 0 0 1 0.625 4 0.48854167 0.48854167 0.48854167 0.48854167
"bench_count8.csv"	1	-9.3552915e-06
8 1 0.48854167 0.034113498 0.125 0.875 4.0606741 1 0.125 2.8086345e-16 19 0 0 0 0.033458659 0 0 1 0.625 4 0.48854167 0.48854167 0.48854167 0.48854167
"bench_count8.csv"	12	-9.3552915e-06
8 1 0.48854167 0.034113498 0.125 0.875 4.0606741 1 0.125 2.8086345e-16 19 0 0 0 0.033458659 0 0 1 0.625 4 0.48854167 0.48854167 0.48854167 0.48854167
"bench_count8.csv"	1	-8.5103018e-06
8 1 0.48854167 0.034113498 0.125 0.875 4.0606741 1 0.125 2.8086345e-16 19 0 0 0 0.033458659 0 0 1 0.625 4 0.48854167 0.48854167 0.48854167 0.48854167
"bench_count8.csv"	12	-8.5103018e-06
8 1 0.48854167 0.034113498 0.125 0.875 4.0606741 1 0.125 2.8086345e-16 19 0 0 0 0.033458659 0 0 1 0.625 4 0.48854167 0.48854167 0.48854167 0.48854167
"bench_count8.csv"	21	-8.5103018e-06
8 1 0.48854167 0.034113498 0.125 0.875 4.0606741 1 0.125 2.8086345e-16 19 0 0 0 0.033458659 0 0 1 0.625 4 0.48854167 0.48854167 0.48854167 0.48854167
"bench_count8.csv"	1	7.182756e-07
8 1 0.48854167 0.034113498 0.125 0.875 4.0606741 1 0.125 2.8086345e-16 19 0 0 0 0.033458659 0 0 1 0.625 4 0.48854167 0.48854167 0.48854167 0.48854167
"bench_count8.csv"	12	-7.5107187e-06
8 1 0.48854167 0.034113498 0.125 0.875 4.0606741 1 0.125 2.8086345e-16 19 0 0 0 0.033458659 0 0 1 0.625 4 0.48854167 0.48854167 0.48854167 0.48854167
"bench_count8.csv"	21	-7.5107187e-06
8 1 0.48854167 0.034113498 0.125 0.875 4.0606741 1 0.125 2.8086345e-16 19 0 0 0 0.033458659 0 0 1 0.625 4 0.48854167 0.48854167 0.48854167 0.48854167
"bench_count8.csv"	2	2.9085122e-06
8 1 0.48854167 0.034113498 0.125 0.875 4.0606741 1 0.125 2.8086345e-16 19 0 0 0 0.033458659 0 0 1 0.625 4 0.48854167 0.48854167 0.48854167 0.48854167
"bench_count8.csv"	3	3.7901867e-06
8 1 0.48854167 0.034113498 0.125 0.875 4.0606741 1 0.125 2.8086345e-16 19 0 0 0 0.033458659 0 0 1 0.625 4 0.48854167 0.48854167 0.48854167 0.48854167
"bench_count8.csv"	1	-5.6265727e-06
8 1 0.48854167 0.034113498 0.125 0.875 4.0606741 1 0.125 2.8086345e-16 19 0 0 0 0.033458659 0 0 1 0.625 4 0.48854167 0.48854167 0.48854167 0.48854167
"bench_count8.csv"	2	-5.6265727e-06
8 1 0.48854167 0.034113498 0.125 0.875 4.0606741 1 0.125 2.8086345e-16 19 0 0 0 0.033458659 0 0 1 0.625 4 0.48854167 0.48854167 0.48854167 0.48854167
"bench_firstpos8.csv"	1	-0.0019986208
8 1 0.12291667 0.029552951 0 0.875 5.0898809 0.92216295 0.4858735 0.24796568 17 0 0 0 0.13639023 0 0 1 0.625 4 0.12291667 0.12291667 0.12291667 0.12291667
"bench_firstpos8.csv"	12	-0.0019986208
8 1 0.12291667 0.029552951 0 0.875 5.0898809 0.92216295 0.4858735 0.24796568 17 0 0 0 0.13639023 0 0 1 0.625 4 0.12291667 0.12291667 0.12291667 0.12291667
"bench_firstpos8.csv"	3	-0.00094578855
8 1 0.12291667 0.029552951 0 0.875 5.0898809 0.92216295 0.4858735 0.24796568 17 0 0 0 0.13639023 0 0 1 0.625 4 0.12291667 0.12291667 0.12291667 0.12291667
"bench_firstpos8.csv"	1	-0.00094578855
8 1 0.12291667 0.029552951 0 0.875 5.0898809 0.92216295 0.4858735 0.24796568 17 0 0 0 0.13639023 0 0 1 0.625 4 0.12291667 0.12291667 0.12291667 0.12291667
"bench_firstpos8.csv"	4	0.00013815678
8 1 0.12291667 0.029552951 0 0.875 5.0898809 0.92216295 0.4858735 0.24796568 17 0 0 0 0.13639023 0 0 1 0.625 4 0.12291667 0.12291667 0.12291667 0.12291667
"bench_firstpos8.csv"	1	-0.00022851673
8 1 0.12291667 0.029552951 0 0.875 5.0898809 0.92216295 0.4858735 0.24796568 17 0 0 0 0.13639023 0 0 1 0.625 4 0.12291667 0.12291667 0.12291667 0.12291667
"bench_firstpos8.csv"	2	3.9184834e-05
8 1 0.12291667 0.029552951 0 0.875 5.0898809 0.92216295 0.4858735 0.24796568 17 0 0 0 0.13639023 0 0 1 0.625 4 0.12291667 0.12291667 0.12291667 0.12291667
"bench_firstpos8.csv"	4	0.00013762148
8 1 0.12291667 0.029552951 0 0.875 5.0898809 0.92216295 0.4858735 0.24796568 17 0 0 0 0.13639023 0 0 1 0.625 4 0.12291667 0.12291667 0.12291667 0.12291667
"bench_firstpos8.csv"	3	3.2815091e-07
8 1 0.12291667 0.029552951 0 0.875 5.0898809 0.92216295 0.4858735 0.24796568 17 0 0 0 0.13639023 0 0 1 0.625 4 0.12291667 0.12291667 0.12291667 0.12291667
"bench_firstpos8.csv"	1	-0.00022215421
8 1 0.12291667 0.029552951 0 0.875 5.0898809 0.92216295 0.4858735 0.24796568 17 0 0 0 0.13639023 0 0 1 0.625 4 0.12291667 0.12291667 0.12291667 0.12291667
"bench_firstpos8.csv"	2	4.6472624e-05
8 1 0.12291667 0.029552951 0 0.875 5.0898809 0.92216295 0.4858735 0.24796568 17 0 0 0 0.13639023 0 0 1 0.625 4 0.12291667 0.12291667 0.12291667 0.12291667
"bench_firstpos8.csv"	4	0.00013714505
8 1 0.12291667 0.029552951 0 0.875 5.0898809 0.92216295 0.4858735 0.24796568 17 0 0 0 0.13639023 0 0 1 0.625 4 0.12291667 0.12291667 0.12291667 0.12291667
"bench_firstpos8.csv"	3	3.0536439e-07
8 1 0.12291667 0.029552951 0 0.875 5.0898809 0.92216295 0.4858735 0.24796568 17 0 0 0 0.13639023 0 0 1 0.625 4 0.12291667 0.12291667 0.12291667 0.12291667
"bench_firstpos8.csv"	1	-0.00022214798
8 1 0.12291667 0.029552951 0 0.875 5.0898809 0.92216295 0.4858735 0.24796568 17 0 0 0 0.13639023 0 0 1 0.625 4 0.12291667 0.12291667 0.12291667 0.12291667
"bench_firstpos8.csv"	2	4.1217653e-05
8 1 0.12291667 0.029552951 0 0.875 5.0898809 0.92216295 0.4858735 0.24796568 17 0 0 0 0.13639023 0 0 1 0.625 4 0.12291667 0.12291667 0.12291667 0.12291667
"bench_firstpos8.csv"	4	0.00013742986
8 1 0.12291667 0.029552951 0 0.875 5.0898809 0.92216295 0.4858735 0.24796568 17 0 0 0 0.13639023 0 0 1 0.625 4 0.12291667 0.12291667 0.12291667 0.12291667
"bench_firstpos8.csv"	3	2.7581395e-07
8 1 0.12291667 0.029552951 0 0.875 5.0898809 0.92216295 0.4858735 0.24796568 17 0 0 0 0.13639023 0 0 1 0.625 4 0.12291667 0.12291667 0.12291667 0.12291667
"bench_firstpos8.csv"	1	-0.00022214821
8 1 0.12291667 0.029552951 0 0.875 5.0898809 0.92216295 0.4858735 0.24796568 17 0 0 0 0.13639023 0 0 1 0.625 4 0.12291667 0.12291667 0.12291667 0.12291667
"bench_firstpos8.csv"	2	3.9098539e-05
8 1 0.12291667 0.029552951 0 0.875 5.0898809 0.92216295 0.4858735 0.24796568 17 0 0 0 0.13639023 0 0 1 0.625 4 0.12291667 0.12291667 0.12291667 0.12291667
"bench_firstpos8.csv"	4	0.00013616715
8 1 0.12291667 0.029552951 0 0.875 5.0898809 0.92216295 0.4858735 0.24796568 17 0 0 0 0.13639023 0 0 1 0.625 4 0.12291667 0.12291667 0.12291667 0.12291667
"bench_firstpos8.csv"	3	2.4421658e-07
8 1 0.12291667 0.029552951 0 0.875 5.0898809 0.92216295 0.4858735 0.24796568 17 0 0 0 0.13639023 0 0 1 0.625 4 0.12291667 0.12291667 0.12291667 0.12291667
"bench_firstpos8.csv"	1	-0.00022215023
8 1 0.12291667 0.029552951 0 0.875 5.0898809 0.92216295 0.4858735 0.24796568 17 0 0 0 0.13639023 0 0 1 0.625 4 0.12291667 0.12291667 0.12291667 0.12291667
"bench_firstpos8.csv"	2	4.7098115e-05
8 1 0.12291667 0.029552951 0 0.875 5.0898809 0.92216295 0.4858735 0.24796568 17 0 0 0 0.13639023 0 0 1 0.625 4 0.12291667 0.12291667 0.12291667 0.12291667
"bench_firstpos8.csv"	4	0.00013640398
8 1 0.12291667 0.029552951 0 0.875 5.0898809 0.92216295 0.4858735 0.24796568 17 0 0 0 0.13639023 0 0 1 0.625 4 0.12291667 0.12291667 0.12291667 0.12291667
"bench_firstpos8.csv"	3	2.1243547e-07
8 1 0.12291667 0.029552951 0 0.875 5.0898809 0.92216295 0.4858735 0.24796568 17 0 0 0 0.13639023 0 0 1 0.625 4 0.12291667 0.12291667 0.12291667 0.12291667
"bench_firstpos8.csv"	1	-0.0002221522
8 1 0.12291667 0.029552951 0 0.875 5.0898809 0.92216295 0.4858735 0.24796568 17 0 0 0 0.13639023 0 0 1 0.625 4 0.12291667 0.12291667 0.12291667 0.12291667
"bench_firstpos8.csv"	2	3.8039858e-05
8 1 0.12291667 0.029552951 0 0.875 5.0898809 0.92216295 0.4858735 0.24796568 17 0 0 0 0.13639023 0 0 1 0.625 4 0.12291667 0.12291667 0.12291667 0.12291667
"bench_firstpos8.csv"	4	0.00013089051
8 1 0.12291667 0.029552951 0 0.875 5.0898809 0.92216295 0.4858735 0.24796568 17 0 0 0 0.13639023 0 0 1 0.625 4 0.12291667 0.12291667 0.12291667 0.12291667
"bench_firstpos8.csv"	1	-0.00022212103
8 1 0.12291667 0.029552951 0 0.875 5.0898809 0.92216295 0.4858735 0.24796568 17 0 0 0 0.13639023 0 0 1 0.625 4 0.12291667 0.12291667 0.12291667 0.12291667
"bench_firstpos8.csv"	2	3.6571197e-05
8 1 0.12291667 0.029552951 0 0.875 5.0898809 0.92216295 0.4858735 0.24796568 17 0 0 0 0.13639023 0 0 1 0.625 4 0.12291667 0.12291667 0.12291667 0.12291667
"bench_firstpos8.csv"	4	0.00012856884
8 1 0.12291667 0.029552951 0 0.875 5.0898809 0.92216295 0.4858735 0.24796568 17 0 0 0 0.13639023 0 0 1 0.625 4 0.12291667 0.12291667 0.12291667 0.12291667
"bench_firstpos8.csv"	3	9.216923e-07
8 1 0.12291667 0.029552951 0 0.875 5.0898809 0.92216295 0.4858735 0.24796568 17 0 0 0 0.13639023 0 0 1 0.625 4 0.12291667 0.12291667 0.12291667 0.12291667
"bench_firstpos8.csv"	1	-0.00021969596
8 1 0.12291667 0.029552951 0 0.875 5.0898809 0.92216295 0.4858735 0.24796568 17 0 0 0 0.13639023 0 0 1 0.625 4 0.12291667 0.12291667 0.12291667 0.12291667
"bench_firstpos8.csv"	2	5.4016046e-05
8 1 0.12291667 0.029552951 0 0.875 5.0898809 0.92216295 0.4858735 0.24796568 17 0 0 0 0.13639023 0 0 1 0.625 4 0.12291667 0.12291667 0.12291667 0.12291667
"bench_firstpos8.csv"	4	0.00012893071
8 1 0.12291667 0.029552951 0 0.875 5.0898809 0.92216295 0.4858735 0.24796568 17 0 0 0 0.13639023 0 0 1 0.625 4 0.12291667 0.12291667 0.12291667 0.12291667
"bench_firstpos8.csv"	3	8.200332e-07
8 1 0.12291667 0.029552951 0 0.875 5.0898809 0.92216295 0.4858735 0.24796568 17 0 0 0 0.13639023 0 0 1 0.625 4 0.12291667 0.12291667 0.12291667 0.12291667
"bench_firstpos8.csv"	1	-0.0002198628
8 1 0.12291667 0.029552951 0 0.875 5.0898809 0.92216295 0.4858735 0.24796568 17 0 0 0 0.13639023 0 0 1 0.625 4 0.12291667 0.12291667 0.12291667 0.12291667
"bench_firstpos8.csv"	2	2.1762582e-05
8 1 0.12291667 0.029552951 0 0.875 5.0898809 0.92216295 0.4858735 0.24796568 17 0 0 0 0.13639023 0 0 1 0.625 4 0.12291667 0.12291667 0.12291667 0.12291667
"bench_firstpos8.csv"	4	0.00012835241
8 1 0.12291667 0.029552951 0 0.875 5.0898809 0.92216295 0.4858735 0.24796568 17 0 0 0 0.13639023 0 0 1 0.625 4 0.12291667 0.12291667 0.12291667 0.12291667
"bench_firstpos8.csv"	3	7.2012441e-07
8 1 0.12291667 0.029552951 0 0.875 5.0898809 0.92216295 0.4858735 0.24796568 17 0 0 0 0.13639023 0 0 1 0.625 4 0.12291667 0.12291667 0.12291667 0.12291667
"bench_firstpos8.csv"	1	-0.00022002056
8 1 0.12291667 0.029552951 0 0.875 5.0898809 0.92216295 0.4858735 0.24796568 17 0 0 0 0.13639023 0 0 1 0.625 4 0.12291667 0.12291667 0.12291667 0.12291667
"bench_firstpos8.csv"	2	4.4900289e-05
8 1 0.12291667 0.029552951 0 0.875 5.0898809 0.92216295 0.4858735 0.24796568 17 0 0 0 0.13639023 0 0 1 0.625 4 0.12291667 0.12291667 0.12291667 0.12291667
"bench_firstpos8.csv"	4	0.00012787507
8 1 0.12291667 0.029552951 0 0.875 5.0898809 0.92216295 0.4858735 0.24796568 17 0 0 0 0.13639023 0 0 1 0.625 4 0.12291667 0.12291667 0.12291667 0.12291667
"bench_firstpos8.csv"	3	6.2468754e-07
8 1 0.12291667 0.029552951 0 0.875 5.0898809 0.92216295 0.4858735 0.24796568 17 0 0 0 0.13639023 0 0 1 0.625 4 0.12291667 0.12291667 0.12291667 0.12291667
"bench_firstpos8.csv"	1	-0.00022016705
8 1 0.12291667 0.029552951 0 0.875 5.0898809 0.92216295 0.4858735 0.24796568 17 0 0 0 0.13639023 0 0 1 0.625 4 0.12291667 0.12291667 0.12291667 0.12291667
"bench_firstpos8.csv"	2	4.8481334e-05
8 1 0.12291667 0.029552951 0 0.875 5.0898809 0.92216295 0.4858735 0.24796568 17 0 0 0 0.13639023 0 0 1 0.625 4 0.12291667 0.12291667 0.12291667 0.12291667
"bench_firstpos8.csv"	4	0.00012727224
8 1 0.12291667 0.029552951 0 0.875 5.0898809 0.92216295 0.4858735 0.24796568 17 0 0 0 0.13639023 0 0 1 0.625 4 0.12291667 0.12291667 0.12291667 0.12291667
"bench_firstpos8.csv"	3	5.3459179e-07
8 1 0.12291667 0.029552951 0 0.875 5.0898809 0.92216295 0.4858735 0.24796568 17 0 0 0 0.13639023 0 0 1 0.625 4 0.12291667 0.12291667 0.12291667 0.12291667
"bench_firstpos8.csv"	1	-0.00022030191
8 1 0.12291667 0.029552951 0 0.875 5.0898809 0.92216295 0.4858735 0.24796568 17 0 0 0 0.13639023 0 0 1 0.625 4 0.12291667 0.12291667 0.12291667 0.12291667
"bench_firstpos8.csv"	2	4.8845247e-05
8 1 0.12291667 0.029552951 0 0.875 5.0898809 0.92216295 0.4858735 0.24796568 17 0 0 0 0.13639023 0 0 1 0.625 4 0.12291667 0.12291667 0.12291667 0.12291667
"bench_firstpos8.csv"	4	0.00012276239
8 1 0.12291667 0.029552951 0 0.875 5.0898809 0.92216295 0.4858735 0.24796568 17 0 0 0 0.13639023 0 0 1 0.625 4 0.12291667 0.12291667 0.12291667 0.12291667
"bench_firstpos8.csv"	1	-0.00022116248
8 1 0.12291667 0.029552951 0 0.875 5.0898809 0.92216295 0.4858735 0.24796568 17 0 0 0 0.13639023 0 0 1 0.625 4 0.12291667 0.12291667 0.12291667 0.12291667
"bench_firstpos8.csv"	2	3.5589385e-05
8 1 0.12291667 0.029552951 0 0.875 5.0898809 0.92216295 0.4858735 0.24796568 17 0 0 0 0.13639023 0 0 1 0.625 4 0.12291667 0.12291667 0.12291667 0.12291667
"bench_firstpos8.csv"	4	0.00012248894
8 1 0.12291667 0.029552951 0 0.875 5.0898809 0.92216295 0.4858735 0.24796568 17 0 0 0 0.13639023 0 0 1 0.625 4 0.12291667 0.12291667 0.12291667 0.12291667
"bench_firstpos8.csv"	3	8.1499945e-07
8 1 0.12291667 0.029552951 0 0.875 5.0898809 0.92216295 0.4858735 0.24796568 17 0 0 0 0.13639023 0 0 1 0.625 4 0.12291667 0.12291667 0.12291667 0.12291667
"bench_firstpos8.csv"	1	-0.000218942
8 1 0.12291667 0.029552951 0 0.875 5.0898809 0.92216295 0.4858735 0.24796568 17 0 0 0 0.13639023 0 0 1 0.625 4 0.12291667 0.12291667 0.12291667 0.12291667
"bench_firstpos8.csv"	2	4.0629555e-05
8 1 0.12291667 0.029552951 0 0.875 5.0898809 0.92216295 0.4858735 0.24796568 17 0 0 0 0.13639023 0 0 1 0.625 4 0.12291667 0.12291667 0.12291667 0.12291667
"bench_firstpos8.csv"	4	0.00012131137
8 1 0.12291667 0.029552951 0 0.875 5.0898809 0.92216295 0.4858735 0.24796568 17 0 0 0 0.13639023 0 0 1 0.625 4 0.12291667 0.12291667 0.12291667 0.12291667
"bench_firstpos8.csv"	3	7.022242e-07
8 1 0.12291667 0.029552951 0 0.875 5.0898809 0.92216295 0.4858735 0.24796568 17 0 0 0 0.13639023 0 0 1 0.625 4 0.12291667 0.12291667 0.12291667 0.12291667
"bench_firstpos8.csv"	1	-0.00021913623
8 1 0.12291667 0.029552951 0 0.875 5.0898809 0.92216295 0.4858735 0.24796568 17 0 0 0 0.13639023 0 0 1 0.625 4 0.12291667 0.12291667 0.12291667 0.12291667
"bench_firstpos8.csv"	2	3.2434279e-05
8 1 0.12291667 0.029552951 0 0.875 5.0898809 0.92216295 0.4858735 0.24796568 17 0 0 0 0.13639023 0 0 1 0.625 4 0.12291667 0.12291667 0.12291667 0.12291667
"bench_firstpos8.csv"	4	0.00012205896
8 1 0.12291667 0.029552951 0 0.875 5.0898809 0.92216295 0.4858735 0.24796568 17 0 0 0 0.13639023 0 0 1 0.625 4 0.12291667 0.12291667 0.12291667 0.12291667
"bench_firstpos8.csv"	3	5.9432038e-07
8 1 0.12291667 0.029552951 0 0.875 5.0898809 0.92216295 0.4858735 0.24796568 17 0 0 0 0.13639023 0 0 1 0.625 4 0.12291667 0.12291667 0.12291667 0.12291667
"bench_firstpos8.csv"	1	-0.00021931685
8 1 0.12291667 0.029552951 0 0.875 5.0898809 0.92216295 0.4858735 0.24796568 17 0 0 0 0.13639023 0 0 1 0.625 4 0.12291667 0.12291667 0.12291667 0.12291667
"bench_firstpos8.csv"	2	4.2742293e-05
8 1 0.12291667 0.029552951 0 0.875 5.0898809 0.92216295 0.4858735 0.24796568 17 0 0 0 0.13639023 0 0 1 0.625 4 0.12291667 0.12291667 0.12291667 0.12291667
"bench_firstpos8.csv"	4	0.00012200547
8 1 0.12291667 0.029552951 0 0.875 5.0898809 0.92216295 0.4858735 0.24796568 17 0 0 0 0.13639023 0 0 1 0.625 4 0.12291667 0.12291667 0.12291667 0.12291667
"bench_firstpos8.csv"	3	4.9286682e-07
8 1 0.12291667 0.029552951 0 0.875 5.0898809 0.92216295 0.4858735 0.24796568 17 0 0 0 0.13639023 0 0 1 0.625 4 0.12291667 0.12291667 0.12291667 0.12291667
"bench_firstpos8.csv"	1	-0.00021948296
8 1 0.12291667 0.029552951 0 0.875 5.0898809 0.92216295 0.4858735 0.24796568 17 0 0 0 0.13639023 0 0 1 0.625 4 0.12291667 0.12291667 0.12291667 0.12291667
"bench_firstpos8.csv"	2	2.4036102e-05
8 1 0.12291667 0.029552951 0 0.875 5.0898809 0.92216295 0.4858735 0.24796568 17 0 0 0 0.13639023 0 0 1 0.625 4 0.12291667 0.12291667 0.12291667 0.12291667
"bench_firstpos8.csv"	4	0.00012025668
8 1 0.12291667 0.029552951 0 0.875 5.0898809 0.92216295 0.4858735 0.24796568 17 0 0 0 0.13639023 0 0 1 0.625 4 0.12291667 0.12291667 0.12291667 0.12291667
"bench_firstpos8.csv"	3	3.9820955e-07
8 1 0.12291667 0.029552951 0 0.875 5.0898809 0.92216295 0.4858735 0.24796568 17 0 0 0 0.13639023 0 0 1 0.625 4 0.12291667 0.12291667 0.12291667 0.12291667
"bench_firstpos8.csv"	1	-0.00021963485
8 1 0.12291667 0.029552951 0 0.875 5.0898809 0.92216295 0.4858735 0.24796568 17 0 0 0 0.13639023 0 0 1 0.625 4 0.12291667 0.12291667 0.12291667 0.12291667
"bench_firstpos8.csv"	2	4.8026985e-05
8 1 0.12291667 0.029552951 0 0.875 5.0898809 0.92216295 0.4858735 0.24796568 17 0 0 0 0.13639023 0 0 1 0.625 4 0.12291667 0.12291667 0.12291667 0.12291667
"bench_firstpos8.csv"	4	0.00011756259
8 1 0.12291667 0.029552951 0 0.875 5.0898809 0.92216295 0.4858735 0.24796568 17 0 0 0 0.13639023 0 0 1 0.625 4 0.12291667 0.12291667 0.12291667 0.12291667
"bench_firstpos8.csv"	1	-0.00022054522
8 1 0.12291667 0.029552951 0 0.875 5.0898809 0.92216295 0.4858735 0.24796568 17 0 0 0 0.13639023 0 0 1 0.625 4 0.12291667 0.12291667 0.12291667 0.12291667
"bench_firstpos8.csv"	2	4.5784676e-05
8 1 0.12291667 0.029552951 0 0.875 5.0898809 0.92216295 0.4858735 0.24796568 17 0 0 0 0.13639023 0 0 1 0.625 4 0.12291667 0.12291667 0.12291667 0.12291667
"bench_firstpos8.csv"	4	0.00011831454
8 1 0.12291667 0.029552951 0 0.875 5.0898809 0.92216295 0.4858735 0.24796568 17 0 0 0 0.13639023 0 0 1 0.625 4 0.12291667 0.12291667 0.12291667 0.12291667
"bench_firstpos8.csv"	3	7.7297398e-07
8 1 0.12291667 0.029552951 0 0.875 5.0898809 0.92216295 0.4858735 0.24796568 17 0 0 0 0.13639023 0 0 1 0.625 4 0.12291667 0.12291667 0.12291667 0.12291667
"bench_firstpos8.csv"	1	-0.00021837381
8 1 0.12291667 0.029552951 0 0.875 5.0898809 0.92216295 0.4858735 0.24796568 17 0 0 0 0.13639023 0 0 1 0.625 4 0.12291667 0.12291667 0.12291667 0.12291667
"bench_firstpos8.csv"	2	2.0934207e-05
8 1 0.12291667 0.029552951 0 0.875 5.0898809 0.92216295 0.4858735 0.24796568 17 0 0 0 0.13639023 0 0 1 0.625 4 0.12291667 0.12291667 0.12291667 0.12291667
"bench_firstpos8.csv"	4	0.00011796998
8 1 0.12291667 0.029552951 0 0.875 5.0898809 0.92216295 0.4858735 0.24796568 17 0 0 0 0.13639023 0 0 1 0.625 4 0.12291667 0.12291667 0.12291667 0.12291667
"bench_firstpos8.csv"	3	6.527928e-07
8 1 0.12291667 0.029552951 0 0.875 5.0898809 0.92216295 0.4858735 0.24796568 17 0 0 0 0.13639023 0 0 1 0.625 4 0.12291667 0.12291667 0.12291667 0.12291667
"bench_firstpos8.csv"	1	-0.00021858761
8 1 0.12291667 0.029552951 0 0.875 5.0898809 0.92216295 0.4858735 0.24796568 17 0 0 0 0.13639023 0 0 1 0.625 4 0.12291667 0.12291667 0.12291667 0.12291667
"bench_firstpos8.csv"	2	6.3176387e-05
8 1 0.12291667 0.029552951 0 0.875 5.0898809 0.92216295 0.4858735 0.24796568 17 0 0 0 0.13639023 0 0 1 0.625 4 0.12291667 0.12291667 0.12291667 0.12291667
"bench_firstpos8.csv"	4	0.00011696908
8 1 0.12291667 0.029552951 0 0.875 5.0898809 0.92216295 0.4858735 0.24796568 17 0 0 0 0.13639023 0 0 1 0.625 4 0.12291667 0.12291667 0.12291667 0.12291667
"bench_firstpos8.csv"	3	5.3950597e-07
8 1 0.12291667 0.029552951 0 0.875 5.0898809 0.92216295 0.4858735 0.24796568 17 0 0 0 0.13639023 0 0 1 0.625 4 0.12291667 0.12291667 0.12291667 0.12291667
"bench_firstpos8.csv"	1	-0.00021878487
8 1 0.12291667 0.029552951 0 0.875 5.0898809 0.92216295 0.4858735 0.24796568 17 0 0 0 0.13639023 0 0 1 0.625 4 0.12291667 0.12291667 0.12291667 0.12291667
"bench_firstpos8.csv"	2	5.0182327e-05
8 1 0.12291667 0.029552951 0 0.875 5.0898809 0.92216295 0.4858735 0.24796568 17 0 0 0 0.13639023 0 0 1 0.625 4 0.12291667 0.12291667 0.12291667 0.12291667
"bench_firstpos8.csv"	4	0.00011675942
8 1 0.12291667 0.029552951 0 0.875 5.0898809 0.92216295 0.4858735 0.24796568 17 0 0 0 0.13639023 0 0 1 0.625 4 0.12291667 0.12291667 0.12291667 0.12291667
"bench_firstpos8.csv"	3	4.3401566e-07
8 1 0.12291667 0.029552951 0 0.875 5.0898809 0.92216295 0.4858735 0.24796568 17 0 0 0 0.13639023 0 0 1 0.625 4 0.12291667 0.12291667 0.12291667 0.12291667
"bench_firstpos8.csv"	1	-0.00021896545
8 1 0.12291667 0.029552951 0 0.875 5.0898809 0.92216295 0.4858735 0.24796568 17 0 0 0 0.13639023 0 0 1 0.625 4 0.12291667 0.12291667 0.12291667 0.12291667
"bench_firstpos8.csv"	2	5.1838679e-05
8 1 0.12291667 0.029552951 0 0.875 5.0898809 0.92216295 0.4858735 0.24796568 17 0 0 0 0.13639023 0 0 1 0.625 4 0.12291667 0.12291667 0.12291667 0.12291667
"bench_firstpos8.csv"	4	0.00011640501
8 1 0.12291667 0.029552951 0 0.875 5.0898809 0.92216295 0.4858735 0.24796568 17 0 0 0 0.13639023 0 0 1 0.625 4 0.12291667 0.12291667 0.12291667 0.12291667
"bench_firstpos8.csv"	3	3.3634281e-07
8 1 0.12291667 0.029552951 0 0.875 5.0898809 0.92216295 0.4858735 0.24796568 17 0 0 0 0.13639023 0 0 1 0.625 4 0.12291667 0.12291667 0.12291667 0.12291667
"bench_firstpos8.csv"	1	-0.00021913007
8 1 0.12291667 0.029552951 0 0.875 5.0898809 0.92216295 0.4858735 0.24796568 17 0 0 0 0.13639023 0 0 1 0.625 4 0.12291667 0.12291667 0.12291667 0.12291667
"bench_firstpos8.csv"	2	5.6403635e-05
8 1 0.12291667 0.029552951 0 0.875 5.0898809 0.92216295 0.4858735 0.24796568 17 0 0 0 0.13639023 0 0 1 0.625 4 0.12291667 0.12291667 0.12291667 0.12291667
"bench_firstpos8.csv"	4	0.00011455518
8 1 0.12291667 0.029552951 0 0.875 5.0898809 0.92216295 0.4858735 0.24796568 17 0 0 0 0.13639023 0 0 1 0.625 4 0.12291667 0.12291667 0.12291667 0.12291667
"bench_firstpos8.csv"	1	-0.00022011249
8 1 0.12291667 0.029552951 0 0.875 5.0898809 0.92216295 0.4858735 0.24796568 17 0 0 0 0.13639023 0 0 1 0.625 4 0.12291667 0.12291667 0.12291667 0.12291667
"bench_firstpos8.csv"	2	3.8338875e-05
8 1 0.12291667 0.029552951 0 0.875 5.0898809 0.92216295 0.4858735 0.24796568 17 0 0 0 0.13639023 0 0 1 0.625 4 0.12291667 0.12291667 0.12291667 0.12291667
"bench_firstpos8.csv"	4	0.00011535372
8 1 0.12291667 0.029552951 0 0.875 5.0898809 0.92216295 0.4858735 0.24796568 17 0 0 0 0.13639023 0 0 1 0.625 4 0.12291667 0.12291667 0.12291667 0.12291667
"bench_firstpos8.csv"	1	-0.00021793966
8 1 0.12291667 0.029552951 0 0.875 5.0898809 0.92216295 0.4858735 0.24796568 17 0 0 0 0.13639023 0 0 1 0.625 4 0.12291667 0.12291667 0.12291667 0.12291667
"bench_firstpos8.csv"	2	3.558734e-05
8 1 0.12291667 0.029552951 0 0.875 5.0898809 0.92216295 0.4858735 0.24796568 17 0 0 0 0.13639023 0 0 1 0.625 4 0.12291667 0.12291667 0.12291667 0.12291667
"bench_firstpos8.csv"	4	0.00011511151
8 1 0.12291667 0.029552951 0 0.875 5.0898809 0.92216295 0.4858735 0.24796568 17 0 0 0 0.13639023 0 0 1 0.625 4 0.12291667 0.12291667 0.12291667 0.12291667
"bench_firstpos8.csv"	1	-0.00021816413
8 1 0.12291667 0.029552951 0 0.875 5.0898809 0.92216295 0.4858735 0.24796568 17 0 0 0 0.13639023 0 0 1 0.625 4 0.12291667 0.12291667 0.12291667 0.12291667
"bench_firstpos8.csv"	2	3.8075775e-05
8 1 0.12291667 0.029552951 0 0.875 5.0898809 0.92216295 0.4858735 0.24796568 17 0 0 0 0.13639023 0 0 1 0.625 4 0.12291667 0.12291667 0.12291667 0.12291667
"bench_firstpos8.csv"	4	0.00011461776
8 1 0.12291667 0.029552951 0 0.875 5.0898809 0.92216295 0.4858735 0.24796568 17 0 0 0 0.13639023 0 0 1 0.625 4 0.12291667 0.12291667 0.12291667 0.12291667
"bench_firstpos8.csv"	1	-0.00021837055
8 1 0.12291667 0.029552951 0 0.875 5.0898809 0.92216295 0.4858735 0.24796568 17 0 0 0 0.13639023 0 0 1 0.625 4 0.12291667 0.12291667 0.12291667 0.12291667
"bench_firstpos8.csv"	2	5.5772181e-05
8 1 0.12291667 0.029552951 0 0.875 5.0898809 0.92216295 0.4858735 0.24796568 17 0 0 0 0.13639023 0 0 1 0.625 4 0.12291667 0.12291667 0.12291667 0.12291667
"bench_firstpos8.csv"	4	0.00011426005
8 1 0.12291667 0.029552951 0 0.875 5.0898809 0.92216295 0.4858735 0.24796568 17 0 0 0 0.13639023 0 0 1 0.625 4 0.12291667 0.12291667 0.12291667 0.12291667
"bench_firstpos8.csv"	1	-0.0002185592
8 1 0.12291667 0.029552951 0 0.875 5.0898809 0.92216295 0.4858735 0.24796568 17 0 0 0 0.13639023 0 0 1 0.625 4 0.12291667 0.12291667 0.12291667 0.12291667
"bench_firstpos8.csv"	2	2.3041978e-05
8 1 0.12291667 0.029552951 0 0.875 5.0898809 0.92216295 0.4858735 0.24796568 17 0 0 0 0.13639023 0 0 1 0.625 4 0.12291667 0.12291667 0.12291667 0.12291667
"bench_firstpos8.csv"	4	0.00011585996
8 1 0.12291667 0.029552951 0 0.875 5.0898809 0.92216295 0.4858735 0.24796568 17 0 0 0 0.13639023 0 0 1 0.625 4 0.12291667 0.12291667 0.12291667 0.12291667
"bench_firstpos8.csv"	1	-0.00021873105
8 1 0.12291667 0.029552951 0 0.875 5.0898809 0.92216295 0.4858735 0.24796568 17 0 0 0 0.13639023 0 0 1 0.625 4 0.12291667 0.12291667 0.12291667 0.12291667
"bench_firstpos8.csv"	2	2.6118544e-05
8 1 0.12291667 0.029552951 0 0.875 5.0898809 0.92216295 0.4858735 0.24796568 17 0 0 0 0.13639023 0 0 1 0.625 4 0.12291667 0.12291667 0.12291667 0.12291667
"bench_firstpos8.csv"	4	0.00011463738
8 1 0.12291667 0.029552951 0 0.875 5.0898809 0.92216295 0.4858735 0.24796568 17 0 0 0 0.13639023 0 0 1 0.625 4 0.12291667 0.12291667 0.12291667 0.12291667
"bench_firstpos8.csv"	1	-0.00021976086
8 1 0.12291667 0.029552951 0 0.875 5.0898809 0.92216295 0.4858735 0.24796568 17 0 0 0 0.13639023 0 0 1 0.625 4 0.12291667 0.12291667 0.12291667 0.12291667
"bench_firstpos8.csv"	2	3.6049513e-05
8 1 0.12291667 0.029552951 0 0.875 5.0898809 0.92216295 0.4858735 0.24796568 17 0 0 0 0.13639023 0 0 1 0.625 4 0.12291667 0.12291667 0.12291667 0.12291667
"bench_narma30.csv"	2	2.6431646e-05	1
1 1 0.13587479 0.0077390313 0.020451 0.397585 4.2869892 0.0030112802 0.14025305 0.25587264 2 1 0 0 0 0 1 1 16019 0
"bench_narma30.csv"	4	2.1093965e-05	1
1 1 0.13587479 0.0077390313 0.020451 0.397585 4.2869892 0.0030112802 0.14025305 0.25587264 2 1 0 0 0 0 1 1 16019 0
"bench_narma30.csv"	3	2.1627029e-05	1
1 1 0.13587479 0.0077390313 0.020451 0.397585 4.2869892 0.0030112802 0.14025305 0.25587264 2 1 0 0 0 0 1 1 16019 0
"bench_narma30.csv"	2	5.0971729e-05	1
1 1 0.13587479 0.0077390313 0.020451 0.397585 4.2869892 0.0030112802 0.14025305 0.25587264 2 1 0 0 0 0 1 1 16019 0
"bench_narma30.csv"	4	6.5754121e-05	1
1 1 0.13587479 0.0077390313 0.020451 0.397585 4.2869892 0.0030112802 0.14025305 0.25587264 2 1 0 0 0 0 1 1 16019 0
"bench_narma30.csv"	3	4.637609e-05	1
1 1 0.13587479 0.0077390313 0.020451 0.397585 4.2869892 0.0030112802 0.14025305 0.25587264 2 1 0 0 0 0 1 1 16019 0
"bench_narma30.csv"	2	5.7492597e-05	1
1 1 0.13587479 0.0077390313 0.020451 0.397585 4.2869892 0.0030112802 0.14025305 0.25587264 2 1 0 0 0 0 1 1 16019 0
"bench_narma30.csv"	4	6.3399169e-05	1
1 1 0.13587479 0.0077390313 0.020451 0.397585 4.2869892 0.0030112802 0.14025305 0.25587264 2 1 0 0 0 0 1 1 16019 0
"bench_narma30.csv"	3	5.319946e-05	1
1 1 0.13587479 0.0077390313 0.020451 0.397585 4.2869892 0.0030112802 0.14025305 0.25587264 2 1 0 0 0 0 1 1 16019 0
"bench_narma30.csv"	2	0.00010417853	1
1 1 0.13587479 0.0077390313 0.020451 0.397585 4.2869892 0.0030112802 0.14025305 0.25587264 2 1 0 0 0 0 1 1 16019 0
"bench_narma30.csv"	4	5.0021553e-05	1
1 1 0.13587479 0.0077390313 0.020451 0.397585 4.2869892 0.0030112802 0.14025305 0.25587264 2 1 0 0 0 0 1 1 16019 0
"bench_narma30.csv"	3	5.4099944e-05	1
1 1 0.13587479 0.0077390313 0.020451 0.397585 4.2869892 0.0030112802 0.14025305 0.25587264 2 1 0 0 0 0 1 1 16019 0
"bench_narma30.csv"	21	1.8530852e-05	1
1 1 0.13587479 0.0077390313 0.020451 0.397585 4.2869892 0.0030112802 0.14025305 0.25587264 2 1 0 0 0 0 1 1 16019 0
"bench_narma30.csv"	2	1.8530852e-05	1
1 1 0.13587479 0.0077390313 0.020451 0.397585 4.2869892 0.0030112802 0.14025305 0.25587264 2 1 0 0 0 0 1 1 16019 0
"bench_narma30.csv"	4	1.8530852e-05	1
1 1 0.13587479 0.0077390313 0.020451 0.397585 4.2869892 0.0030112802 0.14025305 0.25587264 2 1 0 0 0 0 1 1 16019 0
"bench_narma30.csv"	3	1.8530852e-05	1
1 1 0.13587479 0.0077390313 0.020451 0.397585 4.2869892 0.0030112802 0.14025305 0.25587264 2 1 0 0 0 0 1 1 16019 0
"bench_narma30.csv"	1	1.8530852e-05	1
1 1 0.13587479 0.0077390313 0.020451 0.397585 4.2869892 0.0030112802 0.14025305 0.25587264 2 1 0 0 0 0 1 1 16019 0
"bench_narma30.csv"	2	1.9069136e-05	1
1 1 0.13587479 0.0077390313 0.020451 0.397585 4.2869892 0.0030112802 0.14025305 0.25587264 2 1 0 0 0 0 1 1 16019 0
"bench_narma30.csv"	4	1.9069136e-05	1
1 1 0.13587479 0.0077390313 0.020451 0.397585 4.2869892 0.0030112802 0.14025305 0.25587264 2 1 0 0 0 0 1 1 16019 0
"bench_narma30.csv"	3	1.9069136e-05	1
1 1 0.13587479 0.0077390313 0.020451 0.397585 4.2869892 0.0030112802 0.14025305 0.25587264 2 1 0 0 0 0 1 1 16019 0
"bench_narma30.csv"	1	1.9069136e-05	1
1 1 0.13587479 0.0077390313 0.020451 0.397585 4.2869892 0.0030112802 0.14025305 0.25587264 2 1 0 0 0 0 1 1 16019 0
"bench_narma30.csv"	2	1.9519539e-05	1
1 1 0.13587479 0.0077390313 0.020451 0.397585 4.2869892 0.0030112802 0.14025305 0.25587264 2 1 0 0 0 0 1 1 16019 0
"bench_narma30.csv"	4	1.9519539e-05	1
1 1 0.13587479 0.0077390313 0.020451 0.397585 4.2869892 0.0030112802 0.14025305 0.25587264 2 1 0 0 0 0 1 1 16019 0
"bench_narma30.csv"	3	1.9519539e-05	1
1 1 0.13587479 0.0077390313 0.020451 0.397585 4.2869892 0.0030112802 0.14025305 0.25587264 2 1 0 0 0 0 1 1 16019 0
"bench_narma30.csv"	1	1.9519539e-05	1
1 1 0.13587479 0.0077390313 0.020451 0.397585 4.2869892 0.0030112802 0.14025305 0.25587264 2 1 0 0 0 0 1 1 16019 0
"bench_narma30.csv"	2	1.9242891e-05	1
1 1 0.13587479 0.0077390313 0.020451 0.397585 4.2869892 0.0030112802 0.14025305 0.25587264 2 1 0 0 0 0 1 1 16019 0
"bench_narma30.csv"	4	1.9242891e-05	1
1 1 0.13587479 0.0077390313 0.020451 0.397585 4.2869892 0.0030112802 0.14025305 0.25587264 2 1 0 0 0 0 1 1 16019 0
"bench_narma30.csv"	3	1.9242891e-05	1
1 1 0.13587479 0.0077390313 0.020451 0.397585 4.2869892 0.0030112802 0.14025305 0.25587264 2 1 0 0 0 0 1 1 16019 0
"bench_narma30.csv"	1	1.9242891e-05	1
1 1 0.13587479 0.0077390313 0.020451 0.397585 4.2869892 0.0030112802 0.14025305 0.25587264 2 1 0 0 0 0 1 1 16019 0
"bench_narma30.csv"	2	1.9500982e-05	1
1 1 0.13587479 0.0077390313 0.020451 0.397585 4.2869892 0.0030112802 0.14025305 0.25587264 2 1 0 0 0 0 1 1 16019 0
"bench_narma30.csv"	4	1.9500982e-05	1
1 1 0.13587479 0.0077390313 0.020451 0.397585 4.2869892 0.0030112802 0.14025305 0.25587264 2 1 0 0 0 0 1 1 16019 0
"bench_narma30.csv"	3	1.9500982e-05	1
1 1 0.13587479 0.0077390313 0.020451 0.397585 4.2869892 0.0030112802 0.14025305 0.25587264 2 1 0 0 0 0 1 1 16019 0
"bench_narma30.csv"	1	1.9500982e-05	1
1 1 0.13587479 0.0077390313 0.020451 0.397585 4.2869892 0.0030112802 0.14025305 0.25587264 2 1 0 0 0 0 1 1 16019 0
"bench_narma30.csv"	2	1.9327325e-05	1
1 1 0.13587479 0.0077390313 0.020451 0.397585 4.2869892 0.0030112802 0.14025305 0.25587264 2 1 0 0 0 0 1 1 16019 0
"bench_narma30.csv"	4	1.9327325e-05	1
1 1 0.13587479 0.0077390313 0.020451 0.397585 4.2869892 0.0030112802 0.14025305 0.25587264 2 1 0 0 0 0 1 1 16019 0
"bench_narma30.csv"	3	1.9327325e-05	1
1 1 0.13587479 0.0077390313 0.020451 0.397585 4.2869892 0.0030112802 0.14025305 0.25587264 2 1 0 0 0 0 1 1 16019 0
"bench_narma30.csv"	1	1.9327325e-05	1
1 1 0.13587479 0.0077390313 0.020451 0.397585 4.2869892 0.0030112802 0.14025305 0.25587264 2 1 0 0 0 0 1 1 16019 0
"bench_narma30.csv"	2	1.9418345e-05	1
1 1 0.13587479 0.0077390313 0.020451 0.397585 4.2869892 0.0030112802 0.14025305 0.25587264 2 1 0 0 0 0 1 1 16019 0
"bench_narma30.csv"	4	1.9418345e-05	1
1 1 0.13587479 0.0077390313 0.020451 0.397585 4.2869892 0.0030112802 0.14025305 0.25587264 2 1 0 0 0 0 1 1 16019 0
"bench_narma30.csv"	3	1.9418345e-05	1
1 1 0.13587479 0.0077390313 0.020451 0.397585 4.2869892 0.0030112802 0.14025305 0.25587264 2 1 0 0 0 0 1 1 16019 0
"bench_narma30.csv"	1	1.9418345e-05	1
1 1 0.13587479 0.0077390313 0.020451 0.397585 4.2869892 0.0030112802 0.14025305 0.25587264 2 1 0 0 0 0 1 1 16019 0
"bench_narma30.csv"	2	1.9429002e-05	1
1 1 0.13587479 0.0077390313 0.020451 0.397585 4.2869892 0.0030112802 0.14025305 0.25587264 2 1 0 0 0 0 1 1 16019 0
"bench_narma30.csv"	4	1.9429002e-05	1
1 1 0.13587479 0.0077390313 0.020451 0.397585 4.2869892 0.0030112802 0.14025305 0.25587264 2 1 0 0 0 0 1 1 16019 0
"bench_narma30.csv"	3	1.9429002e-05	1
1 1 0.13587479 0.0077390313 0.020451 0.397585 4.2869892 0.0030112802 0.14025305 0.25587264 2 1 0 0 0 0 1 1 16019 0
"bench_narma30.csv"	1	1.9429002e-05	1
1 1 0.13587479 0.0077390313 0.020451 0.397585 4.2869892 0.0030112802 0.14025305 0.25587264 2 1 0 0 0 0 1 1 16019 0
"bench_narma30.csv"	2	1.9420836e-05	1
1 1 0.13587479 0.0077390313 0.020451 0.397585 4.2869892 0.0030112802 0.14025305 0.25587264 2 1 0 0 0 0 1 1 16019 0
"bench_narma30.csv"	4	1.9420836e-05	1
1 1 0.13587479 0.0077390313 0.020451 0.397585 4.2869892 0.0030112802 0.14025305 0.25587264 2 1 0 0 0 0 1 1 16019 0
"bench_narma30.csv"	3	1.9420836e-05	1
1 1 0.13587479 0.0077390313 0.020451 0.397585 4.2869892 0.0030112802 0.14025305 0.25587264 2 1 0 0 0 0 1 1 16019 0
"bench_narma30.csv"	1	1.9420836e-05	1
1 1 0.13587479 0.0077390313 0.020451 0.397585 4.2869892 0.0030112802 0.14025305 0.25587264 2 1 0 0 0 0 1 1 16019 0
"bench_narma30.csv"	2	1.9427161e-05	1
1 1 0.13587479 0.0077390313 0.020451 0.397585 4.2869892 0.0030112802 0.14025305 0.25587264 2 1 0 0 0 0 1 1 16019 0
"bench_narma30.csv"	4	1.9427161e-05	1
1 1 0.13587479 0.0077390313 0.020451 0.397585 4.2869892 0.0030112802 0.14025305 0.25587264 2 1 0 0 0 0 1 1 16019 0
"bench_narma30.csv"	3	1.9427161e-05	1
1 1 0.13587479 0.0077390313 0.020451 0.397585 4.2869892 0.0030112802 0.14025305 0.25587264 2 1 0 0 0 0 1 1 16019 0
"bench_narma30.csv"	1	1.9427161e-05	1
1 1 0.13587479 0.0077390313 0.020451 0.397585 4.2869892 0.0030112802 0.14025305 0.25587264 2 1 0 0 0 0 1 1 16019 0
"bench_narma30.csv"	2	1.9422303e-05	1
1 1 0.13587479 0.0077390313 0.020451 0.397585 4.2869892 0.0030112802 0.14025305 0.25587264 2 1 0 0 0 0 1 1 16019 0
"bench_narma30.csv"	4	1.9422303e-05	1
1 1 0.13587479 0.0077390313 0.020451 0.397585 4.2869892 0.0030112802 0.14025305 0.25587264 2 1 0 0 0 0 1 1 16019 0
"bench_narma30.csv"	3	1.9422303e-05	1
1 1 0.13587479 0.0077390313 0.020451 0.397585 4.2869892 0.0030112802 0.14025305 0.25587264 2 1 0 0 0 0 1 1 16019 0
"bench_narma30.csv"	1	1.9422303e-05	1
1 1 0.13587479 0.0077390313 0.020451 0.397585 4.2869892 0.0030112802 0.14025305 0.25587264 2 1 0 0 0 0 1 1 16019 0
"bench_narma30.csv"	2	1.9424275e-05	1
1 1 0.13587479 0.0077390313 0.020451 0.397585 4.2869892 0.0030112802 0.14025305 0.25587264 2 1 0 0 0 0 1 1 16019 0
"bench_narma30.csv"	4	1.9424275e-05	1
1 1 0.13587479 0.0077390313 0.020451 0.397585 4.2869892 0.0030112802 0.14025305 0.25587264 2 1 0 0 0 0 1 1 16019 0
"bench_narma30.csv"	3	1.9424275e-05	1
1 1 0.13587479 0.0077390313 0.020451 0.397585 4.2869892 0.0030112802 0.14025305 0.25587264 2 1 0 0 0 0 1 1 16019 0
"bench_narma30.csv"	1	1.9424275e-05	1
1 1 0.13587479 0.0077390313 0.020451 0.397585 4.2869892 0.0030112802 0.14025305 0.25587264 2 1 0 0 0 0 1 1 16019 0
"bench_narma30.csv"	2	1.9424554e-05	1
1 1 0.13587479 0.0077390313 0.020451 0.397585 4.2869892 0.0030112802 0.14025305 0.25587264 2 1 0 0 0 0 1 1 16019 0
"bench_narma30.csv"	4	1.9424554e-05	1
1 1 0.13587479 0.0077390313 0.020451 0.397585 4.2869892 0.0030112802 0.14025305 0.25587264 2 1 0 0 0 0 1 1 16019 0
"bench_narma30.csv"	3	1.9424554e-05	1
1 1 0.13587479 0.0077390313 0.020451 0.397585 4.2869892 0.0030112802 0.14025305 0.25587264 2 1 0 0 0 0 1 1 16019 0
"bench_narma30.csv"	1	1.9424554e-05	1
1 1 0.13587479 0.0077390313 0.020451 0.397585 4.2869892 0.0030112802 0.14025305 0.25587264 2 1 0 0 0 0 1 1 16019 0
"bench_narma30.csv"	2	1.9424339e-05	1
1 1 0.13587479 0.0077390313 0.020451 0.397585 4.2869892 0.0030112802 0.14025305 0.25587264 2 1 0 0 0 0 1 1 16019 0
"bench_narma30.csv"	4	1.9424339e-05	1
1 1 0.13587479 0.0077390313 0.020451 0.397585 4.2869892 0.0030112802 0.14025305 0.25587264 2 1 0 0 0 0 1 1 16019 0
"bench_narma30.csv"	3	1.9424339e-05	1
1 1 0.13587479 0.0077390313 0.020451 0.397585 4.2869892 0.0030112802 0.14025305 0.25587264 2 1 0 0 0 0 1 1 16019 0
"bench_narma30.csv"	1	1.9424339e-05	1
1 1 0.13587479 0.0077390313 0.020451 0.397585 4.2869892 0.0030112802 0.14025305 0.25587264 2 1 0 0 0 0 1 1 16019 0
"bench_narma30.csv"	2	1.9424504e-05	1
1 1 0.13587479 0.0077390313 0.020451 0.397585 4.2869892 0.0030112802 0.14025305 0.25587264 2 1 0 0 0 0 1 1 16019 0
"bench_narma30.csv"	4	1.9424504e-05	1
1 1 0.13587479 0.0077390313 0.020451 0.397585 4.2869892 0.0030112802 0.14025305 0.25587264 2 1 0 0 0 0 1 1 16019 0
"bench_narma30.csv"	3	1.9424504e-05	1
1 1 0.13587479 0.0077390313 0.020451 0.397585 4.2869892 0.0030112802 0.14025305 0.25587264 2 1 0 0 0 0 1 1 16019 0
"bench_narma30.csv"	1	1.9424504e-05	1
1 1 0.13587479 0.0077390313 0.020451 0.397585 4.2869892 0.0030112802 0.14025305 0.25587264 2 1 0 0 0 0 1 1 16019 0
"bench_narma30.csv"	2	1.9424377e-05	1
1 1 0.13587479 0.0077390313 0.020451 0.397585 4.2869892 0.0030112802 0.14025305 0.25587264 2 1 0 0 0 0 1 1 16019 0
"bench_narma30.csv"	4	1.9424377e-05	1
1 1 0.13587479 0.0077390313 0.020451 0.397585 4.2869892 0.0030112802 0.14025305 0.25587264 2 1 0 0 0 0 1 1 16019 0
"bench_narma30.csv"	3	1.9424377e-05	1
1 1 0.13587479 0.0077390313 0.020451 0.397585 4.2869892 0.0030112802 0.14025305 0.25587264 2 1 0 0 0 0 1 1 16019 0
"bench_narma30.csv"	1	1.9424377e-05	1
1 1 0.13587479 0.0077390313 0.020451 0.397585 4.2869892 0.0030112802 0.14025305 0.25587264 2 1 0 0 0 0 1 1 16019 0
"bench_narma30.csv"	2	1.9424428e-05	1
1 1 0.13587479 0.0077390313 0.020451 0.397585 4.2869892 0.0030112802 0.14025305 0.25587264 2 1 0 0 0 0 1 1 16019 0
"bench_narma30.csv"	4	1.9424428e-05	1
1 1 0.13587479 0.0077390313 0.020451 0.397585 4.2869892 0.0030112802 0.14025305 0.25587264 2 1 0 0 0 0 1 1 16019 0
"bench_narma30.csv"	3	1.9424428e-05	1
1 1 0.13587479 0.0077390313 0.020451 0.397585 4.2869892 0.0030112802 0.14025305 0.25587264 2 1 0 0 0 0 1 1 16019 0
"bench_narma30.csv"	1	1.9424428e-05	1
1 1 0.13587479 0.0077390313 0.020451 0.397585 4.2869892 0.0030112802 0.14025305 0.25587264 2 1 0 0 0 0 1 1 16019 0
"bench_narma30.csv"	2	1.9424436e-05	1
1 1 0.13587479 0.0077390313 0.020451 0.397585 4.2869892 0.0030112802 0.14025305 0.25587264 2 1 0 0 0 0 1 1 16019 0
"bench_narma30.csv"	4	1.9424436e-05	1
1 1 0.13587479 0.0077390313 0.020451 0.397585 4.2869892 0.0030112802 0.14025305 0.25587264 2 1 0 0 0 0 1 1 16019 0
"bench_narma30.csv"	3	1.9424436e-05	1
1 1 0.13587479 0.0077390313 0.020451 0.397585 4.2869892 0.0030112802 0.14025305 0.25587264 2 1 0 0 0 0 1 1 16019 0
"bench_narma30.csv"	1	1.9424436e-05	1
1 1 0.13587479 0.0077390313 0.020451 0.397585 4.2869892 0.0030112802 0.14025305 0.25587264 2 1 0 0 0 0 1 1 16019 0
"bench_narma30.csv"	2	1.942443e-05	1
1 1 0.13587479 0.0077390313 0.020451 0.397585 4.2869892 0.0030112802 0.14025305 0.25587264 2 1 0 0 0 0 1 1 16019 0
"bench_narma30.csv"	4	1.942443e-05	1
1 1 0.13587479 0.0077390313 0.020451 0.397585 4.2869892 0.0030112802 0.14025305 0.25587264 2 1 0 0 0 0 1 1 16019 0
"bench_narma30.csv"	3	1.942443e-05	1
1 1 0.13587479 0.0077390313 0.020451 0.397585 4.2869892 0.0030112802 0.14025305 0.25587264 2 1 0 0 0 0 1 1 16019 0
"bench_narma30.csv"	1	1.942443e-05	1
1 1 0.13587479 0.0077390313 0.020451 0.397585 4.2869892 0.0030112802 0.14025305 0.25587264 2 1 0 0 0 0 1 1 16019 0
"bench_narma30.csv"	2	1.9424434e-05	1
1 1 0.13587479 0.0077390313 0.020451 0.397585 4.2869892 0.0030112802 0.14025305 0.25587264 2 1 0 0 0 0 1 1 16019 0
"bench_narma30.csv"	4	1.9424434e-05	1
1 1 0.13587479 0.0077390313 0.020451 0.397585 4.2869892 0.0030112802 0.14025305 0.25587264 2 1 0 0 0 0 1 1 16019 0
"bench_narma30.csv"	3	1.9424434e-05	1
1 1 0.13587479 0.0077390313 0.020451 0.397585 4.2869892 0.0030112802 0.14025305 0.25587264 2 1 0 0 0 0 1 1 16019 0
"bench_narma30.csv"	1	1.9424434e-05	1
1 1 0.13587479 0.0077390313 0.020451 0.397585 4.2869892 0.0030112802 0.14025305 0.25587264 2 1 0 0 0 0 1 1 16019 0
"bench_narma30.csv"	2	1.9424431e-05	1
1 1 0.13587479 0.0077390313 0.020451 0.397585 4.2869892 0.0030112802 0.14025305 0.25587264 2 1 0 0 0 0 1 1 16019 0
"bench_narma30.csv"	4	1.9424431e-05	1
1 1 0.13587479 0.0077390313 0.020451 0.397585 4.2869892 0.0030112802 0.14025305 0.25587264 2 1 0 0 0 0 1 1 16019 0
"bench_narma30.csv"	3	1.9424431e-05	1
1 1 0.13587479 0.0077390313 0.020451 0.397585 4.2869892 0.0030112802 0.14025305 0.25587264 2 1 0 0 0 0 1 1 16019 0
"bench_narma30.csv"	1	1.9424431e-05	1
1 1 0.13587479 0.0077390313 0.020451 0.397585 4.2869892 0.0030112802 0.14025305 0.25587264 2 1 0 0 0 0 1 1 16019 0
"bench_narma30.csv"	2	1.9424432e-05	1
1 1 0.13587479 0.0077390313 0.020451 0.397585 4.2869892 0.0030112802 0.14025305 0.25587264 2 1 0 0 0 0 1 1 16019 0
"bench_narma30.csv"	4	1.9424432e-05	1
1 1 0.13587479 0.0077390313 0.020451 0.397585 4.2869892 0.0030112802 0.14025305 0.25587264 2 1 0 0 0 0 1 1 16019 0
"bench_narma30.csv"	3	1.9424432e-05	1
1 1 0.13587479 0.0077390313 0.020451 0.397585 4.2869892 0.0030112802 0.14025305 0.25587264 2 1 0 0 0 0 1 1 16019 0
"bench_narma30.csv"	1	1.9424432e-05	1
1 1 0.13587479 0.0077390313 0.020451 0.397585 4.2869892 0.0030112802 0.14025305 0.25587264 2 1 0 0 0 0 1 1 16019 0
"bench_narma30.csv"	2	1.9424433e-05	1
1 1 0.13587479 0.0077390313 0.020451 0.397585 4.2869892 0.0030112802 0.14025305 0.25587264 2 1 0 0 0 0 1 1 16019 0
"bench_narma30.csv"	4	1.9424433e-05	1
1 1 0.13587479 0.0077390313 0.020451 0.397585 4.2869892 0.0030112802 0.14025305 0.25587264 2 1 0 0 0 0 1 1 16019 0
"bench_narma30.csv"	3	1.9424433e-05	1
1 1 0.13587479 0.0077390313 0.020451 0.397585 4.2869892 0.0030112802 0.14025305 0.25587264 2 1 0 0 0 0 1 1 16019 0
"bench_narma30.csv"	1	1.9424433e-05	1
1 1 0.13587479 0.0077390313 0.020451 0.397585 4.2869892 0.0030112802 0.14025305 0.25587264 2 1 0 0 0 0 1 1 16019 0
"bench_narma30.csv"	2	1.9424432e-05	1
1 1 0.13587479 0.0077390313 0.020451 0.397585 4.2869892 0.0030112802 0.14025305 0.25587264 2 1 0 0 0 0 1 1 16019 0
"bench_narma30.csv"	4	1.9424432e-05	1
1 1 0.13587479 0.0077390313 0.020451 0.397585 4.2869892 0.0030112802 0.14025305 0.25587264 2 1 0 0 0 0 1 1 16019 0
"bench_narma30.csv"	3	1.9424432e-05	1
1 1 0.13587479 0.0077390313 0.020451 0.397585 4.2869892 0.0030112802 0.14025305 0.25587264 2 1 0 0 0 0 1 1 16019 0
"bench_narma30.csv"	1	1.9424432e-05	1
1 1 0.13587479 0.0077390313 0.020451 0.397585 4.2869892 0.0030112802 0.14025305 0.25587264 2 1 0 0 0 0 1 1 16019 0
"bench_narma30.csv"	2	1.9424433e-05	1
1 1 0.13587479 0.0077390313 0.020451 0.397585 4.2869892 0.0030112802 0.14025305 0.25587264 2 1 0 0 0 0 1 1 16019 0
"bench_narma30.csv"	4	1.9424433e-05	1
1 1 0.13587479 0.0077390313 0.020451 0.397585 4.2869892 0.0030112802 0.14025305 0.25587264 2 1 0 0 0 0 1 1 16019 0
"bench_narma30.csv"	3	1.9424433e-05	1
1 1 0.13587479 0.0077390313 0.020451 0.397585 4.2869892 0.0030112802 0.14025305 0.25587264 2 1 0 0 0 0 1 1 16019 0
"bench_narma30.csv"	1	1.9424433e-05	1
1 1 0.13587479 0.0077390313 0.020451 0.397585 4.2869892 0.0030112802 0.14025305 0.25587264 2 1 0 0 0 0 1 1 16019 0
"bench_narma30.csv"	2	1.9424432e-05	1
1 1 0.13587479 0.0077390313 0.020451 0.397585 4.2869892 0.0030112802 0.14025305 0.25587264 2 1 0 0 0 0 1 1 16019 0
"bench_narma30.csv"	4	1.9424432e-05	1
1 1 0.13587479 0.0077390313 0.020451 0.397585 4.2869892 0.0030112802 0.14025305 0.25587264 2 1 0 0 0 0 1 1 16019 0
"bench_narma30.csv"	3	1.9424432e-05	1
1 1 0.13587479 0.0077390313 0.020451 0.397585 4.2869892 0.0030112802 0.14025305 0.25587264 2 1 0 0 0 0 1 1 16019 0
"bench_narma30.csv"	1	1.9424432e-05	1
1 1 0.13587479 0.0077390313 0.020451 0.397585 4.2869892 0.0030112802 0.14025305 0.25587264 2 1 0 0 0 0 1 1 16019 0
"bench_narma30.csv"	2	1.9424432e-05	1
1 1 0.13587479 0.0077390313 0.020451 0.397585 4.2869892 0.0030112802 0.14025305 0.25587264 2 1 0 0 0 0 1 1 16019 0
"bench_narma30.csv"	4	1.9424432e-05	1
1 1 0.13587479 0.0077390313 0.020451 0.397585 4.2869892 0.0030112802 0.14025305 0.25587264 2 1 0 0 0 0 1 1 16019 0
"bench_narma30.csv"	3	1.9424432e-05	1
1 1 0.13587479 0.0077390313 0.020451 0.397585 4.2869892 0.0030112802 0.14025305 0.25587264 2 1 0 0 0 0 1 1 16019 0
"bench_narma30.csv"	1	1.9424432e-05	1
1 1 0.13587479 0.0077390313 0.020451 0.397585 4.2869892 0.0030112802 0.14025305 0.25587264 2 1 0 0 0 0 1 1 16019 0
"bench_narma30.csv"	2	1.9424432e-05	1
1 1 0.13587479 0.0077390313 0.020451 0.397585 4.2869892 0.0030112802 0.14025305 0.25587264 2 1 0 0 0 0 1 1 16019 0
"bench_narma30.csv"	4	1.9424432e-05	1
1 1 0.13587479 0.0077390313 0.020451 0.397585 4.2869892 0.0030112802 0.14025305 0.25587264 2 1 0 0 0 0 1 1 16019 0
"bench_narma30.csv"	3	1.9424432e-05	1
1 1 0.13587479 0.0077390313 0.020451 0.397585 4.2869892 0.0030112802 0.14025305 0.25587264 2 1 0 0 0 0 1 1 16019 0
"bench_narma30.csv"	1	1.9424432e-05	1
1 1 0.13587479 0.0077390313 0.020451 0.397585 4.2869892 0.0030112802 0.14025305 0.25587264 2 1 0 0 0 0 1 1 16019 0
"bench_narma30.csv"	2	1.9424432e-05	1
1 1 0.13587479 0.0077390313 0.020451 0.397585 4.2869892 0.0030112802 0.14025305 0.25587264 2 1 0 0 0 0 1 1 16019 0
"bench_narma30.csv"	4	1.9424432e-05	1
1 1 0.13587479 0.0077390313 0.020451 0.397585 4.2869892 0.0030112802 0.14025305 0.25587264 2 1 0 0 0 0 1 1 16019 0
"bench_narma30.csv"	3	1.9424432e-05	1
1 1 0.13587479 0.0077390313 0.020451 0.397585 4.2869892 0.0030112802 0.14025305 0.25587264 2 1 0 0 0 0 1 1 16019 0
"bench_narma30.csv"	1	1.9424432e-05	1
1 1 0.13587479 0.0077390313 0.020451 0.397585 4.2869892 0.0030112802 0.14025305 0.25587264 2 1 0 0 0 0 1 1 16019 0
"bench_narma30.csv"	2	1.9424432e-05	1
1 1 0.13587479 0.0077390313 0.020451 0.397585 4.2869892 0.0030112802 0.14025305 0.25587264 2 1 0 0 0 0 1 1 16019 0
"bench_narma30.csv"	4	1.9424432e-05	1
1 1 0.13587479 0.0077390313 0.020451 0.397585 4.2869892 0.0030112802 0.14025305 0.25587264 2 1 0 0 0 0 1 1 16019 0
"bench_narma30.csv"	3	1.9424432e-05	1
1 1 0.13587479 0.0077390313 0.020451 0.397585 4.2869892 0.0030112802 0.14025305 0.25587264 2 1 0 0 0 0 1 1 16019 0
"bench_narma30.csv"	1	1.9424432e-05	1
1 1 0.13587479 0.0077390313 0.020451 0.397585 4.2869892 0.0030112802 0.14025305 0.25587264 2 1 0 0 0 0 1 1 16019 0
"bench_narma30.csv"	2	1.9424432e-05	1
1 1 0.13587479 0.0077390313 0.020451 0.397585 4.2869892 0.0030112802 0.14025305 0.25587264 2 1 0 0 0 0 1 1 16019 0
"bench_narma30.csv"	4	1.9424432e-05	1
1 1 0.13587479 0.0077390313 0.020451 0.397585 4.2869892 0.0030112802 0.14025305 0.25587264 2 1 0 0 0 0 1 1 16019 0
"bench_narma30.csv"	3	1.9424432e-05	1
1 1 0.13587479 0.0077390313 0.020451 0.397585 4.2869892 0.0030112802 0.14025305 0.25587264 2 1 0 0 0 0 1 1 16019 0
"bench_narma30.csv"	1	1.9424432e-05	1
1 1 0.13587479 0.0077390313 0.020451 0.397585 4.2869892 0.0030112802 0.14025305 0.25587264 2 1 0 0 0 0 1 1 16019 0
"bench_narma30.csv"	2	1.9424432e-05	1
1 1 0.13587479 0.0077390313 0.020451 0.397585 4.2869892 0.0030112802 0.14025305 0.25587264 2 1 0 0 0 0 1 1 16019 0
"bench_narma30.csv"	4	1.9424432e-05	1
1 1 0.13587479 0.0077390313 0.020451 0.397585 4.2869892 0.0030112802 0.14025305 0.25587264 2 1 0 0 0 0 1 1 16019 0
"bench_narma30.csv"	3	1.9424432e-05	1
1 1 0.13587479 0.0077390313 0.020451 0.397585 4.2869892 0.0030112802 0.14025305 0.25587264 2 1 0 0 0 0 1 1 16019 0
"bench_narma30.csv"	1	1.9424432e-05	1
1 1 0.13587479 0.0077390313 0.020451 0.397585 4.2869892 0.0030112802 0.14025305 0.25587264 2 1 0 0 0 0 1 1 16019 0
"bench_narma30.csv"	2	1.9424432e-05	1
1 1 0.13587479 0.0077390313 0.020451 0.397585 4.2869892 0.0030112802 0.14025305 0.25587264 2 1 0 0 0 0 1 1 16019 0
"bench_narma30.csv"	4	1.9424432e-05	1
1 1 0.13587479 0.0077390313 0.020451 0.397585 4.2869892 0.0030112802 0.14025305 0.25587264 2 1 0 0 0 0 1 1 16019 0
"bench_narma30.csv"	3	1.9424432e-05	1
1 1 0.13587479 0.0077390313 0.020451 0.397585 4.2869892 0.0030112802 0.14025305 0.25587264 2 1 0 0 0 0 1 1 16019 0
"bench_narma30.csv"	1	1.9424432e-05	1
1 1 0.13587479 0.0077390313 0.020451 0.397585 4.2869892 0.0030112802 0.14025305 0.25587264 2 1 0 0 0 0 1 1 16019 0
"bench_narma30.csv"	2	1.9424432e-05	1
1 1 0.13587479 0.0077390313 0.020451 0.397585 4.2869892 0.0030112802 0.14025305 0.25587264 2 1 0 0 0 0 1 1 16019 0
"bench_narma30.csv"	4	1.9424432e-05	1
1 1 0.13587479 0.0077390313 0.020451 0.397585 4.2869892 0.0030112802 0.14025305 0.25587264 2 1 0 0 0 0 1 1 16019 0
"bench_narma30.csv"	3	1.9424432e-05	1
1 1 0.13587479 0.0077390313 0.020451 0.397585 4.2869892 0.0030112802 0.14025305 0.25587264 2 1 0 0 0 0 1 1 16019 0
"bench_narma30.csv"	1	1.9424432e-05	1
1 1 0.13587479 0.0077390313 0.020451 0.397585 4.2869892 0.0030112802 0.14025305 0.25587264 2 1 0 0 0 0 1 1 16019 0
"bench_narma30.csv"	2	1.9424432e-05	1
1 1 0.13587479 0.0077390313 0.020451 0.397585 4.2869892 0.0030112802 0.14025305 0.25587264 2 1 0 0 0 0 1 1 16019 0
"bench_narma30.csv"	4	1.9424432e-05	1
1 1 0.13587479 0.0077390313 0.020451 0.397585 4.2869892 0.0030112802 0.14025305 0.25587264 2 1 0 0 0 0 1 1 16019 0
"bench_narma30.csv"	3	1.9424432e-05	1
1 1 0.13587479 0.0077390313 0.020451 0.397585 4.2869892 0.0030112802 0.14025305 0.25587264 2 1 0 0 0 0 1 1 16019 0
"bench_narma30.csv"	1	1.9424432e-05	1
1 1 0.13587479 0.0077390313 0.020451 0.397585 4.2869892 0.0030112802 0.14025305 0.25587264 2 1 0 0 0 0 1 1 16019 0
"bench_narma30.csv"	2	1.9424432e-05	1
1 1 0.13587479 0.0077390313 0.020451 0.397585 4.2869892 0.0030112802 0.14025305 0.25587264 2 1 0 0 0 0 1 1 16019 0
"bench_narma30.csv"	4	1.9424432e-05	1
1 1 0.13587479 0.0077390313 0.020451 0.397585 4.2869892 0.0030112802 0.14025305 0.25587264 2 1 0 0 0 0 1 1 16019 0
"bench_narma30.csv"	3	1.9424432e-05	1
1 1 0.13587479 0.0077390313 0.020451 0.397585 4.2869892 0.0030112802 0.14025305 0.25587264 2 1 0 0 0 0 1 1 16019 0
"bench_narma30.csv"	1	1.9424432e-05	1
1 1 0.13587479 0.0077390313 0.020451 0.397585 4.2869892 0.0030112802 0.14025305 0.25587264 2 1 0 0 0 0 1 1 16019 0
"bench_hetero3.csv"	3	0.00013490842	1
1 1 1.4239754 10.811493 -4.922015 6.953457 3.6116698 1 2 7.164235e-10 2 0 0 0 0 1 0 0 2.0134228 0
"bench_hetero3.csv"	1	-0.51175841	1
1 1 1.4239754 10.811493 -4.922015 6.953457 3.6116698 1 2 7.164235e-10 2 0 0 0 0 1 0 0 2.0134228 0
"bench_hetero3.csv"	4	0.00038155319	1
1 1 1.4239754 10.811493 -4.922015 6.953457 3.6116698 1 2 7.164235e-10 2 0 0 0 0 1 0 0 2.0134228 0
"bench_hetero3.csv"	12	-0.51175841	1
1 1 1.4239754 10.811493 -4.922015 6.953457 3.6116698 1 2 7.164235e-10 2 0 0 0 0 1 0 0 2.0134228 0
"bench_hetero3.csv"	21	-0.51175841	1
1 1 1.4239754 10.811493 -4.922015 6.953457 3.6116698 1 2 7.164235e-10 2 0 0 0 0 1 0 0 2.0134228 0
"bench_hetero3.csv"	12	0.022770354	1
1 1 -0.045361096 0.50923543 -0.999975 0.999994 2.8026183 0.028358164 0.070407524 0.0096722582 2 0 0 0 0 1 0 0 2.9994483 0
"bench_hetero3.csv"	3	0.00029796616	1
1 1 1.4239754 10.811493 -4.922015 6.953457 3.6116698 1 2 7.164235e-10 2 0 0 0 0 1 0 0 2.0134228 0
"bench_hetero3.csv"	1	-0.45020559	1
1 1 1.4239754 10.811493 -4.922015 6.953457 3.6116698 1 2 7.164235e-10 2 0 0 0 0 1 0 0 2.0134228 0
"bench_hetero3.csv"	4	0.00063963332	1
1 1 1.4239754 10.811493 -4.922015 6.953457 3.6116698 1 2 7.164235e-10 2 0 0 0 0 1 0 0 2.0134228 0
"bench_hetero3.csv"	12	-0.45020559	1
1 1 1.4239754 10.811493 -4.922015 6.953457 3.6116698 1 2 7.164235e-10 2 0 0 0 0 1 0 0 2.0134228 0
"bench_hetero3.csv"	21	-0.45020559	1
1 1 1.4239754 10.811493 -4.922015 6.953457 3.6116698 1 2 7.164235e-10 2 0 0 0 0 1 0 0 2.0134228 0
"bench_hetero3.csv"	2	0.0023781084	1
1 1 1.4239754 10.811493 -4.922015 6.953457 3.6116698 1 2 7.164235e-10 2 0 0 0 0 1 0 0 2.0134228 0
"bench_hetero3.csv"	3	0.00029796616	1
1 1 1.4239754 10.811493 -4.922015 6.953457 3.6116698 1 2 7.164235e-10 2 0 0 0 0 1 0 0 2.0134228 0
"bench_hetero3.csv"	1	-0.45020559	1
1 1 1.4239754 10.811493 -4.922015 6.953457 3.6116698 1 2 7.164235e-10 2 0 0 0 0 1 0 0 2.0134228 0
"bench_hetero3.csv"	4	0.0024619015	1
1 1 1.4239754 10.811493 -4.922015 6.953457 3.6116698 1 2 7.164235e-10 2 0 0 0 0 1 0 0 2.0134228 0
"bench_hetero3.csv"	12	-0.45020559	1
1 1 1.4239754 10.811493 -4.922015 6.953457 3.6116698 1 2 7.164235e-10 2 0 0 0 0 1 0 0 2.0134228 0
"bench_hetero3.csv"	21	-0.45020559	1
1 1 1.4239754 10.811493 -4.922015 6.953457 3.6116698 1 2 7.164235e-10 2 0 0 0 0 1 0 0 2.0134228 0
"bench_hetero3.csv"	3	-0.45007887	1
1 1 1.4239754 10.811493 -4.922015 6.953457 3.6116698 1 2 7.164235e-10 2 0 0 0 0 1 0 0 2.0134228 0
"bench_hetero3.csv"	3	0.00015711031	1
1 1 1.4239754 10.811493 -4.922015 6.953457 3.6116698 1 2 7.164235e-10 2 0 0 0 0 1 0 0 2.0134228 0
"bench_hetero3.csv"	1	0.021971992	1
1 1 1.4239754 10.811493 -4.922015 6.953457 3.6116698 1 2 7.164235e-10 2 0 0 0 0 1 0 0 2.0134228 0
"bench_hetero3.csv"	12	-0.45026396	1
1 1 1.4239754 10.811493 -4.922015 6.953457 3.6116698 1 2 7.164235e-10 2 0 0 0 0 1 0 0 2.0134228 0
"bench_hetero3.csv"	21	0.055123594	1
1 1 1.4239754 10.811493 -4.922015 6.953457 3.6116698 1 2 7.164235e-10 2 0 0 0 0 1 0 0 2.0134228 0
"bench_hetero3.csv"	2	0.00010969143	1
1 1 1.4239754 10.811493 -4.922015 6.953457 3.6116698 1 2 7.164235e-10 2 0 0 0 0 1 0 0 2.0134228 0
"bench_hetero3.csv"	3	0.00055685281	1
1 1 1.4239754 10.811493 -4.922015 6.953457 3.6116698 1 2 7.164235e-10 2 0 0 0 0 1 0 0 2.0134228 0
"bench_hetero3.csv"	1	0.0060208331	1
1 1 1.4239754 10.811493 -4.922015 6.953457 3.6116698 1 2 7.164235e-10 2 0 0 0 0 1 0 0 2.0134228 0
"bench_hetero3.csv"	4	0.00017594852	1
1 1 1.4239754 10.811493 -4.922015 6.953457 3.6116698 1 2 7.164235e-10 2 0 0 0 0 1 0 0 2.0134228 0
"bench_hetero3.csv"	12	-0.45003532	1
1 1 1.4239754 10.811493 -4.922015 6.953457 3.6116698 1 2 7.164235e-10 2 0 0 0 0 1 0 0 2.0134228 0
"bench_hetero3.csv"	21	0.018765113	1
1 1 1.4239754 10.811493 -4.922015 6.953457 3.6116698 1 2 7.164235e-10 2 0 0 0 0 1 0 0 2.0134228 0
"bench_hetero3.csv"	11	0.049129719	1
1 1 1.4239754 10.811493 -4.922015 6.953457 3.6116698 1 2 7.164235e-10 2 0 0 0 0 1 0 0 2.0134228 0
"bench_hetero3.csv"	3	0.063686422	1
1 1 1.4239754 10.811493 -4.922015 6.953457 3.6116698 1 2 7.164235e-10 2 0 0 0 0 1 0 0 2.0134228 0
"bench_hetero3.csv"	3	0.0010829441	1
1 1 1.4239754 10.811493 -4.922015 6.953457 3.6116698 1 2 7.164235e-10 2 0 0 0 0 1 0 0 2.0134228 0
"bench_hetero3.csv"	1	0.019343338	1
1 1 1.4239754 10.811493 -4.922015 6.953457 3.6116698 1 2 7.164235e-10 2 0 0 0 0 1 0 0 2.0134228 0
"bench_hetero3.csv"	4	4.9543707e-05	1
1 1 1.4239754 10.811493 -4.922015 6.953457 3.6116698 1 2 7.164235e-10 2 0 0 0 0 1 0 0 2.0134228 0
"bench_hetero3.csv"	12	-0.44995215	1
1 1 1.4239754 10.811493 -4.922015 6.953457 3.6116698 1 2 7.164235e-10 2 0 0 0 0 1 0 0 2.0134228 0
"bench_hetero3.csv"	21	0.039025767	1
1 1 1.4239754 10.811493 -4.922015 6.953457 3.6116698 1 2 7.164235e-10 2 0 0 0 0 1 0 0 2.0134228 0
"bench_hetero3.csv"	2	0.00010229331	1
1 1 1.4239754 10.811493 -4.922015 6.953457 3.6116698 1 2 7.164235e-10 2 0 0 0 0 1 0 0 2.0134228 0
"bench_hetero3.csv"	3	0.0010829441	1
1 1 1.4239754 10.811493 -4.922015 6.953457 3.6116698 1 2 7.164235e-10 2 0 0 0 0 1 0 0 2.0134228 0
"bench_hetero3.csv"	1	0.0028273113	1
1 1 1.4239754 10.811493 -4.922015 6.953457 3.6116698 1 2 7.164235e-10 2 0 0 0 0 1 0 0 2.0134228 0
"bench_hetero3.csv"	4	0.00095656633	1
1 1 1.4239754 10.811493 -4.922015 6.953457 3.6116698 1 2 7.164235e-10 2 0 0 0 0 1 0 0 2.0134228 0
"bench_hetero3.csv"	12	-0.44995215	1
1 1 1.4239754 10.811493 -4.922015 6.953457 3.6116698 1 2 7.164235e-10 2 0 0 0 0 1 0 0 2.0134228 0
"bench_hetero3.csv"	21	0.0033800785	1
1 1 1.4239754 10.811493 -4.922015 6.953457 3.6116698 1 2 7.164235e-10 2 0 0 0 0 1 0 0 2.0134228 0
"bench_hetero3.csv"	2	0.00015153496	1
1 1 1.4239754 10.811493 -4.922015 6.953457 3.6116698 1 2 7.164235e-10 2 0 0 0 0 1 0 0 2.0134228 0
"bench_hetero3.csv"	3	0.0010829441	1
1 1 1.4239754 10.811493 -4.922015 6.953457 3.6116698 1 2 7.164235e-10 2 0 0 0 0 1 0 0 2.0134228 0
"bench_hetero3.csv"	1	0.0032526332	1
1 1 1.4239754 10.811493 -4.922015 6.953457 3.6116698 1 2 7.164235e-10 2 0 0 0 0 1 0 0 2.0134228 0
"bench_hetero3.csv"	4	0.00093393419	1
1 1 1.4239754 10.811493 -4.922015 6.953457 3.6116698 1 2 7.164235e-10 2 0 0 0 0 1 0 0 2.0134228 0
"bench_hetero3.csv"	3	0.00039824716	1
1 1 1.4239754 10.811493 -4.922015 6.953457 3.6116698 1 2 7.164235e-10 2 0 0 0 0 1 0 0 2.0134228 0
"bench_hetero3.csv"	1	5.1916551e-05	1
1 1 1.4239754 10.811493 -4.922015 6.953457 3.6116698 1 2 7.164235e-10 2 0 0 0 0 1 0 0 2.0134228 0
"bench_hetero3.csv"	4	1.5805718e-05	1
1 1 1.4239754 10.811493 -4.922015 6.953457 3.6116698 1 2 7.164235e-10 2 0 0 0 0 1 0 0 2.0134228 0
"bench_hetero3.csv"	2	0.00057877571	1
1 1 1.4239754 10.811493 -4.922015 6.953457 3.6116698 1 2 7.164235e-10 2 0 0 0 0 1 0 0 2.0134228 0
"bench_hetero3.csv"	1	0.017090718	1
1 1 1.4239754 10.811493 -4.922015 6.953457 3.6116698 1 2 7.164235e-10 2 0 0 0 0 1 0 0 2.0134228 0
"bench_hetero3.csv"	12	-0.45024732	1
1 1 1.4239754 10.811493 -4.922015 6.953457 3.6116698 1 2 7.164235e-10 2 0 0 0 0 1 0 0 2.0134228 0
"bench_hetero3.csv"	21	0.036951937	1
1 1 1.4239754 10.811493 -4.922015 6.953457 3.6116698 1 2 7.164235e-10 2 0 0 0 0 1 0 0 2.0134228 0
"bench_hetero3.csv"	2	1.0534399e-05	1
1 1 1.4239754 10.811493 -4.922015 6.953457 3.6116698 1 2 7.164235e-10 2 0 0 0 0 1 0 0 2.0134228 0
"bench_hetero3.csv"	3	0.00020788832	1
1 1 1.4239754 10.811493 -4.922015 6.953457 3.6116698 1 2 7.164235e-10 2 0 0 0 0 1 0 0 2.0134228 0
"bench_hetero3.csv"	1	0.0011464601	1
1 1 1.4239754 10.811493 -4.922015 6.953457 3.6116698 1 2 7.164235e-10 2 0 0 0 0 1 0 0 2.0134228 0
"bench_hetero3.csv"	12	-0.45019803	1
1 1 1.4239754 10.811493 -4.922015 6.953457 3.6116698 1 2 7.164235e-10 2 0 0 0 0 1 0 0 2.0134228 0
"bench_hetero3.csv"	21	0.038163522	1
1 1 1.4239754 10.811493 -4.922015 6.953457 3.6116698 1 2 7.164235e-10 2 0 0 0 0 1 0 0 2.0134228 0
"bench_hetero3.csv"	3	0.00017615708	1
1 1 1.4239754 10.811493 -4.922015 6.953457 3.6116698 1 2 7.164235e-10 2 0 0 0 0 1 0 0 2.0134228 0
"bench_hetero3.csv"	1	-0.45005013	1
1 1 1.4239754 10.811493 -4.922015 6.953457 3.6116698 1 2 7.164235e-10 2 0 0 0 0 1 0 0 2.0134228 0
"bench_hetero3.csv"	4	0.00041969081	1
1 1 1.4239754 10.811493 -4.922015 6.953457 3.6116698 1 2 7.164235e-10 2 0 0 0 0 1 0 0 2.0134228 0
"bench_hetero3.csv"	3	0.00046805376	1
1 1 1.4239754 10.811493 -4.922015 6.953457 3.6116698 1 2 7.164235e-10 2 0 0 0 0 1 0 0 2.0134228 0
"bench_hetero3.csv"	1	0.00061049371	1
1 1 1.4239754 10.811493 -4.922015 6.953457 3.6116698 1 2 7.164235e-10 2 0 0 0 0 1 0 0 2.0134228 0
"bench_hetero3.csv"	4	0.00020294518	1
1 1 1.4239754 10.811493 -4.922015 6.953457 3.6116698 1 2 7.164235e-10 2 0 0 0 0 1 0 0 2.0134228 0
"bench_hetero3.csv"	2	0.00017904444	1
1 1 1.4239754 10.811493 -4.922015 6.953457 3.6116698 1 2 7.164235e-10 2 0 0 0 0 1 0 0 2.0134228 0
"bench_hetero3.csv"	3	0.00045691384	1
1 1 1.4239754 10.811493 -4.922015 6.953457 3.6116698 1 2 7.164235e-10 2 0 0 0 0 1 0 0 2.0134228 0
"bench_hetero3.csv"	4	0.00069922153	1
1 1 1.4239754 10.811493 -4.922015 6.953457 3.6116698 1 2 7.164235e-10 2 0 0 0 0 1 0 0 2.0134228 0
"bench_hetero3.csv"	2	0.00024234937	1
1 1 1.4239754 10.811493 -4.922015 6.953457 3.6116698 1 2 7.164235e-10 2 0 0 0 0 1 0 0 2.0134228 0
"bench_hetero3.csv"	3	0.00015605255	1
1 1 1.4239754 10.811493 -4.922015 6.953457 3.6116698 1 2 7.164235e-10 2 0 0 0 0 1 0 0 2.0134228 0
"bench_hetero3.csv"	1	0.048086473	1
1 1 1.4239754 10.811493 -4.922015 6.953457 3.6116698 1 2 7.164235e-10 2 0 0 0 0 1 0 0 2.0134228 0
"bench_hetero3.csv"	4	0.00014695607	1
1 1 1.4239754 10.811493 -4.922015 6.953457 3.6116698 1 2 7.164235e-10 2 0 0 0 0 1 0 0 2.0134228 0
"bench_hetero3.csv"	2	0.00028535077	1
1 1 1.4239754 10.811493 -4.922015 6.953457 3.6116698 1 2 7.164235e-10 2 0 0 0 0 1 0 0 2.0134228 0
"bench_hetero3.csv"	3	0.00046805376	1
1 1 1.4239754 10.811493 -4.922015 6.953457 3.6116698 1 2 7.164235e-10 2 0 0 0 0 1 0 0 2.0134228 0
"bench_hetero3.csv"	4	0.00047275926	1
1 1 1.4239754 10.811493 -4.922015 6.953457 3.6116698 1 2 7.164235e-10 2 0 0 0 0 1 0 0 2.0134228 0
"bench_hetero3.csv"	12	-0.45005796	1
1 1 1.4239754 10.811493 -4.922015 6.953457 3.6116698 1 2 7.164235e-10 2 0 0 0 0 1 0 0 2.0134228 0
"bench_hetero3.csv"	21	-0.45005796	1
1 1 1.4239754 10.811493 -4.922015 6.953457 3.6116698 1 2 7.164235e-10 2 0 0 0 0 1 0 0 2.0134228 0
"bench_hetero3.csv"	3	0.0002112965	1
1 1 1.4239754 10.811493 -4.922015 6.953457 3.6116698 1 2 7.164235e-10 2 0 0 0 0 1 0 0 2.0134228 0
"bench_hetero3.csv"	1	0.0024631557	1
1 1 1.4239754 10.811493 -4.922015 6.953457 3.6116698 1 2 7.164235e-10 2 0 0 0 0 1 0 0 2.0134228 0
"bench_hetero3.csv"	4	0.00014634281	1
1 1 1.4239754 10.811493 -4.922015 6.953457 3.6116698 1 2 7.164235e-10 2 0 0 0 0 1 0 0 2.0134228 0
"bench_hetero3.csv"	2	0.00028565748	1
1 1 1.4239754 10.811493 -4.922015 6.953457 3.6116698 1 2 7.164235e-10 2 0 0 0 0 1 0 0 2.0134228 0
"bench_hetero3.csv"	3	0.00047873219	1
1 1 1.4239754 10.811493 -4.922015 6.953457 3.6116698 1 2 7.164235e-10 2 0 0 0 0 1 0 0 2.0134228 0
"bench_hetero3.csv"	1	0.002761725	1
1 1 1.4239754 10.811493 -4.922015 6.953457 3.6116698 1 2 7.164235e-10 2 0 0 0 0 1 0 0 2.0134228 0
"bench_hetero3.csv"	4	0.000335835	1
1 1 1.4239754 10.811493 -4.922015 6.953457 3.6116698 1 2 7.164235e-10 2 0 0 0 0 1 0 0 2.0134228 0
"bench_hetero3.csv"	12	-0.45007029	1
1 1 1.4239754 10.811493 -4.922015 6.953457 3.6116698 1 2 7.164235e-10 2 0 0 0 0 1 0 0 2.0134228 0
"bench_hetero3.csv"	21	0.036712116	1
1 1 1.4239754 10.811493 -4.922015 6.953457 3.6116698 1 2 7.164235e-10 2 0 0 0 0 1 0 0 2.0134228 0
"bench_hetero3.csv"	2	0.0015601636	1
1 1 1.4239754 10.811493 -4.922015 6.953457 3.6116698 1 2 7.164235e-10 2 0 0 0 0 1 0 0 2.0134228 0
"bench_hetero3.csv"	3	9.7628614e-05	1
1 1 1.4239754 10.811493 -4.922015 6.953457 3.6116698 1 2 7.164235e-10 2 0 0 0 0 1 0 0 2.0134228 0
"bench_hetero3.csv"	1	-0.45007029	1
1 1 1.4239754 10.811493 -4.922015 6.953457 3.6116698 1 2 7.164235e-10 2 0 0 0 0 1 0 0 2.0134228 0
"bench_hetero3.csv"	4	0.0016200601	1
1 1 1.4239754 10.811493 -4.922015 6.953457 3.6116698 1 2 7.164235e-10 2 0 0 0 0 1 0 0 2.0134228 0
"bench_hetero3.csv"	2	5.4640024e-05	1
1 1 1.4239754 10.811493 -4.922015 6.953457 3.6116698 1 2 7.164235e-10 2 0 0 0 0 1 0 0 2.0134228 0
"bench_hetero3.csv"	3	0.026976623	1
1 1 1.4239754 10.811493 -4.922015 6.953457 3.6116698 1 2 7.164235e-10 2 0 0 0 0 1 0 0 2.0134228 0
"bench_hetero3.csv"	1	0.01804649	1
1 1 1.4239754 10.811493 -4.922015 6.953457 3.6116698 1 2 7.164235e-10 2 0 0 0 0 1 0 0 2.0134228 0
"bench_hetero3.csv"	4	0.0005599354	1
1 1 1.4239754 10.811493 -4.922015 6.953457 3.6116698 1 2 7.164235e-10 2 0 0 0 0 1 0 0 2.0134228 0
"bench_hetero3.csv"	2	0.00030197109	1
1 1 1.4239754 10.811493 -4.922015 6.953457 3.6116698 1 2 7.164235e-10 2 0 0 0 0 1 0 0 2.0134228 0
"bench_hetero3.csv"	3	0.010279052	1
1 1 1.4239754 10.811493 -4.922015 6.953457 3.6116698 1 2 7.164235e-10 2 0 0 0 0 1 0 0 2.0134228 0
"bench_hetero3.csv"	3	0.00017309245	1
1 1 1.4239754 10.811493 -4.922015 6.953457 3.6116698 1 2 7.164235e-10 2 0 0 0 0 1 0 0 2.0134228 0
"bench_hetero3.csv"	1	0.0019249671	1
1 1 1.4239754 10.811493 -4.922015 6.953457 3.6116698 1 2 7.164235e-10 2 0 0 0 0 1 0 0 2.0134228 0
"bench_hetero3.csv"	4	0.00012057133	1
1 1 1.4239754 10.811493 -4.922015 6.953457 3.6116698 1 2 7.164235e-10 2 0 0 0 0 1 0 0 2.0134228 0
"bench_hetero3.csv"	2	0.0002510461	1
1 1 1.4239754 10.811493 -4.922015 6.953457 3.6116698 1 2 7.164235e-10 2 0 0 0 0 1 0 0 2.0134228 0
"bench_hetero3.csv"	3	0.00047696779	1
1 1 1.4239754 10.811493 -4.922015 6.953457 3.6116698 1 2 7.164235e-10 2 0 0 0 0 1 0 0 2.0134228 0
"bench_hetero3.csv"	1	0.0026221164	1
1 1 1.4239754 10.811493 -4.922015 6.953457 3.6116698 1 2 7.164235e-10 2 0 0 0 0 1 0 0 2.0134228 0
"bench_hetero3.csv"	4	0.0004364999	1
1 1 1.4239754 10.811493 -4.922015 6.953457 3.6116698 1 2 7.164235e-10 2 0 0 0 0 1 0 0 2.0134228 0
"bench_hetero3.csv"	12	-0.45007983	1
1 1 1.4239754 10.811493 -4.922015 6.953457 3.6116698 1 2 7.164235e-10 2 0 0 0 0 1 0 0 2.0134228 0
"bench_hetero3.csv"	21	0.036565118	1
1 1 1.4239754 10.811493 -4.922015 6.953457 3.6116698 1 2 7.164235e-10 2 0 0 0 0 1 0 0 2.0134228 0
"bench_hetero3.csv"	2	0.00038183481	1
1 1 1.4239754 10.811493 -4.922015 6.953457 3.6116698 1 2 7.164235e-10 2 0 0 0 0 1 0 0 2.0134228 0
"bench_hetero3.csv"	3	0.026384813	1
1 1 1.4239754 10.811493 -4.922015 6.953457 3.6116698 1 2 7.164235e-10 2 0 0 0 0 1 0 0 2.0134228 0
"bench_hetero3.csv"	1	0.018470729	1
1 1 1.4239754 10.811493 -4.922015 6.953457 3.6116698 1 2 7.164235e-10 2 0 0 0 0 1 0 0 2.0134228 0
"bench_hetero3.csv"	4	0.0022026107	1
1 1 1.4239754 10.811493 -4.922015 6.953457 3.6116698 1 2 7.164235e-10 2 0 0 0 0 1 0 0 2.0134228 0
"bench_hetero3.csv"	2	0.0016067161	1
1 1 1.4239754 10.811493 -4.922015 6.953457 3.6116698 1 2 7.164235e-10 2 0 0 0 0 1 0 0 2.0134228 0
"bench_hetero3.csv"	3	0.00047696779	1
1 1 1.4239754 10.811493 -4.922015 6.953457 3.6116698 1 2 7.164235e-10 2 0 0 0 0 1 0 0 2.0134228 0
"bench_hetero3.csv"	1	0.024096747	1
1 1 1.4239754 10.811493 -4.922015 6.953457 3.6116698 1 2 7.164235e-10 2 0 0 0 0 1 0 0 2.0134228 0
"bench_hetero3.csv"	4	0.00045284558	1
1 1 1.4239754 10.811493 -4.922015 6.953457 3.6116698 1 2 7.164235e-10 2 0 0 0 0 1 0 0 2.0134228 0
"bench_hetero3.csv"	12	-0.45007983	1
1 1 1.4239754 10.811493 -4.922015 6.953457 3.6116698 1 2 7.164235e-10 2 0 0 0 0 1 0 0 2.0134228 0
"bench_hetero3.csv"	21	0.019790096	1
1 1 1.4239754 10.811493 -4.922015 6.953457 3.6116698 1 2 7.164235e-10 2 0 0 0 0 1 0 0 2.0134228 0
"bench_hetero3.csv"	3	0.0008803844	1
1 1 1.4239754 10.811493 -4.922015 6.953457 3.6116698 1 2 7.164235e-10 2 0 0 0 0 1 0 0 2.0134228 0
"bench_hetero3.csv"	1	0.0019428521	1
1 1 1.4239754 10.811493 -4.922015 6.953457 3.6116698 1 2 7.164235e-10 2 0 0 0 0 1 0 0 2.0134228 0
"bench_hetero3.csv"	4	0.00061645548	1
1 1 1.4239754 10.811493 -4.922015 6.953457 3.6116698 1 2 7.164235e-10 2 0 0 0 0 1 0 0 2.0134228 0
"bench_hetero3.csv"	12	-0.45011922	1
1 1 1.4239754 10.811493 -4.922015 6.953457 3.6116698 1 2 7.164235e-10 2 0 0 0 0 1 0 0 2.0134228 0
"bench_hetero3.csv"	21	0.035837271	1
1 1 1.4239754 10.811493 -4.922015 6.953457 3.6116698 1 2 7.164235e-10 2 0 0 0 0 1 0 0 2.0134228 0
"bench_hetero3.csv"	3	0.00065760865	1
1 1 1.4239754 10.811493 -4.922015 6.953457 3.6116698 1 2 7.164235e-10 2 0 0 0 0 1 0 0 2.0134228 0
"bench_hetero3.csv"	1	0.0056797752	1
1 1 1.4239754 10.811493 -4.922015 6.953457 3.6116698 1 2 7.164235e-10 2 0 0 0 0 1 0 0 2.0134228 0
"bench_hetero3.csv"	4	2.3729053e-06	1
1 1 1.4239754 10.811493 -4.922015 6.953457 3.6116698 1 2 7.164235e-10 2 0 0 0 0 1 0 0 2.0134228 0
"bench_hetero3.csv"	12	-0.44987451	1
1 1 1.4239754 10.811493 -4.922015 6.953457 3.6116698 1 2 7.164235e-10 2 0 0 0 0 1 0 0 2.0134228 0
"bench_hetero3.csv"	2	2.9615299e-06	1
1 1 1.4239754 10.811493 -4.922015 6.953457 3.6116698 1 2 7.164235e-10 2 0 0 0 0 1 0 0 2.0134228 0
"bench_hetero3.csv"	3	0.0020613286	1
1 1 1.4239754 10.811493 -4.922015 6.953457 3.6116698 1 2 7.164235e-10 2 0 0 0 0 1 0 0 2.0134228 0
"bench_hetero3.csv"	1	0.0027406701	1
1 1 1.4239754 10.811493 -4.922015 6.953457 3.6116698 1 2 7.164235e-10 2 0 0 0 0 1 0 0 2.0134228 0
"bench_hetero3.csv"	4	0.00046856304	1
1 1 1.4239754 10.811493 -4.922015 6.953457 3.6116698 1 2 7.164235e-10 2 0 0 0 0 1 0 0 2.0134228 0
"bench_hetero3.csv"	3	0.00015896841	1
1 1 1.4239754 10.811493 -4.922015 6.953457 3.6116698 1 2 7.164235e-10 2 0 0 0 0 1 0 0 2.0134228 0
"bench_hetero3.csv"	1	0.0040526135	1
1 1 1.4239754 10.811493 -4.922015 6.953457 3.6116698 1 2 7.164235e-10 2 0 0 0 0 1 0 0 2.0134228 0
"bench_hetero3.csv"	4	0.00026989849	1
1 1 1.4239754 10.811493 -4.922015 6.953457 3.6116698 1 2 7.164235e-10 2 0 0 0 0 1 0 0 2.0134228 0
"bench_hetero3.csv"	2	8.9010192e-05	1
1 1 1.4239754 10.811493 -4.922015 6.953457 3.6116698 1 2 7.164235e-10 2 0 0 0 0 1 0 0 2.0134228 0
"bench_hetero3.csv"	3	0.001791766	1
1 1 1.4239754 10.811493 -4.922015 6.953457 3.6116698 1 2 7.164235e-10 2 0 0 0 0 1 0 0 2.0134228 0
"bench_hetero3.csv"	1	6.432815e-05	1
1 1 1.4239754 10.811493 -4.922015 6.953457 3.6116698 1 2 7.164235e-10 2 0 0 0 0 1 0 0 2.0134228 0
"bench_hetero3.csv"	4	0.0010559531	1
1 1 1.4239754 10.811493 -4.922015 6.953457 3.6116698 1 2 7.164235e-10 2 0 0 0 0 1 0 0 2.0134228 0
"bench_hetero3.csv"	2	0.00012012068	1
1 1 1.4239754 10.811493 -4.922015 6.953457 3.6116698 1 2 7.164235e-10 2 0 0 0 0 1 0 0 2.0134228 0
"bench_hetero3.csv"	3	0.00039340079	1
1 1 1.4239754 10.811493 -4.922015 6.953457 3.6116698 1 2 7.164235e-10 2 0 0 0 0 1 0 0 2.0134228 0
"bench_hetero3.csv"	1	-0.44985778	1
1 1 1.4239754 10.811493 -4.922015 6.953457 3.6116698 1 2 7.164235e-10 2 0 0 0 0 1 0 0 2.0134228 0
"bench_hetero3.csv"	4	0.00082090314	1
1 1 1.4239754 10.811493 -4.922015 6.953457 3.6116698 1 2 7.164235e-10 2 0 0 0 0 1 0 0 2.0134228 0
"bench_hetero3.csv"	2	5.7196619e-05	1
1 1 1.4239754 10.811493 -4.922015 6.953457 3.6116698 1 2 7.164235e-10 2 0 0 0 0 1 0 0 2.0134228 0
"bench_hetero3.csv"	3	0.00015896841	1
1 1 1.4239754 10.811493 -4.922015 6.953457 3.6116698 1 2 7.164235e-10 2 0 0 0 0 1 0 0 2.0134228 0
"bench_hetero3.csv"	1	0.00012320903	1
1 1 1.4239754 10.811493 -4.922015 6.953457 3.6116698 1 2 7.164235e-10 2 0 0 0 0 1 0 0 2.0134228 0
"bench_hetero3.csv"	4	0.00014782213	1
1 1 1.4239754 10.811493 -4.922015 6.953457 3.6116698 1 2 7.164235e-10 2 0 0 0 0 1 0 0 2.0134228 0
"bench_hetero3.csv"	3	5.6910971e-05	1
1 1 1.4239754 10.811493 -4.922015 6.953457 3.6116698 1 2 7.164235e-10 2 0 0 0 0 1 0 0 2.0134228 0
"bench_hetero3.csv"	1	0.0054351307	1
1 1 1.4239754 10.811493 -4.922015 6.953457 3.6116698 1 2 7.164235e-10 2 0 0 0 0 1 0 0 2.0134228 0
"bench_hetero3.csv"	4	0.00014596727	1
1 1 1.4239754 10.811493 -4.922015 6.953457 3.6116698 1 2 7.164235e-10 2 0 0 0 0 1 0 0 2.0134228 0
"bench_hetero3.csv"	2	0.00018873431	1
1 1 1.4239754 10.811493 -4.922015 6.953457 3.6116698 1 2 7.164235e-10 2 0 0 0 0 1 0 0 2.0134228 0
"bench_hetero3.csv"	3	0.00039072435	1
1 1 1.4239754 10.811493 -4.922015 6.953457 3.6116698 1 2 7.164235e-10 2 0 0 0 0 1 0 0 2.0134228 0
"bench_hetero3.csv"	1	5.1029554e-05	1
1 1 1.4239754 10.811493 -4.922015 6.953457 3.6116698 1 2 7.164235e-10 2 0 0 0 0 1 0 0 2.0134228 0
"bench_hetero3.csv"	4	0.0022790597	1
1 1 1.4239754 10.811493 -4.922015 6.953457 3.6116698 1 2 7.164235e-10 2 0 0 0 0 1 0 0 2.0134228 0
"bench_hetero3.csv"	12	-0.44981464	1
1 1 1.4239754 10.811493 -4.922015 6.953457 3.6116698 1 2 7.164235e-10 2 0 0 0 0 1 0 0 2.0134228 0
"bench_hetero3.csv"	21	-0.44981464	1
1 1 1.4239754 10.811493 -4.922015 6.953457 3.6116698 1 2 7.164235e-10 2 0 0 0 0 1 0 0 2.0134228 0
"bench_hetero3.csv"	2	0.00032332305	1
1 1 1.4239754 10.811493 -4.922015 6.953457 3.6116698 1 2 7.164235e-10 2 0 0 0 0 1 0 0 2.0134228 0
"bench_hetero3.csv"	3	0.00039072435	1
1 1 1.4239754 10.811493 -4.922015 6.953457 3.6116698 1 2 7.164235e-10 2 0 0 0 0 1 0 0 2.0134228 0
"bench_hetero3.csv"	1	0.00058382171	1
1 1 1.4239754 10.811493 -4.922015 6.953457 3.6116698 1 2 7.164235e-10 2 0 0 0 0 1 0 0 2.0134228 0
"bench_hetero3.csv"	4	0.00030929345	1
1 1 1.4239754 10.811493 -4.922015 6.953457 3.6116698 1 2 7.164235e-10 2 0 0 0 0 1 0 0 2.0134228 0
"bench_hetero3.csv"	2	0.00039436878	1
1 1 1.4239754 10.811493 -4.922015 6.953457 3.6116698 1 2 7.164235e-10 2 0 0 0 0 1 0 0 2.0134228 0
"bench_hetero3.csv"	3	0.0017410295	1
1 1 1.4239754 10.811493 -4.922015 6.953457 3.6116698 1 2 7.164235e-10 2 0 0 0 0 1 0 0 2.0134228 0
"bench_hetero3.csv"	3	0.0001346726	1
1 1 1.4239754 10.811493 -4.922015 6.953457 3.6116698 1 2 7.164235e-10 2 0 0 0 0 1 0 0 2.0134228 0
"bench_hetero3.csv"	1	0.001025496	1
1 1 1.4239754 10.811493 -4.922015 6.953457 3.6116698 1 2 7.164235e-10 2 0 0 0 0 1 0 0 2.0134228 0
"bench_hetero3.csv"	4	6.9262272e-05	1
1 1 1.4239754 10.811493 -4.922015 6.953457 3.6116698 1 2 7.164235e-10 2 0 0 0 0 1 0 0 2.0134228 0
"bench_hetero3.csv"	12	-0.44986419	1
1 1 1.4239754 10.811493 -4.922015 6.953457 3.6116698 1 2 7.164235e-10 2 0 0 0 0 1 0 0 2.0134228 0
"bench_hetero3.csv"	21	0.0014548983	1
1 1 1.4239754 10.811493 -4.922015 6.953457 3.6116698 1 2 7.164235e-10 2 0 0 0 0 1 0 0 2.0134228 0
"bench_hetero3.csv"	2	7.5601187e-05	1
1 1 1.4239754 10.811493 -4.922015 6.953457 3.6116698 1 2 7.164235e-10 2 0 0 0 0 1 0 0 2.0134228 0
"bench_hetero3.csv"	3	0.00054173103	1
1 1 1.4239754 10.811493 -4.922015 6.953457 3.6116698 1 2 7.164235e-10 2 0 0 0 0 1 0 0 2.0134228 0
"bench_hetero3.csv"	1	-0.44986419	1
1 1 1.4239754 10.811493 -4.922015 6.953457 3.6116698 1 2 7.164235e-10 2 0 0 0 0 1 0 0 2.0134228 0
"bench_hetero3.csv"	4	5.134621e-05	1
1 1 1.4239754 10.811493 -4.922015 6.953457 3.6116698 1 2 7.164235e-10 2 0 0 0 0 1 0 0 2.0134228 0
"bench_hetero3.csv"	2	0.00016227772	1
1 1 1.4239754 10.811493 -4.922015 6.953457 3.6116698 1 2 7.164235e-10 2 0 0 0 0 1 0 0 2.0134228 0
"bench_hetero3.csv"	3	0.0025817448	1
1 1 1.4239754 10.811493 -4.922015 6.953457 3.6116698 1 2 7.164235e-10 2 0 0 0 0 1 0 0 2.0134228 0
"bench_hetero3.csv"	1	0.022999037	1
1 1 1.4239754 10.811493 -4.922015 6.953457 3.6116698 1 2 7.164235e-10 2 0 0 0 0 1 0 0 2.0134228 0
"bench_hetero3.csv"	4	0.00023485037	1
1 1 1.4239754 10.811493 -4.922015 6.953457 3.6116698 1 2 7.164235e-10 2 0 0 0 0 1 0 0 2.0134228 0
"bench_hetero3.csv"	2	0.00039095852	1
1 1 1.4239754 10.811493 -4.922015 6.953457 3.6116698 1 2 7.164235e-10 2 0 0 0 0 1 0 0 2.0134228 0
"bench_hetero3.csv"	3	0.017433625	1
1 1 1.4239754 10.811493 -4.922015 6.953457 3.6116698 1 2 7.164235e-10 2 0 0 0 0 1 0 0 2.0134228 0
"bench_hetero3.csv"	3	0.00055468206	1
1 1 1.4239754 10.811493 -4.922015 6.953457 3.6116698 1 2 7.164235e-10 2 0 0 0 0 1 0 0 2.0134228 0
"bench_hetero3.csv"	1	0.0037776626	1
1 1 1.4239754 10.811493 -4.922015 6.953457 3.6116698 1 2 7.164235e-10 2 0 0 0 0 1 0 0 2.0134228 0
"bench_hetero3.csv"	4	6.0553579e-05	1
1 1 1.4239754 10.811493 -4.922015 6.953457 3.6116698 1 2 7.164235e-10 2 0 0 0 0 1 0 0 2.0134228 0
"bench_hetero3.csv"	12	-0.4498118	1
1 1 1.4239754 10.811493 -4.922015 6.953457 3.6116698 1 2 7.164235e-10 2 0 0 0 0 1 0 0 2.0134228 0
"bench_hetero3.csv"	21	0.0015122485	1
1 1 1.4239754 10.811493 -4.922015 6.953457 3.6116698 1 2 7.164235e-10 2 0 0 0 0 1 0 0 2.0134228 0
"bench_hetero3.csv"	2	0.00068188923	1
1 1 1.4239754 10.811493 -4.922015 6.953457 3.6116698 1 2 7.164235e-10 2 0 0 0 0 1 0 0 2.0134228 0
"bench_hetero3.csv"	3	0.00059293558	1
1 1 1.4239754 10.811493 -4.922015 6.953457 3.6116698 1 2 7.164235e-10 2 0 0 0 0 1 0 0 2.0134228 0
"bench_hetero3.csv"	1	-0.4498118	1
1 1 1.4239754 10.811493 -4.922015 6.953457 3.6116698 1 2 7.164235e-10 2 0 0 0 0 1 0 0 2.0134228 0
"bench_hetero3.csv"	4	0.0054478855	1
1 1 1.4239754 10.811493 -4.922015 6.953457 3.6116698 1 2 7.164235e-10 2 0 0 0 0 1 0 0 2.0134228 0
"bench_hetero3.csv"	2	0.00041126747	1
1 1 1.4239754 10.811493 -4.922015 6.953457 3.6116698 1 2 7.164235e-10 2 0 0 0 0 1 0 0 2.0134228 0
"bench_hetero3.csv"	3	0.00055468206	1
1 1 1.4239754 10.811493 -4.922015 6.953457 3.6116698 1 2 7.164235e-10 2 0 0 0 0 1 0 0 2.0134228 0
"bench_hetero3.csv"	1	0.00051503367	1
1 1 1.4239754 10.811493 -4.922015 6.953457 3.6116698 1 2 7.164235e-10 2 0 0 0 0 1 0 0 2.0134228 0
"bench_hetero3.csv"	4	0.00030952434	1
1 1 1.4239754 10.811493 -4.922015 6.953457 3.6116698 1 2 7.164235e-10 2 0 0 0 0 1 0 0 2.0134228 0
"bench_hetero3.csv"	12	-0.4498118	1
1 1 1.4239754 10.811493 -4.922015 6.953457 3.6116698 1 2 7.164235e-10 2 0 0 0 0 1 0 0 2.0134228 0
"bench_hetero3.csv"	21	0.0015725165	1
1 1 1.4239754 10.811493 -4.922015 6.953457 3.6116698 1 2 7.164235e-10 2 0 0 0 0 1 0 0 2.0134228 0
"bench_hetero3.csv"	3	0.00058744975	1
1 1 1.4239754 10.811493 -4.922015 6.953457 3.6116698 1 2 7.164235e-10 2 0 0 0 0 1 0 0 2.0134228 0
"bench_hetero3.csv"	1	-0.44981114	1
1 1 1.4239754 10.811493 -4.922015 6.953457 3.6116698 1 2 7.164235e-10 2 0 0 0 0 1 0 0 2.0134228 0
"bench_hetero3.csv"	4	0.0001905146	1
1 1 1.4239754 10.811493 -4.922015 6.953457 3.6116698 1 2 7.164235e-10 2 0 0 0 0 1 0 0 2.0134228 0
"bench_hetero3.csv"	2	0.00014831383	1
1 1 1.4239754 10.811493 -4.922015 6.953457 3.6116698 1 2 7.164235e-10 2 0 0 0 0 1 0 0 2.0134228 0
"bench_hetero3.csv"	3	0.0019975516	1
1 1 1.4239754 10.811493 -4.922015 6.953457 3.6116698 1 2 7.164235e-10 2 0 0 0 0 1 0 0 2.0134228 0
"bench_hetero3.csv"	1	0.00061628967	1
1 1 1.4239754 10.811493 -4.922015 6.953457 3.6116698 1 2 7.164235e-10 2 0 0 0 0 1 0 0 2.0134228 0
"bench_hetero3.csv"	4	0.00013614548	1
1 1 1.4239754 10.811493 -4.922015 6.953457 3.6116698 1 2 7.164235e-10 2 0 0 0 0 1 0 0 2.0134228 0
"bench_hetero3.csv"	12	-0.44981114	1
1 1 1.4239754 10.811493 -4.922015 6.953457 3.6116698 1 2 7.164235e-10 2 0 0 0 0 1 0 0 2.0134228 0
"bench_hetero3.csv"	21	0.0019636322	1
1 1 1.4239754 10.811493 -4.922015 6.953457 3.6116698 1 2 7.164235e-10 2 0 0 0 0 1 0 0 2.0134228 0
"bench_hetero3.csv"	2	0.00018526658	1
1 1 1.4239754 10.811493 -4.922015 6.953457 3.6116698 1 2 7.164235e-10 2 0 0 0 0 1 0 0 2.0134228 0
"bench_hetero3.csv"	3	0.0023079352	1
1 1 1.4239754 10.811493 -4.922015 6.953457 3.6116698 1 2 7.164235e-10 2 0 0 0 0 1 0 0 2.0134228 0
"bench_hetero3.csv"	1	0.032844538	1
1 1 1.4239754 10.811493 -4.922015 6.953457 3.6116698 1 2 7.164235e-10 2 0 0 0 0 1 0 0 2.0134228 0
"bench_hetero3.csv"	4	0.00011090146	1
1 1 1.4239754 10.811493 -4.922015 6.953457 3.6116698 1 2 7.164235e-10 2 0 0 0 0 1 0 0 2.0134228 0
"bench_hetero3.csv"	2	0.0012297445	1
1 1 1.4239754 10.811493 -4.922015 6.953457 3.6116698 1 2 7.164235e-10 2 0 0 0 0 1 0 0 2.0134228 0
"bench_hetero3.csv"	3	0.016708169	1
1 1 1.4239754 10.811493 -4.922015 6.953457 3.6116698 1 2 7.164235e-10 2 0 0 0 0 1 0 0 2.0134228 0
"bench_hetero3.csv"	1	0.012562858	1
1 1 1.4239754 10.811493 -4.922015 6.953457 3.6116698 1 2 7.164235e-10 2 0 0 0 0 1 0 0 2.0134228 0
"bench_hetero3.csv"	4	0.0031508181	1
1 1 1.4239754 10.811493 -4.922015 6.953457 3.6116698 1 2 7.164235e-10 2 0 0 0 0 1 0 0 2.0134228 0
"bench_hetero3.csv"	2	0.0010866092	1
1 1 1.4239754 10.811493 -4.922015 6.953457 3.6116698 1 2 7.164235e-10 2 0 0 0 0 1 0 0 2.0134228 0
"bench_hetero3.csv"	3	9.3046674e-05	1
1 1 1.4239754 10.811493 -4.922015 6.953457 3.6116698 1 2 7.164235e-10 2 0 0 0 0 1 0 0 2.0134228 0
"bench_hetero3.csv"	1	0.0032389267	1
1 1 1.4239754 10.811493 -4.922015 6.953457 3.6116698 1 2 7.164235e-10 2 0 0 0 0 1 0 0 2.0134228 0
"bench_hetero3.csv"	4	7.9000956e-05	1
1 1 1.4239754 10.811493 -4.922015 6.953457 3.6116698 1 2 7.164235e-10 2 0 0 0 0 1 0 0 2.0134228 0
"bench_hetero3.csv"	12	-0.44983193	1
1 1 1.4239754 10.811493 -4.922015 6.953457 3.6116698 1 2 7.164235e-10 2 0 0 0 0 1 0 0 2.0134228 0
"bench_hetero3.csv"	21	0.00030444655	1
1 1 1.4239754 10.811493 -4.922015 6.953457 3.6116698 1 2 7.164235e-10 2 0 0 0 0 1 0 0 2.0134228 0
"bench_hetero3.csv"	2	0.00018768049	1
1 1 1.4239754 10.811493 -4.922015 6.953457 3.6116698 1 2 7.164235e-10 2 0 0 0 0 1 0 0 2.0134228 0
"bench_hetero3.csv"	3	0.00072956585	1
1 1 1.4239754 10.811493 -4.922015 6.953457 3.6116698 1 2 7.164235e-10 2 0 0 0 0 1 0 0 2.0134228 0
"bench_hetero3.csv"	1	0.011995906	1
1 1 1.4239754 10.811493 -4.922015 6.953457 3.6116698 1 2 7.164235e-10 2 0 0 0 0 1 0 0 2.0134228 0
"bench_hetero3.csv"	4	0.00039259716	1
1 1 1.4239754 10.811493 -4.922015 6.953457 3.6116698 1 2 7.164235e-10 2 0 0 0 0 1 0 0 2.0134228 0
"bench_hetero3.csv"	2	0.000184608	1
1 1 1.4239754 10.811493 -4.922015 6.953457 3.6116698 1 2 7.164235e-10 2 0 0 0 0 1 0 0 2.0134228 0
"bench_hetero3.csv"	3	0.0011347352	1
1 1 1.4239754 10.811493 -4.922015 6.953457 3.6116698 1 2 7.164235e-10 2 0 0 0 0 1 0 0 2.0134228 0
"bench_hetero3.csv"	1	0.1007161	1
1 1 1.4239754 10.811493 -4.922015 6.953457 3.6116698 1 2 7.164235e-10 2 0 0 0 0 1 0 0 2.0134228 0
"bench_hetero3.csv"	4	0.00033253234	1
1 1 1.4239754 10.811493 -4.922015 6.953457 3.6116698 1 2 7.164235e-10 2 0 0 0 0 1 0 0 2.0134228 0
"bench_hetero3.csv"	2	0.001705168	1
1 1 1.4239754 10.811493 -4.922015 6.953457 3.6116698 1 2 7.164235e-10 2 0 0 0 0 1 0 0 2.0134228 0
"bench_hetero3.csv"	3	0.0044412177	1
1 1 1.4239754 10.811493 -4.922015 6.953457 3.6116698 1 2 7.164235e-10 2 0 0 0 0 1 0 0 2.0134228 0
"bench_hetero3.csv"	12	-0.45004662	1
1 1 1.4239754 10.811493 -4.922015 6.953457 3.6116698 1 2 7.164235e-10 2 0 0 0 0 1 0 0 2.0134228 0
"bench_hetero3.csv"	21	-0.45004662	1
1 1 1.4239754 10.811493 -4.922015 6.953457 3.6116698 1 2 7.164235e-10 2 0 0 0 0 1 0 0 2.0134228 0
"bench_hetero3.csv"	1	0.00013523283	1
1 1 1.4239754 10.811493 -4.922015 6.953457 3.6116698 1 2 7.164235e-10 2 0 0 0 0 1 0 0 2.0134228 0
"bench_hetero3.csv"	4	0.0017792509	1
1 1 1.4239754 10.811493 -4.922015 6.953457 3.6116698 1 2 7.164235e-10 2 0 0 0 0 1 0 0 2.0134228 0
"bench_hetero3.csv"	2	1.9259251e-05	1
1 1 1.4239754 10.811493 -4.922015 6.953457 3.6116698 1 2 7.164235e-10 2 0 0 0 0 1 0 0 2.0134228 0
"bench_hetero3.csv"	3	0.00098862946	1
1 1 1.4239754 10.811493 -4.922015 6.953457 3.6116698 1 2 7.164235e-10 2 0 0 0 0 1 0 0 2.0134228 0
"bench_hetero3.csv"	1	4.3704246e-05	1
1 1 1.4239754 10.811493 -4.922015 6.953457 3.6116698 1 2 7.164235e-10 2 0 0 0 0 1 0 0 2.0134228 0
"bench_hetero3.csv"	4	0.00072649731	1
1 1 1.4239754 10.811493 -4.922015 6.953457 3.6116698 1 2 7.164235e-10 2 0 0 0 0 1 0 0 2.0134228 0
"bench_hetero3.csv"	2	0.00053537822	1
1 1 1.4239754 10.811493 -4.922015 6.953457 3.6116698 1 2 7.164235e-10 2 0 0 0 0 1 0 0 2.0134228 0
"bench_hetero3.csv"	3	0.00069828065	1
1 1 1.4239754 10.811493 -4.922015 6.953457 3.6116698 1 2 7.164235e-10 2 0 0 0 0 1 0 0 2.0134228 0
"bench_hetero3.csv"	3	0.0011564544	1
1 1 1.4239754 10.811493 -4.922015 6.953457 3.6116698 1 2 7.164235e-10 2 0 0 0 0 1 0 0 2.0134228 0
"bench_hetero3.csv"	1	-0.44991232	1
1 1 1.4239754 10.811493 -4.922015 6.953457 3.6116698 1 2 7.164235e-10 2 0 0 0 0 1 0 0 2.0134228 0
"bench_hetero3.csv"	4	7.5377157e-06	1
1 1 1.4239754 10.811493 -4.922015 6.953457 3.6116698 1 2 7.164235e-10 2 0 0 0 0 1 0 0 2.0134228 0
"bench_hetero3.csv"	2	0.011072657	1
1 1 1.4239754 10.811493 -4.922015 6.953457 3.6116698 1 2 7.164235e-10 2 0 0 0 0 1 0 0 2.0134228 0
"bench_hetero3.csv"	3	0.00024431343	1
1 1 1.4239754 10.811493 -4.922015 6.953457 3.6116698 1 2 7.164235e-10 2 0 0 0 0 1 0 0 2.0134228 0
"bench_hetero3.csv"	1	-0.44991232	1
1 1 1.4239754 10.811493 -4.922015 6.953457 3.6116698 1 2 7.164235e-10 2 0 0 0 0 1 0 0 2.0134228 0
"bench_hetero3.csv"	4	0.00090711718	1
1 1 1.4239754 10.811493 -4.922015 6.953457 3.6116698 1 2 7.164235e-10 2 0 0 0 0 1 0 0 2.0134228 0
"bench_hetero3.csv"	2	0.00093060662	1
1 1 1.4239754 10.811493 -4.922015 6.953457 3.6116698 1 2 7.164235e-10 2 0 0 0 0 1 0 0 2.0134228 0
"bench_hetero3.csv"	3	0.0003362977	1
1 1 1.4239754 10.811493 -4.922015 6.953457 3.6116698 1 2 7.164235e-10 2 0 0 0 0 1 0 0 2.0134228 0
"bench_hetero3.csv"	1	-0.44991232	1
1 1 1.4239754 10.811493 -4.922015 6.953457 3.6116698 1 2 7.164235e-10 2 0 0 0 0 1 0 0 2.0134228 0
"bench_hetero3.csv"	4	8.4524326e-05	1
1 1 1.4239754 10.811493 -4.922015 6.953457 3.6116698 1 2 7.164235e-10 2 0 0 0 0 1 0 0 2.0134228 0
"bench_hetero3.csv"	2	0.00051978706	1
1 1 1.4239754 10.811493 -4.922015 6.953457 3.6116698 1 2 7.164235e-10 2 0 0 0 0 1 0 0 2.0134228 0
"bench_hetero3.csv"	3	0.0011249027	1
1 1 1.4239754 10.811493 -4.922015 6.953457 3.6116698 1 2 7.164235e-10 2 0 0 0 0 1 0 0 2.0134228 0
"bench_hetero3.csv"	1	0.00065965014	1
1 1 1.4239754 10.811493 -4.922015 6.953457 3.6116698 1 2 7.164235e-10 2 0 0 0 0 1 0 0 2.0134228 0
"bench_hetero3.csv"	4	0.00023962121	1
1 1 1.4239754 10.811493 -4.922015 6.953457 3.6116698 1 2 7.164235e-10 2 0 0 0 0 1 0 0 2.0134228 0
"bench_hetero3.csv"	1	0.011939161	1
1 1 1.4239754 10.811493 -4.922015 6.953457 3.6116698 1 2 7.164235e-10 2 0 0 0 0 1 0 0 2.0134228 0
"bench_hetero3.csv"	4	6.4263028e-06	1
1 1 1.4239754 10.811493 -4.922015 6.953457 3.6116698 1 2 7.164235e-10 2 0 0 0 0 1 0 0 2.0134228 0
"bench_hetero3.csv"	2	0.00010362833	1
1 1 1.4239754 10.811493 -4.922015 6.953457 3.6116698 1 2 7.164235e-10 2 0 0 0 0 1 0 0 2.0134228 0
"bench_hetero3.csv"	1	0.043051684	1
1 1 1.4239754 10.811493 -4.922015 6.953457 3.6116698 1 2 7.164235e-10 2 0 0 0 0 1 0 0 2.0134228 0
"bench_hetero3.csv"	4	0.00011394995	1
1 1 1.4239754 10.811493 -4.922015 6.953457 3.6116698 1 2 7.164235e-10 2 0 0 0 0 1 0 0 2.0134228 0
"bench_hetero3.csv"	2	0.00042501519	1
1 1 1.4239754 10.811493 -4.922015 6.953457 3.6116698 1 2 7.164235e-10 2 0 0 0 0 1 0 0 2.0134228 0
"bench_hetero3.csv"	1	0.060982873	1
1 1 1.4239754 10.811493 -4.922015 6.953457 3.6116698 1 2 7.164235e-10 2 0 0 0 0 1 0 0 2.0134228 0
"bench_hetero3.csv"	4	0.00013748918	1
1 1 1.4239754 10.811493 -4.922015 6.953457 3.6116698 1 2 7.164235e-10 2 0 0 0 0 1 0 0 2.0134228 0
"bench_hetero3.csv"	2	0.00030770848	1
1 1 1.4239754 10.811493 -4.922015 6.953457 3.6116698 1 2 7.164235e-10 2 0 0 0 0 1 0 0 2.0134228 0
"bench_hetero3.csv"	1	0.002651735	1
1 1 1.4239754 10.811493 -4.922015 6.953457 3.6116698 1 2 7.164235e-10 2 0 0 0 0 1 0 0 2.0134228 0
"bench_hetero3.csv"	1	0.00021813563	1
1 1 1.4239754 10.811493 -4.922015 6.953457 3.6116698 1 2 7.164235e-10 2 0 0 0 0 1 0 0 2.0134228 0
"bench_hetero3.csv"	4	0.00015782698	1
1 1 1.4239754 10.811493 -4.922015 6.953457 3.6116698 1 2 7.164235e-10 2 0 0 0 0 1 0 0 2.0134228 0
"bench_hetero3.csv"	2	0.00013732346	1
1 1 1.4239754 10.811493 -4.922015 6.953457 3.6116698 1 2 7.164235e-10 2 0 0 0 0 1 0 0 2.0134228 0
"bench_hetero3.csv"	1	0.00034602906	1
1 1 1.4239754 10.811493 -4.922015 6.953457 3.6116698 1 2 7.164235e-10 2 0 0 0 0 1 0 0 2.0134228 0
"bench_hetero3.csv"	4	0.00013291485	1
1 1 1.4239754 10.811493 -4.922015 6.953457 3.6116698 1 2 7.164235e-10 2 0 0 0 0 1 0 0 2.0134228 0
"bench_hetero3.csv"	12	-0.44992319	1
1 1 1.4239754 10.811493 -4.922015 6.953457 3.6116698 1 2 7.164235e-10 2 0 0 0 0 1 0 0 2.0134228 0
"bench_hetero3.csv"	21	8.3384189e-05	1
1 1 1.4239754 10.811493 -4.922015 6.953457 3.6116698 1 2 7.164235e-10 2 0 0 0 0 1 0 0 2.0134228 0
"bench_hetero3.csv"	2	0.00012930931	1
1 1 1.4239754 10.811493 -4.922015 6.953457 3.6116698 1 2 7.164235e-10 2 0 0 0 0 1 0 0 2.0134228 0
"bench_hetero3.csv"	1	0.0065284882	1
1 1 1.4239754 10.811493 -4.922015 6.953457 3.6116698 1 2 7.164235e-10 2 0 0 0 0 1 0 0 2.0134228 0
"bench_hetero3.csv"	4	0.00011768691	1
1 1 1.4239754 10.811493 -4.922015 6.953457 3.6116698 1 2 7.164235e-10 2 0 0 0 0 1 0 0 2.0134228 0
"bench_hetero3.csv"	1	0.00034755994	1
1 1 1.4239754 10.811493 -4.922015 6.953457 3.6116698 1 2 7.164235e-10 2 0 0 0 0 1 0 0 2.0134228 0
"bench_hetero3.csv"	4	0.00034771733	1
1 1 1.4239754 10.811493 -4.922015 6.953457 3.6116698 1 2 7.164235e-10 2 0 0 0 0 1 0 0 2.0134228 0
"bench_hetero3.csv"	2	0.00034782677	1
1 1 1.4239754 10.811493 -4.922015 6.953457 3.6116698 1 2 7.164235e-10 2 0 0 0 0 1 0 0 2.0134228 0
"bench_hetero3.csv"	1	0.0026326426	1
1 1 1.4239754 10.811493 -4.922015 6.953457 3.6116698 1 2 7.164235e-10 2 0 0 0 0 1 0 0 2.0134228 0
"bench_hetero3.csv"	4	0.00014610578	1
1 1 1.4239754 10.811493 -4.922015 6.953457 3.6116698 1 2 7.164235e-10 2 0 0 0 0 1 0 0 2.0134228 0
"bench_hetero3.csv"	12	-0.45004901	1
1 1 1.4239754 10.811493 -4.922015 6.953457 3.6116698 1 2 7.164235e-10 2 0 0 0 0 1 0 0 2.0134228 0
"bench_hetero3.csv"	21	-0.45004901	1
1 1 1.4239754 10.811493 -4.922015 6.953457 3.6116698 1 2 7.164235e-10 2 0 0 0 0 1 0 0 2.0134228 0
"bench_hetero3.csv"	4	1.6748135e-05	1
1 1 1.4239754 10.811493 -4.922015 6.953457 3.6116698 1 2 7.164235e-10 2 0 0 0 0 1 0 0 2.0134228 0
"bench_hetero3.csv"	2	1.7399673e-05	1
1 1 1.4239754 10.811493 -4.922015 6.953457 3.6116698 1 2 7.164235e-10 2 0 0 0 0 1 0 0 2.0134228 0
"bench_hetero3.csv"	4	1.4351942e-05	1
1 1 1.4239754 10.811493 -4.922015 6.953457 3.6116698 1 2 7.164235e-10 2 0 0 0 0 1 0 0 2.0134228 0
"bench_hetero3.csv"	12	-0.44995829	1
1 1 1.4239754 10.811493 -4.922015 6.953457 3.6116698 1 2 7.164235e-10 2 0 0 0 0 1 0 0 2.0134228 0
"bench_hetero3.csv"	21	0.00051843473	1
1 1 1.4239754 10.811493 -4.922015 6.953457 3.6116698 1 2 7.164235e-10 2 0 0 0 0 1 0 0 2.0134228 0
"bench_hetero3.csv"	2	8.7959446e-05	1
1 1 1.4239754 10.811493 -4.922015 6.953457 3.6116698 1 2 7.164235e-10 2 0 0 0 0 1 0 0 2.0134228 0
"bench_hetero3.csv"	1	1.0770794e-05	1
1 1 1.4239754 10.811493 -4.922015 6.953457 3.6116698 1 2 7.164235e-10 2 0 0 0 0 1 0 0 2.0134228 0
"bench_hetero3.csv"	4	3.0953288e-05	1
1 1 1.4239754 10.811493 -4.922015 6.953457 3.6116698 1 2 7.164235e-10 2 0 0 0 0 1 0 0 2.0134228 0
"bench_hetero3.csv"	2	2.1894073e-05	1
1 1 1.4239754 10.811493 -4.922015 6.953457 3.6116698 1 2 7.164235e-10 2 0 0 0 0 1 0 0 2.0134228 0
"bench_hetero3.csv"	4	1.3577062e-05	1
1 1 1.4239754 10.811493 -4.922015 6.953457 3.6116698 1 2 7.164235e-10 2 0 0 0 0 1 0 0 2.0134228 0
"bench_hetero3.csv"	1	0.00058867802	1
1 1 1.4239754 10.811493 -4.922015 6.953457 3.6116698 1 2 7.164235e-10 2 0 0 0 0 1 0 0 2.0134228 0
"bench_hetero3.csv"	4	0.00058875091	1
1 1 1.4239754 10.811493 -4.922015 6.953457 3.6116698 1 2 7.164235e-10 2 0 0 0 0 1 0 0 2.0134228 0
"bench_hetero3.csv"	2	0.00057440997	1
1 1 1.4239754 10.811493 -4.922015 6.953457 3.6116698 1 2 7.164235e-10 2 0 0 0 0 1 0 0 2.0134228 0
"bench_hetero3.csv"	4	0.00058338989	1
1 1 1.4239754 10.811493 -4.922015 6.953457 3.6116698 1 2 7.164235e-10 2 0 0 0 0 1 0 0 2.0134228 0
"bench_hetero3.csv"	12	-0.44998704	1
1 1 1.4239754 10.811493 -4.922015 6.953457 3.6116698 1 2 7.164235e-10 2 0 0 0 0 1 0 0 2.0134228 0
"bench_hetero3.csv"	21	0.00055852304	1
1 1 1.4239754 10.811493 -4.922015 6.953457 3.6116698 1 2 7.164235e-10 2 0 0 0 0 1 0 0 2.0134228 0
"bench_hetero3.csv"	2	0.00058422729	1
1 1 1.4239754 10.811493 -4.922015 6.953457 3.6116698 1 2 7.164235e-10 2 0 0 0 0 1 0 0 2.0134228 0
"bench_hetero3.csv"	1	0.00051060353	1
1 1 1.4239754 10.811493 -4.922015 6.953457 3.6116698 1 2 7.164235e-10 2 0 0 0 0 1 0 0 2.0134228 0
"bench_hetero3.csv"	4	0.00058708234	1
1 1 1.4239754 10.811493 -4.922015 6.953457 3.6116698 1 2 7.164235e-10 2 0 0 0 0 1 0 0 2.0134228 0
"bench_hetero3.csv"	2	0.00059073291	1
1 1 1.4239754 10.811493 -4.922015 6.953457 3.6116698 1 2 7.164235e-10 2 0 0 0 0 1 0 0 2.0134228 0
"bench_hetero3.csv"	4	0.00042854921	1
1 1 1.4239754 10.811493 -4.922015 6.953457 3.6116698 1 2 7.164235e-10 2 0 0 0 0 1 0 0 2.0134228 0
"bench_hetero3.csv"	12	-0.45010717	1
1 1 1.4239754 10.811493 -4.922015 6.953457 3.6116698 1 2 7.164235e-10 2 0 0 0 0 1 0 0 2.0134228 0
"bench_hetero3.csv"	2	0.00024404443	1
1 1 1.4239754 10.811493 -4.922015 6.953457 3.6116698 1 2 7.164235e-10 2 0 0 0 0 1 0 0 2.0134228 0
"bench_hetero3.csv"	4	5.9488778e-05	1
1 1 1.4239754 10.811493 -4.922015 6.953457 3.6116698 1 2 7.164235e-10 2 0 0 0 0 1 0 0 2.0134228 0
"bench_hetero3.csv"	12	-0.44991306	1
1 1 1.4239754 10.811493 -4.922015 6.953457 3.6116698 1 2 7.164235e-10 2 0 0 0 0 1 0 0 2.0134228 0
"bench_hetero3.csv"	21	8.2467347e-05	1
1 1 1.4239754 10.811493 -4.922015 6.953457 3.6116698 1 2 7.164235e-10 2 0 0 0 0 1 0 0 2.0134228 0
"bench_hetero3.csv"	1	0.00054517223	1
1 1 1.4239754 10.811493 -4.922015 6.953457 3.6116698 1 2 7.164235e-10 2 0 0 0 0 1 0 0 2.0134228 0
"bench_hetero3.csv"	4	-0.44989465	1
1 1 1.4239754 10.811493 -4.922015 6.953457 3.6116698 1 2 7.164235e-10 2 0 0 0 0 1 0 0 2.0134228 0
"bench_hetero3.csv"	2	0.00014463453	1
1 1 1.4239754 10.811493 -4.922015 6.953457 3.6116698 1 2 7.164235e-10 2 0 0 0 0 1 0 0 2.0134228 0
"bench_hetero3.csv"	1	4.970343e-05	1
1 1 1.4239754 10.811493 -4.922015 6.953457 3.6116698 1 2 7.164235e-10 2 0 0 0 0 1 0 0 2.0134228 0
"bench_hetero3.csv"	4	4.6406757e-05	1
1 1 1.4239754 10.811493 -4.922015 6.953457 3.6116698 1 2 7.164235e-10 2 0 0 0 0 1 0 0 2.0134228 0
"bench_hetero3.csv"	4	4.5139602e-05	1
1 1 1.4239754 10.811493 -4.922015 6.953457 3.6116698 1 2 7.164235e-10 2 0 0 0 0 1 0 0 2.0134228 0
"bench_hetero3.csv"	2	2.5352438e-05	1
1 1 1.4239754 10.811493 -4.922015 6.953457 3.6116698 1 2 7.164235e-10 2 0 0 0 0 1 0 0 2.0134228 0
"bench_hetero3.csv"	4	3.4227363e-05	1
1 1 1.4239754 10.811493 -4.922015 6.953457 3.6116698 1 2 7.164235e-10 2 0 0 0 0 1 0 0 2.0134228 0
"bench_hetero3.csv"	12	-0.44990823	1
1 1 1.4239754 10.811493 -4.922015 6.953457 3.6116698 1 2 7.164235e-10 2 0 0 0 0 1 0 0 2.0134228 0
"bench_hetero3.csv"	21	5.3105226e-06	1
1 1 1.4239754 10.811493 -4.922015 6.953457 3.6116698 1 2 7.164235e-10 2 0 0 0 0 1 0 0 2.0134228 0
"bench_hetero3.csv"	2	3.1541771e-05	1
1 1 1.4239754 10.811493 -4.922015 6.953457 3.6116698 1 2 7.164235e-10 2 0 0 0 0 1 0 0 2.0134228 0
"bench_hetero3.csv"	1	2.915315e-05	1
1 1 1.4239754 10.811493 -4.922015 6.953457 3.6116698 1 2 7.164235e-10 2 0 0 0 0 1 0 0 2.0134228 0
"bench_hetero3.csv"	4	2.943202e-05	1
1 1 1.4239754 10.811493 -4.922015 6.953457 3.6116698 1 2 7.164235e-10 2 0 0 0 0 1 0 0 2.0134228 0
"bench_hetero3.csv"	2	2.9158831e-05	1
1 1 1.4239754 10.811493 -4.922015 6.953457 3.6116698 1 2 7.164235e-10 2 0 0 0 0 1 0 0 2.0134228 0
"bench_hetero3.csv"	1	0.00017243107	1
1 1 1.4239754 10.811493 -4.922015 6.953457 3.6116698 1 2 7.164235e-10 2 0 0 0 0 1 0 0 2.0134228 0
"bench_hetero3.csv"	4	0.00017522129	1
1 1 1.4239754 10.811493 -4.922015 6.953457 3.6116698 1 2 7.164235e-10 2 0 0 0 0 1 0 0 2.0134228 0
"bench_hetero3.csv"	2	7.4008525e-05	1
1 1 1.4239754 10.811493 -4.922015 6.953457 3.6116698 1 2 7.164235e-10 2 0 0 0 0 1 0 0 2.0134228 0
"bench_hetero3.csv"	4	0.00017231704	1
1 1 1.4239754 10.811493 -4.922015 6.953457 3.6116698 1 2 7.164235e-10 2 0 0 0 0 1 0 0 2.0134228 0
"bench_hetero3.csv"	12	-0.4499187	1
1 1 1.4239754 10.811493 -4.922015 6.953457 3.6116698 1 2 7.164235e-10 2 0 0 0 0 1 0 0 2.0134228 0
"bench_hetero3.csv"	21	0.00016151534	1
1 1 1.4239754 10.811493 -4.922015 6.953457 3.6116698 1 2 7.164235e-10 2 0 0 0 0 1 0 0 2.0134228 0
"bench_hetero3.csv"	2	0.00017393102	1
1 1 1.4239754 10.811493 -4.922015 6.953457 3.6116698 1 2 7.164235e-10 2 0 0 0 0 1 0 0 2.0134228 0
"bench_hetero3.csv"	1	0.00013299728	1
1 1 1.4239754 10.811493 -4.922015 6.953457 3.6116698 1 2 7.164235e-10 2 0 0 0 0 1 0 0 2.0134228 0
"bench_hetero3.csv"	4	0.00016555222	1
1 1 1.4239754 10.811493 -4.922015 6.953457 3.6116698 1 2 7.164235e-10 2 0 0 0 0 1 0 0 2.0134228 0
"bench_hetero3.csv"	2	0.00010424853	1
1 1 1.4239754 10.811493 -4.922015 6.953457 3.6116698 1 2 7.164235e-10 2 0 0 0 0 1 0 0 2.0134228 0
"bench_hetero3.csv"	4	3.3110996e-05	1
1 1 1.4239754 10.811493 -4.922015 6.953457 3.6116698 1 2 7.164235e-10 2 0 0 0 0 1 0 0 2.0134228 0
"bench_hetero3.csv"	2	3.657954e-05	1
1 1 1.4239754 10.811493 -4.922015 6.953457 3.6116698 1 2 7.164235e-10 2 0 0 0 0 1 0 0 2.0134228 0
"bench_hetero3.csv"	4	3.6949824e-05	1
1 1 1.4239754 10.811493 -4.922015 6.953457 3.6116698 1 2 7.164235e-10 2 0 0 0 0 1 0 0 2.0134228 0
"bench_hetero3.csv"	12	-0.44990789	1
1 1 1.4239754 10.811493 -4.922015 6.953457 3.6116698 1 2 7.164235e-10 2 0 0 0 0 1 0 0 2.0134228 0
"bench_hetero3.csv"	21	0.00020539973	1
1 1 1.4239754 10.811493 -4.922015 6.953457 3.6116698 1 2 7.164235e-10 2 0 0 0 0 1 0 0 2.0134228 0
"bench_hetero3.csv"	2	4.277138e-05	1
1 1 1.4239754 10.811493 -4.922015 6.953457 3.6116698 1 2 7.164235e-10 2 0 0 0 0 1 0 0 2.0134228 0
"bench_hetero3.csv"	4	0.00010519861	1
1 1 1.4239754 10.811493 -4.922015 6.953457 3.6116698 1 2 7.164235e-10 2 0 0 0 0 1 0 0 2.0134228 0
"bench_hetero3.csv"	2	0.00014205362	1
1 1 1.4239754 10.811493 -4.922015 6.953457 3.6116698 1 2 7.164235e-10 2 0 0 0 0 1 0 0 2.0134228 0
"bench_hetero3.csv"	4	0.00011774386	1
1 1 1.4239754 10.811493 -4.922015 6.953457 3.6116698 1 2 7.164235e-10 2 0 0 0 0 1 0 0 2.0134228 0
"bench_hetero3.csv"	12	-0.44991097	1
1 1 1.4239754 10.811493 -4.922015 6.953457 3.6116698 1 2 7.164235e-10 2 0 0 0 0 1 0 0 2.0134228 0
"bench_hetero3.csv"	21	3.4128608e-05	1
1 1 1.4239754 10.811493 -4.922015 6.953457 3.6116698 1 2 7.164235e-10 2 0 0 0 0 1 0 0 2.0134228 0
"bench_hetero3.csv"	2	0.00014624733	1
1 1 1.4239754 10.811493 -4.922015 6.953457 3.6116698 1 2 7.164235e-10 2 0 0 0 0 1 0 0 2.0134228 0
"bench_hetero3.csv"	1	0.00013741051	1
1 1 1.4239754 10.811493 -4.922015 6.953457 3.6116698 1 2 7.164235e-10 2 0 0 0 0 1 0 0 2.0134228 0
"bench_hetero3.csv"	4	0.00012182886	1
1 1 1.4239754 10.811493 -4.922015 6.953457 3.6116698 1 2 7.164235e-10 2 0 0 0 0 1 0 0 2.0134228 0
"bench_hetero3.csv"	2	0.00014459552	1
1 1 1.4239754 10.811493 -4.922015 6.953457 3.6116698 1 2 7.164235e-10 2 0 0 0 0 1 0 0 2.0134228 0
"bench_hetero3.csv"	4	0.00014317904	1
1 1 1.4239754 10.811493 -4.922015 6.953457 3.6116698 1 2 7.164235e-10 2 0 0 0 0 1 0 0 2.0134228 0
"bench_hetero3.csv"	12	-0.44991097	1
1 1 1.4239754 10.811493 -4.922015 6.953457 3.6116698 1 2 7.164235e-10 2 0 0 0 0 1 0 0 2.0134228 0
"bench_hetero3.csv"	21	0.00014806075	1
1 1 1.4239754 10.811493 -4.922015 6.953457 3.6116698 1 2 7.164235e-10 2 0 0 0 0 1 0 0 2.0134228 0
"bench_hetero3.csv"	2	0.00014317181	1
1 1 1.4239754 10.811493 -4.922015 6.953457 3.6116698 1 2 7.164235e-10 2 0 0 0 0 1 0 0 2.0134228 0
"bench_hetero3.csv"	1	0.00014084337	1
1 1 1.4239754 10.811493 -4.922015 6.953457 3.6116698 1 2 7.164235e-10 2 0 0 0 0 1 0 0 2.0134228 0
"bench_hetero3.csv"	4	0.00013904761	1
1 1 1.4239754 10.811493 -4.922015 6.953457 3.6116698 1 2 7.164235e-10 2 0 0 0 0 1 0 0 2.0134228 0
"bench_hetero3.csv"	4	0.00010752869	1
1 1 1.4239754 10.811493 -4.922015 6.953457 3.6116698 1 2 7.164235e-10 2 0 0 0 0 1 0 0 2.0134228 0
"bench_hetero3.csv"	2	0.00010028079	1
1 1 1.4239754 10.811493 -4.922015 6.953457 3.6116698 1 2 7.164235e-10 2 0 0 0 0 1 0 0 2.0134228 0
"bench_hetero3.csv"	4	0.00010456048	1
1 1 1.4239754 10.811493 -4.922015 6.953457 3.6116698 1 2 7.164235e-10 2 0 0 0 0 1 0 0 2.0134228 0
"bench_hetero3.csv"	12	-0.44992884	1
1 1 1.4239754 10.811493 -4.922015 6.953457 3.6116698 1 2 7.164235e-10 2 0 0 0 0 1 0 0 2.0134228 0
"bench_hetero3.csv"	21	0.00042288642	1
1 1 1.4239754 10.811493 -4.922015 6.953457 3.6116698 1 2 7.164235e-10 2 0 0 0 0 1 0 0 2.0134228 0
"bench_hetero3.csv"	2	0.00042529205	1
1 1 1.4239754 10.811493 -4.922015 6.953457 3.6116698 1 2 7.164235e-10 2 0 0 0 0 1 0 0 2.0134228 0
"bench_hetero3.csv"	1	0.00010568712	1
1 1 1.4239754 10.811493 -4.922015 6.953457 3.6116698 1 2 7.164235e-10 2 0 0 0 0 1 0 0 2.0134228 0
"bench_hetero3.csv"	4	0.00010328033	1
1 1 1.4239754 10.811493 -4.922015 6.953457 3.6116698 1 2 7.164235e-10 2 0 0 0 0 1 0 0 2.0134228 0
"bench_hetero3.csv"	4	7.2321345e-05	1
1 1 1.4239754 10.811493 -4.922015 6.953457 3.6116698 1 2 7.164235e-10 2 0 0 0 0 1 0 0 2.0134228 0
"bench_hetero3.csv"	12	-0.44991826	1
1 1 1.4239754 10.811493 -4.922015 6.953457 3.6116698 1 2 7.164235e-10 2 0 0 0 0 1 0 0 2.0134228 0
"bench_hetero3.csv"	21	5.7638411e-05	1
1 1 1.4239754 10.811493 -4.922015 6.953457 3.6116698 1 2 7.164235e-10 2 0 0 0 0 1 0 0 2.0134228 0
"bench_hetero3.csv"	2	7.229924e-05	1
1 1 1.4239754 10.811493 -4.922015 6.953457 3.6116698 1 2 7.164235e-10 2 0 0 0 0 1 0 0 2.0134228 0
"bench_hetero3.csv"	1	7.5409334e-05	1
1 1 1.4239754 10.811493 -4.922015 6.953457 3.6116698 1 2 7.164235e-10 2 0 0 0 0 1 0 0 2.0134228 0
"bench_hetero3.csv"	4	7.2368241e-05	1
1 1 1.4239754 10.811493 -4.922015 6.953457 3.6116698 1 2 7.164235e-10 2 0 0 0 0 1 0 0 2.0134228 0
"bench_hetero3.csv"	4	0.00041391946	1
1 1 1.4239754 10.811493 -4.922015 6.953457 3.6116698 1 2 7.164235e-10 2 0 0 0 0 1 0 0 2.0134228 0
"bench_hetero3.csv"	12	-0.44994734	1
1 1 1.4239754 10.811493 -4.922015 6.953457 3.6116698 1 2 7.164235e-10 2 0 0 0 0 1 0 0 2.0134228 0
"bench_hetero3.csv"	2	7.9435867e-05	1
1 1 1.4239754 10.811493 -4.922015 6.953457 3.6116698 1 2 7.164235e-10 2 0 0 0 0 1 0 0 2.0134228 0
"bench_hetero3.csv"	4	9.9262368e-05	1
1 1 1.4239754 10.811493 -4.922015 6.953457 3.6116698 1 2 7.164235e-10 2 0 0 0 0 1 0 0 2.0134228 0
"bench_hetero3.csv"	12	-0.44994734	1
1 1 1.4239754 10.811493 -4.922015 6.953457 3.6116698 1 2 7.164235e-10 2 0 0 0 0 1 0 0 2.0134228 0
"bench_hetero3.csv"	2	0.00035932965	1
1 1 1.4239754 10.811493 -4.922015 6.953457 3.6116698 1 2 7.164235e-10 2 0 0 0 0 1 0 0 2.0134228 0
"bench_hetero3.csv"	4	0.0003611993	1
1 1 1.4239754 10.811493 -4.922015 6.953457 3.6116698 1 2 7.164235e-10 2 0 0 0 0 1 0 0 2.0134228 0
"bench_hetero3.csv"	12	-0.44994734	1
1 1 1.4239754 10.811493 -4.922015 6.953457 3.6116698 1 2 7.164235e-10 2 0 0 0 0 1 0 0 2.0134228 0
"bench_hetero3.csv"	21	0.00034910868	1
1 1 1.4239754 10.811493 -4.922015 6.953457 3.6116698 1 2 7.164235e-10 2 0 0 0 0 1 0 0 2.0134228 0
"bench_hetero3.csv"	2	0.0003612086	1
1 1 1.4239754 10.811493 -4.922015 6.953457 3.6116698 1 2 7.164235e-10 2 0 0 0 0 1 0 0 2.0134228 0
"bench_hetero3.csv"	4	0.00033440603	1
1 1 1.4239754 10.811493 -4.922015 6.953457 3.6116698 1 2 7.164235e-10 2 0 0 0 0 1 0 0 2.0134228 0
"bench_hetero3.csv"	2	0.00031193415	1
1 1 1.4239754 10.811493 -4.922015 6.953457 3.6116698 1 2 7.164235e-10 2 0 0 0 0 1 0 0 2.0134228 0
"bench_hetero3.csv"	4	0.00033440845	1
1 1 1.4239754 10.811493 -4.922015 6.953457 3.6116698 1 2 7.164235e-10 2 0 0 0 0 1 0 0 2.0134228 0
"bench_hetero3.csv"	2	0.00031034117	1
1 1 1.4239754 10.811493 -4.922015 6.953457 3.6116698 1 2 7.164235e-10 2 0 0 0 0 1 0 0 2.0134228 0
"bench_hetero3.csv"	4	0.00033439998	1
1 1 1.4239754 10.811493 -4.922015 6.953457 3.6116698 1 2 7.164235e-10 2 0 0 0 0 1 0 0 2.0134228 0
"bench_hetero3.csv"	1	0.00034509801	1
1 1 1.4239754 10.811493 -4.922015 6.953457 3.6116698 1 2 7.164235e-10 2 0 0 0 0 1 0 0 2.0134228 0
"bench_hetero3.csv"	4	0.00034511508	1
1 1 1.4239754 10.811493 -4.922015 6.953457 3.6116698 1 2 7.164235e-10 2 0 0 0 0 1 0 0 2.0134228 0
"bench_hetero3.csv"	2	0.00034509747	1
1 1 1.4239754 10.811493 -4.922015 6.953457 3.6116698 1 2 7.164235e-10 2 0 0 0 0 1 0 0 2.0134228 0
"bench_hetero3.csv"	1	0.00034483526	1
1 1 1.4239754 10.811493 -4.922015 6.953457 3.6116698 1 2 7.164235e-10 2 0 0 0 0 1 0 0 2.0134228 0
"bench_hetero3.csv"	4	0.0003451169	1
1 1 1.4239754 10.811493 -4.922015 6.953457 3.6116698 1 2 7.164235e-10 2 0 0 0 0 1 0 0 2.0134228 0
"bench_hetero3.csv"	2	0.00034483522	1
1 1 1.4239754 10.811493 -4.922015 6.953457 3.6116698 1 2 7.164235e-10 2 0 0 0 0 1 0 0 2.0134228 0
"bench_hetero3.csv"	4	0.00038239043	1
1 1 1.4239754 10.811493 -4.922015 6.953457 3.6116698 1 2 7.164235e-10 2 0 0 0 0 1 0 0 2.0134228 0
"bench_hetero3.csv"	12	-0.44992563	1
1 1 1.4239754 10.811493 -4.922015 6.953457 3.6116698 1 2 7.164235e-10 2 0 0 0 0 1 0 0 2.0134228 0
"bench_hetero3.csv"	21	0.00038207457	1
1 1 1.4239754 10.811493 -4.922015 6.953457 3.6116698 1 2 7.164235e-10 2 0 0 0 0 1 0 0 2.0134228 0
"bench_hetero3.csv"	2	0.00039930512	1
1 1 1.4239754 10.811493 -4.922015 6.953457 3.6116698 1 2 7.164235e-10 2 0 0 0 0 1 0 0 2.0134228 0
"bench_hetero3.csv"	4	0.00035406612	1
1 1 1.4239754 10.811493 -4.922015 6.953457 3.6116698 1 2 7.164235e-10 2 0 0 0 0 1 0 0 2.0134228 0
"bench_hetero3.csv"	2	0.00038040872	1
1 1 1.4239754 10.811493 -4.922015 6.953457 3.6116698 1 2 7.164235e-10 2 0 0 0 0 1 0 0 2.0134228 0
"bench_hetero3.csv"	4	0.00037342944	1
1 1 1.4239754 10.811493 -4.922015 6.953457 3.6116698 1 2 7.164235e-10 2 0 0 0 0 1 0 0 2.0134228 0
"bench_hetero3.csv"	2	0.00037572273	1
1 1 1.4239754 10.811493 -4.922015 6.953457 3.6116698 1 2 7.164235e-10 2 0 0 0 0 1 0 0 2.0134228 0
"bench_hetero3.csv"	4	0.00037771175	1
1 1 1.4239754 10.811493 -4.922015 6.953457 3.6116698 1 2 7.164235e-10 2 0 0 0 0 1 0 0 2.0134228 0
"bench_hetero3.csv"	12	-0.44992563	1
1 1 1.4239754 10.811493 -4.922015 6.953457 3.6116698 1 2 7.164235e-10 2 0 0 0 0 1 0 0 2.0134228 0
"bench_hetero3.csv"	21	0.00037481218	1
1 1 1.4239754 10.811493 -4.922015 6.953457 3.6116698 1 2 7.164235e-10 2 0 0 0 0 1 0 0 2.0134228 0
"bench_hetero3.csv"	2	0.00035405052	1
1 1 1.4239754 10.811493 -4.922015 6.953457 3.6116698 1 2 7.164235e-10 2 0 0 0 0 1 0 0 2.0134228 0
"bench_hetero3.csv"	1	0.00039557987	1
1 1 1.4239754 10.811493 -4.922015 6.953457 3.6116698 1 2 7.164235e-10 2 0 0 0 0 1 0 0 2.0134228 0
"bench_hetero3.csv"	4	0.0003955868	1
1 1 1.4239754 10.811493 -4.922015 6.953457 3.6116698 1 2 7.164235e-10 2 0 0 0 0 1 0 0 2.0134228 0
"bench_hetero3.csv"	2	0.00039557949	1
1 1 1.4239754 10.811493 -4.922015 6.953457 3.6116698 1 2 7.164235e-10 2 0 0 0 0 1 0 0 2.0134228 0
"bench_hetero3.csv"	1	0.0003175699	1
1 1 1.4239754 10.811493 -4.922015 6.953457 3.6116698 1 2 7.164235e-10 2 0 0 0 0 1 0 0 2.0134228 0
"bench_hetero3.csv"	4	0.00031756332	1
1 1 1.4239754 10.811493 -4.922015 6.953457 3.6116698 1 2 7.164235e-10 2 0 0 0 0 1 0 0 2.0134228 0
"bench_hetero3.csv"	2	0.00031690057	1
1 1 1.4239754 10.811493 -4.922015 6.953457 3.6116698 1 2 7.164235e-10 2 0 0 0 0 1 0 0 2.0134228 0
"bench_hetero3.csv"	4	0.00038113042	1
1 1 1.4239754 10.811493 -4.922015 6.953457 3.6116698 1 2 7.164235e-10 2 0 0 0 0 1 0 0 2.0134228 0
"bench_hetero3.csv"	12	-0.44992848	1
1 1 1.4239754 10.811493 -4.922015 6.953457 3.6116698 1 2 7.164235e-10 2 0 0 0 0 1 0 0 2.0134228 0
"bench_hetero3.csv"	2	0.00034138571	1
1 1 1.4239754 10.811493 -4.922015 6.953457 3.6116698 1 2 7.164235e-10 2 0 0 0 0 1 0 0 2.0134228 0
"bench_hetero3.csv"	4	7.0073941e-06	1
1 1 1.4239754 10.811493 -4.922015 6.953457 3.6116698 1 2 7.164235e-10 2 0 0 0 0 1 0 0 2.0134228 0
"bench_hetero3.csv"	12	-0.44992848	1
1 1 1.4239754 10.811493 -4.922015 6.953457 3.6116698 1 2 7.164235e-10 2 0 0 0 0 1 0 0 2.0134228 0
"bench_hetero3.csv"	2	0.00037216614	1
1 1 1.4239754 10.811493 -4.922015 6.953457 3.6116698 1 2 7.164235e-10 2 0 0 0 0 1 0 0 2.0134228 0
"bench_hetero3.csv"	4	4.8080075e-05	1
1 1 1.4239754 10.811493 -4.922015 6.953457 3.6116698 1 2 7.164235e-10 2 0 0 0 0 1 0 0 2.0134228 0
"bench_hetero3.csv"	12	-0.44992848	1
1 1 1.4239754 10.811493 -4.922015 6.953457 3.6116698 1 2 7.164235e-10 2 0 0 0 0 1 0 0 2.0134228 0
"bench_hetero3.csv"	21	3.7345179e-05	1
1 1 1.4239754 10.811493 -4.922015 6.953457 3.6116698 1 2 7.164235e-10 2 0 0 0 0 1 0 0 2.0134228 0
"bench_hetero3.csv"	2	4.4682831e-05	1
1 1 1.4239754 10.811493 -4.922015 6.953457 3.6116698 1 2 7.164235e-10 2 0 0 0 0 1 0 0 2.0134228 0
"bench_hetero3.csv"	4	4.3891477e-05	1
1 1 1.4239754 10.811493 -4.922015 6.953457 3.6116698 1 2 7.164235e-10 2 0 0 0 0 1 0 0 2.0134228 0
"bench_hetero3.csv"	2	4.7092705e-05	1
1 1 1.4239754 10.811493 -4.922015 6.953457 3.6116698 1 2 7.164235e-10 2 0 0 0 0 1 0 0 2.0134228 0
"bench_hetero3.csv"	4	4.4698019e-05	1
1 1 1.4239754 10.811493 -4.922015 6.953457 3.6116698 1 2 7.164235e-10 2 0 0 0 0 1 0 0 2.0134228 0
"bench_hetero3.csv"	2	4.4635128e-05	1
1 1 1.4239754 10.811493 -4.922015 6.953457 3.6116698 1 2 7.164235e-10 2 0 0 0 0 1 0 0 2.0134228 0
"bench_hetero3.csv"	4	4.7301535e-05	1
1 1 1.4239754 10.811493 -4.922015 6.953457 3.6116698 1 2 7.164235e-10 2 0 0 0 0 1 0 0 2.0134228 0
"bench_hetero3.csv"	4	0.00026029632	1
1 1 1.4239754 10.811493 -4.922015 6.953457 3.6116698 1 2 7.164235e-10 2 0 0 0 0 1 0 0 2.0134228 0
"bench_hetero3.csv"	12	-0.4499545	1
1 1 1.4239754 10.811493 -4.922015 6.953457 3.6116698 1 2 7.164235e-10 2 0 0 0 0 1 0 0 2.0134228 0
"bench_hetero3.csv"	21	0.00026775015	1
1 1 1.4239754 10.811493 -4.922015 6.953457 3.6116698 1 2 7.164235e-10 2 0 0 0 0 1 0 0 2.0134228 0
"bench_hetero3.csv"	2	0.00026029588	1
1 1 1.4239754 10.811493 -4.922015 6.953457 3.6116698 1 2 7.164235e-10 2 0 0 0 0 1 0 0 2.0134228 0
"bench_hetero3.csv"	4	0.00026072178	1
1 1 1.4239754 10.811493 -4.922015 6.953457 3.6116698 1 2 7.164235e-10 2 0 0 0 0 1 0 0 2.0134228 0
"bench_hetero3.csv"	2	0.00026029364	1
1 1 1.4239754 10.811493 -4.922015 6.953457 3.6116698 1 2 7.164235e-10 2 0 0 0 0 1 0 0 2.0134228 0
"bench_hetero3.csv"	4	0.00026018795	1
1 1 1.4239754 10.811493 -4.922015 6.953457 3.6116698 1 2 7.164235e-10 2 0 0 0 0 1 0 0 2.0134228 0
"bench_hetero3.csv"	2	0.00026029183	1
1 1 1.4239754 10.811493 -4.922015 6.953457 3.6116698 1 2 7.164235e-10 2 0 0 0 0 1 0 0 2.0134228 0
"bench_hetero3.csv"	4	0.00026049446	1
1 1 1.4239754 10.811493 -4.922015 6.953457 3.6116698 1 2 7.164235e-10 2 0 0 0 0 1 0 0 2.0134228 0
"bench_hetero3.csv"	12	-0.4499545	1
1 1 1.4239754 10.811493 -4.922015 6.953457 3.6116698 1 2 7.164235e-10 2 0 0 0 0 1 0 0 2.0134228 0
"bench_hetero3.csv"	21	0.00025292976	1
1 1 1.4239754 10.811493 -4.922015 6.953457 3.6116698 1 2 7.164235e-10 2 0 0 0 0 1 0 0 2.0134228 0
"bench_hetero3.csv"	2	0.00026018807	1
1 1 1.4239754 10.811493 -4.922015 6.953457 3.6116698 1 2 7.164235e-10 2 0 0 0 0 1 0 0 2.0134228 0
"bench_hetero3.csv"	1	0.0002601934	1
1 1 1.4239754 10.811493 -4.922015 6.953457 3.6116698 1 2 7.164235e-10 2 0 0 0 0 1 0 0 2.0134228 0
"bench_hetero3.csv"	4	0.00026018506	1
1 1 1.4239754 10.811493 -4.922015 6.953457 3.6116698 1 2 7.164235e-10 2 0 0 0 0 1 0 0 2.0134228 0
"bench_hetero3.csv"	2	0.0002601917	1
1 1 1.4239754 10.811493 -4.922015 6.953457 3.6116698 1 2 7.164235e-10 2 0 0 0 0 1 0 0 2.0134228 0
"bench_hetero3.csv"	4	0.0002456491	1
1 1 1.4239754 10.811493 -4.922015 6.953457 3.6116698 1 2 7.164235e-10 2 0 0 0 0 1 0 0 2.0134228 0
"bench_hetero3.csv"	12	-0.44998862	1
1 1 1.4239754 10.811493 -4.922015 6.953457 3.6116698 1 2 7.164235e-10 2 0 0 0 0 1 0 0 2.0134228 0
"bench_hetero3.csv"	2	0.0002527644	1
1 1 1.4239754 10.811493 -4.922015 6.953457 3.6116698 1 2 7.164235e-10 2 0 0 0 0 1 0 0 2.0134228 0
"bench_hetero3.csv"	4	0.00021086549	1
1 1 1.4239754 10.811493 -4.922015 6.953457 3.6116698 1 2 7.164235e-10 2 0 0 0 0 1 0 0 2.0134228 0
"bench_hetero3.csv"	12	-0.44998862	1
1 1 1.4239754 10.811493 -4.922015 6.953457 3.6116698 1 2 7.164235e-10 2 0 0 0 0 1 0 0 2.0134228 0
"bench_hetero3.csv"	2	0.00024040188	1
1 1 1.4239754 10.811493 -4.922015 6.953457 3.6116698 1 2 7.164235e-10 2 0 0 0 0 1 0 0 2.0134228 0
"bench_hetero3.csv"	4	0.00023805726	1
1 1 1.4239754 10.811493 -4.922015 6.953457 3.6116698 1 2 7.164235e-10 2 0 0 0 0 1 0 0 2.0134228 0
"bench_hetero3.csv"	12	-0.44998862	1
1 1 1.4239754 10.811493 -4.922015 6.953457 3.6116698 1 2 7.164235e-10 2 0 0 0 0 1 0 0 2.0134228 0
"bench_hetero3.csv"	21	0.00023600731	1
1 1 1.4239754 10.811493 -4.922015 6.953457 3.6116698 1 2 7.164235e-10 2 0 0 0 0 1 0 0 2.0134228 0
"bench_hetero3.csv"	2	0.00024436871	1
1 1 1.4239754 10.811493 -4.922015 6.953457 3.6116698 1 2 7.164235e-10 2 0 0 0 0 1 0 0 2.0134228 0
"bench_hetero3.csv"	4	0.00023806381	1
1 1 1.4239754 10.811493 -4.922015 6.953457 3.6116698 1 2 7.164235e-10 2 0 0 0 0 1 0 0 2.0134228 0
"bench_hetero3.csv"	2	0.00023224525	1
1 1 1.4239754 10.811493 -4.922015 6.953457 3.6116698 1 2 7.164235e-10 2 0 0 0 0 1 0 0 2.0134228 0
"bench_hetero3.csv"	4	0.0002443968	1
1 1 1.4239754 10.811493 -4.922015 6.953457 3.6116698 1 2 7.164235e-10 2 0 0 0 0 1 0 0 2.0134228 0
"bench_hetero3.csv"	2	0.00023806224	1
1 1 1.4239754 10.811493 -4.922015 6.953457 3.6116698 1 2 7.164235e-10 2 0 0 0 0 1 0 0 2.0134228 0
"bench_hetero3.csv"	4	0.0002322461	1
1 1 1.4239754 10.811493 -4.922015 6.953457 3.6116698 1 2 7.164235e-10 2 0 0 0 0 1 0 0 2.0134228 0
"bench_hetero3.csv"	4	0.00026619263	1
1 1 1.4239754 10.811493 -4.922015 6.953457 3.6116698 1 2 7.164235e-10 2 0 0 0 0 1 0 0 2.0134228 0
"bench_hetero3.csv"	12	-0.44998851	1
1 1 1.4239754 10.811493 -4.922015 6.953457 3.6116698 1 2 7.164235e-10 2 0 0 0 0 1 0 0 2.0134228 0
"bench_hetero3.csv"	2	0.00020054758	1
1 1 1.4239754 10.811493 -4.922015 6.953457 3.6116698 1 2 7.164235e-10 2 0 0 0 0 1 0 0 2.0134228 0
"bench_hetero3.csv"	4	0.00031144856	1
1 1 1.4239754 10.811493 -4.922015 6.953457 3.6116698 1 2 7.164235e-10 2 0 0 0 0 1 0 0 2.0134228 0
"bench_hetero3.csv"	12	-0.44998851	1
1 1 1.4239754 10.811493 -4.922015 6.953457 3.6116698 1 2 7.164235e-10 2 0 0 0 0 1 0 0 2.0134228 0
"bench_hetero3.csv"	2	0.00023540022	1
1 1 1.4239754 10.811493 -4.922015 6.953457 3.6116698 1 2 7.164235e-10 2 0 0 0 0 1 0 0 2.0134228 0
"bench_hetero3.csv"	4	0.00019967665	1
1 1 1.4239754 10.811493 -4.922015 6.953457 3.6116698 1 2 7.164235e-10 2 0 0 0 0 1 0 0 2.0134228 0
"bench_hetero3.csv"	12	-0.44998851	1
1 1 1.4239754 10.811493 -4.922015 6.953457 3.6116698 1 2 7.164235e-10 2 0 0 0 0 1 0 0 2.0134228 0
"bench_hetero3.csv"	21	0.00020087247	1
1 1 1.4239754 10.811493 -4.922015 6.953457 3.6116698 1 2 7.164235e-10 2 0 0 0 0 1 0 0 2.0134228 0
"bench_hetero3.csv"	2	0.00019413544	1
1 1 1.4239754 10.811493 -4.922015 6.953457 3.6116698 1 2 7.164235e-10 2 0 0 0 0 1 0 0 2.0134228 0
"bench_hetero3.csv"	4	0.00019466514	1
1 1 1.4239754 10.811493 -4.922015 6.953457 3.6116698 1 2 7.164235e-10 2 0 0 0 0 1 0 0 2.0134228 0
"bench_hetero3.csv"	2	0.0001997345	1
1 1 1.4239754 10.811493 -4.922015 6.953457 3.6116698 1 2 7.164235e-10 2 0 0 0 0 1 0 0 2.0134228 0
"bench_hetero3.csv"	4	0.00019895639	1
1 1 1.4239754 10.811493 -4.922015 6.953457 3.6116698 1 2 7.164235e-10 2 0 0 0 0 1 0 0 2.0134228 0
"bench_hetero3.csv"	2	0.00019971493	1
1 1 1.4239754 10.811493 -4.922015 6.953457 3.6116698 1 2 7.164235e-10 2 0 0 0 0 1 0 0 2.0134228 0
"bench_hetero3.csv"	4	0.00019972236	1
1 1 1.4239754 10.811493 -4.922015 6.953457 3.6116698 1 2 7.164235e-10 2 0 0 0 0 1 0 0 2.0134228 0
"bench_hetero3.csv"	4	0.00025504651	1
1 1 1.4239754 10.811493 -4.922015 6.953457 3.6116698 1 2 7.164235e-10 2 0 0 0 0 1 0 0 2.0134228 0
"bench_hetero3.csv"	12	-0.44995273	1
1 1 1.4239754 10.811493 -4.922015 6.953457 3.6116698 1 2 7.164235e-10 2 0 0 0 0 1 0 0 2.0134228 0
"bench_hetero3.csv"	21	0.00026263439	1
1 1 1.4239754 10.811493 -4.922015 6.953457 3.6116698 1 2 7.164235e-10 2 0 0 0 0 1 0 0 2.0134228 0
"bench_hetero3.csv"	2	0.00025499699	1
1 1 1.4239754 10.811493 -4.922015 6.953457 3.6116698 1 2 7.164235e-10 2 0 0 0 0 1 0 0 2.0134228 0
"bench_hetero3.csv"	4	0.00025499328	1
1 1 1.4239754 10.811493 -4.922015 6.953457 3.6116698 1 2 7.164235e-10 2 0 0 0 0 1 0 0 2.0134228 0
"bench_hetero3.csv"	2	0.00026425701	1
1 1 1.4239754 10.811493 -4.922015 6.953457 3.6116698 1 2 7.164235e-10 2 0 0 0 0 1 0 0 2.0134228 0
"bench_hetero3.csv"	4	0.00025500707	1
1 1 1.4239754 10.811493 -4.922015 6.953457 3.6116698 1 2 7.164235e-10 2 0 0 0 0 1 0 0 2.0134228 0
"bench_hetero3.csv"	2	0.00025499826	1
1 1 1.4239754 10.811493 -4.922015 6.953457 3.6116698 1 2 7.164235e-10 2 0 0 0 0 1 0 0 2.0134228 0
"bench_hetero3.csv"	4	0.0002550096	1
1 1 1.4239754 10.811493 -4.922015 6.953457 3.6116698 1 2 7.164235e-10 2 0 0 0 0 1 0 0 2.0134228 0
"bench_hetero3.csv"	12	-0.44995273	1
1 1 1.4239754 10.811493 -4.922015 6.953457 3.6116698 1 2 7.164235e-10 2 0 0 0 0 1 0 0 2.0134228 0
"bench_hetero3.csv"	21	0.00026254611	1
1 1 1.4239754 10.811493 -4.922015 6.953457 3.6116698 1 2 7.164235e-10 2 0 0 0 0 1 0 0 2.0134228 0
"bench_hetero3.csv"	2	0.00025495445	1
1 1 1.4239754 10.811493 -4.922015 6.953457 3.6116698 1 2 7.164235e-10 2 0 0 0 0 1 0 0 2.0134228 0
"bench_hetero3.csv"	4	0.0002627633	1
1 1 1.4239754 10.811493 -4.922015 6.953457 3.6116698 1 2 7.164235e-10 2 0 0 0 0 1 0 0 2.0134228 0
"bench_hetero3.csv"	12	-0.44995273	1
1 1 1.4239754 10.811493 -4.922015 6.953457 3.6116698 1 2 7.164235e-10 2 0 0 0 0 1 0 0 2.0134228 0
"bench_hetero3.csv"	2	0.00021382954	1
1 1 1.4239754 10.811493 -4.922015 6.953457 3.6116698 1 2 7.164235e-10 2 0 0 0 0 1 0 0 2.0134228 0
"bench_hetero3.csv"	4	0.00023691692	1
1 1 1.4239754 10.811493 -4.922015 6.953457 3.6116698 1 2 7.164235e-10 2 0 0 0 0 1 0 0 2.0134228 0
"bench_hetero3.csv"	2	0.00024108968	1
1 1 1.4239754 10.811493 -4.922015 6.953457 3.6116698 1 2 7.164235e-10 2 0 0 0 0 1 0 0 2.0134228 0
"bench_hetero3.csv"	4	0.00023704666	1
1 1 1.4239754 10.811493 -4.922015 6.953457 3.6116698 1 2 7.164235e-10 2 0 0 0 0 1 0 0 2.0134228 0
"bench_hetero3.csv"	12	-0.44995556	1
1 1 1.4239754 10.811493 -4.922015 6.953457 3.6116698 1 2 7.164235e-10 2 0 0 0 0 1 0 0 2.0134228 0
"bench_hetero3.csv"	21	0.00024100958	1
1 1 1.4239754 10.811493 -4.922015 6.953457 3.6116698 1 2 7.164235e-10 2 0 0 0 0 1 0 0 2.0134228 0
"bench_hetero3.csv"	2	0.00024428123	1
1 1 1.4239754 10.811493 -4.922015 6.953457 3.6116698 1 2 7.164235e-10 2 0 0 0 0 1 0 0 2.0134228 0
"bench_hetero3.csv"	4	0.00024108712	1
1 1 1.4239754 10.811493 -4.922015 6.953457 3.6116698 1 2 7.164235e-10 2 0 0 0 0 1 0 0 2.0134228 0
"bench_hetero3.csv"	12	-0.44995556	1
1 1 1.4239754 10.811493 -4.922015 6.953457 3.6116698 1 2 7.164235e-10 2 0 0 0 0 1 0 0 2.0134228 0
"bench_hetero3.csv"	21	0.00023734873	1
1 1 1.4239754 10.811493 -4.922015 6.953457 3.6116698 1 2 7.164235e-10 2 0 0 0 0 1 0 0 2.0134228 0
"bench_hetero3.csv"	2	0.0002397965	1
1 1 1.4239754 10.811493 -4.922015 6.953457 3.6116698 1 2 7.164235e-10 2 0 0 0 0 1 0 0 2.0134228 0
"bench_hetero3.csv"	4	0.00023979797	1
1 1 1.4239754 10.811493 -4.922015 6.953457 3.6116698 1 2 7.164235e-10 2 0 0 0 0 1 0 0 2.0134228 0
"bench_hetero3.csv"	2	0.00023978285	1
1 1 1.4239754 10.811493 -4.922015 6.953457 3.6116698 1 2 7.164235e-10 2 0 0 0 0 1 0 0 2.0134228 0
"bench_hetero3.csv"	4	0.00023979063	1
1 1 1.4239754 10.811493 -4.922015 6.953457 3.6116698 1 2 7.164235e-10 2 0 0 0 0 1 0 0 2.0134228 0
"bench_hetero3.csv"	2	0.00023979	1
1 1 1.4239754 10.811493 -4.922015 6.953457 3.6116698 1 2 7.164235e-10 2 0 0 0 0 1 0 0 2.0134228 0
"bench_hetero3.csv"	4	0.00023979595	1
1 1 1.4239754 10.811493 -4.922015 6.953457 3.6116698 1 2 7.164235e-10 2 0 0 0 0 1 0 0 2.0134228 0
"bench_hetero3.csv"	4	0.00022443175	1
1 1 1.4239754 10.811493 -4.922015 6.953457 3.6116698 1 2 7.164235e-10 2 0 0 0 0 1 0 0 2.0134228 0
"bench_hetero3.csv"	2	0.00022869459	1
1 1 1.4239754 10.811493 -4.922015 6.953457 3.6116698 1 2 7.164235e-10 2 0 0 0 0 1 0 0 2.0134228 0
"bench_hetero3.csv"	4	0.00020524302	1
1 1 1.4239754 10.811493 -4.922015 6.953457 3.6116698 1 2 7.164235e-10 2 0 0 0 0 1 0 0 2.0134228 0
"bench_hetero3.csv"	12	-0.44995856	1
1 1 1.4239754 10.811493 -4.922015 6.953457 3.6116698 1 2 7.164235e-10 2 0 0 0 0 1 0 0 2.0134228 0
"bench_hetero3.csv"	21	0.00020727069	1
1 1 1.4239754 10.811493 -4.922015 6.953457 3.6116698 1 2 7.164235e-10 2 0 0 0 0 1 0 0 2.0134228 0
"bench_hetero3.csv"	2	0.00022807117	1
1 1 1.4239754 10.811493 -4.922015 6.953457 3.6116698 1 2 7.164235e-10 2 0 0 0 0 1 0 0 2.0134228 0
"bench_hetero3.csv"	1	0.00021367139	1
1 1 1.4239754 10.811493 -4.922015 6.953457 3.6116698 1 2 7.164235e-10 2 0 0 0 0 1 0 0 2.0134228 0
"bench_hetero3.csv"	4	0.00023105418	1
1 1 1.4239754 10.811493 -4.922015 6.953457 3.6116698 1 2 7.164235e-10 2 0 0 0 0 1 0 0 2.0134228 0
"bench_hetero3.csv"	2	0.00023105399	1
1 1 1.4239754 10.811493 -4.922015 6.953457 3.6116698 1 2 7.164235e-10 2 0 0 0 0 1 0 0 2.0134228 0
"bench_hetero3.csv"	4	0.00012596674	1
1 1 1.4239754 10.811493 -4.922015 6.953457 3.6116698 1 2 7.164235e-10 2 0 0 0 0 1 0 0 2.0134228 0
"bench_hetero3.csv"	2	0.00010044135	1
1 1 1.4239754 10.811493 -4.922015 6.953457 3.6116698 1 2 7.164235e-10 2 0 0 0 0 1 0 0 2.0134228 0
"bench_hetero3.csv"	4	0.00010911522	1
1 1 1.4239754 10.811493 -4.922015 6.953457 3.6116698 1 2 7.164235e-10 2 0 0 0 0 1 0 0 2.0134228 0
"bench_hetero3.csv"	12	-0.44998277	1
1 1 1.4239754 10.811493 -4.922015 6.953457 3.6116698 1 2 7.164235e-10 2 0 0 0 0 1 0 0 2.0134228 0
"bench_hetero3.csv"	21	0.00014600606	1
1 1 1.4239754 10.811493 -4.922015 6.953457 3.6116698 1 2 7.164235e-10 2 0 0 0 0 1 0 0 2.0134228 0
"bench_hetero3.csv"	2	0.0001268837	1
1 1 1.4239754 10.811493 -4.922015 6.953457 3.6116698 1 2 7.164235e-10 2 0 0 0 0 1 0 0 2.0134228 0
"bench_hetero3.csv"	1	0.00012723922	1
1 1 1.4239754 10.811493 -4.922015 6.953457 3.6116698 1 2 7.164235e-10 2 0 0 0 0 1 0 0 2.0134228 0
"bench_hetero3.csv"	4	0.00012723613	1
1 1 1.4239754 10.811493 -4.922015 6.953457 3.6116698 1 2 7.164235e-10 2 0 0 0 0 1 0 0 2.0134228 0
"bench_hetero3.csv"	2	0.00012723154	1
1 1 1.4239754 10.811493 -4.922015 6.953457 3.6116698 1 2 7.164235e-10 2 0 0 0 0 1 0 0 2.0134228 0
"bench_hetero3.csv"	4	0.00016545786	1
1 1 1.4239754 10.811493 -4.922015 6.953457 3.6116698 1 2 7.164235e-10 2 0 0 0 0 1 0 0 2.0134228 0
"bench_hetero3.csv"	2	0.00016512013	1
1 1 1.4239754 10.811493 -4.922015 6.953457 3.6116698 1 2 7.164235e-10 2 0 0 0 0 1 0 0 2.0134228 0
"bench_hetero3.csv"	4	0.00018217639	1
1 1 1.4239754 10.811493 -4.922015 6.953457 3.6116698 1 2 7.164235e-10 2 0 0 0 0 1 0 0 2.0134228 0
"bench_hetero3.csv"	12	-0.44997636	1
1 1 1.4239754 10.811493 -4.922015 6.953457 3.6116698 1 2 7.164235e-10 2 0 0 0 0 1 0 0 2.0134228 0
"bench_hetero3.csv"	21	0.00017421812	1
1 1 1.4239754 10.811493 -4.922015 6.953457 3.6116698 1 2 7.164235e-10 2 0 0 0 0 1 0 0 2.0134228 0
"bench_hetero3.csv"	2	0.00017754796	1
1 1 1.4239754 10.811493 -4.922015 6.953457 3.6116698 1 2 7.164235e-10 2 0 0 0 0 1 0 0 2.0134228 0
"bench_hetero3.csv"	4	0.00017614422	1
1 1 1.4239754 10.811493 -4.922015 6.953457 3.6116698 1 2 7.164235e-10 2 0 0 0 0 1 0 0 2.0134228 0
"bench_hetero3.csv"	12	-0.44997636	1
1 1 1.4239754 10.811493 -4.922015 6.953457 3.6116698 1 2 7.164235e-10 2 0 0 0 0 1 0 0 2.0134228 0
"bench_hetero3.csv"	21	0.00017693359	1
1 1 1.4239754 10.811493 -4.922015 6.953457 3.6116698 1 2 7.164235e-10 2 0 0 0 0 1 0 0 2.0134228 0
"bench_hetero3.csv"	2	0.00016816143	1
1 1 1.4239754 10.811493 -4.922015 6.953457 3.6116698 1 2 7.164235e-10 2 0 0 0 0 1 0 0 2.0134228 0
"bench_hetero3.csv"	4	0.00017614678	1
1 1 1.4239754 10.811493 -4.922015 6.953457 3.6116698 1 2 7.164235e-10 2 0 0 0 0 1 0 0 2.0134228 0
"bench_hetero3.csv"	2	0.00016513262	1
1 1 1.4239754 10.811493 -4.922015 6.953457 3.6116698 1 2 7.164235e-10 2 0 0 0 0 1 0 0 2.0134228 0
"bench_hetero3.csv"	4	0.00016510135	1
1 1 1.4239754 10.811493 -4.922015 6.953457 3.6116698 1 2 7.164235e-10 2 0 0 0 0 1 0 0 2.0134228 0
"bench_hetero3.csv"	2	0.00017615084	1
1 1 1.4239754 10.811493 -4.922015 6.953457 3.6116698 1 2 7.164235e-10 2 0 0 0 0 1 0 0 2.0134228 0
"bench_hetero3.csv"	4	0.00016514225	1
1 1 1.4239754 10.811493 -4.922015 6.953457 3.6116698 1 2 7.164235e-10 2 0 0 0 0 1 0 0 2.0134228 0
"bench_hetero3.csv"	4	0.00012106266	1
1 1 1.4239754 10.811493 -4.922015 6.953457 3.6116698 1 2 7.164235e-10 2 0 0 0 0 1 0 0 2.0134228 0
"bench_hetero3.csv"	2	8.9108778e-05	1
1 1 1.4239754 10.811493 -4.922015 6.953457 3.6116698 1 2 7.164235e-10 2 0 0 0 0 1 0 0 2.0134228 0
"bench_hetero3.csv"	4	7.1726401e-05	1
1 1 1.4239754 10.811493 -4.922015 6.953457 3.6116698 1 2 7.164235e-10 2 0 0 0 0 1 0 0 2.0134228 0
"bench_hetero3.csv"	12	-0.44999623	1
1 1 1.4239754 10.811493 -4.922015 6.953457 3.6116698 1 2 7.164235e-10 2 0 0 0 0 1 0 0 2.0134228 0
"bench_hetero3.csv"	21	0.00010439174	1
1 1 1.4239754 10.811493 -4.922015 6.953457 3.6116698 1 2 7.164235e-10 2 0 0 0 0 1 0 0 2.0134228 0
"bench_hetero3.csv"	2	0.00011846712	1
1 1 1.4239754 10.811493 -4.922015 6.953457 3.6116698 1 2 7.164235e-10 2 0 0 0 0 1 0 0 2.0134228 0
"bench_hetero3.csv"	4	0.00010092451	1
1 1 1.4239754 10.811493 -4.922015 6.953457 3.6116698 1 2 7.164235e-10 2 0 0 0 0 1 0 0 2.0134228 0
"bench_hetero3.csv"	12	-0.44999623	1
1 1 1.4239754 10.811493 -4.922015 6.953457 3.6116698 1 2 7.164235e-10 2 0 0 0 0 1 0 0 2.0134228 0
"bench_hetero3.csv"	21	0.00011559563	1
1 1 1.4239754 10.811493 -4.922015 6.953457 3.6116698 1 2 7.164235e-10 2 0 0 0 0 1 0 0 2.0134228 0
"bench_hetero3.csv"	2	0.00012132759	1
1 1 1.4239754 10.811493 -4.922015 6.953457 3.6116698 1 2 7.164235e-10 2 0 0 0 0 1 0 0 2.0134228 0
"bench_hetero3.csv"	4	0.00011886989	1
1 1 1.4239754 10.811493 -4.922015 6.953457 3.6116698 1 2 7.164235e-10 2 0 0 0 0 1 0 0 2.0134228 0
"bench_hetero3.csv"	2	0.00010093977	1
1 1 1.4239754 10.811493 -4.922015 6.953457 3.6116698 1 2 7.164235e-10 2 0 0 0 0 1 0 0 2.0134228 0
"bench_hetero3.csv"	4	0.00010092843	1
1 1 1.4239754 10.811493 -4.922015 6.953457 3.6116698 1 2 7.164235e-10 2 0 0 0 0 1 0 0 2.0134228 0
"bench_hetero3.csv"	2	0.00010090581	1
1 1 1.4239754 10.811493 -4.922015 6.953457 3.6116698 1 2 7.164235e-10 2 0 0 0 0 1 0 0 2.0134228 0
"bench_hetero3.csv"	4	0.00010110581	1
1 1 1.4239754 10.811493 -4.922015 6.953457 3.6116698 1 2 7.164235e-10 2 0 0 0 0 1 0 0 2.0134228 0
"bench_hetero3.csv"	4	0.00014046475	1
1 1 1.4239754 10.811493 -4.922015 6.953457 3.6116698 1 2 7.164235e-10 2 0 0 0 0 1 0 0 2.0134228 0
"bench_hetero3.csv"	2	0.00014147027	1
1 1 1.4239754 10.811493 -4.922015 6.953457 3.6116698 1 2 7.164235e-10 2 0 0 0 0 1 0 0 2.0134228 0
"bench_hetero3.csv"	4	0.00014090253	1
1 1 1.4239754 10.811493 -4.922015 6.953457 3.6116698 1 2 7.164235e-10 2 0 0 0 0 1 0 0 2.0134228 0
"bench_hetero3.csv"	12	-0.45000004	1
1 1 1.4239754 10.811493 -4.922015 6.953457 3.6116698 1 2 7.164235e-10 2 0 0 0 0 1 0 0 2.0134228 0
"bench_hetero3.csv"	21	0.00014171725	1
1 1 1.4239754 10.811493 -4.922015 6.953457 3.6116698 1 2 7.164235e-10 2 0 0 0 0 1 0 0 2.0134228 0
"bench_hetero3.csv"	2	0.00013978056	1
1 1 1.4239754 10.811493 -4.922015 6.953457 3.6116698 1 2 7.164235e-10 2 0 0 0 0 1 0 0 2.0134228 0
"bench_hetero3.csv"	4	0.00013972883	1
1 1 1.4239754 10.811493 -4.922015 6.953457 3.6116698 1 2 7.164235e-10 2 0 0 0 0 1 0 0 2.0134228 0
"bench_hetero3.csv"	12	-0.45000004	1
1 1 1.4239754 10.811493 -4.922015 6.953457 3.6116698 1 2 7.164235e-10 2 0 0 0 0 1 0 0 2.0134228 0
"bench_hetero3.csv"	21	0.00014108904	1
1 1 1.4239754 10.811493 -4.922015 6.953457 3.6116698 1 2 7.164235e-10 2 0 0 0 0 1 0 0 2.0134228 0
"bench_hetero3.csv"	2	0.00014033939	1
1 1 1.4239754 10.811493 -4.922015 6.953457 3.6116698 1 2 7.164235e-10 2 0 0 0 0 1 0 0 2.0134228 0
"bench_hetero3.csv"	4	0.00013971968	1
1 1 1.4239754 10.811493 -4.922015 6.953457 3.6116698 1 2 7.164235e-10 2 0 0 0 0 1 0 0 2.0134228 0
"bench_hetero3.csv"	2	0.000139736	1
1 1 1.4239754 10.811493 -4.922015 6.953457 3.6116698 1 2 7.164235e-10 2 0 0 0 0 1 0 0 2.0134228 0
"bench_hetero3.csv"	4	0.00013973155	1
1 1 1.4239754 10.811493 -4.922015 6.953457 3.6116698 1 2 7.164235e-10 2 0 0 0 0 1 0 0 2.0134228 0
"bench_hetero3.csv"	2	0.00013973488	1
1 1 1.4239754 10.811493 -4.922015 6.953457 3.6116698 1 2 7.164235e-10 2 0 0 0 0 1 0 0 2.0134228 0
"bench_hetero3.csv"	4	0.0001397369	1
1 1 1.4239754 10.811493 -4.922015 6.953457 3.6116698 1 2 7.164235e-10 2 0 0 0 0 1 0 0 2.0134228 0
"bench_hetero3.csv"	4	1.4193395e-05	1
1 1 1.4239754 10.811493 -4.922015 6.953457 3.6116698 1 2 7.164235e-10 2 0 0 0 0 1 0 0 2.0134228 0
"bench_hetero3.csv"	2	1.0983237e-05	1
1 1 1.4239754 10.811493 -4.922015 6.953457 3.6116698 1 2 7.164235e-10 2 0 0 0 0 1 0 0 2.0134228 0
"bench_hetero3.csv"	12	-0.45009729	1
1 1 1.4239754 10.811493 -4.922015 6.953457 3.6116698 1 2 7.164235e-10 2 0 0 0 0 1 0 0 2.0134228 0
"bench_hetero3.csv"	2	1.4260578e-05	1
1 1 1.4239754 10.811493 -4.922015 6.953457 3.6116698 1 2 7.164235e-10 2 0 0 0 0 1 0 0 2.0134228 0
"bench_hetero3.csv"	1	2.9717152e-05	1
1 1 1.4239754 10.811493 -4.922015 6.953457 3.6116698 1 2 7.164235e-10 2 0 0 0 0 1 0 0 2.0134228 0
"bench_hetero3.csv"	4	2.9717152e-05	1
1 1 1.4239754 10.811493 -4.922015 6.953457 3.6116698 1 2 7.164235e-10 2 0 0 0 0 1 0 0 2.0134228 0
"bench_hetero3.csv"	2	2.9717152e-05	1
1 1 1.4239754 10.811493 -4.922015 6.953457 3.6116698 1 2 7.164235e-10 2 0 0 0 0 1 0 0 2.0134228 0
"bench_hetero3.csv"	4	7.9908887e-05	1
1 1 1.4239754 10.811493 -4.922015 6.953457 3.6116698 1 2 7.164235e-10 2 0 0 0 0 1 0 0 2.0134228 0
"bench_hetero3.csv"	12	-0.44994027	1
1 1 1.4239754 10.811493 -4.922015 6.953457 3.6116698 1 2 7.164235e-10 2 0 0 0 0 1 0 0 2.0134228 0
"bench_hetero3.csv"	2	0.00013342342	1
1 1 1.4239754 10.811493 -4.922015 6.953457 3.6116698 1 2 7.164235e-10 2 0 0 0 0 1 0 0 2.0134228 0
"bench_hetero3.csv"	4	2.3856951e-05	1
1 1 1.4239754 10.811493 -4.922015 6.953457 3.6116698 1 2 7.164235e-10 2 0 0 0 0 1 0 0 2.0134228 0
"bench_hetero3.csv"	12	-0.44994027	1
1 1 1.4239754 10.811493 -4.922015 6.953457 3.6116698 1 2 7.164235e-10 2 0 0 0 0 1 0 0 2.0134228 0
"bench_hetero3.csv"	2	0.00014768583	1
1 1 1.4239754 10.811493 -4.922015 6.953457 3.6116698 1 2 7.164235e-10 2 0 0 0 0 1 0 0 2.0134228 0
"bench_hetero3.csv"	1	0.00010757442	1
1 1 1.4239754 10.811493 -4.922015 6.953457 3.6116698 1 2 7.164235e-10 2 0 0 0 0 1 0 0 2.0134228 0
"bench_hetero3.csv"	4	0.00010760757	1
1 1 1.4239754 10.811493 -4.922015 6.953457 3.6116698 1 2 7.164235e-10 2 0 0 0 0 1 0 0 2.0134228 0
"bench_hetero3.csv"	2	0.00010751788	1
1 1 1.4239754 10.811493 -4.922015 6.953457 3.6116698 1 2 7.164235e-10 2 0 0 0 0 1 0 0 2.0134228 0
"bench_hetero3.csv"	4	5.2348059e-05	1
1 1 1.4239754 10.811493 -4.922015 6.953457 3.6116698 1 2 7.164235e-10 2 0 0 0 0 1 0 0 2.0134228 0
"bench_hetero3.csv"	2	5.2474579e-05	1
1 1 1.4239754 10.811493 -4.922015 6.953457 3.6116698 1 2 7.164235e-10 2 0 0 0 0 1 0 0 2.0134228 0
"bench_hetero3.csv"	4	5.2346089e-05	1
1 1 1.4239754 10.811493 -4.922015 6.953457 3.6116698 1 2 7.164235e-10 2 0 0 0 0 1 0 0 2.0134228 0
"bench_hetero3.csv"	12	-0.45004443	1
1 1 1.4239754 10.811493 -4.922015 6.953457 3.6116698 1 2 7.164235e-10 2 0 0 0 0 1 0 0 2.0134228 0
"bench_hetero3.csv"	21	3.0651511e-05	1
1 1 1.4239754 10.811493 -4.922015 6.953457 3.6116698 1 2 7.164235e-10 2 0 0 0 0 1 0 0 2.0134228 0
"bench_hetero3.csv"	2	5.2633764e-05	1
1 1 1.4239754 10.811493 -4.922015 6.953457 3.6116698 1 2 7.164235e-10 2 0 0 0 0 1 0 0 2.0134228 0
"bench_hetero3.csv"	1	4.1349333e-05	1
1 1 1.4239754 10.811493 -4.922015 6.953457 3.6116698 1 2 7.164235e-10 2 0 0 0 0 1 0 0 2.0134228 0
"bench_hetero3.csv"	4	5.2654224e-05	1
1 1 1.4239754 10.811493 -4.922015 6.953457 3.6116698 1 2 7.164235e-10 2 0 0 0 0 1 0 0 2.0134228 0
"bench_hetero3.csv"	2	5.239587e-05	1
1 1 1.4239754 10.811493 -4.922015 6.953457 3.6116698 1 2 7.164235e-10 2 0 0 0 0 1 0 0 2.0134228 0
"bench_hetero3.csv"	4	7.2698459e-05	1
1 1 1.4239754 10.811493 -4.922015 6.953457 3.6116698 1 2 7.164235e-10 2 0 0 0 0 1 0 0 2.0134228 0
"bench_hetero3.csv"	2	7.3188955e-05	1
1 1 1.4239754 10.811493 -4.922015 6.953457 3.6116698 1 2 7.164235e-10 2 0 0 0 0 1 0 0 2.0134228 0
"bench_hetero3.csv"	4	7.3038722e-05	1
1 1 1.4239754 10.811493 -4.922015 6.953457 3.6116698 1 2 7.164235e-10 2 0 0 0 0 1 0 0 2.0134228 0
"bench_hetero3.csv"	12	-0.44997852	1
1 1 1.4239754 10.811493 -4.922015 6.953457 3.6116698 1 2 7.164235e-10 2 0 0 0 0 1 0 0 2.0134228 0
"bench_hetero3.csv"	21	8.8393619e-05	1
1 1 1.4239754 10.811493 -4.922015 6.953457 3.6116698 1 2 7.164235e-10 2 0 0 0 0 1 0 0 2.0134228 0
"bench_hetero3.csv"	2	7.2967458e-05	1
1 1 1.4239754 10.811493 -4.922015 6.953457 3.6116698 1 2 7.164235e-10 2 0 0 0 0 1 0 0 2.0134228 0
"bench_hetero3.csv"	1	7.3002473e-05	1
1 1 1.4239754 10.811493 -4.922015 6.953457 3.6116698 1 2 7.164235e-10 2 0 0 0 0 1 0 0 2.0134228 0
"bench_hetero3.csv"	4	7.3244676e-05	1
1 1 1.4239754 10.811493 -4.922015 6.953457 3.6116698 1 2 7.164235e-10 2 0 0 0 0 1 0 0 2.0134228 0
"bench_hetero3.csv"	2	7.3025737e-05	1
1 1 1.4239754 10.811493 -4.922015 6.953457 3.6116698 1 2 7.164235e-10 2 0 0 0 0 1 0 0 2.0134228 0
"bench_hetero3.csv"	4	0.00011756553	1
1 1 1.4239754 10.811493 -4.922015 6.953457 3.6116698 1 2 7.164235e-10 2 0 0 0 0 1 0 0 2.0134228 0
"bench_hetero3.csv"	2	0.00011752263	1
1 1 1.4239754 10.811493 -4.922015 6.953457 3.6116698 1 2 7.164235e-10 2 0 0 0 0 1 0 0 2.0134228 0
"bench_hetero3.csv"	4	0.00010813318	1
1 1 1.4239754 10.811493 -4.922015 6.953457 3.6116698 1 2 7.164235e-10 2 0 0 0 0 1 0 0 2.0134228 0
"bench_hetero3.csv"	12	-0.44997689	1
1 1 1.4239754 10.811493 -4.922015 6.953457 3.6116698 1 2 7.164235e-10 2 0 0 0 0 1 0 0 2.0134228 0
"bench_hetero3.csv"	21	9.7383957e-05	1
1 1 1.4239754 10.811493 -4.922015 6.953457 3.6116698 1 2 7.164235e-10 2 0 0 0 0 1 0 0 2.0134228 0
"bench_hetero3.csv"	2	0.00010730752	1
1 1 1.4239754 10.811493 -4.922015 6.953457 3.6116698 1 2 7.164235e-10 2 0 0 0 0 1 0 0 2.0134228 0
"bench_hetero3.csv"	1	0.00010941233	1
1 1 1.4239754 10.811493 -4.922015 6.953457 3.6116698 1 2 7.164235e-10 2 0 0 0 0 1 0 0 2.0134228 0
"bench_hetero3.csv"	4	0.00011967761	1
1 1 1.4239754 10.811493 -4.922015 6.953457 3.6116698 1 2 7.164235e-10 2 0 0 0 0 1 0 0 2.0134228 0
"bench_hetero3.csv"	2	0.00011756573	1
1 1 1.4239754 10.811493 -4.922015 6.953457 3.6116698 1 2 7.164235e-10 2 0 0 0 0 1 0 0 2.0134228 0
"bench_stripes20.csv"	1	-0.24622444	1
1 1 0.53333333 0.24888889 0 1 2.0044593 0.017581119 0.12007965 0.01218416 2 0 0 0 0 1 1 1 460.19328 0
"bench_stripes20.csv"	2	5.4512339e-06	1
1 1 0.53333333 0.24888889 0 1 2.0044593 0.017581119 0.12007965 0.01218416 2 0 0 0 0 1 1 1 460.19328 0
"bench_stripes20.csv"	5	5.8014527e-06	1
1 1 0.53333333 0.24888889 0 1 2.0044593 0.017581119 0.12007965 0.01218416 2 0 0 0 0 1 1 1 460.19328 0
"bench_stripes20.csv"	4	5.8014527e-06	1
1 1 0.53333333 0.24888889 0 1 2.0044593 0.017581119 0.12007965 0.01218416 2 0 0 0 0 1 1 1 460.19328 0
"bench_stripes20.csv"	3	5.3268837e-06	1
1 1 0.53333333 0.24888889 0 1 2.0044593 0.017581119 0.12007965 0.01218416 2 0 0 0 0 1 1 1 460.19328 0
"bench_stripes20.csv"	2	0.0023026784	1
1 1 0.53333333 0.24888889 0 1 2.0044593 0.017581119 0.12007965 0.01218416 2 0 0 0 0 1 1 1 460.19328 0
"bench_stripes20.csv"	4	0.000426674	1
1 1 0.53333333 0.24888889 0 1 2.0044593 0.017581119 0.12007965 0.01218416 2 0 0 0 0 1 1 1 460.19328 0
"bench_stripes20.csv"	3	3.3113414e-07	1
1 1 0.53333333 0.24888889 0 1 2.0044593 0.017581119 0.12007965 0.01218416 2 0 0 0 0 1 1 1 460.19328 0
"bench_stripes20.csv"	4	0.00011771206	1
1 1 0.53333333 0.24888889 0 1 2.0044593 0.017581119 0.12007965 0.01218416 2 0 0 0 0 1 1 1 460.19328 0
"bench_stripes20.csv"	3	0.00028320549	1
1 1 0.53333333 0.24888889 0 1 2.0044593 0.017581119 0.12007965 0.01218416 2 0 0 0 0 1 1 1 460.19328 0
"bench_stripes20.csv"	2	0.00021840096	1
1 1 0.53333333 0.24888889 0 1 2.0044593 0.017581119 0.12007965 0.01218416 2 0 0 0 0 1 1 1 460.19328 0
"bench_stripes20.csv"	5	3.3766857e-05	1
1 1 0.53333333 0.24888889 0 1 2.0044593 0.017581119 0.12007965 0.01218416 2 0 0 0 0 1 1 1 460.19328 0
"bench_stripes20.csv"	4	0.0024461631	1
1 1 0.53333333 0.24888889 0 1 2.0044593 0.017581119 0.12007965 0.01218416 2 0 0 0 0 1 1 1 460.19328 0
"bench_stripes20.csv"	21	0.0060881447	1
1 1 0.53333333 0.24888889 0 1 2.0044593 0.017581119 0.12007965 0.01218416 2 0 0 0 0 1 1 1 460.19328 0
"bench_stripes20.csv"	2	0.0048688085	1
1 1 0.53333333 0.24888889 0 1 2.0044593 0.017581119 0.12007965 0.01218416 2 0 0 0 0 1 1 1 460.19328 0
"bench_stripes20.csv"	12	0.0059564838	1
1 1 0.53333333 0.24888889 0 1 2.0044593 0.017581119 0.12007965 0.01218416 2 0 0 0 0 1 1 1 460.19328 0
"bench_stripes20.csv"	5	0.0034082289	1
1 1 0.53333333 0.24888889 0 1 2.0044593 0.017581119 0.12007965 0.01218416 2 0 0 0 0 1 1 1 460.19328 0
"bench_stripes20.csv"	14	0.0056229794	1
1 1 0.53333333 0.24888889 0 1 2.0044593 0.017581119 0.12007965 0.01218416 2 0 0 0 0 1 1 1 460.19328 0
"bench_stripes20.csv"	4	0.0050891814	1
1 1 0.53333333 0.24888889 0 1 2.0044593 0.017581119 0.12007965 0.01218416 2 0 0 0 0 1 1 1 460.19328 0
"bench_stripes20.csv"	3	0.0027013525	1
1 1 0.53333333 0.24888889 0 1 2.0044593 0.017581119 0.12007965 0.01218416 2 0 0 0 0 1 1 1 460.19328 0
"bench_stripes20.csv"	5	0.0040830326	1
1 1 0.53333333 0.24888889 0 1 2.0044593 0.017581119 0.12007965 0.01218416 2 0 0 0 0 1 1 1 460.19328 0
"bench_stripes20.csv"	4	0.0040830326	1
1 1 0.53333333 0.24888889 0 1 2.0044593 0.017581119 0.12007965 0.01218416 2 0 0 0 0 1 1 1 460.19328 0
"bench_stripes20.csv"	3	0.0039246501	1
1 1 0.53333333 0.24888889 0 1 2.0044593 0.017581119 0.12007965 0.01218416 2 0 0 0 0 1 1 1 460.19328 0
"bench_stripes20.csv"	1	0.011715571	1
1 1 0.53333333 0.24888889 0 1 2.0044593 0.017581119 0.12007965 0.01218416 2 0 0 0 0 1 1 1 460.19328 0
"bench_stripes20.csv"	2	0.0047314076	1
1 1 0.53333333 0.24888889 0 1 2.0044593 0.017581119 0.12007965 0.01218416 2 0 0 0 0 1 1 1 460.19328 0
"bench_stripes20.csv"	5	0.0011195274	1
1 1 0.53333333 0.24888889 0 1 2.0044593 0.017581119 0.12007965 0.01218416 2 0 0 0 0 1 1 1 460.19328 0
"bench_stripes20.csv"	4	0.0012979571	1
1 1 0.53333333 0.24888889 0 1 2.0044593 0.017581119 0.12007965 0.01218416 2 0 0 0 0 1 1 1 460.19328 0
"bench_stripes20.csv"	3	0.0013821123	1
1 1 0.53333333 0.24888889 0 1 2.0044593 0.017581119 0.12007965 0.01218416 2 0 0 0 0 1 1 1 460.19328 0
"bench_stripes20.csv"	2	0.00029822952	1
1 1 0.53333333 0.24888889 0 1 2.0044593 0.017581119 0.12007965 0.01218416 2 0 0 0 0 1 1 1 460.19328 0
"bench_stripes20.csv"	4	1.2511627e-05	1
1 1 0.53333333 0.24888889 0 1 2.0044593 0.017581119 0.12007965 0.01218416 2 0 0 0 0 1 1 1 460.19328 0
"bench_stripes20.csv"	21	0.0034169073	1
1 1 0.53333333 0.24888889 0 1 2.0044593 0.017581119 0.12007965 0.01218416 2 0 0 0 0 1 1 1 460.19328 0
"bench_stripes20.csv"	5	3.0259402e-05	1
1 1 0.53333333 0.24888889 0 1 2.0044593 0.017581119 0.12007965 0.01218416 2 0 0 0 0 1 1 1 460.19328 0
"bench_stripes20.csv"	4	3.9134944e-05	1
1 1 0.53333333 0.24888889 0 1 2.0044593 0.017581119 0.12007965 0.01218416 2 0 0 0 0 1 1 1 460.19328 0
"bench_stripes20.csv"	2	0.00046249809	1
1 1 0.53333333 0.24888889 0 1 2.0044593 0.017581119 0.12007965 0.01218416 2 0 0 0 0 1 1 1 460.19328 0
"bench_stripes20.csv"	5	0.00043804749	1
1 1 0.53333333 0.24888889 0 1 2.0044593 0.017581119 0.12007965 0.01218416 2 0 0 0 0 1 1 1 460.19328 0
"bench_stripes20.csv"	4	0.00046193851	1
1 1 0.53333333 0.24888889 0 1 2.0044593 0.017581119 0.12007965 0.01218416 2 0 0 0 0 1 1 1 460.19328 0
"bench_stripes20.csv"	3	5.5097429e-05	1
1 1 0.53333333 0.24888889 0 1 2.0044593 0.017581119 0.12007965 0.01218416 2 0 0 0 0 1 1 1 460.19328 0
"bench_stripes20.csv"	21	0.00023909304	1
1 1 0.53333333 0.24888889 0 1 2.0044593 0.017581119 0.12007965 0.01218416 2 0 0 0 0 1 1 1 460.19328 0
"bench_stripes20.csv"	2	0.00023938629	1
1 1 0.53333333 0.24888889 0 1 2.0044593 0.017581119 0.12007965 0.01218416 2 0 0 0 0 1 1 1 460.19328 0
"bench_stripes20.csv"	5	0.00023923561	1
1 1 0.53333333 0.24888889 0 1 2.0044593 0.017581119 0.12007965 0.01218416 2 0 0 0 0 1 1 1 460.19328 0
"bench_stripes20.csv"	4	0.00023935348	1
1 1 0.53333333 0.24888889 0 1 2.0044593 0.017581119 0.12007965 0.01218416 2 0 0 0 0 1 1 1 460.19328 0
"bench_stripes20.csv"	3	0.00023923102	1
1 1 0.53333333 0.24888889 0 1 2.0044593 0.017581119 0.12007965 0.01218416 2 0 0 0 0 1 1 1 460.19328 0
"bench_stripes20.csv"	1	1.5135726e-07	1
1 1 0.53333333 0.24888889 0 1 2.0044593 0.017581119 0.12007965 0.01218416 2 0 0 0 0 1 1 1 460.19328 0
"bench_stripes20.csv"	2	1.5135726e-07	1
1 1 0.53333333 0.24888889 0 1 2.0044593 0.017581119 0.12007965 0.01218416 2 0 0 0 0 1 1 1 460.19328 0
"bench_stripes20.csv"	5	1.5135726e-07	1
1 1 0.53333333 0.24888889 0 1 2.0044593 0.017581119 0.12007965 0.01218416 2 0 0 0 0 1 1 1 460.19328 0
"bench_stripes20.csv"	4	1.5135726e-07	1
1 1 0.53333333 0.24888889 0 1 2.0044593 0.017581119 0.12007965 0.01218416 2 0 0 0 0 1 1 1 460.19328 0
"bench_stripes20.csv"	3	1.5135726e-07	1
1 1 0.53333333 0.24888889 0 1 2.0044593 0.017581119 0.12007965 0.01218416 2 0 0 0 0 1 1 1 460.19328 0
"bench_stripes20.csv"	21	1.5135726e-07	1
1 1 0.53333333 0.24888889 0 1 2.0044593 0.017581119 0.12007965 0.01218416 2 0 0 0 0 1 1 1 460.19328 0
"bench_stripes20.csv"	1	1.5135726e-07	1
1 1 0.53333333 0.24888889 0 1 2.0044593 0.017581119 0.12007965 0.01218416 2 0 0 0 0 1 1 1 460.19328 0
"bench_stripes20.csv"	2	1.5135726e-07	1
1 1 0.53333333 0.24888889 0 1 2.0044593 0.017581119 0.12007965 0.01218416 2 0 0 0 0 1 1 1 460.19328 0
"bench_stripes20.csv"	5	1.5135726e-07	1
1 1 0.53333333 0.24888889 0 1 2.0044593 0.017581119 0.12007965 0.01218416 2 0 0 0 0 1 1 1 460.19328 0
"bench_stripes20.csv"	4	1.5135726e-07	1
1 1 0.53333333 0.24888889 0 1 2.0044593 0.017581119 0.12007965 0.01218416 2 0 0 0 0 1 1 1 460.19328 0
"bench_stripes20.csv"	3	1.5135726e-07	1
1 1 0.53333333 0.24888889 0 1 2.0044593 0.017581119 0.12007965 0.01218416 2 0 0 0 0 1 1 1 460.19328 0
"bench_stripes20.csv"	21	1.5135726e-07	1
1 1 0.53333333 0.24888889 0 1 2.0044593 0.017581119 0.12007965 0.01218416 2 0 0 0 0 1 1 1 460.19328 0
"bench_stripes20.csv"	1	1.5135726e-07	1
1 1 0.53333333 0.24888889 0 1 2.0044593 0.017581119 0.12007965 0.01218416 2 0 0 0 0 1 1 1 460.19328 0
"bench_stripes20.csv"	2	1.5135726e-07	1
1 1 0.53333333 0.24888889 0 1 2.0044593 0.017581119 0.12007965 0.01218416 2 0 0 0 0 1 1 1 460.19328 0
"bench_stripes20.csv"	5	1.5135726e-07	1
1 1 0.53333333 0.24888889 0 1 2.0044593 0.017581119 0.12007965 0.01218416 2 0 0 0 0 1 1 1 460.19328 0
"bench_stripes20.csv"	4	1.5135726e-07	1
1 1 0.53333333 0.24888889 0 1 2.0044593 0.017581119 0.12007965 0.01218416 2 0 0 0 0 1 1 1 460.19328 0
"bench_stripes20.csv"	3	1.5135726e-07	1
1 1 0.53333333 0.24888889 0 1 2.0044593 0.017581119 0.12007965 0.01218416 2 0 0 0 0 1 1 1 460.19328 0
"bench_stripes20.csv"	1	1.5135726e-07	1
1 1 0.53333333 0.24888889 0 1 2.0044593 0.017581119 0.12007965 0.01218416 2 0 0 0 0 1 1 1 460.19328 0
"bench_stripes20.csv"	2	1.5135726e-07	1
1 1 0.53333333 0.24888889 0 1 2.0044593 0.017581119 0.12007965 0.01218416 2 0 0 0 0 1 1 1 460.19328 0
"bench_stripes20.csv"	5	1.5135726e-07	1
1 1 0.53333333 0.24888889 0 1 2.0044593 0.017581119 0.12007965 0.01218416 2 0 0 0 0 1 1 1 460.19328 0
"bench_stripes20.csv"	4	1.5135726e-07	1
1 1 0.53333333 0.24888889 0 1 2.0044593 0.017581119 0.12007965 0.01218416 2 0 0 0 0 1 1 1 460.19328 0
"bench_stripes20.csv"	3	1.5135726e-07	1
1 1 0.53333333 0.24888889 0 1 2.0044593 0.017581119 0.12007965 0.01218416 2 0 0 0 0 1 1 1 460.19328 0
"bench_stripes20.csv"	1	1.5135726e-07	1
1 1 0.53333333 0.24888889 0 1 2.0044593 0.017581119 0.12007965 0.01218416 2 0 0 0 0 1 1 1 460.19328 0
"bench_stripes20.csv"	2	1.5135726e-07	1
1 1 0.53333333 0.24888889 0 1 2.0044593 0.017581119 0.12007965 0.01218416 2 0 0 0 0 1 1 1 460.19328 0
"bench_stripes20.csv"	5	1.5135726e-07	1
1 1 0.53333333 0.24888889 0 1 2.0044593 0.017581119 0.12007965 0.01218416 2 0 0 0 0 1 1 1 460.19328 0
"bench_stripes20.csv"	4	1.5135726e-07	1
1 1 0.53333333 0.24888889 0 1 2.0044593 0.017581119 0.12007965 0.01218416 2 0 0 0 0 1 1 1 460.19328 0
"bench_stripes20.csv"	3	1.5135726e-07	1
1 1 0.53333333 0.24888889 0 1 2.0044593 0.017581119 0.12007965 0.01218416 2 0 0 0 0 1 1 1 460.19328 0
"bench_stripes20.csv"	1	1.5135726e-07	1
1 1 0.53333333 0.24888889 0 1 2.0044593 0.017581119 0.12007965 0.01218416 2 0 0 0 0 1 1 1 460.19328 0
"bench_stripes20.csv"	2	1.5135726e-07	1
1 1 0.53333333 0.24888889 0 1 2.0044593 0.017581119 0.12007965 0.01218416 2 0 0 0 0 1 1 1 460.19328 0
"bench_stripes20.csv"	5	1.5135726e-07	1
1 1 0.53333333 0.24888889 0 1 2.0044593 0.017581119 0.12007965 0.01218416 2 0 0 0 0 1 1 1 460.19328 0
"bench_stripes20.csv"	4	1.5135726e-07	1
1 1 0.53333333 0.24888889 0 1 2.0044593 0.017581119 0.12007965 0.01218416 2 0 0 0 0 1 1 1 460.19328 0
"bench_stripes20.csv"	3	1.5135726e-07	1
1 1 0.53333333 0.24888889 0 1 2.0044593 0.017581119 0.12007965 0.01218416 2 0 0 0 0 1 1 1 460.19328 0
"bench_stripes20.csv"	1	1.5135726e-07	1
1 1 0.53333333 0.24888889 0 1 2.0044593 0.017581119 0.12007965 0.01218416 2 0 0 0 0 1 1 1 460.19328 0
"bench_stripes20.csv"	2	1.5135726e-07	1
1 1 0.53333333 0.24888889 0 1 2.0044593 0.017581119 0.12007965 0.01218416 2 0 0 0 0 1 1 1 460.19328 0
"bench_stripes20.csv"	5	1.5135726e-07	1
1 1 0.53333333 0.24888889 0 1 2.0044593 0.017581119 0.12007965 0.01218416 2 0 0 0 0 1 1 1 460.19328 0
"bench_stripes20.csv"	4	1.5135726e-07	1
1 1 0.53333333 0.24888889 0 1 2.0044593 0.017581119 0.12007965 0.01218416 2 0 0 0 0 1 1 1 460.19328 0
"bench_stripes20.csv"	3	1.5135726e-07	1
1 1 0.53333333 0.24888889 0 1 2.0044593 0.017581119 0.12007965 0.01218416 2 0 0 0 0 1 1 1 460.19328 0
"bench_stripes20.csv"	1	1.5135726e-07	1
1 1 0.53333333 0.24888889 0 1 2.0044593 0.017581119 0.12007965 0.01218416 2 0 0 0 0 1 1 1 460.19328 0
"bench_stripes20.csv"	2	1.5135726e-07	1
1 1 0.53333333 0.24888889 0 1 2.0044593 0.017581119 0.12007965 0.01218416 2 0 0 0 0 1 1 1 460.19328 0
"bench_stripes20.csv"	5	1.5135726e-07	1
1 1 0.53333333 0.24888889 0 1 2.0044593 0.017581119 0.12007965 0.01218416 2 0 0 0 0 1 1 1 460.19328 0
"bench_stripes20.csv"	4	1.5135726e-07	1
1 1 0.53333333 0.24888889 0 1 2.0044593 0.017581119 0.12007965 0.01218416 2 0 0 0 0 1 1 1 460.19328 0
"bench_stripes20.csv"	3	1.5135726e-07	1
1 1 0.53333333 0.24888889 0 1 2.0044593 0.017581119 0.12007965 0.01218416 2 0 0 0 0 1 1 1 460.19328 0
"bench_stripes20.csv"	1	1.5135726e-07	1
1 1 0.53333333 0.24888889 0 1 2.0044593 0.017581119 0.12007965 0.01218416 2 0 0 0 0 1 1 1 460.19328 0
"bench_stripes20.csv"	2	1.5135726e-07	1
1 1 0.53333333 0.24888889 0 1 2.0044593 0.017581119 0.12007965 0.01218416 2 0 0 0 0 1 1 1 460.19328 0
"bench_stripes20.csv"	5	1.5135726e-07	1
1 1 0.53333333 0.24888889 0 1 2.0044593 0.017581119 0.12007965 0.01218416 2 0 0 0 0 1 1 1 460.19328 0
"bench_stripes20.csv"	4	1.5135726e-07	1
1 1 0.53333333 0.24888889 0 1 2.0044593 0.017581119 0.12007965 0.01218416 2 0 0 0 0 1 1 1 460.19328 0
"bench_stripes20.csv"	3	1.5135726e-07	1
1 1 0.53333333 0.24888889 0 1 2.0044593 0.017581119 0.12007965 0.01218416 2 0 0 0 0 1 1 1 460.19328 0
"bench_stripes20.csv"	1	1.5135726e-07	1
1 1 0.53333333 0.24888889 0 1 2.0044593 0.017581119 0.12007965 0.01218416 2 0 0 0 0 1 1 1 460.19328 0
"bench_stripes20.csv"	2	1.5135726e-07	1
1 1 0.53333333 0.24888889 0 1 2.0044593 0.017581119 0.12007965 0.01218416 2 0 0 0 0 1 1 1 460.19328 0
"bench_stripes20.csv"	5	1.5135726e-07	1
1 1 0.53333333 0.24888889 0 1 2.0044593 0.017581119 0.12007965 0.01218416 2 0 0 0 0 1 1 1 460.19328 0
"bench_stripes20.csv"	4	1.5135726e-07	1
1 1 0.53333333 0.24888889 0 1 2.0044593 0.017581119 0.12007965 0.01218416 2 0 0 0 0 1 1 1 460.19328 0
"bench_stripes20.csv"	3	1.5135726e-07	1
1 1 0.53333333 0.24888889 0 1 2.0044593 0.017581119 0.12007965 0.01218416 2 0 0 0 0 1 1 1 460.19328 0
"bench_stripes20.csv"	1	1.5135726e-07	1
1 1 0.53333333 0.24888889 0 1 2.0044593 0.017581119 0.12007965 0.01218416 2 0 0 0 0 1 1 1 460.19328 0
"bench_stripes20.csv"	2	1.5135726e-07	1
1 1 0.53333333 0.24888889 0 1 2.0044593 0.017581119 0.12007965 0.01218416 2 0 0 0 0 1 1 1 460.19328 0
"bench_stripes20.csv"	5	1.5135726e-07	1
1 1 0.53333333 0.24888889 0 1 2.0044593 0.017581119 0.12007965 0.01218416 2 0 0 0 0 1 1 1 460.19328 0
"bench_stripes20.csv"	4	1.5135726e-07	1
1 1 0.53333333 0.24888889 0 1 2.0044593 0.017581119 0.12007965 0.01218416 2 0 0 0 0 1 1 1 460.19328 0
"bench_stripes20.csv"	3	1.5135726e-07	1
1 1 0.53333333 0.24888889 0 1 2.0044593 0.017581119 0.12007965 0.01218416 2 0 0 0 0 1 1 1 460.19328 0
"bench_stripes20.csv"	1	1.5135726e-07	1
1 1 0.53333333 0.24888889 0 1 2.0044593 0.017581119 0.12007965 0.01218416 2 0 0 0 0 1 1 1 460.19328 0
"bench_stripes20.csv"	2	1.5135726e-07	1
1 1 0.53333333 0.24888889 0 1 2.0044593 0.017581119 0.12007965 0.01218416 2 0 0 0 0 1 1 1 460.19328 0
"bench_stripes20.csv"	5	1.5135726e-07	1
1 1 0.53333333 0.24888889 0 1 2.0044593 0.017581119 0.12007965 0.01218416 2 0 0 0 0 1 1 1 460.19328 0
"bench_stripes20.csv"	4	1.5135726e-07	1
1 1 0.53333333 0.24888889 0 1 2.0044593 0.017581119 0.12007965 0.01218416 2 0 0 0 0 1 1 1 460.19328 0
"bench_stripes20.csv"	3	1.5135726e-07	1
1 1 0.53333333 0.24888889 0 1 2.0044593 0.017581119 0.12007965 0.01218416 2 0 0 0 0 1 1 1 460.19328 0
"bench_stripes20.csv"	1	1.5135726e-07	1
1 1 0.53333333 0.24888889 0 1 2.0044593 0.017581119 0.12007965 0.01218416 2 0 0 0 0 1 1 1 460.19328 0
"bench_stripes20.csv"	2	1.5135726e-07	1
1 1 0.53333333 0.24888889 0 1 2.0044593 0.017581119 0.12007965 0.01218416 2 0 0 0 0 1 1 1 460.19328 0
"bench_stripes20.csv"	5	1.5135726e-07	1
1 1 0.53333333 0.24888889 0 1 2.0044593 0.017581119 0.12007965 0.01218416 2 0 0 0 0 1 1 1 460.19328 0
"bench_stripes20.csv"	4	1.5135726e-07	1
1 1 0.53333333 0.24888889 0 1 2.0044593 0.017581119 0.12007965 0.01218416 2 0 0 0 0 1 1 1 460.19328 0
"bench_stripes20.csv"	3	1.5135726e-07	1
1 1 0.53333333 0.24888889 0 1 2.0044593 0.017581119 0.12007965 0.01218416 2 0 0 0 0 1 1 1 460.19328 0
"bench_stripes20.csv"	1	1.5135726e-07	1
1 1 0.53333333 0.24888889 0 1 2.0044593 0.017581119 0.12007965 0.01218416 2 0 0 0 0 1 1 1 460.19328 0
"bench_stripes20.csv"	2	1.5135726e-07	1
1 1 0.53333333 0.24888889 0 1 2.0044593 0.017581119 0.12007965 0.01218416 2 0 0 0 0 1 1 1 460.19328 0
"bench_stripes20.csv"	5	1.5135726e-07	1
1 1 0.53333333 0.24888889 0 1 2.0044593 0.017581119 0.12007965 0.01218416 2 0 0 0 0 1 1 1 460.19328 0
"bench_stripes20.csv"	4	1.5135726e-07	1
1 1 0.53333333 0.24888889 0 1 2.0044593 0.017581119 0.12007965 0.01218416 2 0 0 0 0 1 1 1 460.19328 0
"bench_stripes20.csv"	3	1.5135726e-07	1
1 1 0.53333333 0.24888889 0 1 2.0044593 0.017581119 0.12007965 0.01218416 2 0 0 0 0 1 1 1 460.19328 0
"bench_stripes20.csv"	1	1.5135726e-07	1
1 1 0.53333333 0.24888889 0 1 2.0044593 0.017581119 0.12007965 0.01218416 2 0 0 0 0 1 1 1 460.19328 0
"bench_stripes20.csv"	2	1.5135726e-07	1
1 1 0.53333333 0.24888889 0 1 2.0044593 0.017581119 0.12007965 0.01218416 2 0 0 0 0 1 1 1 460.19328 0
"bench_stripes20.csv"	5	1.5135726e-07	1
1 1 0.53333333 0.24888889 0 1 2.0044593 0.017581119 0.12007965 0.01218416 2 0 0 0 0 1 1 1 460.19328 0
"bench_stripes20.csv"	4	1.5135726e-07	1
1 1 0.53333333 0.24888889 0 1 2.0044593 0.017581119 0.12007965 0.01218416 2 0 0 0 0 1 1 1 460.19328 0
"bench_stripes20.csv"	3	1.5135726e-07	1
1 1 0.53333333 0.24888889 0 1 2.0044593 0.017581119 0.12007965 0.01218416 2 0 0 0 0 1 1 1 460.19328 0
"bench_stripes20.csv"	1	1.5135726e-07	1
1 1 0.53333333 0.24888889 0 1 2.0044593 0.017581119 0.12007965 0.01218416 2 0 0 0 0 1 1 1 460.19328 0
"bench_stripes20.csv"	2	1.5135726e-07	1
1 1 0.53333333 0.24888889 0 1 2.0044593 0.017581119 0.12007965 0.01218416 2 0 0 0 0 1 1 1 460.19328 0
"bench_stripes20.csv"	5	1.5135726e-07	1
1 1 0.53333333 0.24888889 0 1 2.0044593 0.017581119 0.12007965 0.01218416 2 0 0 0 0 1 1 1 460.19328 0
"bench_stripes20.csv"	4	1.5135726e-07	1
1 1 0.53333333 0.24888889 0 1 2.0044593 0.017581119 0.12007965 0.01218416 2 0 0 0 0 1 1 1 460.19328 0
"bench_stripes20.csv"	3	1.5135726e-07	1
1 1 0.53333333 0.24888889 0 1 2.0044593 0.017581119 0.12007965 0.01218416 2 0 0 0 0 1 1 1 460.19328 0
"bench_stripes20.csv"	1	1.5135726e-07	1
1 1 0.53333333 0.24888889 0 1 2.0044593 0.017581119 0.12007965 0.01218416 2 0 0 0 0 1 1 1 460.19328 0
"bench_stripes20.csv"	2	1.5135726e-07	1
1 1 0.53333333 0.24888889 0 1 2.0044593 0.017581119 0.12007965 0.01218416 2 0 0 0 0 1 1 1 460.19328 0
"bench_stripes20.csv"	5	1.5135726e-07	1
1 1 0.53333333 0.24888889 0 1 2.0044593 0.017581119 0.12007965 0.01218416 2 0 0 0 0 1 1 1 460.19328 0
"bench_stripes20.csv"	4	1.5135726e-07	1
1 1 0.53333333 0.24888889 0 1 2.0044593 0.017581119 0.12007965 0.01218416 2 0 0 0 0 1 1 1 460.19328 0
"bench_stripes20.csv"	3	1.5135726e-07	1
1 1 0.53333333 0.24888889 0 1 2.0044593 0.017581119 0.12007965 0.01218416 2 0 0 0 0 1 1 1 460.19328 0
"bench_stripes20.csv"	1	1.5135726e-07	1
1 1 0.53333333 0.24888889 0 1 2.0044593 0.017581119 0.12007965 0.01218416 2 0 0 0 0 1 1 1 460.19328 0
"bench_stripes20.csv"	2	1.5135726e-07	1
1 1 0.53333333 0.24888889 0 1 2.0044593 0.017581119 0.12007965 0.01218416 2 0 0 0 0 1 1 1 460.19328 0
"bench_stripes20.csv"	5	1.5135726e-07	1
1 1 0.53333333 0.24888889 0 1 2.0044593 0.017581119 0.12007965 0.01218416 2 0 0 0 0 1 1 1 460.19328 0
"bench_stripes20.csv"	4	1.5135726e-07	1
1 1 0.53333333 0.24888889 0 1 2.0044593 0.017581119 0.12007965 0.01218416 2 0 0 0 0 1 1 1 460.19328 0
"bench_stripes20.csv"	3	1.5135726e-07	1
1 1 0.53333333 0.24888889 0 1 2.0044593 0.017581119 0.12007965 0.01218416 2 0 0 0 0 1 1 1 460.19328 0
"bench_stripes20.csv"	1	1.5135726e-07	1
1 1 0.53333333 0.24888889 0 1 2.0044593 0.017581119 0.12007965 0.01218416 2 0 0 0 0 1 1 1 460.19328 0
"bench_stripes20.csv"	2	1.5135726e-07	1
1 1 0.53333333 0.24888889 0 1 2.0044593 0.017581119 0.12007965 0.01218416 2 0 0 0 0 1 1 1 460.19328 0
"bench_stripes20.csv"	5	1.5135726e-07	1
1 1 0.53333333 0.24888889 0 1 2.0044593 0.017581119 0.12007965 0.01218416 2 0 0 0 0 1 1 1 460.19328 0
"bench_stripes20.csv"	4	1.5135726e-07	1
1 1 0.53333333 0.24888889 0 1 2.0044593 0.017581119 0.12007965 0.01218416 2 0 0 0 0 1 1 1 460.19328 0
"bench_stripes20.csv"	3	1.5135726e-07	1
1 1 0.53333333 0.24888889 0 1 2.0044593 0.017581119 0.12007965 0.01218416 2 0 0 0 0 1 1 1 460.19328 0
"bench_stripes20.csv"	1	1.5135726e-07	1
1 1 0.53333333 0.24888889 0 1 2.0044593 0.017581119 0.12007965 0.01218416 2 0 0 0 0 1 1 1 460.19328 0
"bench_stripes20.csv"	2	1.5135726e-07	1
1 1 0.53333333 0.24888889 0 1 2.0044593 0.017581119 0.12007965 0.01218416 2 0 0 0 0 1 1 1 460.19328 0
"bench_stripes20.csv"	5	1.5135726e-07	1
1 1 0.53333333 0.24888889 0 1 2.0044593 0.017581119 0.12007965 0.01218416 2 0 0 0 0 1 1 1 460.19328 0
"bench_stripes20.csv"	4	1.5135726e-07	1
1 1 0.53333333 0.24888889 0 1 2.0044593 0.017581119 0.12007965 0.01218416 2 0 0 0 0 1 1 1 460.19328 0
"bench_stripes20.csv"	3	1.5135726e-07	1
1 1 0.53333333 0.24888889 0 1 2.0044593 0.017581119 0.12007965 0.01218416 2 0 0 0 0 1 1 1 460.19328 0
"bench_stripes20.csv"	1	1.5135726e-07	1
1 1 0.53333333 0.24888889 0 1 2.0044593 0.017581119 0.12007965 0.01218416 2 0 0 0 0 1 1 1 460.19328 0
"bench_stripes20.csv"	2	1.5135726e-07	1
1 1 0.53333333 0.24888889 0 1 2.0044593 0.017581119 0.12007965 0.01218416 2 0 0 0 0 1 1 1 460.19328 0
"bench_stripes20.csv"	5	1.5135726e-07	1
1 1 0.53333333 0.24888889 0 1 2.0044593 0.017581119 0.12007965 0.01218416 2 0 0 0 0 1 1 1 460.19328 0
"bench_stripes20.csv"	4	1.5135726e-07	1
1 1 0.53333333 0.24888889 0 1 2.0044593 0.017581119 0.12007965 0.01218416 2 0 0 0 0 1 1 1 460.19328 0
"bench_stripes20.csv"	3	1.5135726e-07	1
1 1 0.53333333 0.24888889 0 1 2.0044593 0.017581119 0.12007965 0.01218416 2 0 0 0 0 1 1 1 460.19328 0
"bench_stripes20.csv"	1	1.5135726e-07	1
1 1 0.53333333 0.24888889 0 1 2.0044593 0.017581119 0.12007965 0.01218416 2 0 0 0 0 1 1 1 460.19328 0
"bench_stripes20.csv"	2	1.5135726e-07	1
1 1 0.53333333 0.24888889 0 1 2.0044593 0.017581119 0.12007965 0.01218416 2 0 0 0 0 1 1 1 460.19328 0
"bench_stripes20.csv"	5	1.5135726e-07	1
1 1 0.53333333 0.24888889 0 1 2.0044593 0.017581119 0.12007965 0.01218416 2 0 0 0 0 1 1 1 460.19328 0
"bench_stripes20.csv"	4	1.5135726e-07	1
1 1 0.53333333 0.24888889 0 1 2.0044593 0.017581119 0.12007965 0.01218416 2 0 0 0 0 1 1 1 460.19328 0
"bench_stripes20.csv"	3	1.5135726e-07	1
1 1 0.53333333 0.24888889 0 1 2.0044593 0.017581119 0.12007965 0.01218416 2 0 0 0 0 1 1 1 460.19328 0
"bench_stripes20.csv"	1	1.5135726e-07	1
1 1 0.53333333 0.24888889 0 1 2.0044593 0.017581119 0.12007965 0.01218416 2 0 0 0 0 1 1 1 460.19328 0
"bench_stripes20.csv"	2	1.5135726e-07	1
1 1 0.53333333 0.24888889 0 1 2.0044593 0.017581119 0.12007965 0.01218416 2 0 0 0 0 1 1 1 460.19328 0
"bench_stripes20.csv"	5	1.5135726e-07	1
1 1 0.53333333 0.24888889 0 1 2.0044593 0.017581119 0.12007965 0.01218416 2 0 0 0 0 1 1 1 460.19328 0
"bench_stripes20.csv"	4	1.5135726e-07	1
1 1 0.53333333 0.24888889 0 1 2.0044593 0.017581119 0.12007965 0.01218416 2 0 0 0 0 1 1 1 460.19328 0
"bench_stripes20.csv"	3	1.5135726e-07	1
1 1 0.53333333 0.24888889 0 1 2.0044593 0.017581119 0.12007965 0.01218416 2 0 0 0 0 1 1 1 460.19328 0
"bench_stripes20.csv"	1	1.5135726e-07	1
1 1 0.53333333 0.24888889 0 1 2.0044593 0.017581119 0.12007965 0.01218416 2 0 0 0 0 1 1 1 460.19328 0
"bench_stripes20.csv"	2	1.5135726e-07	1
1 1 0.53333333 0.24888889 0 1 2.0044593 0.017581119 0.12007965 0.01218416 2 0 0 0 0 1 1 1 460.19328 0
"bench_stripes20.csv"	5	1.5135726e-07	1
1 1 0.53333333 0.24888889 0 1 2.0044593 0.017581119 0.12007965 0.01218416 2 0 0 0 0 1 1 1 460.19328 0
"bench_stripes20.csv"	4	1.5135726e-07	1
1 1 0.53333333 0.24888889 0 1 2.0044593 0.017581119 0.12007965 0.01218416 2 0 0 0 0 1 1 1 460.19328 0
"bench_stripes20.csv"	3	1.5135726e-07	1
1 1 0.53333333 0.24888889 0 1 2.0044593 0.017581119 0.12007965 0.01218416 2 0 0 0 0 1 1 1 460.19328 0
"bench_stripes20.csv"	1	1.5135726e-07	1
1 1 0.53333333 0.24888889 0 1 2.0044593 0.017581119 0.12007965 0.01218416 2 0 0 0 0 1 1 1 460.19328 0
"bench_stripes20.csv"	2	1.5135726e-07	1
1 1 0.53333333 0.24888889 0 1 2.0044593 0.017581119 0.12007965 0.01218416 2 0 0 0 0 1 1 1 460.19328 0
"bench_stripes20.csv"	5	1.5135726e-07	1
1 1 0.53333333 0.24888889 0 1 2.0044593 0.017581119 0.12007965 0.01218416 2 0 0 0 0 1 1 1 460.19328 0
"bench_stripes20.csv"	4	1.5135726e-07	1
1 1 0.53333333 0.24888889 0 1 2.0044593 0.017581119 0.12007965 0.01218416 2 0 0 0 0 1 1 1 460.19328 0
"bench_stripes20.csv"	3	1.5135726e-07	1
1 1 0.53333333 0.24888889 0 1 2.0044593 0.017581119 0.12007965 0.01218416 2 0 0 0 0 1 1 1 460.19328 0
"bench_stripes20.csv"	1	1.5135726e-07	1
1 1 0.53333333 0.24888889 0 1 2.0044593 0.017581119 0.12007965 0.01218416 2 0 0 0 0 1 1 1 460.19328 0
"bench_stripes20.csv"	2	1.5135726e-07	1
1 1 0.53333333 0.24888889 0 1 2.0044593 0.017581119 0.12007965 0.01218416 2 0 0 0 0 1 1 1 460.19328 0
"bench_stripes20.csv"	5	1.5135726e-07	1
1 1 0.53333333 0.24888889 0 1 2.0044593 0.017581119 0.12007965 0.01218416 2 0 0 0 0 1 1 1 460.19328 0
"bench_stripes20.csv"	4	1.5135726e-07	1
1 1 0.53333333 0.24888889 0 1 2.0044593 0.017581119 0.12007965 0.01218416 2 0 0 0 0 1 1 1 460.19328 0
"bench_stripes20.csv"	3	1.5135726e-07	1
1 1 0.53333333 0.24888889 0 1 2.0044593 0.017581119 0.12007965 0.01218416 2 0 0 0 0 1 1 1 460.19328 0
"bench_stripes20.csv"	1	1.5135726e-07	1
1 1 0.53333333 0.24888889 0 1 2.0044593 0.017581119 0.12007965 0.01218416 2 0 0 0 0 1 1 1 460.19328 0
"bench_stripes20.csv"	2	1.5135726e-07	1
1 1 0.53333333 0.24888889 0 1 2.0044593 0.017581119 0.12007965 0.01218416 2 0 0 0 0 1 1 1 460.19328 0
"bench_stripes20.csv"	5	1.5135726e-07	1
1 1 0.53333333 0.24888889 0 1 2.0044593 0.017581119 0.12007965 0.01218416 2 0 0 0 0 1 1 1 460.19328 0
"bench_stripes20.csv"	4	1.5135726e-07	1
1 1 0.53333333 0.24888889 0 1 2.0044593 0.017581119 0.12007965 0.01218416 2 0 0 0 0 1 1 1 460.19328 0
"bench_stripes20.csv"	3	1.5135726e-07	1
1 1 0.53333333 0.24888889 0 1 2.0044593 0.017581119 0.12007965 0.01218416 2 0 0 0 0 1 1 1 460.19328 0
"bench_stripes20.csv"	1	1.5135726e-07	1
1 1 0.53333333 0.24888889 0 1 2.0044593 0.017581119 0.12007965 0.01218416 2 0 0 0 0 1 1 1 460.19328 0
"bench_stripes20.csv"	2	1.5135726e-07	1
1 1 0.53333333 0.24888889 0 1 2.0044593 0.017581119 0.12007965 0.01218416 2 0 0 0 0 1 1 1 460.19328 0
"bench_stripes20.csv"	5	1.5135726e-07	1
1 1 0.53333333 0.24888889 0 1 2.0044593 0.017581119 0.12007965 0.01218416 2 0 0 0 0 1 1 1 460.19328 0
"bench_stripes20.csv"	4	1.5135726e-07	1
1 1 0.53333333 0.24888889 0 1 2.0044593 0.017581119 0.12007965 0.01218416 2 0 0 0 0 1 1 1 460.19328 0
"bench_stripes20.csv"	3	1.5135726e-07	1
1 1 0.53333333 0.24888889 0 1 2.0044593 0.017581119 0.12007965 0.01218416 2 0 0 0 0 1 1 1 460.19328 0
"bench_stripes20.csv"	1	1.5135726e-07	1
1 1 0.53333333 0.24888889 0 1 2.0044593 0.017581119 0.12007965 0.01218416 2 0 0 0 0 1 1 1 460.19328 0
"bench_stripes20.csv"	2	1.5135726e-07	1
1 1 0.53333333 0.24888889 0 1 2.0044593 0.017581119 0.12007965 0.01218416 2 0 0 0 0 1 1 1 460.19328 0
"bench_stripes20.csv"	5	1.5135726e-07	1
1 1 0.53333333 0.24888889 0 1 2.0044593 0.017581119 0.12007965 0.01218416 2 0 0 0 0 1 1 1 460.19328 0
"bench_stripes20.csv"	4	1.5135726e-07	1
1 1 0.53333333 0.24888889 0 1 2.0044593 0.017581119 0.12007965 0.01218416 2 0 0 0 0 1 1 1 460.19328 0
"bench_stripes20.csv"	3	1.5135726e-07	1
1 1 0.53333333 0.24888889 0 1 2.0044593 0.017581119 0.12007965 0.01218416 2 0 0 0 0 1 1 1 460.19328 0
"bench_stripes20.csv"	1	1.5135726e-07	1
1 1 0.53333333 0.24888889 0 1 2.0044593 0.017581119 0.12007965 0.01218416 2 0 0 0 0 1 1 1 460.19328 0
"bench_stripes20.csv"	2	1.5135726e-07	1
1 1 0.53333333 0.24888889 0 1 2.0044593 0.017581119 0.12007965 0.01218416 2 0 0 0 0 1 1 1 460.19328 0
"bench_stripes20.csv"	5	1.5135726e-07	1
1 1 0.53333333 0.24888889 0 1 2.0044593 0.017581119 0.12007965 0.01218416 2 0 0 0 0 1 1 1 460.19328 0
"bench_stripes20.csv"	4	1.5135726e-07	1
1 1 0.53333333 0.24888889 0 1 2.0044593 0.017581119 0.12007965 0.01218416 2 0 0 0 0 1 1 1 460.19328 0
"bench_stripes20.csv"	3	1.5135726e-07	1
1 1 0.53333333 0.24888889 0 1 2.0044593 0.017581119 0.12007965 0.01218416 2 0 0 0 0 1 1 1 460.19328 0
"bench_stripes20.csv"	1	1.5135726e-07	1
1 1 0.53333333 0.24888889 0 1 2.0044593 0.017581119 0.12007965 0.01218416 2 0 0 0 0 1 1 1 460.19328 0
"bench_stripes20.csv"	2	1.5135726e-07	1
1 1 0.53333333 0.24888889 0 1 2.0044593 0.017581119 0.12007965 0.01218416 2 0 0 0 0 1 1 1 460.19328 0
"bench_stripes20.csv"	5	1.5135726e-07	1
1 1 0.53333333 0.24888889 0 1 2.0044593 0.017581119 0.12007965 0.01218416 2 0 0 0 0 1 1 1 460.19328 0
"bench_stripes20.csv"	4	1.5135726e-07	1
1 1 0.53333333 0.24888889 0 1 2.0044593 0.017581119 0.12007965 0.01218416 2 0 0 0 0 1 1 1 460.19328 0
"bench_stripes20.csv"	3	1.5135726e-07	1
1 1 0.53333333 0.24888889 0 1 2.0044593 0.017581119 0.12007965 0.01218416 2 0 0 0 0 1 1 1 460.19328 0
"bench_stripes20.csv"	1	1.5135726e-07	1
1 1 0.53333333 0.24888889 0 1 2.0044593 0.017581119 0.12007965 0.01218416 2 0 0 0 0 1 1 1 460.19328 0
"bench_stripes20.csv"	2	1.5135726e-07	1
1 1 0.53333333 0.24888889 0 1 2.0044593 0.017581119 0.12007965 0.01218416 2 0 0 0 0 1 1 1 460.19328 0
"bench_stripes20.csv"	5	1.5135726e-07	1
1 1 0.53333333 0.24888889 0 1 2.0044593 0.017581119 0.12007965 0.01218416 2 0 0 0 0 1 1 1 460.19328 0
"bench_stripes20.csv"	4	1.5135726e-07	1
1 1 0.53333333 0.24888889 0 1 2.0044593 0.017581119 0.12007965 0.01218416 2 0 0 0 0 1 1 1 460.19328 0
"bench_stripes20.csv"	3	1.5135726e-07	1
1 1 0.53333333 0.24888889 0 1 2.0044593 0.017581119 0.12007965 0.01218416 2 0 0 0 0 1 1 1 460.19328 0
"bench_stripes20.csv"	1	1.5135726e-07	1
1 1 0.53333333 0.24888889 0 1 2.0044593 0.017581119 0.12007965 0.01218416 2 0 0 0 0 1 1 1 460.19328 0
"bench_stripes20.csv"	2	1.5135726e-07	1
1 1 0.53333333 0.24888889 0 1 2.0044593 0.017581119 0.12007965 0.01218416 2 0 0 0 0 1 1 1 460.19328 0
"bench_stripes20.csv"	5	1.5135726e-07	1
1 1 0.53333333 0.24888889 0 1 2.0044593 0.017581119 0.12007965 0.01218416 2 0 0 0 0 1 1 1 460.19328 0
"bench_stripes20.csv"	4	1.5135726e-07	1
1 1 0.53333333 0.24888889 0 1 2.0044593 0.017581119 0.12007965 0.01218416 2 0 0 0 0 1 1 1 460.19328 0
"bench_stripes20.csv"	3	1.5135726e-07	1
1 1 0.53333333 0.24888889 0 1 2.0044593 0.017581119 0.12007965 0.01218416 2 0 0 0 0 1 1 1 460.19328 0
"bench_stripes20.csv"	1	1.5135726e-07	1
1 1 0.53333333 0.24888889 0 1 2.0044593 0.017581119 0.12007965 0.01218416 2 0 0 0 0 1 1 1 460.19328 0
"bench_stripes20.csv"	2	1.5135726e-07	1
1 1 0.53333333 0.24888889 0 1 2.0044593 0.017581119 0.12007965 0.01218416 2 0 0 0 0 1 1 1 460.19328 0
"bench_stripes20.csv"	5	1.5135726e-07	1
1 1 0.53333333 0.24888889 0 1 2.0044593 0.017581119 0.12007965 0.01218416 2 0 0 0 0 1 1 1 460.19328 0
"bench_stripes20.csv"	4	1.5135726e-07	1
1 1 0.53333333 0.24888889 0 1 2.0044593 0.017581119 0.12007965 0.01218416 2 0 0 0 0 1 1 1 460.19328 0
"bench_stripes20.csv"	3	1.5135726e-07	1
1 1 0.53333333 0.24888889 0 1 2.0044593 0.017581119 0.12007965 0.01218416 2 0 0 0 0 1 1 1 460.19328 0
"bench_stripes20.csv"	1	1.5135726e-07	1
1 1 0.53333333 0.24888889 0 1 2.0044593 0.017581119 0.12007965 0.01218416 2 0 0 0 0 1 1 1 460.19328 0
"bench_stripes20.csv"	2	1.5135726e-07	1
1 1 0.53333333 0.24888889 0 1 2.0044593 0.017581119 0.12007965 0.01218416 2 0 0 0 0 1 1 1 460.19328 0
"bench_stripes20.csv"	5	1.5135726e-07	1
1 1 0.53333333 0.24888889 0 1 2.0044593 0.017581119 0.12007965 0.01218416 2 0 0 0 0 1 1 1 460.19328 0
"bench_stripes20.csv"	4	1.5135726e-07	1
1 1 0.53333333 0.24888889 0 1 2.0044593 0.017581119 0.12007965 0.01218416 2 0 0 0 0 1 1 1 460.19328 0
"bench_stripes20.csv"	3	1.5135726e-07	1
1 1 0.53333333 0.24888889 0 1 2.0044593 0.017581119 0.12007965 0.01218416 2 0 0 0 0 1 1 1 460.19328 0
"bench_stripes20.csv"	1	1.5135726e-07	1
1 1 0.53333333 0.24888889 0 1 2.0044593 0.017581119 0.12007965 0.01218416 2 0 0 0 0 1 1 1 460.19328 0
"bench_stripes20.csv"	2	1.5135726e-07	1
1 1 0.53333333 0.24888889 0 1 2.0044593 0.017581119 0.12007965 0.01218416 2 0 0 0 0 1 1 1 460.19328 0
"bench_stripes20.csv"	5	1.5135726e-07	1
1 1 0.53333333 0.24888889 0 1 2.0044593 0.017581119 0.12007965 0.01218416 2 0 0 0 0 1 1 1 460.19328 0
"bench_stripes20.csv"	4	1.5135726e-07	1
1 1 0.53333333 0.24888889 0 1 2.0044593 0.017581119 0.12007965 0.01218416 2 0 0 0 0 1 1 1 460.19328 0
"bench_stripes20.csv"	3	1.5135726e-07	1
1 1 0.53333333 0.24888889 0 1 2.0044593 0.017581119 0.12007965 0.01218416 2 0 0 0 0 1 1 1 460.19328 0
"bench_stripes20.csv"	1	1.5135726e-07	1
1 1 0.53333333 0.24888889 0 1 2.0044593 0.017581119 0.12007965 0.01218416 2 0 0 0 0 1 1 1 460.19328 0
"bench_stripes20.csv"	2	1.5135726e-07	1
1 1 0.53333333 0.24888889 0 1 2.0044593 0.017581119 0.12007965 0.01218416 2 0 0 0 0 1 1 1 460.19328 0
"bench_stripes20.csv"	5	1.5135726e-07	1
1 1 0.53333333 0.24888889 0 1 2.0044593 0.017581119 0.12007965 0.01218416 2 0 0 0 0 1 1 1 460.19328 0
"bench_stripes20.csv"	4	1.5135726e-07	1
1 1 0.53333333 0.24888889 0 1 2.0044593 0.017581119 0.12007965 0.01218416 2 0 0 0 0 1 1 1 460.19328 0
"bench_stripes20.csv"	3	1.5135726e-07	1
1 1 0.53333333 0.24888889 0 1 2.0044593 0.017581119 0.12007965 0.01218416 2 0 0 0 0 1 1 1 460.19328 0
"bench_stripes20.csv"	1	1.5135726e-07	1
1 1 0.53333333 0.24888889 0 1 2.0044593 0.017581119 0.12007965 0.01218416 2 0 0 0 0 1 1 1 460.19328 0
"bench_stripes20.csv"	2	1.5135726e-07	1
1 1 0.53333333 0.24888889 0 1 2.0044593 0.017581119 0.12007965 0.01218416 2 0 0 0 0 1 1 1 460.19328 0
"bench_stripes20.csv"	5	1.5135726e-07	1
1 1 0.53333333 0.24888889 0 1 2.0044593 0.017581119 0.12007965 0.01218416 2 0 0 0 0 1 1 1 460.19328 0
"bench_stripes20.csv"	4	1.5135726e-07	1
1 1 0.53333333 0.24888889 0 1 2.0044593 0.017581119 0.12007965 0.01218416 2 0 0 0 0 1 1 1 460.19328 0
"bench_stripes20.csv"	3	1.5135726e-07	1
1 1 0.53333333 0.24888889 0 1 2.0044593 0.017581119 0.12007965 0.01218416 2 0 0 0 0 1 1 1 460.19328 0
"bench_count8.csv"	12	-2.0047901e-05	1
8 1 0.5015625 0.031442871 0.125 0.875 4.2296085 1 0.125 4.1073966e-16 44 0 0 0 0.02544211 0 0 1 0.375 4 0.5015625 0.5015625 0.5015625 0.5015625
"bench_count8.csv"	1	-2.0047901e-05	1
8 1 0.5015625 0.031442871 0.125 0.875 4.2296085 1 0.125 4.1073966e-16 44 0 0 0 0.02544211 0 0 1 0.375 4 0.5015625 0.5015625 0.5015625 0.5015625
"bench_count8.csv"	12	-1.3044264e-05	1
8 1 0.5015625 0.031442871 0.125 0.875 4.2296085 1 0.125 4.1073966e-16 44 0 0 0 0.02544211 0 0 1 0.375 4 0.5015625 0.5015625 0.5015625 0.5015625
"bench_count8.csv"	1	-1.3044264e-05	1
8 1 0.5015625 0.031442871 0.125 0.875 4.2296085 1 0.125 4.1073966e-16 44 0 0 0 0.02544211 0 0 1 0.375 4 0.5015625 0.5015625 0.5015625 0.5015625
"bench_count8.csv"	12	-1.1349928e-05	1
8 1 0.5015625 0.031442871 0.125 0.875 4.2296085 1 0.125 4.1073966e-16 44 0 0 0 0.02544211 0 0 1 0.375 4 0.5015625 0.5015625 0.5015625 0.5015625
"bench_count8.csv"	1	8.2029348e-06	1
8 1 0.5015625 0.031442871 0.125 0.875 4.2296085 1 0.125 4.1073966e-16 44 0 0 0 0.02544211 0 0 1 0.375 4 0.5015625 0.5015625 0.5015625 0.5015625
"bench_count8.csv"	3	-1.0792841e-05	1
8 1 0.5015625 0.031442871 0.125 0.875 4.2296085 1 0.125 4.1073966e-16 44 0 0 0 0.02544211 0 0 1 0.375 4 0.5015625 0.5015625 0.5015625 0.5015625
"bench_count8.csv"	1	-1.0792841e-05	1
8 1 0.5015625 0.031442871 0.125 0.875 4.2296085 1 0.125 4.1073966e-16 44 0 0 0 0.02544211 0 0 1 0.375 4 0.5015625 0.5015625 0.5015625 0.5015625
"bench_count8.csv"	3	-4.4086059e-06	1
8 1 0.5015625 0.031442871 0.125 0.875 4.2296085 1 0.125 4.1073966e-16 44 0 0 0 0.02544211 0 0 1 0.375 4 0.5015625 0.5015625 0.5015625 0.5015625
"bench_count8.csv"	1	-4.4086059e-06	1
8 1 0.5015625 0.031442871 0.125 0.875 4.2296085 1 0.125 4.1073966e-16 44 0 0 0 0.02544211 0 0 1 0.375 4 0.5015625 0.5015625 0.5015625 0.5015625
"bench_count8.csv"	4	-4.4531585e-06	1
8 1 0.5015625 0.031442871 0.125 0.875 4.2296085 1 0.125 4.1073966e-16 44 0 0 0 0.02544211 0 0 1 0.375 4 0.5015625 0.5015625 0.5015625 0.5015625
"bench_count8.csv"	3	-4.4531585e-06	1
8 1 0.5015625 0.031442871 0.125 0.875 4.2296085 1 0.125 4.1073966e-16 44 0 0 0 0.02544211 0 0 1 0.375 4 0.5015625 0.5015625 0.5015625 0.5015625
"bench_count8.csv"	1	-4.4531585e-06	1
8 1 0.5015625 0.031442871 0.125 0.875 4.2296085 1 0.125 4.1073966e-16 44 0 0 0 0.02544211 0 0 1 0.375 4 0.5015625 0.5015625 0.5015625 0.5015625
"bench_count8.csv"	4	-4.5075106e-06	1
8 1 0.5015625 0.031442871 0.125 0.875 4.2296085 1 0.125 4.1073966e-16 44 0 0 0 0.02544211 0 0 1 0.375 4 0.5015625 0.5015625 0.5015625 0.5015625
"bench_count8.csv"	3	-4.5075106e-06	1
8 1 0.5015625 0.031442871 0.125 0.875 4.2296085 1 0.125 4.1073966e-16 44 0 0 0 0.02544211 0 0 1 0.375 4 0.5015625 0.5015625 0.5015625 0.5015625
"bench_count8.csv"	4	-5.1978417e-06	1
8 1 0.5015625 0.031442871 0.125 0.875 4.2296085 1 0.125 4.1073966e-16 44 0 0 0 0.02544211 0 0 1 0.375 4 0.5015625 0.5015625 0.5015625 0.5015625
"bench_count8.csv"	12	-5.1978417e-06	1
8 1 0.5015625 0.031442871 0.125 0.875 4.2296085 1 0.125 4.1073966e-16 44 0 0 0 0.02544211 0 0 1 0.375 4 0.5015625 0.5015625 0.5015625 0.5015625
"bench_count8.csv"	21	-5.1978417e-06	1
8 1 0.5015625 0.031442871 0.125 0.875 4.2296085 1 0.125 4.1073966e-16 44 0 0 0 0.02544211 0 0 1 0.375 4 0.5015625 0.5015625 0.5015625 0.5015625
"bench_count8.csv"	1	-5.1978417e-06	1
8 1 0.5015625 0.031442871 0.125 0.875 4.2296085 1 0.125 4.1073966e-16 44 0 0 0 0.02544211 0 0 1 0.375 4 0.5015625 0.5015625 0.5015625 0.5015625
"bench_firstpos8.csv"	1	-0.003104103	1
8 1 0.1234375 0.026885579 0 0.875 5.3363997 0.92690803 0.42241022 0.23409552 17 0 0 0 0.16376493 0 0 1 0.375 4 0.1234375 0.1234375 0.1234375 0.1234375
"bench_firstpos8.csv"	12	-0.003104103	1
8 1 0.1234375 0.026885579 0 0.875 5.3363997 0.92690803 0.42241022 0.23409552 17 0 0 0 0.16376493 0 0 1 0.375 4 0.1234375 0.1234375 0.1234375 0.1234375
"bench_firstpos8.csv"	3	-0.0016381198	1
8 1 0.1234375 0.026885579 0 0.875 5.3363997 0.92690803 0.42241022 0.23409552 17 0 0 0 0.16376493 0 0 1 0.375 4 0.1234375 0.1234375 0.1234375 0.1234375
"bench_firstpos8.csv"	1	-0.0016381198	1
8 1 0.1234375 0.026885579 0 0.875 5.3363997 0.92690803 0.42241022 0.23409552 17 0 0 0 0.16376493 0 0 1 0.375 4 0.1234375 0.1234375 0.1234375 0.1234375
"bench_firstpos8.csv"	3	-0.00094933035	1
8 1 0.1234375 0.026885579 0 0.875 5.3363997 0.92690803 0.42241022 0.23409552 17 0 0 0 0.16376493 0 0 1 0.375 4 0.1234375 0.1234375 0.1234375 0.1234375
"bench_firstpos8.csv"	1	-0.00094933035	1
8 1 0.1234375 0.026885579 0 0.875 5.3363997 0.92690803 0.42241022 0.23409552 17 0 0 0 0.16376493 0 0 1 0.375 4 0.1234375 0.1234375 0.1234375 0.1234375
"bench_firstpos8.csv"	2	1.4224531e-05	1
8 1 0.1234375 0.026885579 0 0.875 5.3363997 0.92690803 0.42241022 0.23409552 17 0 0 0 0.16376493 0 0 1 0.375 4 0.1234375 0.1234375 0.1234375 0.1234375
"bench_firstpos8.csv"	4	1.891725e-05	1
8 1 0.1234375 0.026885579 0 0.875 5.3363997 0.92690803 0.42241022 0.23409552 17 0 0 0 0.16376493 0 0 1 0.375 4 0.1234375 0.1234375 0.1234375 0.1234375
"bench_firstpos8.csv"	3	-0.00080107977	1
8 1 0.1234375 0.026885579 0 0.875 5.3363997 0.92690803 0.42241022 0.23409552 17 0 0 0 0.16376493 0 0 1 0.375 4 0.1234375 0.1234375 0.1234375 0.1234375
"bench_firstpos8.csv"	1	-0.00080107977	1
8 1 0.1234375 0.026885579 0 0.875 5.3363997 0.92690803 0.42241022 0.23409552 17 0 0 0 0.16376493 0 0 1 0.375 4 0.1234375 0.1234375 0.1234375 0.1234375
"bench_firstpos8.csv"	2	0.00020502853	1
8 1 0.1234375 0.026885579 0 0.875 5.3363997 0.92690803 0.42241022 0.23409552 17 0 0 0 0.16376493 0 0 1 0.375 4 0.1234375 0.1234375 0.1234375 0.1234375
"bench_firstpos8.csv"	4	2.160066e-05	1
8 1 0.1234375 0.026885579 0 0.875 5.3363997 0.92690803 0.42241022 0.23409552 17 0 0 0 0.16376493 0 0 1 0.375 4 0.1234375 0.1234375 0.1234375 0.1234375
"bench_firstpos8.csv"	3	-0.00079718726	1
8 1 0.1234375 0.026885579 0 0.875 5.3363997 0.92690803 0.42241022 0.23409552 17 0 0 0 0.16376493 0 0 1 0.375 4 0.1234375 0.1234375 0.1234375 0.1234375
"bench_firstpos8.csv"	1	-0.00079718726	1
8 1 0.1234375 0.026885579 0 0.875 5.3363997 0.92690803 0.42241022 0.23409552 17 0 0 0 0.16376493 0 0 1 0.375 4 0.1234375 0.1234375 0.1234375 0.1234375
"bench_firstpos8.csv"	2	-0.00079718726	1
8 1 0.1234375 0.026885579 0 0.875 5.3363997 0.92690803 0.42241022 0.23409552 17 0 0 0 0.16376493 0 0 1 0.375 4 0.1234375 0.1234375 0.1234375 0.1234375
"bench_firstpos8.csv"	4	2.3833298e-05	1
8 1 0.1234375 0.026885579 0 0.875 5.3363997 0.92690803 0.42241022 0.23409552 17 0 0 0 0.16376493 0 0 1 0.375 4 0.1234375 0.1234375 0.1234375 0.1234375
"bench_firstpos8.csv"	3	-0.0007937514	1
8 1 0.1234375 0.026885579 0 0.875 5.3363997 0.92690803 0.42241022 0.23409552 17 0 0 0 0.16376493 0 0 1 0.375 4 0.1234375 0.1234375 0.1234375 0.1234375
"bench_firstpos8.csv"	1	-0.0007937514	1
8 1 0.1234375 0.026885579 0 0.875 5.3363997 0.92690803 0.42241022 0.23409552 17 0 0 0 0.16376493 0 0 1 0.375 4 0.1234375 0.1234375 0.1234375 0.1234375
"bench_firstpos8.csv"	2	-0.0007937514	1
8 1 0.1234375 0.026885579 0 0.875 5.3363997 0.92690803 0.42241022 0.23409552 17 0 0 0 0.16376493 0 0 1 0.375 4 0.1234375 0.1234375 0.1234375 0.1234375
"bench_firstpos8.csv"	4	2.8725674e-05	1
8 1 0.1234375 0.026885579 0 0.875 5.3363997 0.92690803 0.42241022 0.23409552 17 0 0 0 0.16376493 0 0 1 0.375 4 0.1234375 0.1234375 0.1234375 0.1234375
"bench_firstpos8.csv"	3	-0.00079076639	1
8 1 0.1234375 0.026885579 0 0.875 5.3363997 0.92690803 0.42241022 0.23409552 17 0 0 0 0.16376493 0 0 1 0.375 4 0.1234375 0.1234375 0.1234375 0.1234375
"bench_firstpos8.csv"	1	-0.00079076639	1
8 1 0.1234375 0.026885579 0 0.875 5.3363997 0.92690803 0.42241022 0.23409552 17 0 0 0 0.16376493 0 0 1 0.375 4 0.1234375 0.1234375 0.1234375 0.1234375
"bench_firstpos8.csv"	2	-0.00079076639	1
8 1 0.1234375 0.026885579 0 0.875 5.3363997 0.92690803 0.42241022 0.23409552 17 0 0 0 0.16376493 0 0 1 0.375 4 0.1234375 0.1234375 0.1234375 0.1234375
"bench_firstpos8.csv"	4	2.7748677e-05	1
8 1 0.1234375 0.026885579 0 0.875 5.3363997 0.92690803 0.42241022 0.23409552 17 0 0 0 0.16376493 0 0 1 0.375 4 0.1234375 0.1234375 0.1234375 0.1234375
"bench_firstpos8.csv"	3	-0.00078819889	1
8 1 0.1234375 0.026885579 0 0.875 5.3363997 0.92690803 0.42241022 0.23409552 17 0 0 0 0.16376493 0 0 1 0.375 4 0.1234375 0.1234375 0.1234375 0.1234375
"bench_firstpos8.csv"	1	-0.00078819889	1
8 1 0.1234375 0.026885579 0 0.875 5.3363997 0.92690803 0.42241022 0.23409552 17 0 0 0 0.16376493 0 0 1 0.375 4 0.1234375 0.1234375 0.1234375 0.1234375
"bench_firstpos8.csv"	2	0.0001683256	1
8 1 0.1234375 0.026885579 0 0.875 5.3363997 0.92690803 0.42241022 0.23409552 17 0 0 0 0.16376493 0 0 1 0.375 4 0.1234375 0.1234375 0.1234375 0.1234375
"bench_firstpos8.csv"	4	3.4269627e-05	1
8 1 0.1234375 0.026885579 0 0.875 5.3363997 0.92690803 0.42241022 0.23409552 17 0 0 0 0.16376493 0 0 1 0.375 4 0.1234375 0.1234375 0.1234375 0.1234375
"bench_firstpos8.csv"	3	-0.00077500899	1
8 1 0.1234375 0.026885579 0 0.875 5.3363997 0.92690803 0.42241022 0.23409552 17 0 0 0 0.16376493 0 0 1 0.375 4 0.1234375 0.1234375 0.1234375 0.1234375
"bench_firstpos8.csv"	1	-0.00077500899	1
8 1 0.1234375 0.026885579 0 0.875 5.3363997 0.92690803 0.42241022 0.23409552 17 0 0 0 0.16376493 0 0 1 0.375 4 0.1234375 0.1234375 0.1234375 0.1234375
"bench_firstpos8.csv"	2	-0.00077500899	1
8 1 0.1234375 0.026885579 0 0.875 5.3363997 0.92690803 0.42241022 0.23409552 17 0 0 0 0.16376493 0 0 1 0.375 4 0.1234375 0.1234375 0.1234375 0.1234375
"bench_firstpos8.csv"	4	3.6063889e-05	1
8 1 0.1234375 0.026885579 0 0.875 5.3363997 0.92690803 0.42241022 0.23409552 17 0 0 0 0.16376493 0 0 1 0.375 4 0.1234375 0.1234375 0.1234375 0.1234375
"bench_firstpos8.csv"	3	-0.00077423333	1
8 1 0.1234375 0.026885579 0 0.875 5.3363997 0.92690803 0.42241022 0.23409552 17 0 0 0 0.16376493 0 0 1 0.375 4 0.1234375 0.1234375 0.1234375 0.1234375
"bench_firstpos8.csv"	1	-0.00077423333	1
8 1 0.1234375 0.026885579 0 0.875 5.3363997 0.92690803 0.42241022 0.23409552 17 0 0 0 0.16376493 0 0 1 0.375 4 0.1234375 0.1234375 0.1234375 0.1234375
"bench_firstpos8.csv"	2	0.00022927405	1
8 1 0.1234375 0.026885579 0 0.875 5.3363997 0.92690803 0.42241022 0.23409552 17 0 0 0 0.16376493 0 0 1 0.375 4 0.1234375 0.1234375 0.1234375 0.1234375
"bench_firstpos8.csv"	4	3.485842e-05	1
8 1 0.1234375 0.026885579 0 0.875 5.3363997 0.92690803 0.42241022 0.23409552 17 0 0 0 0.16376493 0 0 1 0.375 4 0.1234375 0.1234375 0.1234375 0.1234375
"bench_firstpos8.csv"	3	-0.00077349587	1
8 1 0.1234375 0.026885579 0 0.875 5.3363997 0.92690803 0.42241022 0.23409552 17 0 0 0 0.16376493 0 0 1 0.375 4 0.1234375 0.1234375 0.1234375 0.1234375
"bench_firstpos8.csv"	1	-0.00077349587	1
8 1 0.1234375 0.026885579 0 0.875 5.3363997 0.92690803 0.42241022 0.23409552 17 0 0 0 0.16376493 0 0 1 0.375 4 0.1234375 0.1234375 0.1234375 0.1234375
"bench_firstpos8.csv"	2	-0.00077349587	1
8 1 0.1234375 0.026885579 0 0.875 5.3363997 0.92690803 0.42241022 0.23409552 17 0 0 0 0.16376493 0 0 1 0.375 4 0.1234375 0.1234375 0.1234375 0.1234375
"bench_firstpos8.csv"	4	3.500277e-05	1
8 1 0.1234375 0.026885579 0 0.875 5.3363997 0.92690803 0.42241022 0.23409552 17 0 0 0 0.16376493 0 0 1 0.375 4 0.1234375 0.1234375 0.1234375 0.1234375
"bench_firstpos8.csv"	3	-0.00077279133	1
8 1 0.1234375 0.026885579 0 0.875 5.3363997 0.92690803 0.42241022 0.23409552 17 0 0 0 0.16376493 0 0 1 0.375 4 0.1234375 0.1234375 0.1234375 0.1234375
"bench_firstpos8.csv"	1	-0.00077279133	1
8 1 0.1234375 0.026885579 0 0.875 5.3363997 0.92690803 0.42241022 0.23409552 17 0 0 0 0.16376493 0 0 1 0.375 4 0.1234375 0.1234375 0.1234375 0.1234375
"bench_firstpos8.csv"	2	0.00019983924	1
8 1 0.1234375 0.026885579 0 0.875 5.3363997 0.92690803 0.42241022 0.23409552 17 0 0 0 0.16376493 0 0 1 0.375 4 0.1234375 0.1234375 0.1234375 0.1234375
"bench_firstpos8.csv"	4	3.4880139e-05	1
8 1 0.1234375 0.026885579 0 0.875 5.3363997 0.92690803 0.42241022 0.23409552 17 0 0 0 0.16376493 0 0 1 0.375 4 0.1234375 0.1234375 0.1234375 0.1234375
"bench_firstpos8.csv"	3	-0.00077211567	1
8 1 0.1234375 0.026885579 0 0.875 5.3363997 0.92690803 0.42241022 0.23409552 17 0 0 0 0.16376493 0 0 1 0.375 4 0.1234375 0.1234375 0.1234375 0.1234375
"bench_firstpos8.csv"	1	-0.00077211567	1
8 1 0.1234375 0.026885579 0 0.875 5.3363997 0.92690803 0.42241022 0.23409552 17 0 0 0 0.16376493 0 0 1 0.375 4 0.1234375 0.1234375 0.1234375 0.1234375
"bench_firstpos8.csv"	2	0.00015172455	1
8 1 0.1234375 0.026885579 0 0.875 5.3363997 0.92690803 0.42241022 0.23409552 17 0 0 0 0.16376493 0 0 1 0.375 4 0.1234375 0.1234375 0.1234375 0.1234375
"bench_firstpos8.csv"	4	3.5189693e-05	1
8 1 0.1234375 0.026885579 0 0.875 5.3363997 0.92690803 0.42241022 0.23409552 17 0 0 0 0.16376493 0 0 1 0.375 4 0.1234375 0.1234375 0.1234375 0.1234375
"bench_firstpos8.csv"	3	-0.00076648788	1
8 1 0.1234375 0.026885579 0 0.875 5.3363997 0.92690803 0.42241022 0.23409552 17 0 0 0 0.16376493 0 0 1 0.375 4 0.1234375 0.1234375 0.1234375 0.1234375
"bench_firstpos8.csv"	1	-0.00076648788	1
8 1 0.1234375 0.026885579 0 0.875 5.3363997 0.92690803 0.42241022 0.23409552 17 0 0 0 0.16376493 0 0 1 0.375 4 0.1234375 0.1234375 0.1234375 0.1234375
"bench_firstpos8.csv"	2	-0.00076648788	1
8 1 0.1234375 0.026885579 0 0.875 5.3363997 0.92690803 0.42241022 0.23409552 17 0 0 0 0.16376493 0 0 1 0.375 4 0.1234375 0.1234375 0.1234375 0.1234375
"bench_firstpos8.csv"	4	3.6146205e-05	1
8 1 0.1234375 0.026885579 0 0.875 5.3363997 0.92690803 0.42241022 0.23409552 17 0 0 0 0.16376493 0 0 1 0.375 4 0.1234375 0.1234375 0.1234375 0.1234375
"bench_firstpos8.csv"	3	-0.00076601244	1
8 1 0.1234375 0.026885579 0 0.875 5.3363997 0.92690803 0.42241022 0.23409552 17 0 0 0 0.16376493 0 0 1 0.375 4 0.1234375 0.1234375 0.1234375 0.1234375
"bench_firstpos8.csv"	1	-0.00076601244	1
8 1 0.1234375 0.026885579 0 0.875 5.3363997 0.92690803 0.42241022 0.23409552 17 0 0 0 0.16376493 0 0 1 0.375 4 0.1234375 0.1234375 0.1234375 0.1234375
"bench_firstpos8.csv"	2	-0.00076601244	1
8 1 0.1234375 0.026885579 0 0.875 5.3363997 0.92690803 0.42241022 0.23409552 17 0 0 0 0.16376493 0 0 1 0.375 4 0.1234375 0.1234375 0.1234375 0.1234375
"bench_firstpos8.csv"	4	3.5558069e-05	1
8 1 0.1234375 0.026885579 0 0.875 5.3363997 0.92690803 0.42241022 0.23409552 17 0 0 0 0.16376493 0 0 1 0.375 4 0.1234375 0.1234375 0.1234375 0.1234375
"bench_firstpos8.csv"	3	-0.00076554997	1
8 1 0.1234375 0.026885579 0 0.875 5.3363997 0.92690803 0.42241022 0.23409552 17 0 0 0 0.16376493 0 0 1 0.375 4 0.1234375 0.1234375 0.1234375 0.1234375
"bench_firstpos8.csv"	1	-0.00076554997	1
8 1 0.1234375 0.026885579 0 0.875 5.3363997 0.92690803 0.42241022 0.23409552 17 0 0 0 0.16376493 0 0 1 0.375 4 0.1234375 0.1234375 0.1234375 0.1234375
"bench_firstpos8.csv"	2	-0.00076554997	1
8 1 0.1234375 0.026885579 0 0.875 5.3363997 0.92690803 0.42241022 0.23409552 17 0 0 0 0.16376493 0 0 1 0.375 4 0.1234375 0.1234375 0.1234375 0.1234375
"bench_firstpos8.csv"	4	3.545867e-05	1
8 1 0.1234375 0.026885579 0 0.875 5.3363997 0.92690803 0.42241022 0.23409552 17 0 0 0 0.16376493 0 0 1 0.375 4 0.1234375 0.1234375 0.1234375 0.1234375
"bench_firstpos8.csv"	3	-0.00076509995	1
8 1 0.1234375 0.026885579 0 0.875 5.3363997 0.92690803 0.42241022 0.23409552 17 0 0 0 0.16376493 0 0 1 0.375 4 0.1234375 0.1234375 0.1234375 0.1234375
"bench_firstpos8.csv"	1	-0.00076509995	1
8 1 0.1234375 0.026885579 0 0.875 5.3363997 0.92690803 0.42241022 0.23409552 17 0 0 0 0.16376493 0 0 1 0.375 4 0.1234375 0.1234375 0.1234375 0.1234375
"bench_firstpos8.csv"	2	-0.00076509995	1
8 1 0.1234375 0.026885579 0 0.875 5.3363997 0.92690803 0.42241022 0.23409552 17 0 0 0 0.16376493 0 0 1 0.375 4 0.1234375 0.1234375 0.1234375 0.1234375
"bench_firstpos8.csv"	4	3.5149422e-05	1
8 1 0.1234375 0.026885579 0 0.875 5.3363997 0.92690803 0.42241022 0.23409552 17 0 0 0 0.16376493 0 0 1 0.375 4 0.1234375 0.1234375 0.1234375 0.1234375
"bench_firstpos8.csv"	3	-0.0007646619	1
8 1 0.1234375 0.026885579 0 0.875 5.3363997 0.92690803 0.42241022 0.23409552 17 0 0 0 0.16376493 0 0 1 0.375 4 0.1234375 0.1234375 0.1234375 0.1234375
"bench_firstpos8.csv"	1	-0.0007646619	1
8 1 0.1234375 0.026885579 0 0.875 5.3363997 0.92690803 0.42241022 0.23409552 17 0 0 0 0.16376493 0 0 1 0.375 4 0.1234375 0.1234375 0.1234375 0.1234375
"bench_firstpos8.csv"	2	-0.0007646619	1
8 1 0.1234375 0.026885579 0 0.875 5.3363997 0.92690803 0.42241022 0.23409552 17 0 0 0 0.16376493 0 0 1 0.375 4 0.1234375 0.1234375 0.1234375 0.1234375
"bench_firstpos8.csv"	4	3.5919425e-05	1
8 1 0.1234375 0.026885579 0 0.875 5.3363997 0.92690803 0.42241022 0.23409552 17 0 0 0 0.16376493 0 0 1 0.375 4 0.1234375 0.1234375 0.1234375 0.1234375
"bench_firstpos8.csv"	3	-0.00076085013	1
8 1 0.1234375 0.026885579 0 0.875 5.3363997 0.92690803 0.42241022 0.23409552 17 0 0 0 0.16376493 0 0 1 0.375 4 0.1234375 0.1234375 0.1234375 0.1234375
"bench_firstpos8.csv"	1	-0.00076085013	1
8 1 0.1234375 0.026885579 0 0.875 5.3363997 0.92690803 0.42241022 0.23409552 17 0 0 0 0.16376493 0 0 1 0.375 4 0.1234375 0.1234375 0.1234375 0.1234375
"bench_firstpos8.csv"	2	0.00025419031	1
8 1 0.1234375 0.026885579 0 0.875 5.3363997 0.92690803 0.42241022 0.23409552 17 0 0 0 0.16376493 0 0 1 0.375 4 0.1234375 0.1234375 0.1234375 0.1234375
"bench_firstpos8.csv"	4	3.6601262e-05	1
8 1 0.1234375 0.026885579 0 0.875 5.3363997 0.92690803 0.42241022 0.23409552 17 0 0 0 0.16376493 0 0 1 0.375 4 0.1234375 0.1234375 0.1234375 0.1234375
"bench_firstpos8.csv"	3	-0.00076051819	1
8 1 0.1234375 0.026885579 0 0.875 5.3363997 0.92690803 0.42241022 0.23409552 17 0 0 0 0.16376493 0 0 1 0.375 4 0.1234375 0.1234375 0.1234375 0.1234375
"bench_firstpos8.csv"	1	-0.00076051819	1
8 1 0.1234375 0.026885579 0 0.875 5.3363997 0.92690803 0.42241022 0.23409552 17 0 0 0 0.16376493 0 0 1 0.375 4 0.1234375 0.1234375 0.1234375 0.1234375
"bench_firstpos8.csv"	2	0.00018646922	1
8 1 0.1234375 0.026885579 0 0.875 5.3363997 0.92690803 0.42241022 0.23409552 17 0 0 0 0.16376493 0 0 1 0.375 4 0.1234375 0.1234375 0.1234375 0.1234375
"bench_firstpos8.csv"	4	3.5455325e-05	1
8 1 0.1234375 0.026885579 0 0.875 5.3363997 0.92690803 0.42241022 0.23409552 17 0 0 0 0.16376493 0 0 1 0.375 4 0.1234375 0.1234375 0.1234375 0.1234375
"bench_firstpos8.csv"	3	-0.00076019402	1
8 1 0.1234375 0.026885579 0 0.875 5.3363997 0.92690803 0.42241022 0.23409552 17 0 0 0 0.16376493 0 0 1 0.375 4 0.1234375 0.1234375 0.1234375 0.1234375
"bench_firstpos8.csv"	1	-0.00076019402	1
8 1 0.1234375 0.026885579 0 0.875 5.3363997 0.92690803 0.42241022 0.23409552 17 0 0 0 0.16376493 0 0 1 0.375 4 0.1234375 0.1234375 0.1234375 0.1234375
"bench_firstpos8.csv"	2	0.00024959823	1
8 1 0.1234375 0.026885579 0 0.875 5.3363997 0.92690803 0.42241022 0.23409552 17 0 0 0 0.16376493 0 0 1 0.375 4 0.1234375 0.1234375 0.1234375 0.1234375
"bench_firstpos8.csv"	4	3.4980525e-05	1
8 1 0.1234375 0.026885579 0 0.875 5.3363997 0.92690803 0.42241022 0.23409552 17 0 0 0 0.16376493 0 0 1 0.375 4 0.1234375 0.1234375 0.1234375 0.1234375
"bench_firstpos8.csv"	3	-0.00075987733	1
8 1 0.1234375 0.026885579 0 0.875 5.3363997 0.92690803 0.42241022 0.23409552 17 0 0 0 0.16376493 0 0 1 0.375 4 0.1234375 0.1234375 0.1234375 0.1234375
"bench_firstpos8.csv"	1	-0.00075987733	1
8 1 0.1234375 0.026885579 0 0.875 5.3363997 0.92690803 0.42241022 0.23409552 17 0 0 0 0.16376493 0 0 1 0.375 4 0.1234375 0.1234375 0.1234375 0.1234375
"bench_firstpos8.csv"	2	-0.00075987733	1
8 1 0.1234375 0.026885579 0 0.875 5.3363997 0.92690803 0.42241022 0.23409552 17 0 0 0 0.16376493 0 0 1 0.375 4 0.1234375 0.1234375 0.1234375 0.1234375
"bench_firstpos8.csv"	4	3.5493522e-05	1
8 1 0.1234375 0.026885579 0 0.875 5.3363997 0.92690803 0.42241022 0.23409552 17 0 0 0 0.16376493 0 0 1 0.375 4 0.1234375 0.1234375 0.1234375 0.1234375
"bench_firstpos8.csv"	3	-0.0007595679	1
8 1 0.1234375 0.026885579 0 0.875 5.3363997 0.92690803 0.42241022 0.23409552 17 0 0 0 0.16376493 0 0 1 0.375 4 0.1234375 0.1234375 0.1234375 0.1234375
"bench_firstpos8.csv"	1	-0.0007595679	1
8 1 0.1234375 0.026885579 0 0.875 5.3363997 0.92690803 0.42241022 0.23409552 17 0 0 0 0.16376493 0 0 1 0.375 4 0.1234375 0.1234375 0.1234375 0.1234375
"bench_firstpos8.csv"	2	-0.0007595679	1
8 1 0.1234375 0.026885579 0 0.875 5.3363997 0.92690803 0.42241022 0.23409552 17 0 0 0 0.16376493 0 0 1 0.375 4 0.1234375 0.1234375 0.1234375 0.1234375
"bench_firstpos8.csv"	4	3.4260224e-05	1
8 1 0.1234375 0.026885579 0 0.875 5.3363997 0.92690803 0.42241022 0.23409552 17 0 0 0 0.16376493 0 0 1 0.375 4 0.1234375 0.1234375 0.1234375 0.1234375
"bench_firstpos8.csv"	3	-0.00075682329	1
8 1 0.1234375 0.026885579 0 0.875 5.3363997 0.92690803 0.42241022 0.23409552 17 0 0 0 0.16376493 0 0 1 0.375 4 0.1234375 0.1234375 0.1234375 0.1234375
"bench_firstpos8.csv"	1	-0.00075682329	1
8 1 0.1234375 0.026885579 0 0.875 5.3363997 0.92690803 0.42241022 0.23409552 17 0 0 0 0.16376493 0 0 1 0.375 4 0.1234375 0.1234375 0.1234375 0.1234375
"bench_firstpos8.csv"	2	-0.00075682329	1
8 1 0.1234375 0.026885579 0 0.875 5.3363997 0.92690803 0.42241022 0.23409552 17 0 0 0 0.16376493 0 0 1 0.375 4 0.1234375 0.1234375 0.1234375 0.1234375
"bench_firstpos8.csv"	4	3.02721e-05	1
8 1 0.1234375 0.026885579 0 0.875 5.3363997 0.92690803 0.42241022 0.23409552 17 0 0 0 0.16376493 0 0 1 0.375 4 0.1234375 0.1234375 0.1234375 0.1234375
"bench_firstpos8.csv"	3	-0.00075657949	1
8 1 0.1234375 0.026885579 0 0.875 5.3363997 0.92690803 0.42241022 0.23409552 17 0 0 0 0.16376493 0 0 1 0.375 4 0.1234375 0.1234375 0.1234375 0.1234375
"bench_firstpos8.csv"	1	-0.00075657949	1
8 1 0.1234375 0.026885579 0 0.875 5.3363997 0.92690803 0.42241022 0.23409552 17 0 0 0 0.16376493 0 0 1 0.375 4 0.1234375 0.1234375 0.1234375 0.1234375
"bench_firstpos8.csv"	2	0.0002221542	1
8 1 0.1234375 0.026885579 0 0.875 5.3363997 0.92690803 0.42241022 0.23409552 17 0 0 0 0.16376493 0 0 1 0.375 4 0.1234375 0.1234375 0.1234375 0.1234375
"bench_firstpos8.csv"	4	3.4175741e-05	1
8 1 0.1234375 0.026885579 0 0.875 5.3363997 0.92690803 0.42241022 0.23409552 17 0 0 0 0.16376493 0 0 1 0.375 4 0.1234375 0.1234375 0.1234375 0.1234375
"bench_firstpos8.csv"	3	-0.00075634059	1
8 1 0.1234375 0.026885579 0 0.875 5.3363997 0.92690803 0.42241022 0.23409552 17 0 0 0 0.16376493 0 0 1 0.375 4 0.1234375 0.1234375 0.1234375 0.1234375
"bench_firstpos8.csv"	1	-0.00075634059	1
8 1 0.1234375 0.026885579 0 0.875 5.3363997 0.92690803 0.42241022 0.23409552 17 0 0 0 0.16376493 0 0 1 0.375 4 0.1234375 0.1234375 0.1234375 0.1234375
"bench_firstpos8.csv"	2	-0.00075634059	1
8 1 0.1234375 0.026885579 0 0.875 5.3363997 0.92690803 0.42241022 0.23409552 17 0 0 0 0.16376493 0 0 1 0.375 4 0.1234375 0.1234375 0.1234375 0.1234375
"bench_firstpos8.csv"	4	3.4358772e-05	1
8 1 0.1234375 0.026885579 0 0.875 5.3363997 0.92690803 0.42241022 0.23409552 17 0 0 0 0.16376493 0 0 1 0.375 4 0.1234375 0.1234375 0.1234375 0.1234375
"bench_firstpos8.csv"	3	-0.00075610641	1
8 1 0.1234375 0.026885579 0 0.875 5.3363997 0.92690803 0.42241022 0.23409552 17 0 0 0 0.16376493 0 0 1 0.375 4 0.1234375 0.1234375 0.1234375 0.1234375
"bench_firstpos8.csv"	1	-0.00075610641	1
8 1 0.1234375 0.026885579 0 0.875 5.3363997 0.92690803 0.42241022 0.23409552 17 0 0 0 0.16376493 0 0 1 0.375 4 0.1234375 0.1234375 0.1234375 0.1234375
"bench_firstpos8.csv"	2	-0.00075610641	1
8 1 0.1234375 0.026885579 0 0.875 5.3363997 0.92690803 0.42241022 0.23409552 17 0 0 0 0.16376493 0 0 1 0.375 4 0.1234375 0.1234375 0.1234375 0.1234375
"bench_firstpos8.csv"	4	2.6905464e-05	1
8 1 0.1234375 0.026885579 0 0.875 5.3363997 0.92690803 0.42241022 0.23409552 17 0 0 0 0.16376493 0 0 1 0.375 4 0.1234375 0.1234375 0.1234375 0.1234375
"bench_firstpos8.csv"	3	-0.00075587681	1
8 1 0.1234375 0.026885579 0 0.875 5.3363997 0.92690803 0.42241022 0.23409552 17 0 0 0 0.16376493 0 0 1 0.375 4 0.1234375 0.1234375 0.1234375 0.1234375
"bench_firstpos8.csv"	1	-0.00075587681	1
8 1 0.1234375 0.026885579 0 0.875 5.3363997 0.92690803 0.42241022 0.23409552 17 0 0 0 0.16376493 0 0 1 0.375 4 0.1234375 0.1234375 0.1234375 0.1234375
"bench_firstpos8.csv"	2	-0.00075587681	1
8 1 0.1234375 0.026885579 0 0.875 5.3363997 0.92690803 0.42241022 0.23409552 17 0 0 0 0.16376493 0 0 1 0.375 4 0.1234375 0.1234375 0.1234375 0.1234375
"bench_firstpos8.csv"	4	3.3022342e-05	1
8 1 0.1234375 0.026885579 0 0.875 5.3363997 0.92690803 0.42241022 0.23409552 17 0 0 0 0.16376493 0 0 1 0.375 4 0.1234375 0.1234375 0.1234375 0.1234375
"bench_firstpos8.csv"	3	-0.00075380427	1
8 1 0.1234375 0.026885579 0 0.875 5.3363997 0.92690803 0.42241022 0.23409552 17 0 0 0 0.16376493 0 0 1 0.375 4 0.1234375 0.1234375 0.1234375 0.1234375
"bench_firstpos8.csv"	1	-0.00075380427	1
8 1 0.1234375 0.026885579 0 0.875 5.3363997 0.92690803 0.42241022 0.23409552 17 0 0 0 0.16376493 0 0 1 0.375 4 0.1234375 0.1234375 0.1234375 0.1234375
"bench_firstpos8.csv"	2	-0.00075380427	1
8 1 0.1234375 0.026885579 0 0.875 5.3363997 0.92690803 0.42241022 0.23409552 17 0 0 0 0.16376493 0 0 1 0.375 4 0.1234375 0.1234375 0.1234375 0.1234375
"bench_firstpos8.csv"	4	2.8545062e-05	1
8 1 0.1234375 0.026885579 0 0.875 5.3363997 0.92690803 0.42241022 0.23409552 17 0 0 0 0.16376493 0 0 1 0.375 4 0.1234375 0.1234375 0.1234375 0.1234375
"bench_firstpos8.csv"	3	-0.0007536169	1
8 1 0.1234375 0.026885579 0 0.875 5.3363997 0.92690803 0.42241022 0.23409552 17 0 0 0 0.16376493 0 0 1 0.375 4 0.1234375 0.1234375 0.1234375 0.1234375
"bench_firstpos8.csv"	1	-0.0007536169	1
8 1 0.1234375 0.026885579 0 0.875 5.3363997 0.92690803 0.42241022 0.23409552 17 0 0 0 0.16376493 0 0 1 0.375 4 0.1234375 0.1234375 0.1234375 0.1234375
"bench_firstpos8.csv"	2	-0.0007536169	1
8 1 0.1234375 0.026885579 0 0.875 5.3363997 0.92690803 0.42241022 0.23409552 17 0 0 0 0.16376493 0 0 1 0.375 4 0.1234375 0.1234375 0.1234375 0.1234375
"bench_firstpos8.csv"	4	3.3743787e-05	1
8 1 0.1234375 0.026885579 0 0.875 5.3363997 0.92690803 0.42241022 0.23409552 17 0 0 0 0.16376493 0 0 1 0.375 4 0.1234375 0.1234375 0.1234375 0.1234375
"bench_firstpos8.csv"	3	-0.00075343277	1
8 1 0.1234375 0.026885579 0 0.875 5.3363997 0.92690803 0.42241022 0.23409552 17 0 0 0 0.16376493 0 0 1 0.375 4 0.1234375 0.1234375 0.1234375 0.1234375
"bench_firstpos8.csv"	1	-0.00075343277	1
8 1 0.1234375 0.026885579 0 0.875 5.3363997 0.92690803 0.42241022 0.23409552 17 0 0 0 0.16376493 0 0 1 0.375 4 0.1234375 0.1234375 0.1234375 0.1234375
"bench_firstpos8.csv"	2	-0.00075343277	1
8 1 0.1234375 0.026885579 0 0.875 5.3363997 0.92690803 0.42241022 0.23409552 17 0 0 0 0.16376493 0 0 1 0.375 4 0.1234375 0.1234375 0.1234375 0.1234375
"bench_firstpos8.csv"	4	3.2482834e-05	1
8 1 0.1234375 0.026885579 0 0.875 5.3363997 0.92690803 0.42241022 0.23409552 17 0 0 0 0.16376493 0 0 1 0.375 4 0.1234375 0.1234375 0.1234375 0.1234375
"bench_firstpos8.csv"	3	-0.0007532518	1
8 1 0.1234375 0.026885579 0 0.875 5.3363997 0.92690803 0.42241022 0.23409552 17 0 0 0 0.16376493 0 0 1 0.375 4 0.1234375 0.1234375 0.1234375 0.1234375
"bench_firstpos8.csv"	1	-0.0007532518	1
8 1 0.1234375 0.026885579 0 0.875 5.3363997 0.92690803 0.42241022 0.23409552 17 0 0 0 0.16376493 0 0 1 0.375 4 0.1234375 0.1234375 0.1234375 0.1234375
"bench_firstpos8.csv"	2	-0.0007532518	1
8 1 0.1234375 0.026885579 0 0.875 5.3363997 0.92690803 0.42241022 0.23409552 17 0 0 0 0.16376493 0 0 1 0.375 4 0.1234375 0.1234375 0.1234375 0.1234375
"bench_firstpos8.csv"	4	3.2052407e-05	1
8 1 0.1234375 0.026885579 0 0.875 5.3363997 0.92690803 0.42241022 0.23409552 17 0 0 0 0.16376493 0 0 1 0.375 4 0.1234375 0.1234375 0.1234375 0.1234375
"bench_firstpos8.csv"	3	-0.00075307393	1
8 1 0.1234375 0.026885579 0 0.875 5.3363997 0.92690803 0.42241022 0.23409552 17 0 0 0 0.16376493 0 0 1 0.375 4 0.1234375 0.1234375 0.1234375 0.1234375
"bench_firstpos8.csv"	1	-0.00075307393	1
8 1 0.1234375 0.026885579 0 0.875 5.3363997 0.92690803 0.42241022 0.23409552 17 0 0 0 0.16376493 0 0 1 0.375 4 0.1234375 0.1234375 0.1234375 0.1234375
"bench_firstpos8.csv"	2	-0.00075307393	1
8 1 0.1234375 0.026885579 0 0.875 5.3363997 0.92690803 0.42241022 0.23409552 17 0 0 0 0.16376493 0 0 1 0.375 4 0.1234375 0.1234375 0.1234375 0.1234375
"bench_firstpos8.csv"	4	2.8785595e-05	1
8 1 0.1234375 0.026885579 0 0.875 5.3363997 0.92690803 0.42241022 0.23409552 17 0 0 0 0.16376493 0 0 1 0.375 4 0.1234375 0.1234375 0.1234375 0.1234375
"bench_firstpos8.csv"	3	-0.00075145568	1
8 1 0.1234375 0.026885579 0 0.875 5.3363997 0.92690803 0.42241022 0.23409552 17 0 0 0 0.16376493 0 0 1 0.375 4 0.1234375 0.1234375 0.1234375 0.1234375
"bench_firstpos8.csv"	1	-0.00075145568	1
8 1 0.1234375 0.026885579 0 0.875 5.3363997 0.92690803 0.42241022 0.23409552 17 0 0 0 0.16376493 0 0 1 0.375 4 0.1234375 0.1234375 0.1234375 0.1234375
"bench_firstpos8.csv"	2	-0.00075145568	1
8 1 0.1234375 0.026885579 0 0.875 5.3363997 0.92690803 0.42241022 0.23409552 17 0 0 0 0.16376493 0 0 1 0.375 4 0.1234375 0.1234375 0.1234375 0.1234375
"bench_firstpos8.csv"	4	3.170337e-05	1
8 1 0.1234375 0.026885579 0 0.875 5.3363997 0.92690803 0.42241022 0.23409552 17 0 0 0 0.16376493 0 0 1 0.375 4 0.1234375 0.1234375 0.1234375 0.1234375
"bench_firstpos8.csv"	3	-0.00075130947	1
8 1 0.1234375 0.026885579 0 0.875 5.3363997 0.92690803 0.42241022 0.23409552 17 0 0 0 0.16376493 0 0 1 0.375 4 0.1234375 0.1234375 0.1234375 0.1234375
"bench_firstpos8.csv"	1	-0.00075130947	1
8 1 0.1234375 0.026885579 0 0.875 5.3363997 0.92690803 0.42241022 0.23409552 17 0 0 0 0.16376493 0 0 1 0.375 4 0.1234375 0.1234375 0.1234375 0.1234375
"bench_firstpos8.csv"	2	-0.00075130947	1
8 1 0.1234375 0.026885579 0 0.875 5.3363997 0.92690803 0.42241022 0.23409552 17 0 0 0 0.16376493 0 0 1 0.375 4 0.1234375 0.1234375 0.1234375 0.1234375
"bench_firstpos8.csv"	4	3.1429018e-05	1
8 1 0.1234375 0.026885579 0 0.875 5.3363997 0.92690803 0.42241022 0.23409552 17 0 0 0 0.16376493 0 0 1 0.375 4 0.1234375 0.1234375 0.1234375 0.1234375
"bench_firstpos8.csv"	3	-0.00075116616	1
8 1 0.1234375 0.026885579 0 0.875 5.3363997 0.92690803 0.42241022 0.23409552 17 0 0 0 0.16376493 0 0 1 0.375 4 0.1234375 0.1234375 0.1234375 0.1234375
"bench_firstpos8.csv"	1	-0.00075116616	1
8 1 0.1234375 0.026885579 0 0.875 5.3363997 0.92690803 0.42241022 0.23409552 17 0 0 0 0.16376493 0 0 1 0.375 4 0.1234375 0.1234375 0.1234375 0.1234375
"bench_firstpos8.csv"	2	-0.00075116616	1
8 1 0.1234375 0.026885579 0 0.875 5.3363997 0.92690803 0.42241022 0.23409552 17 0 0 0 0.16376493 0 0 1 0.375 4 0.1234375 0.1234375 0.1234375 0.1234375
"bench_firstpos8.csv"	4	3.1474983e-05	1
8 1 0.1234375 0.026885579 0 0.875 5.3363997 0.92690803 0.42241022 0.23409552 17 0 0 0 0.16376493 0 0 1 0.375 4 0.1234375 0.1234375 0.1234375 0.1234375
"bench_firstpos8.csv"	3	-0.00075102577	1
8 1 0.1234375 0.026885579 0 0.875 5.3363997 0.92690803 0.42241022 0.23409552 17 0 0 0 0.16376493 0 0 1 0.375 4 0.1234375 0.1234375 0.1234375 0.1234375
"bench_firstpos8.csv"	1	-0.00075102577	1
8 1 0.1234375 0.026885579 0 0.875 5.3363997 0.92690803 0.42241022 0.23409552 17 0 0 0 0.16376493 0 0 1 0.375 4 0.1234375 0.1234375 0.1234375 0.1234375
"bench_firstpos8.csv"	2	-0.00075102577	1
8 1 0.1234375 0.026885579 0 0.875 5.3363997 0.92690803 0.42241022 0.23409552 17 0 0 0 0.16376493 0 0 1 0.375 4 0.1234375 0.1234375 0.1234375 0.1234375
