"I.6.2.csv"	1	-0.45459438
2 1 9.2908792 26.145391 1.582554 20 3.6019015 0.99295117 1.1660524 0.84349332 5 0 0 0 0.020796536 1 1 1 751228.54 4 9.2908792 9.2908792 9.2908792 9.2908792
"I.6.2.csv"	12	-0.45459438
2 1 9.2908792 26.145391 1.582554 20 3.6019015 0.99295117 1.1660524 0.84349332 5 0 0 0 0.020796536 1 1 1 751228.54 4 9.2908792 9.2908792 9.2908792 9.2908792
"I.6.2.csv"	2	-0.45459438
2 1 9.2908792 26.145391 1.582554 20 3.6019015 0.99295117 1.1660524 0.84349332 5 0 0 0 0.020796536 1 1 1 751228.54 4 9.2908792 9.2908792 9.2908792 9.2908792
"I.6.2b.csv"	4	0.0047256257
2 1 1.1522572 0.58993011 0.234715 4.069617 4.9929129 0.97801413 1.061563 0.17646315 4 0 0 0 0.030513357 0 1 1 27027.412 4 1.1522572 1.1522572 1.1522572 1.1522572
"I.6.2b.csv"	1	-0.031893802
2 1 1.1522572 0.58993011 0.234715 4.069617 4.9929129 0.97801413 1.061563 0.17646315 4 0 0 0 0.030513357 0 1 1 27027.412 4 1.1522572 1.1522572 1.1522572 1.1522572
"I.6.2b.csv"	12	-0.031893802
2 1 1.1522572 0.58993011 0.234715 4.069617 4.9929129 0.97801413 1.061563 0.17646315 4 0 0 0 0.030513357 0 1 1 27027.412 4 1.1522572 1.1522572 1.1522572 1.1522572
"I.6.2b.csv"	4	3.518061e-06
2 1 1.1522572 0.58993011 0.234715 4.069617 4.9929129 0.97801413 1.061563 0.17646315 4 0 0 0 0.030513357 0 1 1 27027.412 4 1.1522572 1.1522572 1.1522572 1.1522572
"I.6.2b.csv"	21	6.2092097e-05
2 1 1.1522572 0.58993011 0.234715 4.069617 4.9929129 0.97801413 1.061563 0.17646315 4 0 0 0 0.030513357 0 1 1 27027.412 4 1.1522572 1.1522572 1.1522572 1.1522572
"I.6.2b.csv"	3	3.9308632e-05
2 1 1.1522572 0.58993011 0.234715 4.069617 4.9929129 0.97801413 1.061563 0.17646315 4 0 0 0 0.030513357 0 1 1 27027.412 4 1.1522572 1.1522572 1.1522572 1.1522572
"I.6.2b.csv"	1	-3.7445619e-05
2 1 1.1522572 0.58993011 0.234715 4.069617 4.9929129 0.97801413 1.061563 0.17646315 4 0 0 0 0.030513357 0 1 1 27027.412 4 1.1522572 1.1522572 1.1522572 1.1522572
"I.6.2b.csv"	12	-3.7445619e-05
2 1 1.1522572 0.58993011 0.234715 4.069617 4.9929129 0.97801413 1.061563 0.17646315 4 0 0 0 0.030513357 0 1 1 27027.412 4 1.1522572 1.1522572 1.1522572 1.1522572
"I.6.2b.csv"	2	-3.7445619e-05
2 1 1.1522572 0.58993011 0.234715 4.069617 4.9929129 0.97801413 1.061563 0.17646315 4 0 0 0 0.030513357 0 1 1 27027.412 4 1.1522572 1.1522572 1.1522572 1.1522572
"I.6.2b.csv"	17	-3.7445619e-05
2 1 1.1522572 0.58993011 0.234715 4.069617 4.9929129 0.97801413 1.061563 0.17646315 4 0 0 0 0.030513357 0 1 1 27027.412 4 1.1522572 1.1522572 1.1522572 1.1522572
"I.6.2b.csv"	17	-3.7445619e-05
2 1 1.1522572 0.58993011 0.234715 4.069617 4.9929129 0.97801413 1.061563 0.17646315 4 0 0 0 0.030513357 0 1 1 27027.412 4 1.1522572 1.1522572 1.1522572 1.1522572
"I.7.9.csv"	4	0.0014501947
2 1 1.4828345 0.18780994 0.72651 2.922516 5.0672722 0.99283065 0.61917158 0.082368868 4 0 0 0 0.085757754 0 1 1 7182.64 4 1.4828345 1.4828345 1.4828345 1.4828345
"I.7.9.csv"	1	-0.0086386567
2 1 1.4828345 0.18780994 0.72651 2.922516 5.0672722 0.99283065 0.61917158 0.082368868 4 0 0 0 0.085757754 0 1 1 7182.64 4 1.4828345 1.4828345 1.4828345 1.4828345
"I.7.9.csv"	12	-0.0086386567
2 1 1.4828345 0.18780994 0.72651 2.922516 5.0672722 0.99283065 0.61917158 0.082368868 4 0 0 0 0.085757754 0 1 1 7182.64 4 1.4828345 1.4828345 1.4828345 1.4828345
"I.7.9.csv"	4	-6.284087e-05
2 1 1.4828345 0.18780994 0.72651 2.922516 5.0672722 0.99283065 0.61917158 0.082368868 4 0 0 0 0.085757754 0 1 1 7182.64 4 1.4828345 1.4828345 1.4828345 1.4828345
"I.7.9.csv"	21	-6.284087e-05
2 1 1.4828345 0.18780994 0.72651 2.922516 5.0672722 0.99283065 0.61917158 0.082368868 4 0 0 0 0.085757754 0 1 1 7182.64 4 1.4828345 1.4828345 1.4828345 1.4828345
"I.7.9.csv"	12	-6.284087e-05
2 1 1.4828345 0.18780994 0.72651 2.922516 5.0672722 0.99283065 0.61917158 0.082368868 4 0 0 0 0.085757754 0 1 1 7182.64 4 1.4828345 1.4828345 1.4828345 1.4828345
"I.7.9.csv"	2	-6.284087e-05
2 1 1.4828345 0.18780994 0.72651 2.922516 5.0672722 0.99283065 0.61917158 0.082368868 4 0 0 0 0.085757754 0 1 1 7182.64 4 1.4828345 1.4828345 1.4828345 1.4828345
"I.7.9.csv"	17	-6.284087e-05
2 1 1.4828345 0.18780994 0.72651 2.922516 5.0672722 0.99283065 0.61917158 0.082368868 4 0 0 0 0.085757754 0 1 1 7182.64 4 1.4828345 1.4828345 1.4828345 1.4828345
"I.7.9.csv"	17	-6.284087e-05
2 1 1.4828345 0.18780994 0.72651 2.922516 5.0672722 0.99283065 0.61917158 0.082368868 4 0 0 0 0.085757754 0 1 1 7182.64 4 1.4828345 1.4828345 1.4828345 1.4828345
"I.8.4.csv"	3	-2.7917935
2 1 11.946438 48.569138 1.238512 20 2.6920746 0.94187344 10.706241 0.89250251 4 0 0 0 0.044351885 1 1 1 398012.4 4 11.946438 11.946438 11.946438 11.946438
"I.8.4.csv"	1	-2.7917935
2 1 11.946438 48.569138 1.238512 20 2.6920746 0.94187344 10.706241 0.89250251 4 0 0 0 0.044351885 1 1 1 398012.4 4 11.946438 11.946438 11.946438 11.946438
"I.8.4.csv"	12	-2.7917935
2 1 11.946438 48.569138 1.238512 20 2.6920746 0.94187344 10.706241 0.89250251 4 0 0 0 0.044351885 1 1 1 398012.4 4 11.946438 11.946438 11.946438 11.946438
"I.8.4.csv"	4	-0.027809026
2 1 11.946438 48.569138 1.238512 20 2.6920746 0.94187344 10.706241 0.89250251 4 0 0 0 0.044351885 1 1 1 398012.4 4 11.946438 11.946438 11.946438 11.946438
"I.8.4.csv"	17	0.0015194207
2 1 11.946438 48.569138 1.238512 20 2.6920746 0.94187344 10.706241 0.89250251 4 0 0 0 0.044351885 1 1 1 398012.4 4 11.946438 11.946438 11.946438 11.946438
"I.8.4.csv"	17	-0.027809026
2 1 11.946438 48.569138 1.238512 20 2.6920746 0.94187344 10.706241 0.89250251 4 0 0 0 0.044351885 1 1 1 398012.4 4 11.946438 11.946438 11.946438 11.946438
"I.8.4.csv"	21	-0.027809026
2 1 11.946438 48.569138 1.238512 20 2.6920746 0.94187344 10.706241 0.89250251 4 0 0 0 0.044351885 1 1 1 398012.4 4 11.946438 11.946438 11.946438 11.946438
"I.8.4.csv"	3	0.0062454903
2 1 11.946438 48.569138 1.238512 20 2.6920746 0.94187344 10.706241 0.89250251 4 0 0 0 0.044351885 1 1 1 398012.4 4 11.946438 11.946438 11.946438 11.946438
"I.8.4.csv"	1	0.0042093166
2 1 11.946438 48.569138 1.238512 20 2.6920746 0.94187344 10.706241 0.89250251 4 0 0 0 0.044351885 1 1 1 398012.4 4 11.946438 11.946438 11.946438 11.946438
"I.8.4.csv"	12	-0.027809026
2 1 11.946438 48.569138 1.238512 20 2.6920746 0.94187344 10.706241 0.89250251 4 0 0 0 0.044351885 1 1 1 398012.4 4 11.946438 11.946438 11.946438 11.946438
"I.8.4.csv"	2	0.0049111149
2 1 11.946438 48.569138 1.238512 20 2.6920746 0.94187344 10.706241 0.89250251 4 0 0 0 0.044351885 1 1 1 398012.4 4 11.946438 11.946438 11.946438 11.946438
"I.8.4.csv"	17	-0.015491356
2 1 11.946438 48.569138 1.238512 20 2.6920746 0.94187344 10.706241 0.89250251 4 0 0 0 0.044351885 1 1 1 398012.4 4 11.946438 11.946438 11.946438 11.946438
"I.8.4.csv"	17	0.0009185041
2 1 11.946438 48.569138 1.238512 20 2.6920746 0.94187344 10.706241 0.89250251 4 0 0 0 0.044351885 1 1 1 398012.4 4 11.946438 11.946438 11.946438 11.946438
"I.8.4.csv"	21	0.0010069652
2 1 11.946438 48.569138 1.238512 20 2.6920746 0.94187344 10.706241 0.89250251 4 0 0 0 0.044351885 1 1 1 398012.4 4 11.946438 11.946438 11.946438 11.946438
"I.8.4.csv"	3	0.00037572781
2 1 11.946438 48.569138 1.238512 20 2.6920746 0.94187344 10.706241 0.89250251 4 0 0 0 0.044351885 1 1 1 398012.4 4 11.946438 11.946438 11.946438 11.946438
"I.8.4.csv"	12	-0.014239272
2 1 11.946438 48.569138 1.238512 20 2.6920746 0.94187344 10.706241 0.89250251 4 0 0 0 0.044351885 1 1 1 398012.4 4 11.946438 11.946438 11.946438 11.946438
"I.8.4.csv"	14	-0.011197835
2 1 11.946438 48.569138 1.238512 20 2.6920746 0.94187344 10.706241 0.89250251 4 0 0 0 0.044351885 1 1 1 398012.4 4 11.946438 11.946438 11.946438 11.946438
"I.8.4.csv"	4	-0.011197835
2 1 11.946438 48.569138 1.238512 20 2.6920746 0.94187344 10.706241 0.89250251 4 0 0 0 0.044351885 1 1 1 398012.4 4 11.946438 11.946438 11.946438 11.946438
"I.8.4.csv"	17	-0.011197835
2 1 11.946438 48.569138 1.238512 20 2.6920746 0.94187344 10.706241 0.89250251 4 0 0 0 0.044351885 1 1 1 398012.4 4 11.946438 11.946438 11.946438 11.946438
"I.8.4.csv"	17	-0.011197835
2 1 11.946438 48.569138 1.238512 20 2.6920746 0.94187344 10.706241 0.89250251 4 0 0 0 0.044351885 1 1 1 398012.4 4 11.946438 11.946438 11.946438 11.946438
"I.8.4.csv"	21	-0.011197835
2 1 11.946438 48.569138 1.238512 20 2.6920746 0.94187344 10.706241 0.89250251 4 0 0 0 0.044351885 1 1 1 398012.4 4 11.946438 11.946438 11.946438 11.946438
"I.8.4.csv"	3	-0.011197835
2 1 11.946438 48.569138 1.238512 20 2.6920746 0.94187344 10.706241 0.89250251 4 0 0 0 0.044351885 1 1 1 398012.4 4 11.946438 11.946438 11.946438 11.946438
"I.8.4.csv"	12	-0.011197835
2 1 11.946438 48.569138 1.238512 20 2.6920746 0.94187344 10.706241 0.89250251 4 0 0 0 0.044351885 1 1 1 398012.4 4 11.946438 11.946438 11.946438 11.946438
"I.8.4.csv"	2	-0.011197835
2 1 11.946438 48.569138 1.238512 20 2.6920746 0.94187344 10.706241 0.89250251 4 0 0 0 0.044351885 1 1 1 398012.4 4 11.946438 11.946438 11.946438 11.946438
"I.8.4.csv"	14	-0.011197939
2 1 11.946438 48.569138 1.238512 20 2.6920746 0.94187344 10.706241 0.89250251 4 0 0 0 0.044351885 1 1 1 398012.4 4 11.946438 11.946438 11.946438 11.946438
"I.6.2.csv"	1	-0.56534103
2 1 8.8936032 24.659427 1.31598 20 3.7625201 0.99358331 0.99767106 0.85770768 5 0 0 0 0.0040945289 1 1 1 511639.63 4 8.8936032 8.8936032 8.8936032 8.8936032
"I.6.2.csv"	12	-0.56534103
2 1 8.8936032 24.659427 1.31598 20 3.7625201 0.99358331 0.99767106 0.85770768 5 0 0 0 0.0040945289 1 1 1 511639.63 4 8.8936032 8.8936032 8.8936032 8.8936032
"I.6.2b.csv"	1	-0.030806328
2 1 1.1537406 0.50301399 0.240001 3.976439 5.2682667 0.97748603 1.0122069 0.16598862 4 0 0 0 0.096270341 0 1 1 7898.4436 4 1.1537406 1.1537406 1.1537406 1.1537406
"I.6.2b.csv"	12	-0.030806328
2 1 1.1537406 0.50301399 0.240001 3.976439 5.2682667 0.97748603 1.0122069 0.16598862 4 0 0 0 0.096270341 0 1 1 7898.4436 4 1.1537406 1.1537406 1.1537406 1.1537406
"I.6.2b.csv"	4	0.00011964665
2 1 1.1537406 0.50301399 0.240001 3.976439 5.2682667 0.97748603 1.0122069 0.16598862 4 0 0 0 0.096270341 0 1 1 7898.4436 4 1.1537406 1.1537406 1.1537406 1.1537406
"I.6.2b.csv"	21	-0.00016975001
2 1 1.1537406 0.50301399 0.240001 3.976439 5.2682667 0.97748603 1.0122069 0.16598862 4 0 0 0 0.096270341 0 1 1 7898.4436 4 1.1537406 1.1537406 1.1537406 1.1537406
"I.6.2b.csv"	3	3.2657909e-05
2 1 1.1537406 0.50301399 0.240001 3.976439 5.2682667 0.97748603 1.0122069 0.16598862 4 0 0 0 0.096270341 0 1 1 7898.4436 4 1.1537406 1.1537406 1.1537406 1.1537406
"I.6.2b.csv"	1	-0.00016975001
2 1 1.1537406 0.50301399 0.240001 3.976439 5.2682667 0.97748603 1.0122069 0.16598862 4 0 0 0 0.096270341 0 1 1 7898.4436 4 1.1537406 1.1537406 1.1537406 1.1537406
"I.6.2b.csv"	12	-0.00016975001
2 1 1.1537406 0.50301399 0.240001 3.976439 5.2682667 0.97748603 1.0122069 0.16598862 4 0 0 0 0.096270341 0 1 1 7898.4436 4 1.1537406 1.1537406 1.1537406 1.1537406
"I.6.2b.csv"	2	-0.00016975001
2 1 1.1537406 0.50301399 0.240001 3.976439 5.2682667 0.97748603 1.0122069 0.16598862 4 0 0 0 0.096270341 0 1 1 7898.4436 4 1.1537406 1.1537406 1.1537406 1.1537406
"I.6.2b.csv"	17	-0.00016975001
2 1 1.1537406 0.50301399 0.240001 3.976439 5.2682667 0.97748603 1.0122069 0.16598862 4 0 0 0 0.096270341 0 1 1 7898.4436 4 1.1537406 1.1537406 1.1537406 1.1537406
"I.7.9.csv"	4	0.00070263814
2 1 1.4759961 0.19620592 0.701578 2.998685 5.1859123 0.99214114 0.62412873 0.081582236 4 0 0 0 0.063799679 0 1 1 7777.6977 4 1.4759961 1.4759961 1.4759961 1.4759961
"I.7.9.csv"	1	-0.0098356069
2 1 1.4759961 0.19620592 0.701578 2.998685 5.1859123 0.99214114 0.62412873 0.081582236 4 0 0 0 0.063799679 0 1 1 7777.6977 4 1.4759961 1.4759961 1.4759961 1.4759961
"I.7.9.csv"	12	-0.0098356069
2 1 1.4759961 0.19620592 0.701578 2.998685 5.1859123 0.99214114 0.62412873 0.081582236 4 0 0 0 0.063799679 0 1 1 7777.6977 4 1.4759961 1.4759961 1.4759961 1.4759961
"I.7.9.csv"	4	-1.7627396e-05
2 1 1.4759961 0.19620592 0.701578 2.998685 5.1859123 0.99214114 0.62412873 0.081582236 4 0 0 0 0.063799679 0 1 1 7777.6977 4 1.4759961 1.4759961 1.4759961 1.4759961
"I.7.9.csv"	21	-1.7627396e-05
2 1 1.4759961 0.19620592 0.701578 2.998685 5.1859123 0.99214114 0.62412873 0.081582236 4 0 0 0 0.063799679 0 1 1 7777.6977 4 1.4759961 1.4759961 1.4759961 1.4759961
"I.7.9.csv"	3	-1.7627396e-05
2 1 1.4759961 0.19620592 0.701578 2.998685 5.1859123 0.99214114 0.62412873 0.081582236 4 0 0 0 0.063799679 0 1 1 7777.6977 4 1.4759961 1.4759961 1.4759961 1.4759961
"I.7.9.csv"	12	-1.7627396e-05
2 1 1.4759961 0.19620592 0.701578 2.998685 5.1859123 0.99214114 0.62412873 0.081582236 4 0 0 0 0.063799679 0 1 1 7777.6977 4 1.4759961 1.4759961 1.4759961 1.4759961
"I.7.9.csv"	2	-1.7627396e-05
2 1 1.4759961 0.19620592 0.701578 2.998685 5.1859123 0.99214114 0.62412873 0.081582236 4 0 0 0 0.063799679 0 1 1 7777.6977 4 1.4759961 1.4759961 1.4759961 1.4759961
"I.7.9.csv"	17	-1.7627396e-05
2 1 1.4759961 0.19620592 0.701578 2.998685 5.1859123 0.99214114 0.62412873 0.081582236 4 0 0 0 0.063799679 0 1 1 7777.6977 4 1.4759961 1.4759961 1.4759961 1.4759961
"I.7.9.csv"	17	-1.7627396e-05
2 1 1.4759961 0.19620592 0.701578 2.998685 5.1859123 0.99214114 0.62412873 0.081582236 4 0 0 0 0.063799679 0 1 1 7777.6977 4 1.4759961 1.4759961 1.4759961 1.4759961
"I.6.2.csv"	1	-0.56534103
2 1 8.8936032 24.659427 1.31598 20 3.7625201 0.99358331 0.99767106 0.85770768 5 0 0 0 0.0040945289 1 1 1 511639.63 4 8.8936032 8.8936032 8.8936032 8.8936032
"I.6.2.csv"	12	-0.56534103
2 1 8.8936032 24.659427 1.31598 20 3.7625201 0.99358331 0.99767106 0.85770768 5 0 0 0 0.0040945289 1 1 1 511639.63 4 8.8936032 8.8936032 8.8936032 8.8936032
"I.6.2.csv"	4	-0.0029715702
2 1 8.8936032 24.659427 1.31598 20 3.7625201 0.99358331 0.99767106 0.85770768 5 0 0 0 0.0040945289 1 1 1 511639.63 4 8.8936032 8.8936032 8.8936032 8.8936032
"I.6.2.csv"	21	-0.0029715702
2 1 8.8936032 24.659427 1.31598 20 3.7625201 0.99358331 0.99767106 0.85770768 5 0 0 0 0.0040945289 1 1 1 511639.63 4 8.8936032 8.8936032 8.8936032 8.8936032
"I.6.2.csv"	3	-0.0029715702
2 1 8.8936032 24.659427 1.31598 20 3.7625201 0.99358331 0.99767106 0.85770768 5 0 0 0 0.0040945289 1 1 1 511639.63 4 8.8936032 8.8936032 8.8936032 8.8936032
"I.6.2.csv"	1	-0.0029715702
2 1 8.8936032 24.659427 1.31598 20 3.7625201 0.99358331 0.99767106 0.85770768 5 0 0 0 0.0040945289 1 1 1 511639.63 4 8.8936032 8.8936032 8.8936032 8.8936032
"I.6.2.csv"	12	-0.0029715702
2 1 8.8936032 24.659427 1.31598 20 3.7625201 0.99358331 0.99767106 0.85770768 5 0 0 0 0.0040945289 1 1 1 511639.63 4 8.8936032 8.8936032 8.8936032 8.8936032
"I.6.2.csv"	2	-0.0029715702
2 1 8.8936032 24.659427 1.31598 20 3.7625201 0.99358331 0.99767106 0.85770768 5 0 0 0 0.0040945289 1 1 1 511639.63 4 8.8936032 8.8936032 8.8936032 8.8936032
"I.6.2.csv"	17	-0.0029715702
2 1 8.8936032 24.659427 1.31598 20 3.7625201 0.99358331 0.99767106 0.85770768 5 0 0 0 0.0040945289 1 1 1 511639.63 4 8.8936032 8.8936032 8.8936032 8.8936032
"I.6.2.csv"	17	-0.0029715702
2 1 8.8936032 24.659427 1.31598 20 3.7625201 0.99358331 0.99767106 0.85770768 5 0 0 0 0.0040945289 1 1 1 511639.63 4 8.8936032 8.8936032 8.8936032 8.8936032
"I.6.2.csv"	4	-0.0014071465
2 1 8.8936032 24.659427 1.31598 20 3.7625201 0.99358331 0.99767106 0.85770768 5 0 0 0 0.0040945289 1 1 1 511639.63 4 8.8936032 8.8936032 8.8936032 8.8936032
"I.6.2.csv"	21	-0.0014071465
2 1 8.8936032 24.659427 1.31598 20 3.7625201 0.99358331 0.99767106 0.85770768 5 0 0 0 0.0040945289 1 1 1 511639.63 4 8.8936032 8.8936032 8.8936032 8.8936032
"I.6.2.csv"	3	-0.0014071465
2 1 8.8936032 24.659427 1.31598 20 3.7625201 0.99358331 0.99767106 0.85770768 5 0 0 0 0.0040945289 1 1 1 511639.63 4 8.8936032 8.8936032 8.8936032 8.8936032
"I.6.2.csv"	1	-0.0014071465
2 1 8.8936032 24.659427 1.31598 20 3.7625201 0.99358331 0.99767106 0.85770768 5 0 0 0 0.0040945289 1 1 1 511639.63 4 8.8936032 8.8936032 8.8936032 8.8936032
"I.6.2.csv"	12	-0.0014071465
2 1 8.8936032 24.659427 1.31598 20 3.7625201 0.99358331 0.99767106 0.85770768 5 0 0 0 0.0040945289 1 1 1 511639.63 4 8.8936032 8.8936032 8.8936032 8.8936032
"I.6.2.csv"	2	-0.0014071465
2 1 8.8936032 24.659427 1.31598 20 3.7625201 0.99358331 0.99767106 0.85770768 5 0 0 0 0.0040945289 1 1 1 511639.63 4 8.8936032 8.8936032 8.8936032 8.8936032
"I.6.2.csv"	17	-0.0014071465
2 1 8.8936032 24.659427 1.31598 20 3.7625201 0.99358331 0.99767106 0.85770768 5 0 0 0 0.0040945289 1 1 1 511639.63 4 8.8936032 8.8936032 8.8936032 8.8936032
"I.6.2.csv"	17	-0.0014071465
2 1 8.8936032 24.659427 1.31598 20 3.7625201 0.99358331 0.99767106 0.85770768 5 0 0 0 0.0040945289 1 1 1 511639.63 4 8.8936032 8.8936032 8.8936032 8.8936032
"I.6.2.csv"	14	-0.00088338373
2 1 8.8936032 24.659427 1.31598 20 3.7625201 0.99358331 0.99767106 0.85770768 5 0 0 0 0.0040945289 1 1 1 511639.63 4 8.8936032 8.8936032 8.8936032 8.8936032
"I.6.2.csv"	4	-0.00088338373
2 1 8.8936032 24.659427 1.31598 20 3.7625201 0.99358331 0.99767106 0.85770768 5 0 0 0 0.0040945289 1 1 1 511639.63 4 8.8936032 8.8936032 8.8936032 8.8936032
"I.6.2.csv"	21	-0.00088338373
2 1 8.8936032 24.659427 1.31598 20 3.7625201 0.99358331 0.99767106 0.85770768 5 0 0 0 0.0040945289 1 1 1 511639.63 4 8.8936032 8.8936032 8.8936032 8.8936032
"I.6.2.csv"	3	-0.00088338373
2 1 8.8936032 24.659427 1.31598 20 3.7625201 0.99358331 0.99767106 0.85770768 5 0 0 0 0.0040945289 1 1 1 511639.63 4 8.8936032 8.8936032 8.8936032 8.8936032
"I.6.2.csv"	12	-0.00088338373
2 1 8.8936032 24.659427 1.31598 20 3.7625201 0.99358331 0.99767106 0.85770768 5 0 0 0 0.0040945289 1 1 1 511639.63 4 8.8936032 8.8936032 8.8936032 8.8936032
"I.6.2.csv"	2	-0.00088338373
2 1 8.8936032 24.659427 1.31598 20 3.7625201 0.99358331 0.99767106 0.85770768 5 0 0 0 0.0040945289 1 1 1 511639.63 4 8.8936032 8.8936032 8.8936032 8.8936032
"I.6.2b.csv"	1	-0.030806328
2 1 1.1537406 0.50301399 0.240001 3.976439 5.2682667 0.97748603 1.0122069 0.16598862 4 0 0 0 0.096270341 0 1 1 7898.4436 4 1.1537406 1.1537406 1.1537406 1.1537406
"I.6.2b.csv"	12	-0.030806328
2 1 1.1537406 0.50301399 0.240001 3.976439 5.2682667 0.97748603 1.0122069 0.16598862 4 0 0 0 0.096270341 0 1 1 7898.4436 4 1.1537406 1.1537406 1.1537406 1.1537406
"I.7.9.csv"	4	0.0002536977
2 1 1.4759961 0.19620592 0.701578 2.998685 5.1859123 0.99214114 0.62412873 0.081582236 4 0 0 0 0.063799679 0 1 1 7777.6977 4 1.4759961 1.4759961 1.4759961 1.4759961
"I.7.9.csv"	1	-0.0098356069
2 1 1.4759961 0.19620592 0.701578 2.998685 5.1859123 0.99214114 0.62412873 0.081582236 4 0 0 0 0.063799679 0 1 1 7777.6977 4 1.4759961 1.4759961 1.4759961 1.4759961
"I.7.9.csv"	12	-0.0098356069
2 1 1.4759961 0.19620592 0.701578 2.998685 5.1859123 0.99214114 0.62412873 0.081582236 4 0 0 0 0.063799679 0 1 1 7777.6977 4 1.4759961 1.4759961 1.4759961 1.4759961
"I.7.9.csv"	3	1.8976016e-07
2 1 1.4759961 0.19620592 0.701578 2.998685 5.1859123 0.99214114 0.62412873 0.081582236 4 0 0 0 0.063799679 0 1 1 7777.6977 4 1.4759961 1.4759961 1.4759961 1.4759961
"I.7.9.csv"	12	-5.8165922e-05
2 1 1.4759961 0.19620592 0.701578 2.998685 5.1859123 0.99214114 0.62412873 0.081582236 4 0 0 0 0.063799679 0 1 1 7777.6977 4 1.4759961 1.4759961 1.4759961 1.4759961
"I.6.2.csv"	1	-0.56534103
2 1 8.8936032 24.659427 1.31598 20 3.7625201 0.99358331 0.99767106 0.85770768 5 0 0 0 0.0040945289 1 1 1 511639.63 4 8.8936032 8.8936032 8.8936032 8.8936032
"I.6.2.csv"	12	-0.56534103
2 1 8.8936032 24.659427 1.31598 20 3.7625201 0.99358331 0.99767106 0.85770768 5 0 0 0 0.0040945289 1 1 1 511639.63 4 8.8936032 8.8936032 8.8936032 8.8936032
"I.6.2.csv"	2	0.01280133
2 1 8.8936032 24.659427 1.31598 20 3.7625201 0.99358331 0.99767106 0.85770768 5 0 0 0 0.0040945289 1 1 1 511639.63 4 8.8936032 8.8936032 8.8936032 8.8936032
"I.6.2.csv"	14	-0.0013245457
2 1 8.8936032 24.659427 1.31598 20 3.7625201 0.99358331 0.99767106 0.85770768 5 0 0 0 0.0040945289 1 1 1 511639.63 4 8.8936032 8.8936032 8.8936032 8.8936032
"I.6.2.csv"	4	-0.0013245457
2 1 8.8936032 24.659427 1.31598 20 3.7625201 0.99358331 0.99767106 0.85770768 5 0 0 0 0.0040945289 1 1 1 511639.63 4 8.8936032 8.8936032 8.8936032 8.8936032
"I.6.2.csv"	21	-0.0013245457
2 1 8.8936032 24.659427 1.31598 20 3.7625201 0.99358331 0.99767106 0.85770768 5 0 0 0 0.0040945289 1 1 1 511639.63 4 8.8936032 8.8936032 8.8936032 8.8936032
"I.6.2.csv"	3	-0.0013245457
2 1 8.8936032 24.659427 1.31598 20 3.7625201 0.99358331 0.99767106 0.85770768 5 0 0 0 0.0040945289 1 1 1 511639.63 4 8.8936032 8.8936032 8.8936032 8.8936032
"I.6.2.csv"	1	-0.0013245457
2 1 8.8936032 24.659427 1.31598 20 3.7625201 0.99358331 0.99767106 0.85770768 5 0 0 0 0.0040945289 1 1 1 511639.63 4 8.8936032 8.8936032 8.8936032 8.8936032
"I.6.2.csv"	12	-0.0013245457
2 1 8.8936032 24.659427 1.31598 20 3.7625201 0.99358331 0.99767106 0.85770768 5 0 0 0 0.0040945289 1 1 1 511639.63 4 8.8936032 8.8936032 8.8936032 8.8936032
"I.6.2.csv"	2	-0.0013245457
2 1 8.8936032 24.659427 1.31598 20 3.7625201 0.99358331 0.99767106 0.85770768 5 0 0 0 0.0040945289 1 1 1 511639.63 4 8.8936032 8.8936032 8.8936032 8.8936032
"I.6.2.csv"	17	-0.0013245457
2 1 8.8936032 24.659427 1.31598 20 3.7625201 0.99358331 0.99767106 0.85770768 5 0 0 0 0.0040945289 1 1 1 511639.63 4 8.8936032 8.8936032 8.8936032 8.8936032
"I.6.2.csv"	17	-0.0013245457
2 1 8.8936032 24.659427 1.31598 20 3.7625201 0.99358331 0.99767106 0.85770768 5 0 0 0 0.0040945289 1 1 1 511639.63 4 8.8936032 8.8936032 8.8936032 8.8936032
"I.6.2.csv"	4	0.0009428653
2 1 8.8936032 24.659427 1.31598 20 3.7625201 0.99358331 0.99767106 0.85770768 5 0 0 0 0.0040945289 1 1 1 511639.63 4 8.8936032 8.8936032 8.8936032 8.8936032
"I.6.2.csv"	21	0.00093024788
2 1 8.8936032 24.659427 1.31598 20 3.7625201 0.99358331 0.99767106 0.85770768 5 0 0 0 0.0040945289 1 1 1 511639.63 4 8.8936032 8.8936032 8.8936032 8.8936032
"I.6.2.csv"	3	0.00092960741
2 1 8.8936032 24.659427 1.31598 20 3.7625201 0.99358331 0.99767106 0.85770768 5 0 0 0 0.0040945289 1 1 1 511639.63 4 8.8936032 8.8936032 8.8936032 8.8936032
"I.6.2.csv"	12	-0.0032216666
2 1 8.8936032 24.659427 1.31598 20 3.7625201 0.99358331 0.99767106 0.85770768 5 0 0 0 0.0040945289 1 1 1 511639.63 4 8.8936032 8.8936032 8.8936032 8.8936032
"I.6.2.csv"	2	0.00093351236
2 1 8.8936032 24.659427 1.31598 20 3.7625201 0.99358331 0.99767106 0.85770768 5 0 0 0 0.0040945289 1 1 1 511639.63 4 8.8936032 8.8936032 8.8936032 8.8936032
"I.6.2.csv"	17	-0.0032216666
2 1 8.8936032 24.659427 1.31598 20 3.7625201 0.99358331 0.99767106 0.85770768 5 0 0 0 0.0040945289 1 1 1 511639.63 4 8.8936032 8.8936032 8.8936032 8.8936032
"I.6.2.csv"	17	0.0001965631
2 1 8.8936032 24.659427 1.31598 20 3.7625201 0.99358331 0.99767106 0.85770768 5 0 0 0 0.0040945289 1 1 1 511639.63 4 8.8936032 8.8936032 8.8936032 8.8936032
"I.6.2.csv"	14	-0.00085812089
2 1 8.8936032 24.659427 1.31598 20 3.7625201 0.99358331 0.99767106 0.85770768 5 0 0 0 0.0040945289 1 1 1 511639.63 4 8.8936032 8.8936032 8.8936032 8.8936032
"I.6.2.csv"	4	-0.00085812089
2 1 8.8936032 24.659427 1.31598 20 3.7625201 0.99358331 0.99767106 0.85770768 5 0 0 0 0.0040945289 1 1 1 511639.63 4 8.8936032 8.8936032 8.8936032 8.8936032
"I.6.2.csv"	21	-0.00085812089
2 1 8.8936032 24.659427 1.31598 20 3.7625201 0.99358331 0.99767106 0.85770768 5 0 0 0 0.0040945289 1 1 1 511639.63 4 8.8936032 8.8936032 8.8936032 8.8936032
"I.6.2.csv"	3	-0.00085812089
2 1 8.8936032 24.659427 1.31598 20 3.7625201 0.99358331 0.99767106 0.85770768 5 0 0 0 0.0040945289 1 1 1 511639.63 4 8.8936032 8.8936032 8.8936032 8.8936032
"I.6.2.csv"	12	-0.00085812089
2 1 8.8936032 24.659427 1.31598 20 3.7625201 0.99358331 0.99767106 0.85770768 5 0 0 0 0.0040945289 1 1 1 511639.63 4 8.8936032 8.8936032 8.8936032 8.8936032
"I.6.2.csv"	2	-0.00085812089
2 1 8.8936032 24.659427 1.31598 20 3.7625201 0.99358331 0.99767106 0.85770768 5 0 0 0 0.0040945289 1 1 1 511639.63 4 8.8936032 8.8936032 8.8936032 8.8936032
"I.6.2.csv"	17	-0.00085812089
2 1 8.8936032 24.659427 1.31598 20 3.7625201 0.99358331 0.99767106 0.85770768 5 0 0 0 0.0040945289 1 1 1 511639.63 4 8.8936032 8.8936032 8.8936032 8.8936032
"I.6.2.csv"	14	-0.0010732556
2 1 8.8936032 24.659427 1.31598 20 3.7625201 0.99358331 0.99767106 0.85770768 5 0 0 0 0.0040945289 1 1 1 511639.63 4 8.8936032 8.8936032 8.8936032 8.8936032
"I.6.2.csv"	12	-0.0010732556
2 1 8.8936032 24.659427 1.31598 20 3.7625201 0.99358331 0.99767106 0.85770768 5 0 0 0 0.0040945289 1 1 1 511639.63 4 8.8936032 8.8936032 8.8936032 8.8936032
"I.6.2.csv"	14	-0.00078836674
2 1 8.8936032 24.659427 1.31598 20 3.7625201 0.99358331 0.99767106 0.85770768 5 0 0 0 0.0040945289 1 1 1 511639.63 4 8.8936032 8.8936032 8.8936032 8.8936032
"I.6.2.csv"	4	-0.00078836674
2 1 8.8936032 24.659427 1.31598 20 3.7625201 0.99358331 0.99767106 0.85770768 5 0 0 0 0.0040945289 1 1 1 511639.63 4 8.8936032 8.8936032 8.8936032 8.8936032
"I.6.2.csv"	21	-0.00078836674
2 1 8.8936032 24.659427 1.31598 20 3.7625201 0.99358331 0.99767106 0.85770768 5 0 0 0 0.0040945289 1 1 1 511639.63 4 8.8936032 8.8936032 8.8936032 8.8936032
"I.6.2.csv"	3	-0.00078836674
2 1 8.8936032 24.659427 1.31598 20 3.7625201 0.99358331 0.99767106 0.85770768 5 0 0 0 0.0040945289 1 1 1 511639.63 4 8.8936032 8.8936032 8.8936032 8.8936032
"I.6.2.csv"	12	-0.00078836674
2 1 8.8936032 24.659427 1.31598 20 3.7625201 0.99358331 0.99767106 0.85770768 5 0 0 0 0.0040945289 1 1 1 511639.63 4 8.8936032 8.8936032 8.8936032 8.8936032
"I.6.2.csv"	2	-0.00078836674
2 1 8.8936032 24.659427 1.31598 20 3.7625201 0.99358331 0.99767106 0.85770768 5 0 0 0 0.0040945289 1 1 1 511639.63 4 8.8936032 8.8936032 8.8936032 8.8936032
"I.6.2.csv"	17	-0.00078836674
2 1 8.8936032 24.659427 1.31598 20 3.7625201 0.99358331 0.99767106 0.85770768 5 0 0 0 0.0040945289 1 1 1 511639.63 4 8.8936032 8.8936032 8.8936032 8.8936032
"I.6.2.csv"	17	-0.00078836674
2 1 8.8936032 24.659427 1.31598 20 3.7625201 0.99358331 0.99767106 0.85770768 5 0 0 0 0.0040945289 1 1 1 511639.63 4 8.8936032 8.8936032 8.8936032 8.8936032
"I.6.2.csv"	14	-0.00078836783
2 1 8.8936032 24.659427 1.31598 20 3.7625201 0.99358331 0.99767106 0.85770768 5 0 0 0 0.0040945289 1 1 1 511639.63 4 8.8936032 8.8936032 8.8936032 8.8936032
"I.6.2b.csv"	1	-0.030806328
2 1 1.1537406 0.50301399 0.240001 3.976439 5.2682667 0.97748603 1.0122069 0.16598862 4 0 0 0 0.096270341 0 1 1 7898.4436 4 1.1537406 1.1537406 1.1537406 1.1537406
"I.6.2b.csv"	12	-0.030806328
2 1 1.1537406 0.50301399 0.240001 3.976439 5.2682667 0.97748603 1.0122069 0.16598862 4 0 0 0 0.096270341 0 1 1 7898.4436 4 1.1537406 1.1537406 1.1537406 1.1537406
"I.6.2b.csv"	4	4.6099679e-05
2 1 1.1537406 0.50301399 0.240001 3.976439 5.2682667 0.97748603 1.0122069 0.16598862 4 0 0 0 0.096270341 0 1 1 7898.4436 4 1.1537406 1.1537406 1.1537406 1.1537406
"I.6.2b.csv"	21	5.433324e-05
2 1 1.1537406 0.50301399 0.240001 3.976439 5.2682667 0.97748603 1.0122069 0.16598862 4 0 0 0 0.096270341 0 1 1 7898.4436 4 1.1537406 1.1537406 1.1537406 1.1537406
"I.6.2b.csv"	3	5.3651507e-05
2 1 1.1537406 0.50301399 0.240001 3.976439 5.2682667 0.97748603 1.0122069 0.16598862 4 0 0 0 0.096270341 0 1 1 7898.4436 4 1.1537406 1.1537406 1.1537406 1.1537406
"I.6.2b.csv"	12	-0.00021549634
2 1 1.1537406 0.50301399 0.240001 3.976439 5.2682667 0.97748603 1.0122069 0.16598862 4 0 0 0 0.096270341 0 1 1 7898.4436 4 1.1537406 1.1537406 1.1537406 1.1537406
"I.6.2b.csv"	2	5.3456222e-05
2 1 1.1537406 0.50301399 0.240001 3.976439 5.2682667 0.97748603 1.0122069 0.16598862 4 0 0 0 0.096270341 0 1 1 7898.4436 4 1.1537406 1.1537406 1.1537406 1.1537406
"I.6.2b.csv"	17	4.4242996e-05
2 1 1.1537406 0.50301399 0.240001 3.976439 5.2682667 0.97748603 1.0122069 0.16598862 4 0 0 0 0.096270341 0 1 1 7898.4436 4 1.1537406 1.1537406 1.1537406 1.1537406
"I.6.2b.csv"	17	5.5859802e-05
2 1 1.1537406 0.50301399 0.240001 3.976439 5.2682667 0.97748603 1.0122069 0.16598862 4 0 0 0 0.096270341 0 1 1 7898.4436 4 1.1537406 1.1537406 1.1537406 1.1537406
"I.7.9.csv"	4	0.0007377867
2 1 1.4759961 0.19620592 0.701578 2.998685 5.1859123 0.99214114 0.62412873 0.081582236 4 0 0 0 0.063799679 0 1 1 7777.6977 4 1.4759961 1.4759961 1.4759961 1.4759961
"I.7.9.csv"	1	-0.0098356069
2 1 1.4759961 0.19620592 0.701578 2.998685 5.1859123 0.99214114 0.62412873 0.081582236 4 0 0 0 0.063799679 0 1 1 7777.6977 4 1.4759961 1.4759961 1.4759961 1.4759961
"I.7.9.csv"	12	-0.0098356069
2 1 1.4759961 0.19620592 0.701578 2.998685 5.1859123 0.99214114 0.62412873 0.081582236 4 0 0 0 0.063799679 0 1 1 7777.6977 4 1.4759961 1.4759961 1.4759961 1.4759961
"I.7.9.csv"	21	-1.8411035e-05
2 1 1.4759961 0.19620592 0.701578 2.998685 5.1859123 0.99214114 0.62412873 0.081582236 4 0 0 0 0.063799679 0 1 1 7777.6977 4 1.4759961 1.4759961 1.4759961 1.4759961
"I.7.9.csv"	3	-1.8411035e-05
2 1 1.4759961 0.19620592 0.701578 2.998685 5.1859123 0.99214114 0.62412873 0.081582236 4 0 0 0 0.063799679 0 1 1 7777.6977 4 1.4759961 1.4759961 1.4759961 1.4759961
"I.7.9.csv"	1	-1.8411035e-05
2 1 1.4759961 0.19620592 0.701578 2.998685 5.1859123 0.99214114 0.62412873 0.081582236 4 0 0 0 0.063799679 0 1 1 7777.6977 4 1.4759961 1.4759961 1.4759961 1.4759961
"I.7.9.csv"	4	-1.8411035e-05
2 1 1.4759961 0.19620592 0.701578 2.998685 5.1859123 0.99214114 0.62412873 0.081582236 4 0 0 0 0.063799679 0 1 1 7777.6977 4 1.4759961 1.4759961 1.4759961 1.4759961
"I.7.9.csv"	12	-1.8411035e-05
2 1 1.4759961 0.19620592 0.701578 2.998685 5.1859123 0.99214114 0.62412873 0.081582236 4 0 0 0 0.063799679 0 1 1 7777.6977 4 1.4759961 1.4759961 1.4759961 1.4759961
"I.7.9.csv"	2	6.4381599e-06
2 1 1.4759961 0.19620592 0.701578 2.998685 5.1859123 0.99214114 0.62412873 0.081582236 4 0 0 0 0.063799679 0 1 1 7777.6977 4 1.4759961 1.4759961 1.4759961 1.4759961
"I.8.4.csv"	1	-2.0338589
2 1 11.525029 48.614398 1.107483 20 2.7096136 0.9374648 9.8254541 0.81789905 4 0 0 0 0.042123388 1 1 1 1384222 4 11.525029 11.525029 11.525029 11.525029
"I.8.4.csv"	12	-2.0338589
2 1 11.525029 48.614398 1.107483 20 2.7096136 0.9374648 9.8254541 0.81789905 4 0 0 0 0.042123388 1 1 1 1384222 4 11.525029 11.525029 11.525029 11.525029
"I.8.4.csv"	21	-0.0066129624
2 1 11.525029 48.614398 1.107483 20 2.7096136 0.9374648 9.8254541 0.81789905 4 0 0 0 0.042123388 1 1 1 1384222 4 11.525029 11.525029 11.525029 11.525029
"I.8.4.csv"	3	-0.0066129624
2 1 11.525029 48.614398 1.107483 20 2.7096136 0.9374648 9.8254541 0.81789905 4 0 0 0 0.042123388 1 1 1 1384222 4 11.525029 11.525029 11.525029 11.525029
"I.8.4.csv"	12	-0.0066129624
2 1 11.525029 48.614398 1.107483 20 2.7096136 0.9374648 9.8254541 0.81789905 4 0 0 0 0.042123388 1 1 1 1384222 4 11.525029 11.525029 11.525029 11.525029
"I.8.4.csv"	4	-0.0066129624
2 1 11.525029 48.614398 1.107483 20 2.7096136 0.9374648 9.8254541 0.81789905 4 0 0 0 0.042123388 1 1 1 1384222 4 11.525029 11.525029 11.525029 11.525029
"I.8.4.csv"	2	-0.0066129624
2 1 11.525029 48.614398 1.107483 20 2.7096136 0.9374648 9.8254541 0.81789905 4 0 0 0 0.042123388 1 1 1 1384222 4 11.525029 11.525029 11.525029 11.525029
"I.8.4.csv"	21	-0.0025465678
2 1 11.525029 48.614398 1.107483 20 2.7096136 0.9374648 9.8254541 0.81789905 4 0 0 0 0.042123388 1 1 1 1384222 4 11.525029 11.525029 11.525029 11.525029
"I.8.4.csv"	3	-0.0025465678
2 1 11.525029 48.614398 1.107483 20 2.7096136 0.9374648 9.8254541 0.81789905 4 0 0 0 0.042123388 1 1 1 1384222 4 11.525029 11.525029 11.525029 11.525029
"I.8.4.csv"	1	-0.0025465678
2 1 11.525029 48.614398 1.107483 20 2.7096136 0.9374648 9.8254541 0.81789905 4 0 0 0 0.042123388 1 1 1 1384222 4 11.525029 11.525029 11.525029 11.525029
"I.8.4.csv"	12	-0.0025465678
2 1 11.525029 48.614398 1.107483 20 2.7096136 0.9374648 9.8254541 0.81789905 4 0 0 0 0.042123388 1 1 1 1384222 4 11.525029 11.525029 11.525029 11.525029
"I.8.4.csv"	4	-0.0025465678
2 1 11.525029 48.614398 1.107483 20 2.7096136 0.9374648 9.8254541 0.81789905 4 0 0 0 0.042123388 1 1 1 1384222 4 11.525029 11.525029 11.525029 11.525029
"I.8.4.csv"	2	-0.0025465678
2 1 11.525029 48.614398 1.107483 20 2.7096136 0.9374648 9.8254541 0.81789905 4 0 0 0 0.042123388 1 1 1 1384222 4 11.525029 11.525029 11.525029 11.525029
"I.8.4.csv"	14	-0.0021914662
2 1 11.525029 48.614398 1.107483 20 2.7096136 0.9374648 9.8254541 0.81789905 4 0 0 0 0.042123388 1 1 1 1384222 4 11.525029 11.525029 11.525029 11.525029
"I.8.4.csv"	21	-0.0021914662
2 1 11.525029 48.614398 1.107483 20 2.7096136 0.9374648 9.8254541 0.81789905 4 0 0 0 0.042123388 1 1 1 1384222 4 11.525029 11.525029 11.525029 11.525029
"I.8.4.csv"	21	-0.010438419
2 1 11.525029 48.614398 1.107483 20 2.7096136 0.9374648 9.8254541 0.81789905 4 0 0 0 0.042123388 1 1 1 1384222 4 11.525029 11.525029 11.525029 11.525029
"I.8.4.csv"	3	-0.010438419
2 1 11.525029 48.614398 1.107483 20 2.7096136 0.9374648 9.8254541 0.81789905 4 0 0 0 0.042123388 1 1 1 1384222 4 11.525029 11.525029 11.525029 11.525029
"I.8.4.csv"	12	-0.010438419
2 1 11.525029 48.614398 1.107483 20 2.7096136 0.9374648 9.8254541 0.81789905 4 0 0 0 0.042123388 1 1 1 1384222 4 11.525029 11.525029 11.525029 11.525029
"I.8.4.csv"	4	-0.010438419
2 1 11.525029 48.614398 1.107483 20 2.7096136 0.9374648 9.8254541 0.81789905 4 0 0 0 0.042123388 1 1 1 1384222 4 11.525029 11.525029 11.525029 11.525029
"I.8.4.csv"	2	-0.010438419
2 1 11.525029 48.614398 1.107483 20 2.7096136 0.9374648 9.8254541 0.81789905 4 0 0 0 0.042123388 1 1 1 1384222 4 11.525029 11.525029 11.525029 11.525029
"I.8.4.csv"	14	-0.0020309119
2 1 11.525029 48.614398 1.107483 20 2.7096136 0.9374648 9.8254541 0.81789905 4 0 0 0 0.042123388 1 1 1 1384222 4 11.525029 11.525029 11.525029 11.525029
"I.8.4.csv"	21	-0.0020309119
2 1 11.525029 48.614398 1.107483 20 2.7096136 0.9374648 9.8254541 0.81789905 4 0 0 0 0.042123388 1 1 1 1384222 4 11.525029 11.525029 11.525029 11.525029
"I.8.4.csv"	3	-0.0020309119
2 1 11.525029 48.614398 1.107483 20 2.7096136 0.9374648 9.8254541 0.81789905 4 0 0 0 0.042123388 1 1 1 1384222 4 11.525029 11.525029 11.525029 11.525029
"I.8.4.csv"	12	-0.0020309119
2 1 11.525029 48.614398 1.107483 20 2.7096136 0.9374648 9.8254541 0.81789905 4 0 0 0 0.042123388 1 1 1 1384222 4 11.525029 11.525029 11.525029 11.525029
"I.8.4.csv"	4	-0.0020309119
2 1 11.525029 48.614398 1.107483 20 2.7096136 0.9374648 9.8254541 0.81789905 4 0 0 0 0.042123388 1 1 1 1384222 4 11.525029 11.525029 11.525029 11.525029
"I.8.4.csv"	2	-0.0020309119
2 1 11.525029 48.614398 1.107483 20 2.7096136 0.9374648 9.8254541 0.81789905 4 0 0 0 0.042123388 1 1 1 1384222 4 11.525029 11.525029 11.525029 11.525029
"I.8.4.csv"	14	-0.0020309119
2 1 11.525029 48.614398 1.107483 20 2.7096136 0.9374648 9.8254541 0.81789905 4 0 0 0 0.042123388 1 1 1 1384222 4 11.525029 11.525029 11.525029 11.525029
"I.8.4.csv"	21	-0.0020309119
2 1 11.525029 48.614398 1.107483 20 2.7096136 0.9374648 9.8254541 0.81789905 4 0 0 0 0.042123388 1 1 1 1384222 4 11.525029 11.525029 11.525029 11.525029
"I.8.4.csv"	3	-0.0020309119
2 1 11.525029 48.614398 1.107483 20 2.7096136 0.9374648 9.8254541 0.81789905 4 0 0 0 0.042123388 1 1 1 1384222 4 11.525029 11.525029 11.525029 11.525029
"I.9.5.csv"	19	-0.29762848
3 1 1.6608502 5.1740378 0.061226 20 8.7656404 0.85718768 3.181628 0.73779054 6 0 0 0 0.10123946 0 1 1 39464.277 4 1.6608502 1.6608502 1.6608502 1.6608502
"I.9.5.csv"	19	-0.29762848
3 1 1.6608502 5.1740378 0.061226 20 8.7656404 0.85718768 3.181628 0.73779054 6 0 0 0 0.10123946 0 1 1 39464.277 4 1.6608502 1.6608502 1.6608502 1.6608502
"I.9.5.csv"	19	-0.29762848
3 1 1.6608502 5.1740378 0.061226 20 8.7656404 0.85718768 3.181628 0.73779054 6 0 0 0 0.10123946 0 1 1 39464.277 4 1.6608502 1.6608502 1.6608502 1.6608502
"I.9.5.csv"	19	-0.29762848
3 1 1.6608502 5.1740378 0.061226 20 8.7656404 0.85718768 3.181628 0.73779054 6 0 0 0 0.10123946 0 1 1 39464.277 4 1.6608502 1.6608502 1.6608502 1.6608502
"I.9.5.csv"	19	-0.0025620038
3 1 1.6608502 5.1740378 0.061226 20 8.7656404 0.85718768 3.181628 0.73779054 6 0 0 0 0.10123946 0 1 1 39464.277 4 1.6608502 1.6608502 1.6608502 1.6608502
"I.9.5.csv"	19	-0.0025620038
3 1 1.6608502 5.1740378 0.061226 20 8.7656404 0.85718768 3.181628 0.73779054 6 0 0 0 0.10123946 0 1 1 39464.277 4 1.6608502 1.6608502 1.6608502 1.6608502
"I.9.5.csv"	19	-0.0025620038
3 1 1.6608502 5.1740378 0.061226 20 8.7656404 0.85718768 3.181628 0.73779054 6 0 0 0 0.10123946 0 1 1 39464.277 4 1.6608502 1.6608502 1.6608502 1.6608502
"I.9.5.csv"	19	-0.0025620038
3 1 1.6608502 5.1740378 0.061226 20 8.7656404 0.85718768 3.181628 0.73779054 6 0 0 0 0.10123946 0 1 1 39464.277 4 1.6608502 1.6608502 1.6608502 1.6608502
"I.9.5.csv"	19	-0.0025620038
3 1 1.6608502 5.1740378 0.061226 20 8.7656404 0.85718768 3.181628 0.73779054 6 0 0 0 0.10123946 0 1 1 39464.277 4 1.6608502 1.6608502 1.6608502 1.6608502
"I.9.5.csv"	19	-0.0025620038
3 1 1.6608502 5.1740378 0.061226 20 8.7656404 0.85718768 3.181628 0.73779054 6 0 0 0 0.10123946 0 1 1 39464.277 4 1.6608502 1.6608502 1.6608502 1.6608502
"I.9.5.csv"	19	-0.0025620038
3 1 1.6608502 5.1740378 0.061226 20 8.7656404 0.85718768 3.181628 0.73779054 6 0 0 0 0.10123946 0 1 1 39464.277 4 1.6608502 1.6608502 1.6608502 1.6608502
"I.9.5.csv"	19	-0.0025620038
3 1 1.6608502 5.1740378 0.061226 20 8.7656404 0.85718768 3.181628 0.73779054 6 0 0 0 0.10123946 0 1 1 39464.277 4 1.6608502 1.6608502 1.6608502 1.6608502
"I.9.5.csv"	19	-0.0025620038
3 1 1.6608502 5.1740378 0.061226 20 8.7656404 0.85718768 3.181628 0.73779054 6 0 0 0 0.10123946 0 1 1 39464.277 4 1.6608502 1.6608502 1.6608502 1.6608502
"I.9.5.csv"	19	-0.0025620038
3 1 1.6608502 5.1740378 0.061226 20 8.7656404 0.85718768 3.181628 0.73779054 6 0 0 0 0.10123946 0 1 1 39464.277 4 1.6608502 1.6608502 1.6608502 1.6608502
"I.9.5.csv"	19	-0.0025620038
3 1 1.6608502 5.1740378 0.061226 20 8.7656404 0.85718768 3.181628 0.73779054 6 0 0 0 0.10123946 0 1 1 39464.277 4 1.6608502 1.6608502 1.6608502 1.6608502
"I.9.5.csv"	4	0.0015234264
3 1 1.6608502 5.1740378 0.061226 20 8.7656404 0.85718768 3.181628 0.73779054 6 0 0 0 0.10123946 0 1 1 39464.277 4 1.6608502 1.6608502 1.6608502 1.6608502
"I.9.5.csv"	17	-0.0025620038
3 1 1.6608502 5.1740378 0.061226 20 8.7656404 0.85718768 3.181628 0.73779054 6 0 0 0 0.10123946 0 1 1 39464.277 4 1.6608502 1.6608502 1.6608502 1.6608502
"I.9.5.csv"	17	-0.0025620038
3 1 1.6608502 5.1740378 0.061226 20 8.7656404 0.85718768 3.181628 0.73779054 6 0 0 0 0.10123946 0 1 1 39464.277 4 1.6608502 1.6608502 1.6608502 1.6608502
"I.10.7.csv"	1	-0.22454713
2 1 3.902926 2.8820176 1.111718 8.638084 4.433401 0.98458452 5.5660521 6.3889319 4 1 1 1 0.009287724 0 1 1 133475.48 4 3.902926 3.902926 3.902926 3.902926
"I.10.7.csv"	12	-0.22454713
2 1 3.902926 2.8820176 1.111718 8.638084 4.433401 0.98458452 5.5660521 6.3889319 4 1 1 1 0.009287724 0 1 1 133475.48 4 3.902926 3.902926 3.902926 3.902926
"I.10.7.csv"	4	-0.0048330918
2 1 3.902926 2.8820176 1.111718 8.638084 4.433401 0.98458452 5.5660521 6.3889319 4 1 1 1 0.009287724 0 1 1 133475.48 4 3.902926 3.902926 3.902926 3.902926
"I.10.7.csv"	21	-0.0048330918
2 1 3.902926 2.8820176 1.111718 8.638084 4.433401 0.98458452 5.5660521 6.3889319 4 1 1 1 0.009287724 0 1 1 133475.48 4 3.902926 3.902926 3.902926 3.902926
"I.10.7.csv"	3	-0.0048330918
2 1 3.902926 2.8820176 1.111718 8.638084 4.433401 0.98458452 5.5660521 6.3889319 4 1 1 1 0.009287724 0 1 1 133475.48 4 3.902926 3.902926 3.902926 3.902926
"I.10.7.csv"	12	-0.0048330918
2 1 3.902926 2.8820176 1.111718 8.638084 4.433401 0.98458452 5.5660521 6.3889319 4 1 1 1 0.009287724 0 1 1 133475.48 4 3.902926 3.902926 3.902926 3.902926
"I.10.7.csv"	2	-0.0048330918
2 1 3.902926 2.8820176 1.111718 8.638084 4.433401 0.98458452 5.5660521 6.3889319 4 1 1 1 0.009287724 0 1 1 133475.48 4 3.902926 3.902926 3.902926 3.902926
"I.10.7.csv"	4	-0.0018706144
2 1 3.902926 2.8820176 1.111718 8.638084 4.433401 0.98458452 5.5660521 6.3889319 4 1 1 1 0.009287724 0 1 1 133475.48 4 3.902926 3.902926 3.902926 3.902926
"I.10.7.csv"	21	-0.0018706144
2 1 3.902926 2.8820176 1.111718 8.638084 4.433401 0.98458452 5.5660521 6.3889319 4 1 1 1 0.009287724 0 1 1 133475.48 4 3.902926 3.902926 3.902926 3.902926
"I.10.7.csv"	3	-0.0018706144
2 1 3.902926 2.8820176 1.111718 8.638084 4.433401 0.98458452 5.5660521 6.3889319 4 1 1 1 0.009287724 0 1 1 133475.48 4 3.902926 3.902926 3.902926 3.902926
"I.10.7.csv"	12	-0.0018706144
2 1 3.902926 2.8820176 1.111718 8.638084 4.433401 0.98458452 5.5660521 6.3889319 4 1 1 1 0.009287724 0 1 1 133475.48 4 3.902926 3.902926 3.902926 3.902926
"I.10.7.csv"	2	-0.0018706144
2 1 3.902926 2.8820176 1.111718 8.638084 4.433401 0.98458452 5.5660521 6.3889319 4 1 1 1 0.009287724 0 1 1 133475.48 4 3.902926 3.902926 3.902926 3.902926
"I.12.5.csv"	1	-0.44916042
3 1 -3.4797935 6.9087682 -17.141559 -0.419985 6.3617536 0.96718685 2.041946 0.54087882 6 0 0 0 0.087471879 0 1 0 234747.75 4 -3.4797935 -3.4797935 -3.4797935 -3.4797935
"I.12.5.csv"	12	-0.44916042
3 1 -3.4797935 6.9087682 -17.141559 -0.419985 6.3617536 0.96718685 2.041946 0.54087882 6 0 0 0 0.087471879 0 1 0 234747.75 4 -3.4797935 -3.4797935 -3.4797935 -3.4797935
"I.12.5.csv"	12	-0.0035632135
3 1 -3.4797935 6.9087682 -17.141559 -0.419985 6.3617536 0.96718685 2.041946 0.54087882 6 0 0 0 0.087471879 0 1 0 234747.75 4 -3.4797935 -3.4797935 -3.4797935 -3.4797935
"I.12.5.csv"	14	7.2936789e-05
3 1 -3.4797935 6.9087682 -17.141559 -0.419985 6.3617536 0.96718685 2.041946 0.54087882 6 0 0 0 0.087471879 0 1 0 234747.75 4 -3.4797935 -3.4797935 -3.4797935 -3.4797935
"I.12.5.csv"	21	-0.000665996
3 1 -3.4797935 6.9087682 -17.141559 -0.419985 6.3617536 0.96718685 2.041946 0.54087882 6 0 0 0 0.087471879 0 1 0 234747.75 4 -3.4797935 -3.4797935 -3.4797935 -3.4797935
"I.12.5.csv"	3	-0.000665996
3 1 -3.4797935 6.9087682 -17.141559 -0.419985 6.3617536 0.96718685 2.041946 0.54087882 6 0 0 0 0.087471879 0 1 0 234747.75 4 -3.4797935 -3.4797935 -3.4797935 -3.4797935
"I.12.5.csv"	1	-0.000665996
3 1 -3.4797935 6.9087682 -17.141559 -0.419985 6.3617536 0.96718685 2.041946 0.54087882 6 0 0 0 0.087471879 0 1 0 234747.75 4 -3.4797935 -3.4797935 -3.4797935 -3.4797935
"I.12.5.csv"	12	-0.000665996
3 1 -3.4797935 6.9087682 -17.141559 -0.419985 6.3617536 0.96718685 2.041946 0.54087882 6 0 0 0 0.087471879 0 1 0 234747.75 4 -3.4797935 -3.4797935 -3.4797935 -3.4797935
"I.12.5.csv"	4	-0.000665996
3 1 -3.4797935 6.9087682 -17.141559 -0.419985 6.3617536 0.96718685 2.041946 0.54087882 6 0 0 0 0.087471879 0 1 0 234747.75 4 -3.4797935 -3.4797935 -3.4797935 -3.4797935
"I.12.5.csv"	2	-0.000665996
3 1 -3.4797935 6.9087682 -17.141559 -0.419985 6.3617536 0.96718685 2.041946 0.54087882 6 0 0 0 0.087471879 0 1 0 234747.75 4 -3.4797935 -3.4797935 -3.4797935 -3.4797935
"I.12.5.csv"	14	0.00028021213
3 1 -3.4797935 6.9087682 -17.141559 -0.419985 6.3617536 0.96718685 2.041946 0.54087882 6 0 0 0 0.087471879 0 1 0 234747.75 4 -3.4797935 -3.4797935 -3.4797935 -3.4797935
"I.12.5.csv"	21	-0.0018888322
3 1 -3.4797935 6.9087682 -17.141559 -0.419985 6.3617536 0.96718685 2.041946 0.54087882 6 0 0 0 0.087471879 0 1 0 234747.75 4 -3.4797935 -3.4797935 -3.4797935 -3.4797935
"I.12.5.csv"	3	-0.0018888322
3 1 -3.4797935 6.9087682 -17.141559 -0.419985 6.3617536 0.96718685 2.041946 0.54087882 6 0 0 0 0.087471879 0 1 0 234747.75 4 -3.4797935 -3.4797935 -3.4797935 -3.4797935
"I.12.5.csv"	12	-0.0018888322
3 1 -3.4797935 6.9087682 -17.141559 -0.419985 6.3617536 0.96718685 2.041946 0.54087882 6 0 0 0 0.087471879 0 1 0 234747.75 4 -3.4797935 -3.4797935 -3.4797935 -3.4797935
"I.12.5.csv"	4	-0.0018888322
3 1 -3.4797935 6.9087682 -17.141559 -0.419985 6.3617536 0.96718685 2.041946 0.54087882 6 0 0 0 0.087471879 0 1 0 234747.75 4 -3.4797935 -3.4797935 -3.4797935 -3.4797935
"I.12.5.csv"	2	-0.0018888322
3 1 -3.4797935 6.9087682 -17.141559 -0.419985 6.3617536 0.96718685 2.041946 0.54087882 6 0 0 0 0.087471879 0 1 0 234747.75 4 -3.4797935 -3.4797935 -3.4797935 -3.4797935
"I.12.5.csv"	4	-0.0011969078
3 1 -3.4797935 6.9087682 -17.141559 -0.419985 6.3617536 0.96718685 2.041946 0.54087882 6 0 0 0 0.087471879 0 1 0 234747.75 4 -3.4797935 -3.4797935 -3.4797935 -3.4797935
"I.12.5.csv"	21	-0.0011969078
3 1 -3.4797935 6.9087682 -17.141559 -0.419985 6.3617536 0.96718685 2.041946 0.54087882 6 0 0 0 0.087471879 0 1 0 234747.75 4 -3.4797935 -3.4797935 -3.4797935 -3.4797935
"I.12.5.csv"	3	-0.0011969078
3 1 -3.4797935 6.9087682 -17.141559 -0.419985 6.3617536 0.96718685 2.041946 0.54087882 6 0 0 0 0.087471879 0 1 0 234747.75 4 -3.4797935 -3.4797935 -3.4797935 -3.4797935
"I.12.5.csv"	12	-0.0011969078
3 1 -3.4797935 6.9087682 -17.141559 -0.419985 6.3617536 0.96718685 2.041946 0.54087882 6 0 0 0 0.087471879 0 1 0 234747.75 4 -3.4797935 -3.4797935 -3.4797935 -3.4797935
"I.12.5.csv"	2	-0.0011969078
3 1 -3.4797935 6.9087682 -17.141559 -0.419985 6.3617536 0.96718685 2.041946 0.54087882 6 0 0 0 0.087471879 0 1 0 234747.75 4 -3.4797935 -3.4797935 -3.4797935 -3.4797935
"I.12.5.csv"	17	-0.0011969078
3 1 -3.4797935 6.9087682 -17.141559 -0.419985 6.3617536 0.96718685 2.041946 0.54087882 6 0 0 0 0.087471879 0 1 0 234747.75 4 -3.4797935 -3.4797935 -3.4797935 -3.4797935
"I.12.5.csv"	17	-0.0011969078
3 1 -3.4797935 6.9087682 -17.141559 -0.419985 6.3617536 0.96718685 2.041946 0.54087882 6 0 0 0 0.087471879 0 1 0 234747.75 4 -3.4797935 -3.4797935 -3.4797935 -3.4797935
"I.12.5.csv"	19	-0.0011969078
3 1 -3.4797935 6.9087682 -17.141559 -0.419985 6.3617536 0.96718685 2.041946 0.54087882 6 0 0 0 0.087471879 0 1 0 234747.75 4 -3.4797935 -3.4797935 -3.4797935 -3.4797935
"I.12.5.csv"	19	-0.0011969078
3 1 -3.4797935 6.9087682 -17.141559 -0.419985 6.3617536 0.96718685 2.041946 0.54087882 6 0 0 0 0.087471879 0 1 0 234747.75 4 -3.4797935 -3.4797935 -3.4797935 -3.4797935
"I.12.5.csv"	19	-0.0011969078
3 1 -3.4797935 6.9087682 -17.141559 -0.419985 6.3617536 0.96718685 2.041946 0.54087882 6 0 0 0 0.087471879 0 1 0 234747.75 4 -3.4797935 -3.4797935 -3.4797935 -3.4797935
"I.12.5.csv"	4	-0.00085618483
3 1 -3.4797935 6.9087682 -17.141559 -0.419985 6.3617536 0.96718685 2.041946 0.54087882 6 0 0 0 0.087471879 0 1 0 234747.75 4 -3.4797935 -3.4797935 -3.4797935 -3.4797935
"I.12.5.csv"	21	-0.00085618483
3 1 -3.4797935 6.9087682 -17.141559 -0.419985 6.3617536 0.96718685 2.041946 0.54087882 6 0 0 0 0.087471879 0 1 0 234747.75 4 -3.4797935 -3.4797935 -3.4797935 -3.4797935
"I.12.5.csv"	3	-0.00085618483
3 1 -3.4797935 6.9087682 -17.141559 -0.419985 6.3617536 0.96718685 2.041946 0.54087882 6 0 0 0 0.087471879 0 1 0 234747.75 4 -3.4797935 -3.4797935 -3.4797935 -3.4797935
"I.13.12.csv"	1	-193.95846
2 1 16.218496 33.760956 0.68577 20 3.324069 0.89103176 15.853066 1.5142794 5 0 0 0 0.14319542 1 1 1 71478.225 4 16.218496 16.218496 16.218496 16.218496
"I.13.12.csv"	12	-193.95846
2 1 16.218496 33.760956 0.68577 20 3.324069 0.89103176 15.853066 1.5142794 5 0 0 0 0.14319542 1 1 1 71478.225 4 16.218496 16.218496 16.218496 16.218496
"I.13.12.csv"	4	-4.2091071
2 1 16.218496 33.760956 0.68577 20 3.324069 0.89103176 15.853066 1.5142794 5 0 0 0 0.14319542 1 1 1 71478.225 4 16.218496 16.218496 16.218496 16.218496
"I.13.12.csv"	17	-4.2091071
2 1 16.218496 33.760956 0.68577 20 3.324069 0.89103176 15.853066 1.5142794 5 0 0 0 0.14319542 1 1 1 71478.225 4 16.218496 16.218496 16.218496 16.218496
"I.13.12.csv"	17	-4.2091071
2 1 16.218496 33.760956 0.68577 20 3.324069 0.89103176 15.853066 1.5142794 5 0 0 0 0.14319542 1 1 1 71478.225 4 16.218496 16.218496 16.218496 16.218496
"I.13.12.csv"	21	-4.2091071
2 1 16.218496 33.760956 0.68577 20 3.324069 0.89103176 15.853066 1.5142794 5 0 0 0 0.14319542 1 1 1 71478.225 4 16.218496 16.218496 16.218496 16.218496
"I.13.12.csv"	3	-4.2091071
2 1 16.218496 33.760956 0.68577 20 3.324069 0.89103176 15.853066 1.5142794 5 0 0 0 0.14319542 1 1 1 71478.225 4 16.218496 16.218496 16.218496 16.218496
"I.13.12.csv"	12	-4.2091071
2 1 16.218496 33.760956 0.68577 20 3.324069 0.89103176 15.853066 1.5142794 5 0 0 0 0.14319542 1 1 1 71478.225 4 16.218496 16.218496 16.218496 16.218496
"I.13.12.csv"	2	-4.2091071
2 1 16.218496 33.760956 0.68577 20 3.324069 0.89103176 15.853066 1.5142794 5 0 0 0 0.14319542 1 1 1 71478.225 4 16.218496 16.218496 16.218496 16.218496
"I.13.12.csv"	14	-2.3700988
2 1 16.218496 33.760956 0.68577 20 3.324069 0.89103176 15.853066 1.5142794 5 0 0 0 0.14319542 1 1 1 71478.225 4 16.218496 16.218496 16.218496 16.218496
"I.13.12.csv"	4	-2.3700988
2 1 16.218496 33.760956 0.68577 20 3.324069 0.89103176 15.853066 1.5142794 5 0 0 0 0.14319542 1 1 1 71478.225 4 16.218496 16.218496 16.218496 16.218496
"I.13.12.csv"	17	-2.3700988
2 1 16.218496 33.760956 0.68577 20 3.324069 0.89103176 15.853066 1.5142794 5 0 0 0 0.14319542 1 1 1 71478.225 4 16.218496 16.218496 16.218496 16.218496
"I.13.12.csv"	17	-2.3700988
2 1 16.218496 33.760956 0.68577 20 3.324069 0.89103176 15.853066 1.5142794 5 0 0 0 0.14319542 1 1 1 71478.225 4 16.218496 16.218496 16.218496 16.218496
"I.13.12.csv"	21	-2.3700988
2 1 16.218496 33.760956 0.68577 20 3.324069 0.89103176 15.853066 1.5142794 5 0 0 0 0.14319542 1 1 1 71478.225 4 16.218496 16.218496 16.218496 16.218496
"I.13.12.csv"	3	-2.3700988
2 1 16.218496 33.760956 0.68577 20 3.324069 0.89103176 15.853066 1.5142794 5 0 0 0 0.14319542 1 1 1 71478.225 4 16.218496 16.218496 16.218496 16.218496
"I.13.12.csv"	1	-2.3700988
2 1 16.218496 33.760956 0.68577 20 3.324069 0.89103176 15.853066 1.5142794 5 0 0 0 0.14319542 1 1 1 71478.225 4 16.218496 16.218496 16.218496 16.218496
"I.13.12.csv"	21	-2.5215395
2 1 16.218496 33.760956 0.68577 20 3.324069 0.89103176 15.853066 1.5142794 5 0 0 0 0.14319542 1 1 1 71478.225 4 16.218496 16.218496 16.218496 16.218496
"I.13.12.csv"	3	-2.5215395
2 1 16.218496 33.760956 0.68577 20 3.324069 0.89103176 15.853066 1.5142794 5 0 0 0 0.14319542 1 1 1 71478.225 4 16.218496 16.218496 16.218496 16.218496
"I.13.12.csv"	12	-2.5215395
2 1 16.218496 33.760956 0.68577 20 3.324069 0.89103176 15.853066 1.5142794 5 0 0 0 0.14319542 1 1 1 71478.225 4 16.218496 16.218496 16.218496 16.218496
"I.13.12.csv"	4	-2.5215395
2 1 16.218496 33.760956 0.68577 20 3.324069 0.89103176 15.853066 1.5142794 5 0 0 0 0.14319542 1 1 1 71478.225 4 16.218496 16.218496 16.218496 16.218496
"I.13.12.csv"	2	-2.5215395
2 1 16.218496 33.760956 0.68577 20 3.324069 0.89103176 15.853066 1.5142794 5 0 0 0 0.14319542 1 1 1 71478.225 4 16.218496 16.218496 16.218496 16.218496
"I.13.12.csv"	14	-1.7508878
2 1 16.218496 33.760956 0.68577 20 3.324069 0.89103176 15.853066 1.5142794 5 0 0 0 0.14319542 1 1 1 71478.225 4 16.218496 16.218496 16.218496 16.218496
"I.13.12.csv"	21	-1.7508878
2 1 16.218496 33.760956 0.68577 20 3.324069 0.89103176 15.853066 1.5142794 5 0 0 0 0.14319542 1 1 1 71478.225 4 16.218496 16.218496 16.218496 16.218496
"I.13.12.csv"	3	-1.7508878
2 1 16.218496 33.760956 0.68577 20 3.324069 0.89103176 15.853066 1.5142794 5 0 0 0 0.14319542 1 1 1 71478.225 4 16.218496 16.218496 16.218496 16.218496
"I.13.12.csv"	12	-1.7508878
2 1 16.218496 33.760956 0.68577 20 3.324069 0.89103176 15.853066 1.5142794 5 0 0 0 0.14319542 1 1 1 71478.225 4 16.218496 16.218496 16.218496 16.218496
"I.13.12.csv"	4	-1.7508878
2 1 16.218496 33.760956 0.68577 20 3.324069 0.89103176 15.853066 1.5142794 5 0 0 0 0.14319542 1 1 1 71478.225 4 16.218496 16.218496 16.218496 16.218496
"I.13.12.csv"	2	-1.7508878
2 1 16.218496 33.760956 0.68577 20 3.324069 0.89103176 15.853066 1.5142794 5 0 0 0 0.14319542 1 1 1 71478.225 4 16.218496 16.218496 16.218496 16.218496
"I.13.12.csv"	14	-1.7508878
2 1 16.218496 33.760956 0.68577 20 3.324069 0.89103176 15.853066 1.5142794 5 0 0 0 0.14319542 1 1 1 71478.225 4 16.218496 16.218496 16.218496 16.218496
"I.13.12.csv"	21	-1.7508878
2 1 16.218496 33.760956 0.68577 20 3.324069 0.89103176 15.853066 1.5142794 5 0 0 0 0.14319542 1 1 1 71478.225 4 16.218496 16.218496 16.218496 16.218496
"I.13.12.csv"	3	-1.7508878
2 1 16.218496 33.760956 0.68577 20 3.324069 0.89103176 15.853066 1.5142794 5 0 0 0 0.14319542 1 1 1 71478.225 4 16.218496 16.218496 16.218496 16.218496
"I.14.3.csv"	1	-0.053807593
4 1 2.9846323 0.71485918 1.302644 4.896754 4.2509022 0.99735895 0.52979749 0.087989994 11 0 0 0 0.072820855 0 1 1 92465.875 4 2.9846323 2.9846323 2.9846323 2.9846323
"I.14.3.csv"	12	-0.053807593
4 1 2.9846323 0.71485918 1.302644 4.896754 4.2509022 0.99735895 0.52979749 0.087989994 11 0 0 0 0.072820855 0 1 1 92465.875 4 2.9846323 2.9846323 2.9846323 2.9846323
"I.14.3.csv"	19	0.0017101918
4 1 2.9846323 0.71485918 1.302644 4.896754 4.2509022 0.99735895 0.52979749 0.087989994 11 0 0 0 0.072820855 0 1 1 92465.875 4 2.9846323 2.9846323 2.9846323 2.9846323
"I.14.3.csv"	19	0.0035084415
4 1 2.9846323 0.71485918 1.302644 4.896754 4.2509022 0.99735895 0.52979749 0.087989994 11 0 0 0 0.072820855 0 1 1 92465.875 4 2.9846323 2.9846323 2.9846323 2.9846323
"I.15.3.csv"	23	-0.0045985032
2 1 -0.0034569213 0.17823414 -0.850368 0.825208 3.9688865 0.99074324 0.25486928 1.0764456 3 1 0 0 0.0066439053 1 1 0 414306 4 -0.0034569213 -0.0034569213 -0.0034569213 -0.0034569213
"I.15.3.csv"	23	-0.0045985032
2 1 -0.0034569213 0.17823414 -0.850368 0.825208 3.9688865 0.99074324 0.25486928 1.0764456 3 1 0 0 0.0066439053 1 1 0 414306 4 -0.0034569213 -0.0034569213 -0.0034569213 -0.0034569213
"I.15.3.csv"	1	-0.0045985032
2 1 -0.0034569213 0.17823414 -0.850368 0.825208 3.9688865 0.99074324 0.25486928 1.0764456 3 1 0 0 0.0066439053 1 1 0 414306 4 -0.0034569213 -0.0034569213 -0.0034569213 -0.0034569213
"I.15.3.csv"	12	-0.0045985032
2 1 -0.0034569213 0.17823414 -0.850368 0.825208 3.9688865 0.99074324 0.25486928 1.0764456 3 1 0 0 0.0066439053 1 1 0 414306 4 -0.0034569213 -0.0034569213 -0.0034569213 -0.0034569213
"I.15.3.csv"	4	2.933726e-06
2 1 -0.0034569213 0.17823414 -0.850368 0.825208 3.9688865 0.99074324 0.25486928 1.0764456 3 1 0 0 0.0066439053 1 1 0 414306 4 -0.0034569213 -0.0034569213 -0.0034569213 -0.0034569213
"I.15.3.csv"	21	2.924709e-06
2 1 -0.0034569213 0.17823414 -0.850368 0.825208 3.9688865 0.99074324 0.25486928 1.0764456 3 1 0 0 0.0066439053 1 1 0 414306 4 -0.0034569213 -0.0034569213 -0.0034569213 -0.0034569213
"I.15.3.csv"	3	2.9191378e-06
2 1 -0.0034569213 0.17823414 -0.850368 0.825208 3.9688865 0.99074324 0.25486928 1.0764456 3 1 0 0 0.0066439053 1 1 0 414306 4 -0.0034569213 -0.0034569213 -0.0034569213 -0.0034569213
"I.15.3.csv"	12	-7.179762e-05
2 1 -0.0034569213 0.17823414 -0.850368 0.825208 3.9688865 0.99074324 0.25486928 1.0764456 3 1 0 0 0.0066439053 1 1 0 414306 4 -0.0034569213 -0.0034569213 -0.0034569213 -0.0034569213
"I.15.3.csv"	14	3.6876082e-06
2 1 -0.0034569213 0.17823414 -0.850368 0.825208 3.9688865 0.99074324 0.25486928 1.0764456 3 1 0 0 0.0066439053 1 1 0 414306 4 -0.0034569213 -0.0034569213 -0.0034569213 -0.0034569213
"I.15.3.csv"	11	2.2954574e-06
2 1 -0.0034569213 0.17823414 -0.850368 0.825208 3.9688865 0.99074324 0.25486928 1.0764456 3 1 0 0 0.0066439053 1 1 0 414306 4 -0.0034569213 -0.0034569213 -0.0034569213 -0.0034569213
"I.15.3.csv"	2	2.9279185e-06
2 1 -0.0034569213 0.17823414 -0.850368 0.825208 3.9688865 0.99074324 0.25486928 1.0764456 3 1 0 0 0.0066439053 1 1 0 414306 4 -0.0034569213 -0.0034569213 -0.0034569213 -0.0034569213
"I.15.3.csv"	12	-7.8338002e-05
2 1 -0.0034569213 0.17823414 -0.850368 0.825208 3.9688865 0.99074324 0.25486928 1.0764456 3 1 0 0 0.0066439053 1 1 0 414306 4 -0.0034569213 -0.0034569213 -0.0034569213 -0.0034569213
"I.15.3.csv"	1	-7.8052372e-05
2 1 -0.0034569213 0.17823414 -0.850368 0.825208 3.9688865 0.99074324 0.25486928 1.0764456 3 1 0 0 0.0066439053 1 1 0 414306 4 -0.0034569213 -0.0034569213 -0.0034569213 -0.0034569213
"I.15.3.csv"	21	2.6043208e-05
2 1 -0.0034569213 0.17823414 -0.850368 0.825208 3.9688865 0.99074324 0.25486928 1.0764456 3 1 0 0 0.0066439053 1 1 0 414306 4 -0.0034569213 -0.0034569213 -0.0034569213 -0.0034569213
"I.15.3.csv"	3	3.0152414e-05
2 1 -0.0034569213 0.17823414 -0.850368 0.825208 3.9688865 0.99074324 0.25486928 1.0764456 3 1 0 0 0.0066439053 1 1 0 414306 4 -0.0034569213 -0.0034569213 -0.0034569213 -0.0034569213
"I.15.3.csv"	12	-7.8052372e-05
2 1 -0.0034569213 0.17823414 -0.850368 0.825208 3.9688865 0.99074324 0.25486928 1.0764456 3 1 0 0 0.0066439053 1 1 0 414306 4 -0.0034569213 -0.0034569213 -0.0034569213 -0.0034569213
"I.15.3.csv"	11	-7.8052372e-05
2 1 -0.0034569213 0.17823414 -0.850368 0.825208 3.9688865 0.99074324 0.25486928 1.0764456 3 1 0 0 0.0066439053 1 1 0 414306 4 -0.0034569213 -0.0034569213 -0.0034569213 -0.0034569213
"I.15.3.csv"	2	-7.8052372e-05
2 1 -0.0034569213 0.17823414 -0.850368 0.825208 3.9688865 0.99074324 0.25486928 1.0764456 3 1 0 0 0.0066439053 1 1 0 414306 4 -0.0034569213 -0.0034569213 -0.0034569213 -0.0034569213
"I.15.10.csv"	3	2.5421888e-06
2 1 0.77501177 0.032260242 0.234205 0.991028 4.2136699 0.99984499 1.1502261 1.0089047 5 0 0 0 0.1072935 0 1 1 35711.333 4 0.77501177 0.77501177 0.77501177 0.77501177
"I.15.10.csv"	1	-0.00046104464
2 1 0.77501177 0.032260242 0.234205 0.991028 4.2136699 0.99984499 1.1502261 1.0089047 5 0 0 0 0.1072935 0 1 1 35711.333 4 0.77501177 0.77501177 0.77501177 0.77501177
"I.15.10.csv"	12	-0.00046104464
2 1 0.77501177 0.032260242 0.234205 0.991028 4.2136699 0.99984499 1.1502261 1.0089047 5 0 0 0 0.1072935 0 1 1 35711.333 4 0.77501177 0.77501177 0.77501177 0.77501177
"I.15.10.csv"	14	-6.7701483e-06
2 1 0.77501177 0.032260242 0.234205 0.991028 4.2136699 0.99984499 1.1502261 1.0089047 5 0 0 0 0.1072935 0 1 1 35711.333 4 0.77501177 0.77501177 0.77501177 0.77501177
"I.15.10.csv"	21	-6.7701483e-06
2 1 0.77501177 0.032260242 0.234205 0.991028 4.2136699 0.99984499 1.1502261 1.0089047 5 0 0 0 0.1072935 0 1 1 35711.333 4 0.77501177 0.77501177 0.77501177 0.77501177
"I.15.10.csv"	1	-6.7701483e-06
2 1 0.77501177 0.032260242 0.234205 0.991028 4.2136699 0.99984499 1.1502261 1.0089047 5 0 0 0 0.1072935 0 1 1 35711.333 4 0.77501177 0.77501177 0.77501177 0.77501177
"I.15.10.csv"	2	-6.7701483e-06
2 1 0.77501177 0.032260242 0.234205 0.991028 4.2136699 0.99984499 1.1502261 1.0089047 5 0 0 0 0.1072935 0 1 1 35711.333 4 0.77501177 0.77501177 0.77501177 0.77501177
"I.15.10.csv"	3	-8.0508986e-06
2 1 0.77501177 0.032260242 0.234205 0.991028 4.2136699 0.99984499 1.1502261 1.0089047 5 0 0 0 0.1072935 0 1 1 35711.333 4 0.77501177 0.77501177 0.77501177 0.77501177
"I.15.10.csv"	1	-8.0508986e-06
2 1 0.77501177 0.032260242 0.234205 0.991028 4.2136699 0.99984499 1.1502261 1.0089047 5 0 0 0 0.1072935 0 1 1 35711.333 4 0.77501177 0.77501177 0.77501177 0.77501177
"I.15.10.csv"	2	1.6251852e-06
2 1 0.77501177 0.032260242 0.234205 0.991028 4.2136699 0.99984499 1.1502261 1.0089047 5 0 0 0 0.1072935 0 1 1 35711.333 4 0.77501177 0.77501177 0.77501177 0.77501177
"I.18.4.csv"	4	-0.43858201
3 1 3.9243004 9.6749528 0.363061 18.167935 5.7241957 0.97180083 1.8703476 0.60095798 6 0 0 0 0.11020338 0 1 1 240239.67 4 3.9243004 3.9243004 3.9243004 3.9243004
"I.18.4.csv"	21	-0.43858201
3 1 3.9243004 9.6749528 0.363061 18.167935 5.7241957 0.97180083 1.8703476 0.60095798 6 0 0 0 0.11020338 0 1 1 240239.67 4 3.9243004 3.9243004 3.9243004 3.9243004
"I.18.4.csv"	3	0.01123229
3 1 3.9243004 9.6749528 0.363061 18.167935 5.7241957 0.97180083 1.8703476 0.60095798 6 0 0 0 0.11020338 0 1 1 240239.67 4 3.9243004 3.9243004 3.9243004 3.9243004
"I.18.4.csv"	1	-0.43858201
3 1 3.9243004 9.6749528 0.363061 18.167935 5.7241957 0.97180083 1.8703476 0.60095798 6 0 0 0 0.11020338 0 1 1 240239.67 4 3.9243004 3.9243004 3.9243004 3.9243004
"I.18.4.csv"	12	-0.43858201
3 1 3.9243004 9.6749528 0.363061 18.167935 5.7241957 0.97180083 1.8703476 0.60095798 6 0 0 0 0.11020338 0 1 1 240239.67 4 3.9243004 3.9243004 3.9243004 3.9243004
"I.18.4.csv"	17	0.0083206662
3 1 3.9243004 9.6749528 0.363061 18.167935 5.7241957 0.97180083 1.8703476 0.60095798 6 0 0 0 0.11020338 0 1 1 240239.67 4 3.9243004 3.9243004 3.9243004 3.9243004
"I.18.4.csv"	4	-0.0037224981
3 1 3.9243004 9.6749528 0.363061 18.167935 5.7241957 0.97180083 1.8703476 0.60095798 6 0 0 0 0.11020338 0 1 1 240239.67 4 3.9243004 3.9243004 3.9243004 3.9243004
"I.18.4.csv"	21	0.0041324806
3 1 3.9243004 9.6749528 0.363061 18.167935 5.7241957 0.97180083 1.8703476 0.60095798 6 0 0 0 0.11020338 0 1 1 240239.67 4 3.9243004 3.9243004 3.9243004 3.9243004
"I.18.4.csv"	3	0.0018702551
3 1 3.9243004 9.6749528 0.363061 18.167935 5.7241957 0.97180083 1.8703476 0.60095798 6 0 0 0 0.11020338 0 1 1 240239.67 4 3.9243004 3.9243004 3.9243004 3.9243004
"I.18.4.csv"	1	-0.0037224981
3 1 3.9243004 9.6749528 0.363061 18.167935 5.7241957 0.97180083 1.8703476 0.60095798 6 0 0 0 0.11020338 0 1 1 240239.67 4 3.9243004 3.9243004 3.9243004 3.9243004
"I.18.4.csv"	12	-0.0037224981
3 1 3.9243004 9.6749528 0.363061 18.167935 5.7241957 0.97180083 1.8703476 0.60095798 6 0 0 0 0.11020338 0 1 1 240239.67 4 3.9243004 3.9243004 3.9243004 3.9243004
"I.18.4.csv"	2	-0.0037224981
3 1 3.9243004 9.6749528 0.363061 18.167935 5.7241957 0.97180083 1.8703476 0.60095798 6 0 0 0 0.11020338 0 1 1 240239.67 4 3.9243004 3.9243004 3.9243004 3.9243004
"I.18.4.csv"	17	0.0019928799
3 1 3.9243004 9.6749528 0.363061 18.167935 5.7241957 0.97180083 1.8703476 0.60095798 6 0 0 0 0.11020338 0 1 1 240239.67 4 3.9243004 3.9243004 3.9243004 3.9243004
"I.18.4.csv"	17	0.0005835749
3 1 3.9243004 9.6749528 0.363061 18.167935 5.7241957 0.97180083 1.8703476 0.60095798 6 0 0 0 0.11020338 0 1 1 240239.67 4 3.9243004 3.9243004 3.9243004 3.9243004
"I.18.4.csv"	19	-0.0037224981
3 1 3.9243004 9.6749528 0.363061 18.167935 5.7241957 0.97180083 1.8703476 0.60095798 6 0 0 0 0.11020338 0 1 1 240239.67 4 3.9243004 3.9243004 3.9243004 3.9243004
"I.18.4.csv"	19	-0.0037224981
3 1 3.9243004 9.6749528 0.363061 18.167935 5.7241957 0.97180083 1.8703476 0.60095798 6 0 0 0 0.11020338 0 1 1 240239.67 4 3.9243004 3.9243004 3.9243004 3.9243004
"I.18.4.csv"	19	-0.0037224981
3 1 3.9243004 9.6749528 0.363061 18.167935 5.7241957 0.97180083 1.8703476 0.60095798 6 0 0 0 0.11020338 0 1 1 240239.67 4 3.9243004 3.9243004 3.9243004 3.9243004
"I.18.14.csv"	19	-18.23036
3 1 16.137188 29.714756 2.203032 20 3.2648252 0.91394307 10.11765 0.73660298 6 0 0 0 0.050093158 1 1 1 85706.255 4 16.137188 16.137188 16.137188 16.137188
"I.18.14.csv"	19	-18.23036
3 1 16.137188 29.714756 2.203032 20 3.2648252 0.91394307 10.11765 0.73660298 6 0 0 0 0.050093158 1 1 1 85706.255 4 16.137188 16.137188 16.137188 16.137188
"I.18.14.csv"	19	-18.23036
3 1 16.137188 29.714756 2.203032 20 3.2648252 0.91394307 10.11765 0.73660298 6 0 0 0 0.050093158 1 1 1 85706.255 4 16.137188 16.137188 16.137188 16.137188
"I.18.14.csv"	19	-18.23036
3 1 16.137188 29.714756 2.203032 20 3.2648252 0.91394307 10.11765 0.73660298 6 0 0 0 0.050093158 1 1 1 85706.255 4 16.137188 16.137188 16.137188 16.137188
"I.18.14.csv"	19	-18.23036
3 1 16.137188 29.714756 2.203032 20 3.2648252 0.91394307 10.11765 0.73660298 6 0 0 0 0.050093158 1 1 1 85706.255 4 16.137188 16.137188 16.137188 16.137188
"I.18.14.csv"	19	-0.32766601
3 1 16.137188 29.714756 2.203032 20 3.2648252 0.91394307 10.11765 0.73660298 6 0 0 0 0.050093158 1 1 1 85706.255 4 16.137188 16.137188 16.137188 16.137188
"I.18.14.csv"	19	-0.32766601
3 1 16.137188 29.714756 2.203032 20 3.2648252 0.91394307 10.11765 0.73660298 6 0 0 0 0.050093158 1 1 1 85706.255 4 16.137188 16.137188 16.137188 16.137188
"I.18.14.csv"	19	-0.32766601
3 1 16.137188 29.714756 2.203032 20 3.2648252 0.91394307 10.11765 0.73660298 6 0 0 0 0.050093158 1 1 1 85706.255 4 16.137188 16.137188 16.137188 16.137188
"I.18.14.csv"	19	-0.32766601
3 1 16.137188 29.714756 2.203032 20 3.2648252 0.91394307 10.11765 0.73660298 6 0 0 0 0.050093158 1 1 1 85706.255 4 16.137188 16.137188 16.137188 16.137188
"I.18.14.csv"	19	-0.32766601
3 1 16.137188 29.714756 2.203032 20 3.2648252 0.91394307 10.11765 0.73660298 6 0 0 0 0.050093158 1 1 1 85706.255 4 16.137188 16.137188 16.137188 16.137188
"I.18.14.csv"	19	-0.32766601
3 1 16.137188 29.714756 2.203032 20 3.2648252 0.91394307 10.11765 0.73660298 6 0 0 0 0.050093158 1 1 1 85706.255 4 16.137188 16.137188 16.137188 16.137188
"I.18.14.csv"	19	-0.32766601
3 1 16.137188 29.714756 2.203032 20 3.2648252 0.91394307 10.11765 0.73660298 6 0 0 0 0.050093158 1 1 1 85706.255 4 16.137188 16.137188 16.137188 16.137188
"I.18.14.csv"	19	-0.32766601
3 1 16.137188 29.714756 2.203032 20 3.2648252 0.91394307 10.11765 0.73660298 6 0 0 0 0.050093158 1 1 1 85706.255 4 16.137188 16.137188 16.137188 16.137188
"I.18.14.csv"	19	-0.32766601
3 1 16.137188 29.714756 2.203032 20 3.2648252 0.91394307 10.11765 0.73660298 6 0 0 0 0.050093158 1 1 1 85706.255 4 16.137188 16.137188 16.137188 16.137188
"I.18.14.csv"	19	-0.32766601
3 1 16.137188 29.714756 2.203032 20 3.2648252 0.91394307 10.11765 0.73660298 6 0 0 0 0.050093158 1 1 1 85706.255 4 16.137188 16.137188 16.137188 16.137188
"I.18.14.csv"	19	-0.32766601
3 1 16.137188 29.714756 2.203032 20 3.2648252 0.91394307 10.11765 0.73660298 6 0 0 0 0.050093158 1 1 1 85706.255 4 16.137188 16.137188 16.137188 16.137188
"I.18.14.csv"	19	-0.32766601
3 1 16.137188 29.714756 2.203032 20 3.2648252 0.91394307 10.11765 0.73660298 6 0 0 0 0.050093158 1 1 1 85706.255 4 16.137188 16.137188 16.137188 16.137188
"I.18.14.csv"	4	-0.32766601
3 1 16.137188 29.714756 2.203032 20 3.2648252 0.91394307 10.11765 0.73660298 6 0 0 0 0.050093158 1 1 1 85706.255 4 16.137188 16.137188 16.137188 16.137188
"I.18.14.csv"	17	-0.32766601
3 1 16.137188 29.714756 2.203032 20 3.2648252 0.91394307 10.11765 0.73660298 6 0 0 0 0.050093158 1 1 1 85706.255 4 16.137188 16.137188 16.137188 16.137188
"I.24.6.csv"	3	6.8107024e-05
2 1 2.3730507 1.136711 0.429653 4.823038 4.1207306 0.99253335 2.6783699 2.7909408 4 1 1 1 0.051990747 0 1 1 433539.33 4 2.3730507 2.3730507 2.3730507 2.3730507
"I.24.6.csv"	1	-0.071844436
2 1 2.3730507 1.136711 0.429653 4.823038 4.1207306 0.99253335 2.6783699 2.7909408 4 1 1 1 0.051990747 0 1 1 433539.33 4 2.3730507 2.3730507 2.3730507 2.3730507
"I.24.6.csv"	12	-0.071844436
2 1 2.3730507 1.136711 0.429653 4.823038 4.1207306 0.99253335 2.6783699 2.7909408 4 1 1 1 0.051990747 0 1 1 433539.33 4 2.3730507 2.3730507 2.3730507 2.3730507
"I.24.6.csv"	2	-0.071844436
2 1 2.3730507 1.136711 0.429653 4.823038 4.1207306 0.99253335 2.6783699 2.7909408 4 1 1 1 0.051990747 0 1 1 433539.33 4 2.3730507 2.3730507 2.3730507 2.3730507
"I.25.9.csv"	1	-0.013011852
2 1 1.3566448 0.20452482 0.546482 2.431318 4.1677395 0.9976748 0.2683572 0.083247943 5 0 0 0 0.15058184 0 1 1 31597 4 1.3566448 1.3566448 1.3566448 1.3566448
"I.25.9.csv"	12	-0.013011852
2 1 1.3566448 0.20452482 0.546482 2.431318 4.1677395 0.9976748 0.2683572 0.083247943 5 0 0 0 0.15058184 0 1 1 31597 4 1.3566448 1.3566448 1.3566448 1.3566448
"I.25.9.csv"	21	-4.8613773e-05
2 1 1.3566448 0.20452482 0.546482 2.431318 4.1677395 0.9976748 0.2683572 0.083247943 5 0 0 0 0.15058184 0 1 1 31597 4 1.3566448 1.3566448 1.3566448 1.3566448
"I.25.9.csv"	2	-4.8613773e-05
2 1 1.3566448 0.20452482 0.546482 2.431318 4.1677395 0.9976748 0.2683572 0.083247943 5 0 0 0 0.15058184 0 1 1 31597 4 1.3566448 1.3566448 1.3566448 1.3566448
"I.25.9.csv"	12	-4.8613773e-05
2 1 1.3566448 0.20452482 0.546482 2.431318 4.1677395 0.9976748 0.2683572 0.083247943 5 0 0 0 0.15058184 0 1 1 31597 4 1.3566448 1.3566448 1.3566448 1.3566448
"I.25.9.csv"	1	-4.8613773e-05
2 1 1.3566448 0.20452482 0.546482 2.431318 4.1677395 0.9976748 0.2683572 0.083247943 5 0 0 0 0.15058184 0 1 1 31597 4 1.3566448 1.3566448 1.3566448 1.3566448
"I.25.9.csv"	3	-4.8613773e-05
2 1 1.3566448 0.20452482 0.546482 2.431318 4.1677395 0.9976748 0.2683572 0.083247943 5 0 0 0 0.15058184 0 1 1 31597 4 1.3566448 1.3566448 1.3566448 1.3566448
"I.29.16.csv"	23	-0.87252131
3 1 0.53285917 2.0716656 -2.872417 2.870823 3.9902227 0.55830334 2.8585927 0.63080564 7 0 0 0 0.36467721 1 1 0 1816652 4 0.53285917 0.53285917 0.53285917 0.53285917
"I.29.16.csv"	23	-0.87252131
3 1 0.53285917 2.0716656 -2.872417 2.870823 3.9902227 0.55830334 2.8585927 0.63080564 7 0 0 0 0.36467721 1 1 0 1816652 4 0.53285917 0.53285917 0.53285917 0.53285917
"I.29.16.csv"	1	0.00038145344
3 1 0.53285917 2.0716656 -2.872417 2.870823 3.9902227 0.55830334 2.8585927 0.63080564 7 0 0 0 0.36467721 1 1 0 1816652 4 0.53285917 0.53285917 0.53285917 0.53285917
"I.29.16.csv"	12	-0.23170608
3 1 0.53285917 2.0716656 -2.872417 2.870823 3.9902227 0.55830334 2.8585927 0.63080564 7 0 0 0 0.36467721 1 1 0 1816652 4 0.53285917 0.53285917 0.53285917 0.53285917
"I.29.16.csv"	23	0.026313267
3 1 0.53285917 2.0716656 -2.872417 2.870823 3.9902227 0.55830334 2.8585927 0.63080564 7 0 0 0 0.36467721 1 1 0 1816652 4 0.53285917 0.53285917 0.53285917 0.53285917
"I.29.16.csv"	23	0.026313267
3 1 0.53285917 2.0716656 -2.872417 2.870823 3.9902227 0.55830334 2.8585927 0.63080564 7 0 0 0 0.36467721 1 1 0 1816652 4 0.53285917 0.53285917 0.53285917 0.53285917
"I.32.8.csv"	19	-15.091304
3 1 5.7718729 46.79317 0.028669 20 2.9195491 0.93826038 8.7161848 2.6934061 6 0 0 0 0.055224215 1 1 1 2926005.8 4 5.7718729 5.7718729 5.7718729 5.7718729
"I.32.8.csv"	19	-15.091304
3 1 5.7718729 46.79317 0.028669 20 2.9195491 0.93826038 8.7161848 2.6934061 6 0 0 0 0.055224215 1 1 1 2926005.8 4 5.7718729 5.7718729 5.7718729 5.7718729
"I.32.8.csv"	19	-15.091304
3 1 5.7718729 46.79317 0.028669 20 2.9195491 0.93826038 8.7161848 2.6934061 6 0 0 0 0.055224215 1 1 1 2926005.8 4 5.7718729 5.7718729 5.7718729 5.7718729
"I.32.8.csv"	19	-15.091304
3 1 5.7718729 46.79317 0.028669 20 2.9195491 0.93826038 8.7161848 2.6934061 6 0 0 0 0.055224215 1 1 1 2926005.8 4 5.7718729 5.7718729 5.7718729 5.7718729
"I.32.8.csv"	19	-15.091304
3 1 5.7718729 46.79317 0.028669 20 2.9195491 0.93826038 8.7161848 2.6934061 6 0 0 0 0.055224215 1 1 1 2926005.8 4 5.7718729 5.7718729 5.7718729 5.7718729
"I.32.8.csv"	19	-15.091304
3 1 5.7718729 46.79317 0.028669 20 2.9195491 0.93826038 8.7161848 2.6934061 6 0 0 0 0.055224215 1 1 1 2926005.8 4 5.7718729 5.7718729 5.7718729 5.7718729
"I.32.8.csv"	4	0.3272737
3 1 5.7718729 46.79317 0.028669 20 2.9195491 0.93826038 8.7161848 2.6934061 6 0 0 0 0.055224215 1 1 1 2926005.8 4 5.7718729 5.7718729 5.7718729 5.7718729
"I.32.8.csv"	19	0.065370215
3 1 5.7718729 46.79317 0.028669 20 2.9195491 0.93826038 8.7161848 2.6934061 6 0 0 0 0.055224215 1 1 1 2926005.8 4 5.7718729 5.7718729 5.7718729 5.7718729
"I.32.8.csv"	19	0.15823517
3 1 5.7718729 46.79317 0.028669 20 2.9195491 0.93826038 8.7161848 2.6934061 6 0 0 0 0.055224215 1 1 1 2926005.8 4 5.7718729 5.7718729 5.7718729 5.7718729
"I.32.8.csv"	19	0.013013476
3 1 5.7718729 46.79317 0.028669 20 2.9195491 0.93826038 8.7161848 2.6934061 6 0 0 0 0.055224215 1 1 1 2926005.8 4 5.7718729 5.7718729 5.7718729 5.7718729
"I.32.8.csv"	19	0.10468445
3 1 5.7718729 46.79317 0.028669 20 2.9195491 0.93826038 8.7161848 2.6934061 6 0 0 0 0.055224215 1 1 1 2926005.8 4 5.7718729 5.7718729 5.7718729 5.7718729
"I.32.8.csv"	19	0.095675891
3 1 5.7718729 46.79317 0.028669 20 2.9195491 0.93826038 8.7161848 2.6934061 6 0 0 0 0.055224215 1 1 1 2926005.8 4 5.7718729 5.7718729 5.7718729 5.7718729
"I.32.8.csv"	4	0.069220131
3 1 5.7718729 46.79317 0.028669 20 2.9195491 0.93826038 8.7161848 2.6934061 6 0 0 0 0.055224215 1 1 1 2926005.8 4 5.7718729 5.7718729 5.7718729 5.7718729
"I.32.8.csv"	17	0.057230697
3 1 5.7718729 46.79317 0.028669 20 2.9195491 0.93826038 8.7161848 2.6934061 6 0 0 0 0.055224215 1 1 1 2926005.8 4 5.7718729 5.7718729 5.7718729 5.7718729
"I.34.6.csv"	3	1.4078108e-05
1 1 0.63096045 0.0445964 0.239331 0.993115 3.5694148 0.99932176 0.83279292 0.018891725 2 0 0 0 0 1 0 1 1.1653076 0
"I.34.6.csv"	1	-8.0004191e-05
1 1 0.63096045 0.0445964 0.239331 0.993115 3.5694148 0.99932176 0.83279292 0.018891725 2 0 0 0 0 1 0 1 1.1653076 0
"I.34.6.csv"	12	-8.0004191e-05
1 1 0.63096045 0.0445964 0.239331 0.993115 3.5694148 0.99932176 0.83279292 0.018891725 2 0 0 0 0 1 0 1 1.1653076 0
"I.34.6.csv"	4	2.0591339e-05
1 1 0.63096045 0.0445964 0.239331 0.993115 3.5694148 0.99932176 0.83279292 0.018891725 2 0 0 0 0 1 0 1 1.1653076 0
"I.34.6.csv"	2	3.0267561e-05
1 1 0.63096045 0.0445964 0.239331 0.993115 3.5694148 0.99932176 0.83279292 0.018891725 2 0 0 0 0 1 0 1 1.1653076 0
"I.34.6.csv"	3	2.2599731e-05
1 1 0.63096045 0.0445964 0.239331 0.993115 3.5694148 0.99932176 0.83279292 0.018891725 2 0 0 0 0 1 0 1 1.1653076 0
"I.34.6.csv"	1	-7.1853215e-05
1 1 0.63096045 0.0445964 0.239331 0.993115 3.5694148 0.99932176 0.83279292 0.018891725 2 0 0 0 0 1 0 1 1.1653076 0
"I.34.6.csv"	4	-7.1853215e-05
1 1 0.63096045 0.0445964 0.239331 0.993115 3.5694148 0.99932176 0.83279292 0.018891725 2 0 0 0 0 1 0 1 1.1653076 0
"I.34.6.csv"	2	-7.1853215e-05
1 1 0.63096045 0.0445964 0.239331 0.993115 3.5694148 0.99932176 0.83279292 0.018891725 2 0 0 0 0 1 0 1 1.1653076 0
"I.43.27.csv"	19	-0.0044433113
3 1 0.28093761 0.085089557 0.019393 1.742377 5.9066755 0.93438186 1.0357142 0.15032728 5 0 0 0 0.098799604 0 1 1 11863.667 4 0.28093761 0.28093761 0.28093761 0.28093761
"I.43.27.csv"	19	0.0020188789
3 1 0.28093761 0.085089557 0.019393 1.742377 5.9066755 0.93438186 1.0357142 0.15032728 5 0 0 0 0.098799604 0 1 1 11863.667 4 0.28093761 0.28093761 0.28093761 0.28093761
"I.43.27.csv"	4	0.00091925151
3 1 0.28093761 0.085089557 0.019393 1.742377 5.9066755 0.93438186 1.0357142 0.15032728 5 0 0 0 0.098799604 0 1 1 11863.667 4 0.28093761 0.28093761 0.28093761 0.28093761
"I.43.27.csv"	19	-8.472474e-05
3 1 0.28093761 0.085089557 0.019393 1.742377 5.9066755 0.93438186 1.0357142 0.15032728 5 0 0 0 0.098799604 0 1 1 11863.667 4 0.28093761 0.28093761 0.28093761 0.28093761
"I.43.27.csv"	19	-8.472474e-05
3 1 0.28093761 0.085089557 0.019393 1.742377 5.9066755 0.93438186 1.0357142 0.15032728 5 0 0 0 0.098799604 0 1 1 11863.667 4 0.28093761 0.28093761 0.28093761 0.28093761
"I.43.27.csv"	19	-8.472474e-05
3 1 0.28093761 0.085089557 0.019393 1.742377 5.9066755 0.93438186 1.0357142 0.15032728 5 0 0 0 0.098799604 0 1 1 11863.667 4 0.28093761 0.28093761 0.28093761 0.28093761
"I.43.27.csv"	19	-8.472474e-05
3 1 0.28093761 0.085089557 0.019393 1.742377 5.9066755 0.93438186 1.0357142 0.15032728 5 0 0 0 0.098799604 0 1 1 11863.667 4 0.28093761 0.28093761 0.28093761 0.28093761
"I.43.27.csv"	19	0.00014417699
3 1 0.28093761 0.085089557 0.019393 1.742377 5.9066755 0.93438186 1.0357142 0.15032728 5 0 0 0 0.098799604 0 1 1 11863.667 4 0.28093761 0.28093761 0.28093761 0.28093761
"I.43.27.csv"	19	-8.472474e-05
3 1 0.28093761 0.085089557 0.019393 1.742377 5.9066755 0.93438186 1.0357142 0.15032728 5 0 0 0 0.098799604 0 1 1 11863.667 4 0.28093761 0.28093761 0.28093761 0.28093761
"I.43.27.csv"	19	-8.472474e-05
3 1 0.28093761 0.085089557 0.019393 1.742377 5.9066755 0.93438186 1.0357142 0.15032728 5 0 0 0 0.098799604 0 1 1 11863.667 4 0.28093761 0.28093761 0.28093761 0.28093761
"I.43.27.csv"	19	-8.472474e-05
3 1 0.28093761 0.085089557 0.019393 1.742377 5.9066755 0.93438186 1.0357142 0.15032728 5 0 0 0 0.098799604 0 1 1 11863.667 4 0.28093761 0.28093761 0.28093761 0.28093761
"I.43.27.csv"	19	-8.472474e-05
3 1 0.28093761 0.085089557 0.019393 1.742377 5.9066755 0.93438186 1.0357142 0.15032728 5 0 0 0 0.098799604 0 1 1 11863.667 4 0.28093761 0.28093761 0.28093761 0.28093761
"I.43.27.csv"	19	-8.472474e-05
3 1 0.28093761 0.085089557 0.019393 1.742377 5.9066755 0.93438186 1.0357142 0.15032728 5 0 0 0 0.098799604 0 1 1 11863.667 4 0.28093761 0.28093761 0.28093761 0.28093761
"I.43.27.csv"	19	-8.472474e-05
3 1 0.28093761 0.085089557 0.019393 1.742377 5.9066755 0.93438186 1.0357142 0.15032728 5 0 0 0 0.098799604 0 1 1 11863.667 4 0.28093761 0.28093761 0.28093761 0.28093761
"I.43.27.csv"	19	-8.472474e-05
3 1 0.28093761 0.085089557 0.019393 1.742377 5.9066755 0.93438186 1.0357142 0.15032728 5 0 0 0 0.098799604 0 1 1 11863.667 4 0.28093761 0.28093761 0.28093761 0.28093761
"I.43.27.csv"	4	-8.472474e-05
3 1 0.28093761 0.085089557 0.019393 1.742377 5.9066755 0.93438186 1.0357142 0.15032728 5 0 0 0 0.098799604 0 1 1 11863.667 4 0.28093761 0.28093761 0.28093761 0.28093761
"I.43.27.csv"	17	-8.472474e-05
3 1 0.28093761 0.085089557 0.019393 1.742377 5.9066755 0.93438186 1.0357142 0.15032728 5 0 0 0 0.098799604 0 1 1 11863.667 4 0.28093761 0.28093761 0.28093761 0.28093761
"I.47.23.csv"	3	6.7055707e-05
2 1 1.0377156 0.1032901 0.473592 1.996849 4.7396233 0.99359685 0.43330952 0.054895642 4 0 0 0 -0.011145213 0 1 1 77803.8 4 1.0377156 1.0377156 1.0377156 1.0377156
"I.47.23.csv"	1	-0.0052232971
2 1 1.0377156 0.1032901 0.473592 1.996849 4.7396233 0.99359685 0.43330952 0.054895642 4 0 0 0 -0.011145213 0 1 1 77803.8 4 1.0377156 1.0377156 1.0377156 1.0377156
"I.47.23.csv"	12	-0.0052232971
2 1 1.0377156 0.1032901 0.473592 1.996849 4.7396233 0.99359685 0.43330952 0.054895642 4 0 0 0 -0.011145213 0 1 1 77803.8 4 1.0377156 1.0377156 1.0377156 1.0377156
"I.47.23.csv"	4	1.4455855e-05
2 1 1.0377156 0.1032901 0.473592 1.996849 4.7396233 0.99359685 0.43330952 0.054895642 4 0 0 0 -0.011145213 0 1 1 77803.8 4 1.0377156 1.0377156 1.0377156 1.0377156
"I.47.23.csv"	21	1.4447879e-05
2 1 1.0377156 0.1032901 0.473592 1.996849 4.7396233 0.99359685 0.43330952 0.054895642 4 0 0 0 -0.011145213 0 1 1 77803.8 4 1.0377156 1.0377156 1.0377156 1.0377156
"I.47.23.csv"	3	1.4209402e-05
2 1 1.0377156 0.1032901 0.473592 1.996849 4.7396233 0.99359685 0.43330952 0.054895642 4 0 0 0 -0.011145213 0 1 1 77803.8 4 1.0377156 1.0377156 1.0377156 1.0377156
"I.47.23.csv"	12	-2.3607046e-05
2 1 1.0377156 0.1032901 0.473592 1.996849 4.7396233 0.99359685 0.43330952 0.054895642 4 0 0 0 -0.011145213 0 1 1 77803.8 4 1.0377156 1.0377156 1.0377156 1.0377156
"I.47.23.csv"	2	1.4355845e-05
2 1 1.0377156 0.1032901 0.473592 1.996849 4.7396233 0.99359685 0.43330952 0.054895642 4 0 0 0 -0.011145213 0 1 1 77803.8 4 1.0377156 1.0377156 1.0377156 1.0377156
"I.47.23.csv"	14	1.7564577e-06
2 1 1.0377156 0.1032901 0.473592 1.996849 4.7396233 0.99359685 0.43330952 0.054895642 4 0 0 0 -0.011145213 0 1 1 77803.8 4 1.0377156 1.0377156 1.0377156 1.0377156
"I.47.23.csv"	21	1.6409012e-06
2 1 1.0377156 0.1032901 0.473592 1.996849 4.7396233 0.99359685 0.43330952 0.054895642 4 0 0 0 -0.011145213 0 1 1 77803.8 4 1.0377156 1.0377156 1.0377156 1.0377156
"I.47.23.csv"	3	3.1133219e-06
2 1 1.0377156 0.1032901 0.473592 1.996849 4.7396233 0.99359685 0.43330952 0.054895642 4 0 0 0 -0.011145213 0 1 1 77803.8 4 1.0377156 1.0377156 1.0377156 1.0377156
"I.47.23.csv"	12	-9.4904212e-06
2 1 1.0377156 0.1032901 0.473592 1.996849 4.7396233 0.99359685 0.43330952 0.054895642 4 0 0 0 -0.011145213 0 1 1 77803.8 4 1.0377156 1.0377156 1.0377156 1.0377156
"I.47.23.csv"	4	3.1133219e-06
2 1 1.0377156 0.1032901 0.473592 1.996849 4.7396233 0.99359685 0.43330952 0.054895642 4 0 0 0 -0.011145213 0 1 1 77803.8 4 1.0377156 1.0377156 1.0377156 1.0377156
"I.47.23.csv"	2	5.6018107e-07
2 1 1.0377156 0.1032901 0.473592 1.996849 4.7396233 0.99359685 0.43330952 0.054895642 4 0 0 0 -0.011145213 0 1 1 77803.8 4 1.0377156 1.0377156 1.0377156 1.0377156
"I.47.23.csv"	14	1.7987755e-06
2 1 1.0377156 0.1032901 0.473592 1.996849 4.7396233 0.99359685 0.43330952 0.054895642 4 0 0 0 -0.011145213 0 1 1 77803.8 4 1.0377156 1.0377156 1.0377156 1.0377156
"I.47.23.csv"	21	9.9071788e-07
2 1 1.0377156 0.1032901 0.473592 1.996849 4.7396233 0.99359685 0.43330952 0.054895642 4 0 0 0 -0.011145213 0 1 1 77803.8 4 1.0377156 1.0377156 1.0377156 1.0377156
"I.47.23.csv"	3	3.1133219e-06
2 1 1.0377156 0.1032901 0.473592 1.996849 4.7396233 0.99359685 0.43330952 0.054895642 4 0 0 0 -0.011145213 0 1 1 77803.8 4 1.0377156 1.0377156 1.0377156 1.0377156
"II.11.27.csv"	4	-1.2180829
3 1 6.0694003 21.46907 0.367316 20 4.2371424 0.98557362 10.37399 3.2998714 6 0 0 0 0.089137886 0 1 1 267236.37 4 6.0694003 6.0694003 6.0694003 6.0694003
"II.11.27.csv"	21	-1.2180829
3 1 6.0694003 21.46907 0.367316 20 4.2371424 0.98557362 10.37399 3.2998714 6 0 0 0 0.089137886 0 1 1 267236.37 4 6.0694003 6.0694003 6.0694003 6.0694003
"II.11.27.csv"	3	-1.2180829
3 1 6.0694003 21.46907 0.367316 20 4.2371424 0.98557362 10.37399 3.2998714 6 0 0 0 0.089137886 0 1 1 267236.37 4 6.0694003 6.0694003 6.0694003 6.0694003
"II.11.27.csv"	1	-1.2180829
3 1 6.0694003 21.46907 0.367316 20 4.2371424 0.98557362 10.37399 3.2998714 6 0 0 0 0.089137886 0 1 1 267236.37 4 6.0694003 6.0694003 6.0694003 6.0694003
"II.11.27.csv"	12	-1.2180829
3 1 6.0694003 21.46907 0.367316 20 4.2371424 0.98557362 10.37399 3.2998714 6 0 0 0 0.089137886 0 1 1 267236.37 4 6.0694003 6.0694003 6.0694003 6.0694003
"II.11.27.csv"	2	-1.2180829
3 1 6.0694003 21.46907 0.367316 20 4.2371424 0.98557362 10.37399 3.2998714 6 0 0 0 0.089137886 0 1 1 267236.37 4 6.0694003 6.0694003 6.0694003 6.0694003
"II.11.27.csv"	17	0.020567683
3 1 6.0694003 21.46907 0.367316 20 4.2371424 0.98557362 10.37399 3.2998714 6 0 0 0 0.089137886 0 1 1 267236.37 4 6.0694003 6.0694003 6.0694003 6.0694003
"II.11.27.csv"	19	-1.2180829
3 1 6.0694003 21.46907 0.367316 20 4.2371424 0.98557362 10.37399 3.2998714 6 0 0 0 0.089137886 0 1 1 267236.37 4 6.0694003 6.0694003 6.0694003 6.0694003
"II.11.27.csv"	19	-1.2180829
3 1 6.0694003 21.46907 0.367316 20 4.2371424 0.98557362 10.37399 3.2998714 6 0 0 0 0.089137886 0 1 1 267236.37 4 6.0694003 6.0694003 6.0694003 6.0694003
"II.11.27.csv"	12	-0.028113846
3 1 6.0694003 21.46907 0.367316 20 4.2371424 0.98557362 10.37399 3.2998714 6 0 0 0 0.089137886 0 1 1 267236.37 4 6.0694003 6.0694003 6.0694003 6.0694003
"II.11.27.csv"	14	-0.011664652
3 1 6.0694003 21.46907 0.367316 20 4.2371424 0.98557362 10.37399 3.2998714 6 0 0 0 0.089137886 0 1 1 267236.37 4 6.0694003 6.0694003 6.0694003 6.0694003
"II.11.27.csv"	21	-0.011664652
3 1 6.0694003 21.46907 0.367316 20 4.2371424 0.98557362 10.37399 3.2998714 6 0 0 0 0.089137886 0 1 1 267236.37 4 6.0694003 6.0694003 6.0694003 6.0694003
"II.11.27.csv"	3	-0.011664652
3 1 6.0694003 21.46907 0.367316 20 4.2371424 0.98557362 10.37399 3.2998714 6 0 0 0 0.089137886 0 1 1 267236.37 4 6.0694003 6.0694003 6.0694003 6.0694003
"II.11.27.csv"	12	-0.011664652
3 1 6.0694003 21.46907 0.367316 20 4.2371424 0.98557362 10.37399 3.2998714 6 0 0 0 0.089137886 0 1 1 267236.37 4 6.0694003 6.0694003 6.0694003 6.0694003
"II.11.27.csv"	4	-0.011664652
3 1 6.0694003 21.46907 0.367316 20 4.2371424 0.98557362 10.37399 3.2998714 6 0 0 0 0.089137886 0 1 1 267236.37 4 6.0694003 6.0694003 6.0694003 6.0694003
"II.11.27.csv"	2	-0.011664652
3 1 6.0694003 21.46907 0.367316 20 4.2371424 0.98557362 10.37399 3.2998714 6 0 0 0 0.089137886 0 1 1 267236.37 4 6.0694003 6.0694003 6.0694003 6.0694003
"II.11.27.csv"	21	-0.03734271
3 1 6.0694003 21.46907 0.367316 20 4.2371424 0.98557362 10.37399 3.2998714 6 0 0 0 0.089137886 0 1 1 267236.37 4 6.0694003 6.0694003 6.0694003 6.0694003
"II.11.27.csv"	3	0.0073454031
3 1 6.0694003 21.46907 0.367316 20 4.2371424 0.98557362 10.37399 3.2998714 6 0 0 0 0.089137886 0 1 1 267236.37 4 6.0694003 6.0694003 6.0694003 6.0694003
"II.11.27.csv"	1	0.0054651936
3 1 6.0694003 21.46907 0.367316 20 4.2371424 0.98557362 10.37399 3.2998714 6 0 0 0 0.089137886 0 1 1 267236.37 4 6.0694003 6.0694003 6.0694003 6.0694003
"II.11.27.csv"	12	-0.03734271
3 1 6.0694003 21.46907 0.367316 20 4.2371424 0.98557362 10.37399 3.2998714 6 0 0 0 0.089137886 0 1 1 267236.37 4 6.0694003 6.0694003 6.0694003 6.0694003
"II.11.27.csv"	21	-0.0141199
3 1 6.0694003 21.46907 0.367316 20 4.2371424 0.98557362 10.37399 3.2998714 6 0 0 0 0.089137886 0 1 1 267236.37 4 6.0694003 6.0694003 6.0694003 6.0694003
"II.11.27.csv"	3	-0.0141199
3 1 6.0694003 21.46907 0.367316 20 4.2371424 0.98557362 10.37399 3.2998714 6 0 0 0 0.089137886 0 1 1 267236.37 4 6.0694003 6.0694003 6.0694003 6.0694003
"II.11.27.csv"	1	-0.0141199
3 1 6.0694003 21.46907 0.367316 20 4.2371424 0.98557362 10.37399 3.2998714 6 0 0 0 0.089137886 0 1 1 267236.37 4 6.0694003 6.0694003 6.0694003 6.0694003
"II.11.27.csv"	12	-0.0141199
3 1 6.0694003 21.46907 0.367316 20 4.2371424 0.98557362 10.37399 3.2998714 6 0 0 0 0.089137886 0 1 1 267236.37 4 6.0694003 6.0694003 6.0694003 6.0694003
"II.11.27.csv"	4	-0.0141199
3 1 6.0694003 21.46907 0.367316 20 4.2371424 0.98557362 10.37399 3.2998714 6 0 0 0 0.089137886 0 1 1 267236.37 4 6.0694003 6.0694003 6.0694003 6.0694003
"II.11.27.csv"	2	-0.0141199
3 1 6.0694003 21.46907 0.367316 20 4.2371424 0.98557362 10.37399 3.2998714 6 0 0 0 0.089137886 0 1 1 267236.37 4 6.0694003 6.0694003 6.0694003 6.0694003
"II.11.27.csv"	21	-0.013046265
3 1 6.0694003 21.46907 0.367316 20 4.2371424 0.98557362 10.37399 3.2998714 6 0 0 0 0.089137886 0 1 1 267236.37 4 6.0694003 6.0694003 6.0694003 6.0694003
"II.11.27.csv"	3	-0.013046265
3 1 6.0694003 21.46907 0.367316 20 4.2371424 0.98557362 10.37399 3.2998714 6 0 0 0 0.089137886 0 1 1 267236.37 4 6.0694003 6.0694003 6.0694003 6.0694003
"II.11.27.csv"	12	-0.013046265
3 1 6.0694003 21.46907 0.367316 20 4.2371424 0.98557362 10.37399 3.2998714 6 0 0 0 0.089137886 0 1 1 267236.37 4 6.0694003 6.0694003 6.0694003 6.0694003
"II.11.27.csv"	4	-0.013046265
3 1 6.0694003 21.46907 0.367316 20 4.2371424 0.98557362 10.37399 3.2998714 6 0 0 0 0.089137886 0 1 1 267236.37 4 6.0694003 6.0694003 6.0694003 6.0694003
"II.11.27.csv"	2	-0.013046265
3 1 6.0694003 21.46907 0.367316 20 4.2371424 0.98557362 10.37399 3.2998714 6 0 0 0 0.089137886 0 1 1 267236.37 4 6.0694003 6.0694003 6.0694003 6.0694003
"II.11.27.csv"	21	-0.012436598
3 1 6.0694003 21.46907 0.367316 20 4.2371424 0.98557362 10.37399 3.2998714 6 0 0 0 0.089137886 0 1 1 267236.37 4 6.0694003 6.0694003 6.0694003 6.0694003
"II.11.27.csv"	3	-0.012436598
3 1 6.0694003 21.46907 0.367316 20 4.2371424 0.98557362 10.37399 3.2998714 6 0 0 0 0.089137886 0 1 1 267236.37 4 6.0694003 6.0694003 6.0694003 6.0694003
"II.11.27.csv"	12	-0.012436598
3 1 6.0694003 21.46907 0.367316 20 4.2371424 0.98557362 10.37399 3.2998714 6 0 0 0 0.089137886 0 1 1 267236.37 4 6.0694003 6.0694003 6.0694003 6.0694003
"II.11.27.csv"	4	-0.012436598
3 1 6.0694003 21.46907 0.367316 20 4.2371424 0.98557362 10.37399 3.2998714 6 0 0 0 0.089137886 0 1 1 267236.37 4 6.0694003 6.0694003 6.0694003 6.0694003
"II.11.27.csv"	2	-0.012436598
3 1 6.0694003 21.46907 0.367316 20 4.2371424 0.98557362 10.37399 3.2998714 6 0 0 0 0.089137886 0 1 1 267236.37 4 6.0694003 6.0694003 6.0694003 6.0694003
"II.11.27.csv"	21	-0.011885846
3 1 6.0694003 21.46907 0.367316 20 4.2371424 0.98557362 10.37399 3.2998714 6 0 0 0 0.089137886 0 1 1 267236.37 4 6.0694003 6.0694003 6.0694003 6.0694003
"II.11.27.csv"	3	-0.011885846
3 1 6.0694003 21.46907 0.367316 20 4.2371424 0.98557362 10.37399 3.2998714 6 0 0 0 0.089137886 0 1 1 267236.37 4 6.0694003 6.0694003 6.0694003 6.0694003
"II.11.27.csv"	14	-0.011680074
3 1 6.0694003 21.46907 0.367316 20 4.2371424 0.98557362 10.37399 3.2998714 6 0 0 0 0.089137886 0 1 1 267236.37 4 6.0694003 6.0694003 6.0694003 6.0694003
"II.11.27.csv"	21	-0.011680074
3 1 6.0694003 21.46907 0.367316 20 4.2371424 0.98557362 10.37399 3.2998714 6 0 0 0 0.089137886 0 1 1 267236.37 4 6.0694003 6.0694003 6.0694003 6.0694003
"II.11.27.csv"	3	-0.011680074
3 1 6.0694003 21.46907 0.367316 20 4.2371424 0.98557362 10.37399 3.2998714 6 0 0 0 0.089137886 0 1 1 267236.37 4 6.0694003 6.0694003 6.0694003 6.0694003
"II.11.27.csv"	1	-0.011680074
3 1 6.0694003 21.46907 0.367316 20 4.2371424 0.98557362 10.37399 3.2998714 6 0 0 0 0.089137886 0 1 1 267236.37 4 6.0694003 6.0694003 6.0694003 6.0694003
"II.11.27.csv"	12	-0.011680074
3 1 6.0694003 21.46907 0.367316 20 4.2371424 0.98557362 10.37399 3.2998714 6 0 0 0 0.089137886 0 1 1 267236.37 4 6.0694003 6.0694003 6.0694003 6.0694003
"II.11.27.csv"	4	-0.011680074
3 1 6.0694003 21.46907 0.367316 20 4.2371424 0.98557362 10.37399 3.2998714 6 0 0 0 0.089137886 0 1 1 267236.37 4 6.0694003 6.0694003 6.0694003 6.0694003
"II.11.27.csv"	2	0.0035270828
3 1 6.0694003 21.46907 0.367316 20 4.2371424 0.98557362 10.37399 3.2998714 6 0 0 0 0.089137886 0 1 1 267236.37 4 6.0694003 6.0694003 6.0694003 6.0694003
"II.11.27.csv"	14	-0.011791309
3 1 6.0694003 21.46907 0.367316 20 4.2371424 0.98557362 10.37399 3.2998714 6 0 0 0 0.089137886 0 1 1 267236.37 4 6.0694003 6.0694003 6.0694003 6.0694003
"II.11.27.csv"	21	-0.011791309
3 1 6.0694003 21.46907 0.367316 20 4.2371424 0.98557362 10.37399 3.2998714 6 0 0 0 0.089137886 0 1 1 267236.37 4 6.0694003 6.0694003 6.0694003 6.0694003
"II.11.27.csv"	3	-0.011791309
3 1 6.0694003 21.46907 0.367316 20 4.2371424 0.98557362 10.37399 3.2998714 6 0 0 0 0.089137886 0 1 1 267236.37 4 6.0694003 6.0694003 6.0694003 6.0694003
"II.11.27.csv"	1	-0.011791309
3 1 6.0694003 21.46907 0.367316 20 4.2371424 0.98557362 10.37399 3.2998714 6 0 0 0 0.089137886 0 1 1 267236.37 4 6.0694003 6.0694003 6.0694003 6.0694003
"II.11.27.csv"	12	-0.011791309
3 1 6.0694003 21.46907 0.367316 20 4.2371424 0.98557362 10.37399 3.2998714 6 0 0 0 0.089137886 0 1 1 267236.37 4 6.0694003 6.0694003 6.0694003 6.0694003
"II.11.27.csv"	4	-0.011791309
3 1 6.0694003 21.46907 0.367316 20 4.2371424 0.98557362 10.37399 3.2998714 6 0 0 0 0.089137886 0 1 1 267236.37 4 6.0694003 6.0694003 6.0694003 6.0694003
"II.11.27.csv"	2	-0.011791309
3 1 6.0694003 21.46907 0.367316 20 4.2371424 0.98557362 10.37399 3.2998714 6 0 0 0 0.089137886 0 1 1 267236.37 4 6.0694003 6.0694003 6.0694003 6.0694003
"II.11.27.csv"	14	-0.011935265
3 1 6.0694003 21.46907 0.367316 20 4.2371424 0.98557362 10.37399 3.2998714 6 0 0 0 0.089137886 0 1 1 267236.37 4 6.0694003 6.0694003 6.0694003 6.0694003
"II.11.27.csv"	21	-0.011935265
3 1 6.0694003 21.46907 0.367316 20 4.2371424 0.98557362 10.37399 3.2998714 6 0 0 0 0.089137886 0 1 1 267236.37 4 6.0694003 6.0694003 6.0694003 6.0694003
"II.11.27.csv"	3	-0.011935265
3 1 6.0694003 21.46907 0.367316 20 4.2371424 0.98557362 10.37399 3.2998714 6 0 0 0 0.089137886 0 1 1 267236.37 4 6.0694003 6.0694003 6.0694003 6.0694003
"II.11.27.csv"	1	-0.011935265
3 1 6.0694003 21.46907 0.367316 20 4.2371424 0.98557362 10.37399 3.2998714 6 0 0 0 0.089137886 0 1 1 267236.37 4 6.0694003 6.0694003 6.0694003 6.0694003
"II.11.27.csv"	12	-0.011935265
3 1 6.0694003 21.46907 0.367316 20 4.2371424 0.98557362 10.37399 3.2998714 6 0 0 0 0.089137886 0 1 1 267236.37 4 6.0694003 6.0694003 6.0694003 6.0694003
"II.11.27.csv"	4	-0.011935265
3 1 6.0694003 21.46907 0.367316 20 4.2371424 0.98557362 10.37399 3.2998714 6 0 0 0 0.089137886 0 1 1 267236.37 4 6.0694003 6.0694003 6.0694003 6.0694003
"II.11.27.csv"	2	-0.011935265
3 1 6.0694003 21.46907 0.367316 20 4.2371424 0.98557362 10.37399 3.2998714 6 0 0 0 0.089137886 0 1 1 267236.37 4 6.0694003 6.0694003 6.0694003 6.0694003
"II.11.27.csv"	14	-0.01206825
3 1 6.0694003 21.46907 0.367316 20 4.2371424 0.98557362 10.37399 3.2998714 6 0 0 0 0.089137886 0 1 1 267236.37 4 6.0694003 6.0694003 6.0694003 6.0694003
"II.11.27.csv"	21	-0.01206825
3 1 6.0694003 21.46907 0.367316 20 4.2371424 0.98557362 10.37399 3.2998714 6 0 0 0 0.089137886 0 1 1 267236.37 4 6.0694003 6.0694003 6.0694003 6.0694003
"II.11.27.csv"	3	-0.01206825
3 1 6.0694003 21.46907 0.367316 20 4.2371424 0.98557362 10.37399 3.2998714 6 0 0 0 0.089137886 0 1 1 267236.37 4 6.0694003 6.0694003 6.0694003 6.0694003
"II.11.27.csv"	1	-0.01206825
3 1 6.0694003 21.46907 0.367316 20 4.2371424 0.98557362 10.37399 3.2998714 6 0 0 0 0.089137886 0 1 1 267236.37 4 6.0694003 6.0694003 6.0694003 6.0694003
"II.11.27.csv"	12	-0.01206825
3 1 6.0694003 21.46907 0.367316 20 4.2371424 0.98557362 10.37399 3.2998714 6 0 0 0 0.089137886 0 1 1 267236.37 4 6.0694003 6.0694003 6.0694003 6.0694003
"II.11.27.csv"	4	-0.01206825
3 1 6.0694003 21.46907 0.367316 20 4.2371424 0.98557362 10.37399 3.2998714 6 0 0 0 0.089137886 0 1 1 267236.37 4 6.0694003 6.0694003 6.0694003 6.0694003
"II.11.27.csv"	2	-0.01206825
3 1 6.0694003 21.46907 0.367316 20 4.2371424 0.98557362 10.37399 3.2998714 6 0 0 0 0.089137886 0 1 1 267236.37 4 6.0694003 6.0694003 6.0694003 6.0694003
"II.11.27.csv"	14	-0.01220621
3 1 6.0694003 21.46907 0.367316 20 4.2371424 0.98557362 10.37399 3.2998714 6 0 0 0 0.089137886 0 1 1 267236.37 4 6.0694003 6.0694003 6.0694003 6.0694003
"II.11.27.csv"	21	-0.01220621
3 1 6.0694003 21.46907 0.367316 20 4.2371424 0.98557362 10.37399 3.2998714 6 0 0 0 0.089137886 0 1 1 267236.37 4 6.0694003 6.0694003 6.0694003 6.0694003
"II.11.27.csv"	3	-0.01220621
3 1 6.0694003 21.46907 0.367316 20 4.2371424 0.98557362 10.37399 3.2998714 6 0 0 0 0.089137886 0 1 1 267236.37 4 6.0694003 6.0694003 6.0694003 6.0694003
"II.11.27.csv"	1	-0.01220621
3 1 6.0694003 21.46907 0.367316 20 4.2371424 0.98557362 10.37399 3.2998714 6 0 0 0 0.089137886 0 1 1 267236.37 4 6.0694003 6.0694003 6.0694003 6.0694003
"II.11.27.csv"	12	-0.01220621
3 1 6.0694003 21.46907 0.367316 20 4.2371424 0.98557362 10.37399 3.2998714 6 0 0 0 0.089137886 0 1 1 267236.37 4 6.0694003 6.0694003 6.0694003 6.0694003
"II.11.27.csv"	4	-0.01220621
3 1 6.0694003 21.46907 0.367316 20 4.2371424 0.98557362 10.37399 3.2998714 6 0 0 0 0.089137886 0 1 1 267236.37 4 6.0694003 6.0694003 6.0694003 6.0694003
"II.11.27.csv"	2	-0.01220621
3 1 6.0694003 21.46907 0.367316 20 4.2371424 0.98557362 10.37399 3.2998714 6 0 0 0 0.089137886 0 1 1 267236.37 4 6.0694003 6.0694003 6.0694003 6.0694003
"II.34.29a.csv"	1	-2.2148346
2 1 11.599728 49.808987 0.766227 20 2.7252769 0.94079753 9.2287241 0.74858856 4 0 0 0 -0.017280152 1 1 1 102050.7 4 11.599728 11.599728 11.599728 11.599728
"II.34.29a.csv"	12	-2.2148346
2 1 11.599728 49.808987 0.766227 20 2.7252769 0.94079753 9.2287241 0.74858856 4 0 0 0 -0.017280152 1 1 1 102050.7 4 11.599728 11.599728 11.599728 11.599728
"II.34.29a.csv"	14	0.0044405456
2 1 11.599728 49.808987 0.766227 20 2.7252769 0.94079753 9.2287241 0.74858856 4 0 0 0 -0.017280152 1 1 1 102050.7 4 11.599728 11.599728 11.599728 11.599728
"II.34.29a.csv"	4	-0.013922491
2 1 11.599728 49.808987 0.766227 20 2.7252769 0.94079753 9.2287241 0.74858856 4 0 0 0 -0.017280152 1 1 1 102050.7 4 11.599728 11.599728 11.599728 11.599728
"II.34.29a.csv"	17	-0.013922491
2 1 11.599728 49.808987 0.766227 20 2.7252769 0.94079753 9.2287241 0.74858856 4 0 0 0 -0.017280152 1 1 1 102050.7 4 11.599728 11.599728 11.599728 11.599728
"II.34.29a.csv"	17	-0.013922491
2 1 11.599728 49.808987 0.766227 20 2.7252769 0.94079753 9.2287241 0.74858856 4 0 0 0 -0.017280152 1 1 1 102050.7 4 11.599728 11.599728 11.599728 11.599728
"II.34.29a.csv"	21	-0.013922491
2 1 11.599728 49.808987 0.766227 20 2.7252769 0.94079753 9.2287241 0.74858856 4 0 0 0 -0.017280152 1 1 1 102050.7 4 11.599728 11.599728 11.599728 11.599728
"II.34.29a.csv"	3	-0.013922491
2 1 11.599728 49.808987 0.766227 20 2.7252769 0.94079753 9.2287241 0.74858856 4 0 0 0 -0.017280152 1 1 1 102050.7 4 11.599728 11.599728 11.599728 11.599728
"II.34.29a.csv"	1	-0.013922491
2 1 11.599728 49.808987 0.766227 20 2.7252769 0.94079753 9.2287241 0.74858856 4 0 0 0 -0.017280152 1 1 1 102050.7 4 11.599728 11.599728 11.599728 11.599728
"II.34.29a.csv"	12	-0.013922491
2 1 11.599728 49.808987 0.766227 20 2.7252769 0.94079753 9.2287241 0.74858856 4 0 0 0 -0.017280152 1 1 1 102050.7 4 11.599728 11.599728 11.599728 11.599728
"II.34.29a.csv"	2	-0.013922491
2 1 11.599728 49.808987 0.766227 20 2.7252769 0.94079753 9.2287241 0.74858856 4 0 0 0 -0.017280152 1 1 1 102050.7 4 11.599728 11.599728 11.599728 11.599728
"II.34.29a.csv"	14	0.0061351162
2 1 11.599728 49.808987 0.766227 20 2.7252769 0.94079753 9.2287241 0.74858856 4 0 0 0 -0.017280152 1 1 1 102050.7 4 11.599728 11.599728 11.599728 11.599728
"II.34.29a.csv"	4	-0.013922491
2 1 11.599728 49.808987 0.766227 20 2.7252769 0.94079753 9.2287241 0.74858856 4 0 0 0 -0.017280152 1 1 1 102050.7 4 11.599728 11.599728 11.599728 11.599728
"II.34.29a.csv"	17	-0.013922491
2 1 11.599728 49.808987 0.766227 20 2.7252769 0.94079753 9.2287241 0.74858856 4 0 0 0 -0.017280152 1 1 1 102050.7 4 11.599728 11.599728 11.599728 11.599728
"II.34.29a.csv"	17	-0.013922491
2 1 11.599728 49.808987 0.766227 20 2.7252769 0.94079753 9.2287241 0.74858856 4 0 0 0 -0.017280152 1 1 1 102050.7 4 11.599728 11.599728 11.599728 11.599728
"II.34.29a.csv"	21	-0.013922491
2 1 11.599728 49.808987 0.766227 20 2.7252769 0.94079753 9.2287241 0.74858856 4 0 0 0 -0.017280152 1 1 1 102050.7 4 11.599728 11.599728 11.599728 11.599728
"II.34.29a.csv"	3	-0.013922491
2 1 11.599728 49.808987 0.766227 20 2.7252769 0.94079753 9.2287241 0.74858856 4 0 0 0 -0.017280152 1 1 1 102050.7 4 11.599728 11.599728 11.599728 11.599728
"II.34.29a.csv"	12	-0.062425605
2 1 11.599728 49.808987 0.766227 20 2.7252769 0.94079753 9.2287241 0.74858856 4 0 0 0 -0.017280152 1 1 1 102050.7 4 11.599728 11.599728 11.599728 11.599728
"II.34.29a.csv"	14	0.0012091015
2 1 11.599728 49.808987 0.766227 20 2.7252769 0.94079753 9.2287241 0.74858856 4 0 0 0 -0.017280152 1 1 1 102050.7 4 11.599728 11.599728 11.599728 11.599728
"II.34.29a.csv"	4	-0.019188683
2 1 11.599728 49.808987 0.766227 20 2.7252769 0.94079753 9.2287241 0.74858856 4 0 0 0 -0.017280152 1 1 1 102050.7 4 11.599728 11.599728 11.599728 11.599728
"II.34.29a.csv"	17	-0.019188683
2 1 11.599728 49.808987 0.766227 20 2.7252769 0.94079753 9.2287241 0.74858856 4 0 0 0 -0.017280152 1 1 1 102050.7 4 11.599728 11.599728 11.599728 11.599728
"II.34.29a.csv"	17	-0.019188683
2 1 11.599728 49.808987 0.766227 20 2.7252769 0.94079753 9.2287241 0.74858856 4 0 0 0 -0.017280152 1 1 1 102050.7 4 11.599728 11.599728 11.599728 11.599728
"II.34.29a.csv"	21	-0.019188683
2 1 11.599728 49.808987 0.766227 20 2.7252769 0.94079753 9.2287241 0.74858856 4 0 0 0 -0.017280152 1 1 1 102050.7 4 11.599728 11.599728 11.599728 11.599728
"II.34.29a.csv"	3	-0.019188683
2 1 11.599728 49.808987 0.766227 20 2.7252769 0.94079753 9.2287241 0.74858856 4 0 0 0 -0.017280152 1 1 1 102050.7 4 11.599728 11.599728 11.599728 11.599728
"II.34.29a.csv"	12	-0.019188683
2 1 11.599728 49.808987 0.766227 20 2.7252769 0.94079753 9.2287241 0.74858856 4 0 0 0 -0.017280152 1 1 1 102050.7 4 11.599728 11.599728 11.599728 11.599728
"III.4.33.csv"	4	0.019640376
2 1 2.2038362 3.4269202 0.116787 11.150625 5.960389 0.96892943 1.410384 0.46659699 5 0 0 0 0.14671397 0 1 1 600201.89 4 2.2038362 2.2038362 2.2038362 2.2038362
"III.4.33.csv"	1	-0.095880119
2 1 2.2038362 3.4269202 0.116787 11.150625 5.960389 0.96892943 1.410384 0.46659699 5 0 0 0 0.14671397 0 1 1 600201.89 4 2.2038362 2.2038362 2.2038362 2.2038362
"III.4.33.csv"	12	-0.095880119
2 1 2.2038362 3.4269202 0.116787 11.150625 5.960389 0.96892943 1.410384 0.46659699 5 0 0 0 0.14671397 0 1 1 600201.89 4 2.2038362 2.2038362 2.2038362 2.2038362
"III.4.33.csv"	4	-0.00022716074
2 1 2.2038362 3.4269202 0.116787 11.150625 5.960389 0.96892943 1.410384 0.46659699 5 0 0 0 0.14671397 0 1 1 600201.89 4 2.2038362 2.2038362 2.2038362 2.2038362
"III.4.33.csv"	21	-0.00022716074
2 1 2.2038362 3.4269202 0.116787 11.150625 5.960389 0.96892943 1.410384 0.46659699 5 0 0 0 0.14671397 0 1 1 600201.89 4 2.2038362 2.2038362 2.2038362 2.2038362
"III.4.33.csv"	3	-0.00022716074
2 1 2.2038362 3.4269202 0.116787 11.150625 5.960389 0.96892943 1.410384 0.46659699 5 0 0 0 0.14671397 0 1 1 600201.89 4 2.2038362 2.2038362 2.2038362 2.2038362
"III.4.33.csv"	1	-0.00022716074
2 1 2.2038362 3.4269202 0.116787 11.150625 5.960389 0.96892943 1.410384 0.46659699 5 0 0 0 0.14671397 0 1 1 600201.89 4 2.2038362 2.2038362 2.2038362 2.2038362
"III.4.33.csv"	12	-0.00022716074
2 1 2.2038362 3.4269202 0.116787 11.150625 5.960389 0.96892943 1.410384 0.46659699 5 0 0 0 0.14671397 0 1 1 600201.89 4 2.2038362 2.2038362 2.2038362 2.2038362
"III.4.33.csv"	2	-0.00022716074
2 1 2.2038362 3.4269202 0.116787 11.150625 5.960389 0.96892943 1.410384 0.46659699 5 0 0 0 0.14671397 0 1 1 600201.89 4 2.2038362 2.2038362 2.2038362 2.2038362
"III.4.33.csv"	17	-0.00022716074
2 1 2.2038362 3.4269202 0.116787 11.150625 5.960389 0.96892943 1.410384 0.46659699 5 0 0 0 0.14671397 0 1 1 600201.89 4 2.2038362 2.2038362 2.2038362 2.2038362
"III.4.33.csv"	17	-0.00022716074
2 1 2.2038362 3.4269202 0.116787 11.150625 5.960389 0.96892943 1.410384 0.46659699 5 0 0 0 0.14671397 0 1 1 600201.89 4 2.2038362 2.2038362 2.2038362 2.2038362
"III.10.19.csv"	1	-0.027026385
2 1 4.397683 1.4195807 1.537582 6.931923 4.5274989 0.99956749 0.70738196 0.11253384 5 0 0 0 -0.037502068 0 1 1 37089.393 4 4.397683 4.397683 4.397683 4.397683
"III.10.19.csv"	12	-0.027026385
2 1 4.397683 1.4195807 1.537582 6.931923 4.5274989 0.99956749 0.70738196 0.11253384 5 0 0 0 -0.037502068 0 1 1 37089.393 4 4.397683 4.397683 4.397683 4.397683
"III.10.19.csv"	2	0.0039533291
2 1 4.397683 1.4195807 1.537582 6.931923 4.5274989 0.99956749 0.70738196 0.11253384 5 0 0 0 -0.037502068 0 1 1 37089.393 4 4.397683 4.397683 4.397683 4.397683
"III.10.19.csv"	4	9.5337032e-05
2 1 4.397683 1.4195807 1.537582 6.931923 4.5274989 0.99956749 0.70738196 0.11253384 5 0 0 0 -0.037502068 0 1 1 37089.393 4 4.397683 4.397683 4.397683 4.397683
"III.10.19.csv"	17	8.9843072e-05
2 1 4.397683 1.4195807 1.537582 6.931923 4.5274989 0.99956749 0.70738196 0.11253384 5 0 0 0 -0.037502068 0 1 1 37089.393 4 4.397683 4.397683 4.397683 4.397683
"III.10.19.csv"	17	7.9842153e-05
2 1 4.397683 1.4195807 1.537582 6.931923 4.5274989 0.99956749 0.70738196 0.11253384 5 0 0 0 -0.037502068 0 1 1 37089.393 4 4.397683 4.397683 4.397683 4.397683
"III.10.19.csv"	21	9.3544079e-05
2 1 4.397683 1.4195807 1.537582 6.931923 4.5274989 0.99956749 0.70738196 0.11253384 5 0 0 0 -0.037502068 0 1 1 37089.393 4 4.397683 4.397683 4.397683 4.397683
"III.10.19.csv"	2	9.6242713e-05
2 1 4.397683 1.4195807 1.537582 6.931923 4.5274989 0.99956749 0.70738196 0.11253384 5 0 0 0 -0.037502068 0 1 1 37089.393 4 4.397683 4.397683 4.397683 4.397683
"III.10.19.csv"	12	-0.00016216913
2 1 4.397683 1.4195807 1.537582 6.931923 4.5274989 0.99956749 0.70738196 0.11253384 5 0 0 0 -0.037502068 0 1 1 37089.393 4 4.397683 4.397683 4.397683 4.397683
"III.10.19.csv"	3	3.488718e-06
2 1 4.397683 1.4195807 1.537582 6.931923 4.5274989 0.99956749 0.70738196 0.11253384 5 0 0 0 -0.037502068 0 1 1 37089.393 4 4.397683 4.397683 4.397683 4.397683
"I.48.20.csv"	1	-0.21096511
3 1 6.9094245 8.0469874 2.175587 15.345413 4.6426226 0.99986543 0.7334515 1.0465612 7 1 0 1 0.14319419 0 1 1 219766.6 4 6.9094245 6.9094245 6.9094245 6.9094245
"I.48.20.csv"	12	-0.21096511
3 1 6.9094245 8.0469874 2.175587 15.345413 4.6426226 0.99986543 0.7334515 1.0465612 7 1 0 1 0.14319419 0 1 1 219766.6 4 6.9094245 6.9094245 6.9094245 6.9094245
"I.48.20.csv"	19	0.00947925
3 1 6.9094245 8.0469874 2.175587 15.345413 4.6426226 0.99986543 0.7334515 1.0465612 7 1 0 1 0.14319419 0 1 1 219766.6 4 6.9094245 6.9094245 6.9094245 6.9094245
"I.48.20.csv"	14	-0.0015449889
3 1 6.9094245 8.0469874 2.175587 15.345413 4.6426226 0.99986543 0.7334515 1.0465612 7 1 0 1 0.14319419 0 1 1 219766.6 4 6.9094245 6.9094245 6.9094245 6.9094245
"I.48.20.csv"	4	-0.0015449889
3 1 6.9094245 8.0469874 2.175587 15.345413 4.6426226 0.99986543 0.7334515 1.0465612 7 1 0 1 0.14319419 0 1 1 219766.6 4 6.9094245 6.9094245 6.9094245 6.9094245
"I.48.20.csv"	21	-0.0015449889
3 1 6.9094245 8.0469874 2.175587 15.345413 4.6426226 0.99986543 0.7334515 1.0465612 7 1 0 1 0.14319419 0 1 1 219766.6 4 6.9094245 6.9094245 6.9094245 6.9094245
"I.48.20.csv"	3	-0.0015449889
3 1 6.9094245 8.0469874 2.175587 15.345413 4.6426226 0.99986543 0.7334515 1.0465612 7 1 0 1 0.14319419 0 1 1 219766.6 4 6.9094245 6.9094245 6.9094245 6.9094245
"I.48.20.csv"	1	-0.0015449889
3 1 6.9094245 8.0469874 2.175587 15.345413 4.6426226 0.99986543 0.7334515 1.0465612 7 1 0 1 0.14319419 0 1 1 219766.6 4 6.9094245 6.9094245 6.9094245 6.9094245
"I.48.20.csv"	12	-0.0015449889
3 1 6.9094245 8.0469874 2.175587 15.345413 4.6426226 0.99986543 0.7334515 1.0465612 7 1 0 1 0.14319419 0 1 1 219766.6 4 6.9094245 6.9094245 6.9094245 6.9094245
"I.48.20.csv"	2	-0.0015449889
3 1 6.9094245 8.0469874 2.175587 15.345413 4.6426226 0.99986543 0.7334515 1.0465612 7 1 0 1 0.14319419 0 1 1 219766.6 4 6.9094245 6.9094245 6.9094245 6.9094245
"I.48.20.csv"	14	0.00038313264
3 1 6.9094245 8.0469874 2.175587 15.345413 4.6426226 0.99986543 0.7334515 1.0465612 7 1 0 1 0.14319419 0 1 1 219766.6 4 6.9094245 6.9094245 6.9094245 6.9094245
"I.48.20.csv"	4	-0.0015800796
3 1 6.9094245 8.0469874 2.175587 15.345413 4.6426226 0.99986543 0.7334515 1.0465612 7 1 0 1 0.14319419 0 1 1 219766.6 4 6.9094245 6.9094245 6.9094245 6.9094245
"I.48.20.csv"	21	-0.0015800796
3 1 6.9094245 8.0469874 2.175587 15.345413 4.6426226 0.99986543 0.7334515 1.0465612 7 1 0 1 0.14319419 0 1 1 219766.6 4 6.9094245 6.9094245 6.9094245 6.9094245
"I.48.20.csv"	3	-0.0015800796
3 1 6.9094245 8.0469874 2.175587 15.345413 4.6426226 0.99986543 0.7334515 1.0465612 7 1 0 1 0.14319419 0 1 1 219766.6 4 6.9094245 6.9094245 6.9094245 6.9094245
"I.48.20.csv"	1	-0.0015800796
3 1 6.9094245 8.0469874 2.175587 15.345413 4.6426226 0.99986543 0.7334515 1.0465612 7 1 0 1 0.14319419 0 1 1 219766.6 4 6.9094245 6.9094245 6.9094245 6.9094245
"I.48.20.csv"	12	-0.0015800796
3 1 6.9094245 8.0469874 2.175587 15.345413 4.6426226 0.99986543 0.7334515 1.0465612 7 1 0 1 0.14319419 0 1 1 219766.6 4 6.9094245 6.9094245 6.9094245 6.9094245
"I.48.20.csv"	2	-0.0015800796
3 1 6.9094245 8.0469874 2.175587 15.345413 4.6426226 0.99986543 0.7334515 1.0465612 7 1 0 1 0.14319419 0 1 1 219766.6 4 6.9094245 6.9094245 6.9094245 6.9094245
"I.48.20.csv"	14	-0.0016037876
3 1 6.9094245 8.0469874 2.175587 15.345413 4.6426226 0.99986543 0.7334515 1.0465612 7 1 0 1 0.14319419 0 1 1 219766.6 4 6.9094245 6.9094245 6.9094245 6.9094245
"I.48.20.csv"	4	7.8457892e-05
3 1 6.9094245 8.0469874 2.175587 15.345413 4.6426226 0.99986543 0.7334515 1.0465612 7 1 0 1 0.14319419 0 1 1 219766.6 4 6.9094245 6.9094245 6.9094245 6.9094245
"I.48.20.csv"	21	-0.0016037876
3 1 6.9094245 8.0469874 2.175587 15.345413 4.6426226 0.99986543 0.7334515 1.0465612 7 1 0 1 0.14319419 0 1 1 219766.6 4 6.9094245 6.9094245 6.9094245 6.9094245
"I.48.20.csv"	3	-0.0016037876
3 1 6.9094245 8.0469874 2.175587 15.345413 4.6426226 0.99986543 0.7334515 1.0465612 7 1 0 1 0.14319419 0 1 1 219766.6 4 6.9094245 6.9094245 6.9094245 6.9094245
"I.48.20.csv"	1	-0.0016037876
3 1 6.9094245 8.0469874 2.175587 15.345413 4.6426226 0.99986543 0.7334515 1.0465612 7 1 0 1 0.14319419 0 1 1 219766.6 4 6.9094245 6.9094245 6.9094245 6.9094245
"I.48.20.csv"	12	-0.0016037876
3 1 6.9094245 8.0469874 2.175587 15.345413 4.6426226 0.99986543 0.7334515 1.0465612 7 1 0 1 0.14319419 0 1 1 219766.6 4 6.9094245 6.9094245 6.9094245 6.9094245
"I.48.20.csv"	2	0.00042915077
3 1 6.9094245 8.0469874 2.175587 15.345413 4.6426226 0.99986543 0.7334515 1.0465612 7 1 0 1 0.14319419 0 1 1 219766.6 4 6.9094245 6.9094245 6.9094245 6.9094245
"I.48.20.csv"	14	0.00017965044
3 1 6.9094245 8.0469874 2.175587 15.345413 4.6426226 0.99986543 0.7334515 1.0465612 7 1 0 1 0.14319419 0 1 1 219766.6 4 6.9094245 6.9094245 6.9094245 6.9094245
"I.48.20.csv"	4	0.00027770033
3 1 6.9094245 8.0469874 2.175587 15.345413 4.6426226 0.99986543 0.7334515 1.0465612 7 1 0 1 0.14319419 0 1 1 219766.6 4 6.9094245 6.9094245 6.9094245 6.9094245
"I.48.20.csv"	21	-0.0016632486
3 1 6.9094245 8.0469874 2.175587 15.345413 4.6426226 0.99986543 0.7334515 1.0465612 7 1 0 1 0.14319419 0 1 1 219766.6 4 6.9094245 6.9094245 6.9094245 6.9094245
"I.48.20.csv"	3	-0.0016632486
3 1 6.9094245 8.0469874 2.175587 15.345413 4.6426226 0.99986543 0.7334515 1.0465612 7 1 0 1 0.14319419 0 1 1 219766.6 4 6.9094245 6.9094245 6.9094245 6.9094245
"I.48.20.csv"	1	-0.0016632486
3 1 6.9094245 8.0469874 2.175587 15.345413 4.6426226 0.99986543 0.7334515 1.0465612 7 1 0 1 0.14319419 0 1 1 219766.6 4 6.9094245 6.9094245 6.9094245 6.9094245
"I.48.20.csv"	12	-0.0016632486
3 1 6.9094245 8.0469874 2.175587 15.345413 4.6426226 0.99986543 0.7334515 1.0465612 7 1 0 1 0.14319419 0 1 1 219766.6 4 6.9094245 6.9094245 6.9094245 6.9094245
"I.48.20.csv"	2	-0.0016632486
3 1 6.9094245 8.0469874 2.175587 15.345413 4.6426226 0.99986543 0.7334515 1.0465612 7 1 0 1 0.14319419 0 1 1 219766.6 4 6.9094245 6.9094245 6.9094245 6.9094245
"I.48.20.csv"	14	-0.0016796404
3 1 6.9094245 8.0469874 2.175587 15.345413 4.6426226 0.99986543 0.7334515 1.0465612 7 1 0 1 0.14319419 0 1 1 219766.6 4 6.9094245 6.9094245 6.9094245 6.9094245
"I.48.20.csv"	4	-0.0016796404
3 1 6.9094245 8.0469874 2.175587 15.345413 4.6426226 0.99986543 0.7334515 1.0465612 7 1 0 1 0.14319419 0 1 1 219766.6 4 6.9094245 6.9094245 6.9094245 6.9094245
"I.48.20.csv"	21	-0.0016796404
3 1 6.9094245 8.0469874 2.175587 15.345413 4.6426226 0.99986543 0.7334515 1.0465612 7 1 0 1 0.14319419 0 1 1 219766.6 4 6.9094245 6.9094245 6.9094245 6.9094245
"I.48.20.csv"	3	-0.0016796404
3 1 6.9094245 8.0469874 2.175587 15.345413 4.6426226 0.99986543 0.7334515 1.0465612 7 1 0 1 0.14319419 0 1 1 219766.6 4 6.9094245 6.9094245 6.9094245 6.9094245
"I.48.20.csv"	1	-0.0016796404
3 1 6.9094245 8.0469874 2.175587 15.345413 4.6426226 0.99986543 0.7334515 1.0465612 7 1 0 1 0.14319419 0 1 1 219766.6 4 6.9094245 6.9094245 6.9094245 6.9094245
"I.48.20.csv"	12	-0.0016796404
3 1 6.9094245 8.0469874 2.175587 15.345413 4.6426226 0.99986543 0.7334515 1.0465612 7 1 0 1 0.14319419 0 1 1 219766.6 4 6.9094245 6.9094245 6.9094245 6.9094245
"I.48.20.csv"	2	-0.0016796404
3 1 6.9094245 8.0469874 2.175587 15.345413 4.6426226 0.99986543 0.7334515 1.0465612 7 1 0 1 0.14319419 0 1 1 219766.6 4 6.9094245 6.9094245 6.9094245 6.9094245
"I.48.20.csv"	4	-0.0020501267
3 1 6.9094245 8.0469874 2.175587 15.345413 4.6426226 0.99986543 0.7334515 1.0465612 7 1 0 1 0.14319419 0 1 1 219766.6 4 6.9094245 6.9094245 6.9094245 6.9094245
"I.48.20.csv"	21	-0.0020501267
3 1 6.9094245 8.0469874 2.175587 15.345413 4.6426226 0.99986543 0.7334515 1.0465612 7 1 0 1 0.14319419 0 1 1 219766.6 4 6.9094245 6.9094245 6.9094245 6.9094245
"I.48.20.csv"	3	-0.0020501267
3 1 6.9094245 8.0469874 2.175587 15.345413 4.6426226 0.99986543 0.7334515 1.0465612 7 1 0 1 0.14319419 0 1 1 219766.6 4 6.9094245 6.9094245 6.9094245 6.9094245
"I.48.20.csv"	1	-0.0020501267
3 1 6.9094245 8.0469874 2.175587 15.345413 4.6426226 0.99986543 0.7334515 1.0465612 7 1 0 1 0.14319419 0 1 1 219766.6 4 6.9094245 6.9094245 6.9094245 6.9094245
"I.48.20.csv"	12	-0.0020501267
3 1 6.9094245 8.0469874 2.175587 15.345413 4.6426226 0.99986543 0.7334515 1.0465612 7 1 0 1 0.14319419 0 1 1 219766.6 4 6.9094245 6.9094245 6.9094245 6.9094245
"I.48.20.csv"	2	-0.0020501267
3 1 6.9094245 8.0469874 2.175587 15.345413 4.6426226 0.99986543 0.7334515 1.0465612 7 1 0 1 0.14319419 0 1 1 219766.6 4 6.9094245 6.9094245 6.9094245 6.9094245
"I.48.20.csv"	21	-0.0024183136
3 1 6.9094245 8.0469874 2.175587 15.345413 4.6426226 0.99986543 0.7334515 1.0465612 7 1 0 1 0.14319419 0 1 1 219766.6 4 6.9094245 6.9094245 6.9094245 6.9094245
"I.48.20.csv"	3	-0.0024183136
3 1 6.9094245 8.0469874 2.175587 15.345413 4.6426226 0.99986543 0.7334515 1.0465612 7 1 0 1 0.14319419 0 1 1 219766.6 4 6.9094245 6.9094245 6.9094245 6.9094245
"I.48.20.csv"	1	-0.0024183136
3 1 6.9094245 8.0469874 2.175587 15.345413 4.6426226 0.99986543 0.7334515 1.0465612 7 1 0 1 0.14319419 0 1 1 219766.6 4 6.9094245 6.9094245 6.9094245 6.9094245
"I.48.20.csv"	12	-0.0024183136
3 1 6.9094245 8.0469874 2.175587 15.345413 4.6426226 0.99986543 0.7334515 1.0465612 7 1 0 1 0.14319419 0 1 1 219766.6 4 6.9094245 6.9094245 6.9094245 6.9094245
"I.48.20.csv"	4	0.0007631063
3 1 6.9094245 8.0469874 2.175587 15.345413 4.6426226 0.99986543 0.7334515 1.0465612 7 1 0 1 0.14319419 0 1 1 219766.6 4 6.9094245 6.9094245 6.9094245 6.9094245
"I.48.20.csv"	2	0.00055920422
3 1 6.9094245 8.0469874 2.175587 15.345413 4.6426226 0.99986543 0.7334515 1.0465612 7 1 0 1 0.14319419 0 1 1 219766.6 4 6.9094245 6.9094245 6.9094245 6.9094245
"I.48.20.csv"	21	-0.00032461019
3 1 6.9094245 8.0469874 2.175587 15.345413 4.6426226 0.99986543 0.7334515 1.0465612 7 1 0 1 0.14319419 0 1 1 219766.6 4 6.9094245 6.9094245 6.9094245 6.9094245
"I.48.20.csv"	3	-0.00032461019
3 1 6.9094245 8.0469874 2.175587 15.345413 4.6426226 0.99986543 0.7334515 1.0465612 7 1 0 1 0.14319419 0 1 1 219766.6 4 6.9094245 6.9094245 6.9094245 6.9094245
"I.48.20.csv"	1	-0.00032461019
3 1 6.9094245 8.0469874 2.175587 15.345413 4.6426226 0.99986543 0.7334515 1.0465612 7 1 0 1 0.14319419 0 1 1 219766.6 4 6.9094245 6.9094245 6.9094245 6.9094245
"I.48.20.csv"	12	-0.00032461019
3 1 6.9094245 8.0469874 2.175587 15.345413 4.6426226 0.99986543 0.7334515 1.0465612 7 1 0 1 0.14319419 0 1 1 219766.6 4 6.9094245 6.9094245 6.9094245 6.9094245
"I.48.20.csv"	4	0.00014880339
3 1 6.9094245 8.0469874 2.175587 15.345413 4.6426226 0.99986543 0.7334515 1.0465612 7 1 0 1 0.14319419 0 1 1 219766.6 4 6.9094245 6.9094245 6.9094245 6.9094245
"I.48.20.csv"	2	1.4551507e-06
3 1 6.9094245 8.0469874 2.175587 15.345413 4.6426226 0.99986543 0.7334515 1.0465612 7 1 0 1 0.14319419 0 1 1 219766.6 4 6.9094245 6.9094245 6.9094245 6.9094245
"I.48.20.csv"	21	-0.00041044557
3 1 6.9094245 8.0469874 2.175587 15.345413 4.6426226 0.99986543 0.7334515 1.0465612 7 1 0 1 0.14319419 0 1 1 219766.6 4 6.9094245 6.9094245 6.9094245 6.9094245
"I.48.20.csv"	3	-0.00041044557
3 1 6.9094245 8.0469874 2.175587 15.345413 4.6426226 0.99986543 0.7334515 1.0465612 7 1 0 1 0.14319419 0 1 1 219766.6 4 6.9094245 6.9094245 6.9094245 6.9094245
"I.48.20.csv"	12	-0.00041044557
3 1 6.9094245 8.0469874 2.175587 15.345413 4.6426226 0.99986543 0.7334515 1.0465612 7 1 0 1 0.14319419 0 1 1 219766.6 4 6.9094245 6.9094245 6.9094245 6.9094245
"I.48.20.csv"	4	-0.00041044557
3 1 6.9094245 8.0469874 2.175587 15.345413 4.6426226 0.99986543 0.7334515 1.0465612 7 1 0 1 0.14319419 0 1 1 219766.6 4 6.9094245 6.9094245 6.9094245 6.9094245
"I.48.20.csv"	2	-0.00041044557
3 1 6.9094245 8.0469874 2.175587 15.345413 4.6426226 0.99986543 0.7334515 1.0465612 7 1 0 1 0.14319419 0 1 1 219766.6 4 6.9094245 6.9094245 6.9094245 6.9094245
"I.6.2.csv"	1	-0.52138045
2 1 9.075412 20.430107 1.592096 20 4.0725744 0.99729166 0.57049152 0.91752369 5 1 0 1 0.15162648 0 1 1 511639.63 4 9.075412 9.075412 9.075412 9.075412
"I.6.2.csv"	12	-0.52138045
2 1 9.075412 20.430107 1.592096 20 4.0725744 0.99729166 0.57049152 0.91752369 5 1 0 1 0.15162648 0 1 1 511639.63 4 9.075412 9.075412 9.075412 9.075412
"I.6.2.csv"	2	-0.52138045
2 1 9.075412 20.430107 1.592096 20 4.0725744 0.99729166 0.57049152 0.91752369 5 1 0 1 0.15162648 0 1 1 511639.63 4 9.075412 9.075412 9.075412 9.075412
"I.6.2.csv"	21	0.00047781
2 1 9.075412 20.430107 1.592096 20 4.0725744 0.99729166 0.57049152 0.91752369 5 1 0 1 0.15162648 0 1 1 511639.63 4 9.075412 9.075412 9.075412 9.075412
"I.6.2.csv"	2	-0.0028482311
2 1 9.075412 20.430107 1.592096 20 4.0725744 0.99729166 0.57049152 0.91752369 5 1 0 1 0.15162648 0 1 1 511639.63 4 9.075412 9.075412 9.075412 9.075412
"I.6.2.csv"	12	-0.0013926402
2 1 9.075412 20.430107 1.592096 20 4.0725744 0.99729166 0.57049152 0.91752369 5 1 0 1 0.15162648 0 1 1 511639.63 4 9.075412 9.075412 9.075412 9.075412
"I.6.2b.csv"	1	-0.023797932
2 1 1.1791594 0.56681121 0.234745 4.069617 5.09368 0.9756476 1.1106734 0.18280138 4 0 0 0 0.055994441 0 1 1 31087.08 4 1.1791594 1.1791594 1.1791594 1.1791594
"I.6.2b.csv"	12	-0.023797932
2 1 1.1791594 0.56681121 0.234745 4.069617 5.09368 0.9756476 1.1106734 0.18280138 4 0 0 0 0.055994441 0 1 1 31087.08 4 1.1791594 1.1791594 1.1791594 1.1791594
"I.6.2b.csv"	12	-0.00010284414
2 1 1.1791594 0.56681121 0.234745 4.069617 5.09368 0.9756476 1.1106734 0.18280138 4 0 0 0 0.055994441 0 1 1 31087.08 4 1.1791594 1.1791594 1.1791594 1.1791594
"I.7.9.csv"	3	0.00014169132
2 1 1.4754574 0.17639217 0.725797 2.857493 5.0755793 0.99211452 0.57353146 0.074548335 4 0 0 0 0.112375 0 1 1 82108 4 1.4754574 1.4754574 1.4754574 1.4754574
"I.7.9.csv"	1	-0.010168755
2 1 1.4754574 0.17639217 0.725797 2.857493 5.0755793 0.99211452 0.57353146 0.074548335 4 0 0 0 0.112375 0 1 1 82108 4 1.4754574 1.4754574 1.4754574 1.4754574
"I.7.9.csv"	12	-0.010168755
2 1 1.4754574 0.17639217 0.725797 2.857493 5.0755793 0.99211452 0.57353146 0.074548335 4 0 0 0 0.112375 0 1 1 82108 4 1.4754574 1.4754574 1.4754574 1.4754574
"I.7.9.csv"	21	2.0518864e-05
2 1 1.4754574 0.17639217 0.725797 2.857493 5.0755793 0.99211452 0.57353146 0.074548335 4 0 0 0 0.112375 0 1 1 82108 4 1.4754574 1.4754574 1.4754574 1.4754574
"I.7.9.csv"	12	-4.8387523e-05
2 1 1.4754574 0.17639217 0.725797 2.857493 5.0755793 0.99211452 0.57353146 0.074548335 4 0 0 0 0.112375 0 1 1 82108 4 1.4754574 1.4754574 1.4754574 1.4754574
"I.8.4.csv"	1	-2.7698713
2 1 11.741127 49.29185 0.646239 20 2.7566258 0.93599338 8.6651066 0.66662487 4 0 0 0 0.049841804 1 1 1 120819.41 4 11.741127 11.741127 11.741127 11.741127
"I.8.4.csv"	12	-2.7698713
2 1 11.741127 49.29185 0.646239 20 2.7566258 0.93599338 8.6651066 0.66662487 4 0 0 0 0.049841804 1 1 1 120819.41 4 11.741127 11.741127 11.741127 11.741127
"I.8.4.csv"	14	0.0089447594
2 1 11.741127 49.29185 0.646239 20 2.7566258 0.93599338 8.6651066 0.66662487 4 0 0 0 0.049841804 1 1 1 120819.41 4 11.741127 11.741127 11.741127 11.741127
"I.8.4.csv"	4	-0.015437483
2 1 11.741127 49.29185 0.646239 20 2.7566258 0.93599338 8.6651066 0.66662487 4 0 0 0 0.049841804 1 1 1 120819.41 4 11.741127 11.741127 11.741127 11.741127
"I.8.4.csv"	17	-0.015437483
2 1 11.741127 49.29185 0.646239 20 2.7566258 0.93599338 8.6651066 0.66662487 4 0 0 0 0.049841804 1 1 1 120819.41 4 11.741127 11.741127 11.741127 11.741127
"I.8.4.csv"	17	-0.015437483
2 1 11.741127 49.29185 0.646239 20 2.7566258 0.93599338 8.6651066 0.66662487 4 0 0 0 0.049841804 1 1 1 120819.41 4 11.741127 11.741127 11.741127 11.741127
"I.8.4.csv"	21	-0.015437483
2 1 11.741127 49.29185 0.646239 20 2.7566258 0.93599338 8.6651066 0.66662487 4 0 0 0 0.049841804 1 1 1 120819.41 4 11.741127 11.741127 11.741127 11.741127
"I.8.4.csv"	3	-0.015437483
2 1 11.741127 49.29185 0.646239 20 2.7566258 0.93599338 8.6651066 0.66662487 4 0 0 0 0.049841804 1 1 1 120819.41 4 11.741127 11.741127 11.741127 11.741127
"I.8.4.csv"	1	-0.015437483
2 1 11.741127 49.29185 0.646239 20 2.7566258 0.93599338 8.6651066 0.66662487 4 0 0 0 0.049841804 1 1 1 120819.41 4 11.741127 11.741127 11.741127 11.741127
"I.8.4.csv"	12	-0.015437483
2 1 11.741127 49.29185 0.646239 20 2.7566258 0.93599338 8.6651066 0.66662487 4 0 0 0 0.049841804 1 1 1 120819.41 4 11.741127 11.741127 11.741127 11.741127
"I.8.4.csv"	2	-0.015437483
2 1 11.741127 49.29185 0.646239 20 2.7566258 0.93599338 8.6651066 0.66662487 4 0 0 0 0.049841804 1 1 1 120819.41 4 11.741127 11.741127 11.741127 11.741127
"I.8.4.csv"	14	0.009889262
2 1 11.741127 49.29185 0.646239 20 2.7566258 0.93599338 8.6651066 0.66662487 4 0 0 0 0.049841804 1 1 1 120819.41 4 11.741127 11.741127 11.741127 11.741127
"I.8.4.csv"	4	-0.015827644
2 1 11.741127 49.29185 0.646239 20 2.7566258 0.93599338 8.6651066 0.66662487 4 0 0 0 0.049841804 1 1 1 120819.41 4 11.741127 11.741127 11.741127 11.741127
"I.8.4.csv"	17	-0.015827644
2 1 11.741127 49.29185 0.646239 20 2.7566258 0.93599338 8.6651066 0.66662487 4 0 0 0 0.049841804 1 1 1 120819.41 4 11.741127 11.741127 11.741127 11.741127
"I.8.4.csv"	17	-0.015827644
2 1 11.741127 49.29185 0.646239 20 2.7566258 0.93599338 8.6651066 0.66662487 4 0 0 0 0.049841804 1 1 1 120819.41 4 11.741127 11.741127 11.741127 11.741127
"I.8.4.csv"	21	-0.015827644
2 1 11.741127 49.29185 0.646239 20 2.7566258 0.93599338 8.6651066 0.66662487 4 0 0 0 0.049841804 1 1 1 120819.41 4 11.741127 11.741127 11.741127 11.741127
"I.8.4.csv"	3	-0.015827644
2 1 11.741127 49.29185 0.646239 20 2.7566258 0.93599338 8.6651066 0.66662487 4 0 0 0 0.049841804 1 1 1 120819.41 4 11.741127 11.741127 11.741127 11.741127
"I.8.4.csv"	1	-0.015827644
2 1 11.741127 49.29185 0.646239 20 2.7566258 0.93599338 8.6651066 0.66662487 4 0 0 0 0.049841804 1 1 1 120819.41 4 11.741127 11.741127 11.741127 11.741127
"I.8.4.csv"	12	-0.015827644
2 1 11.741127 49.29185 0.646239 20 2.7566258 0.93599338 8.6651066 0.66662487 4 0 0 0 0.049841804 1 1 1 120819.41 4 11.741127 11.741127 11.741127 11.741127
"I.8.4.csv"	2	-0.015827644
2 1 11.741127 49.29185 0.646239 20 2.7566258 0.93599338 8.6651066 0.66662487 4 0 0 0 0.049841804 1 1 1 120819.41 4 11.741127 11.741127 11.741127 11.741127
"I.8.4.csv"	14	0.00713631
2 1 11.741127 49.29185 0.646239 20 2.7566258 0.93599338 8.6651066 0.66662487 4 0 0 0 0.049841804 1 1 1 120819.41 4 11.741127 11.741127 11.741127 11.741127
"I.8.4.csv"	4	-0.016202297
2 1 11.741127 49.29185 0.646239 20 2.7566258 0.93599338 8.6651066 0.66662487 4 0 0 0 0.049841804 1 1 1 120819.41 4 11.741127 11.741127 11.741127 11.741127
"I.8.4.csv"	17	-0.016202297
2 1 11.741127 49.29185 0.646239 20 2.7566258 0.93599338 8.6651066 0.66662487 4 0 0 0 0.049841804 1 1 1 120819.41 4 11.741127 11.741127 11.741127 11.741127
"I.8.4.csv"	17	-0.016202297
2 1 11.741127 49.29185 0.646239 20 2.7566258 0.93599338 8.6651066 0.66662487 4 0 0 0 0.049841804 1 1 1 120819.41 4 11.741127 11.741127 11.741127 11.741127
"I.8.4.csv"	21	-0.016202297
2 1 11.741127 49.29185 0.646239 20 2.7566258 0.93599338 8.6651066 0.66662487 4 0 0 0 0.049841804 1 1 1 120819.41 4 11.741127 11.741127 11.741127 11.741127
"I.8.4.csv"	3	-0.016202297
2 1 11.741127 49.29185 0.646239 20 2.7566258 0.93599338 8.6651066 0.66662487 4 0 0 0 0.049841804 1 1 1 120819.41 4 11.741127 11.741127 11.741127 11.741127
"I.8.4.csv"	1	-0.016202297
2 1 11.741127 49.29185 0.646239 20 2.7566258 0.93599338 8.6651066 0.66662487 4 0 0 0 0.049841804 1 1 1 120819.41 4 11.741127 11.741127 11.741127 11.741127
"I.8.4.csv"	12	-0.016202297
2 1 11.741127 49.29185 0.646239 20 2.7566258 0.93599338 8.6651066 0.66662487 4 0 0 0 0.049841804 1 1 1 120819.41 4 11.741127 11.741127 11.741127 11.741127
"I.8.4.csv"	2	-0.016202297
2 1 11.741127 49.29185 0.646239 20 2.7566258 0.93599338 8.6651066 0.66662487 4 0 0 0 0.049841804 1 1 1 120819.41 4 11.741127 11.741127 11.741127 11.741127
"I.8.4.csv"	14	0.006313296
2 1 11.741127 49.29185 0.646239 20 2.7566258 0.93599338 8.6651066 0.66662487 4 0 0 0 0.049841804 1 1 1 120819.41 4 11.741127 11.741127 11.741127 11.741127
"I.8.4.csv"	4	-0.016568275
2 1 11.741127 49.29185 0.646239 20 2.7566258 0.93599338 8.6651066 0.66662487 4 0 0 0 0.049841804 1 1 1 120819.41 4 11.741127 11.741127 11.741127 11.741127
"I.8.4.csv"	17	-0.016568275
2 1 11.741127 49.29185 0.646239 20 2.7566258 0.93599338 8.6651066 0.66662487 4 0 0 0 0.049841804 1 1 1 120819.41 4 11.741127 11.741127 11.741127 11.741127
"I.8.4.csv"	17	-0.016568275
2 1 11.741127 49.29185 0.646239 20 2.7566258 0.93599338 8.6651066 0.66662487 4 0 0 0 0.049841804 1 1 1 120819.41 4 11.741127 11.741127 11.741127 11.741127
"I.8.4.csv"	21	-0.016568275
2 1 11.741127 49.29185 0.646239 20 2.7566258 0.93599338 8.6651066 0.66662487 4 0 0 0 0.049841804 1 1 1 120819.41 4 11.741127 11.741127 11.741127 11.741127
"I.8.4.csv"	3	-0.016568275
2 1 11.741127 49.29185 0.646239 20 2.7566258 0.93599338 8.6651066 0.66662487 4 0 0 0 0.049841804 1 1 1 120819.41 4 11.741127 11.741127 11.741127 11.741127
"I.8.4.csv"	1	-0.016568275
2 1 11.741127 49.29185 0.646239 20 2.7566258 0.93599338 8.6651066 0.66662487 4 0 0 0 0.049841804 1 1 1 120819.41 4 11.741127 11.741127 11.741127 11.741127
"I.8.4.csv"	12	-0.016568275
2 1 11.741127 49.29185 0.646239 20 2.7566258 0.93599338 8.6651066 0.66662487 4 0 0 0 0.049841804 1 1 1 120819.41 4 11.741127 11.741127 11.741127 11.741127
"I.8.4.csv"	2	-0.016568275
2 1 11.741127 49.29185 0.646239 20 2.7566258 0.93599338 8.6651066 0.66662487 4 0 0 0 0.049841804 1 1 1 120819.41 4 11.741127 11.741127 11.741127 11.741127
"I.8.4.csv"	14	0.0076982873
2 1 11.741127 49.29185 0.646239 20 2.7566258 0.93599338 8.6651066 0.66662487 4 0 0 0 0.049841804 1 1 1 120819.41 4 11.741127 11.741127 11.741127 11.741127
"I.8.4.csv"	4	-0.016928882
2 1 11.741127 49.29185 0.646239 20 2.7566258 0.93599338 8.6651066 0.66662487 4 0 0 0 0.049841804 1 1 1 120819.41 4 11.741127 11.741127 11.741127 11.741127
"I.8.4.csv"	17	-0.016928882
2 1 11.741127 49.29185 0.646239 20 2.7566258 0.93599338 8.6651066 0.66662487 4 0 0 0 0.049841804 1 1 1 120819.41 4 11.741127 11.741127 11.741127 11.741127
"I.8.4.csv"	17	-0.016928882
2 1 11.741127 49.29185 0.646239 20 2.7566258 0.93599338 8.6651066 0.66662487 4 0 0 0 0.049841804 1 1 1 120819.41 4 11.741127 11.741127 11.741127 11.741127
"I.8.4.csv"	21	-0.016928882
2 1 11.741127 49.29185 0.646239 20 2.7566258 0.93599338 8.6651066 0.66662487 4 0 0 0 0.049841804 1 1 1 120819.41 4 11.741127 11.741127 11.741127 11.741127
"I.8.4.csv"	3	-0.016928882
2 1 11.741127 49.29185 0.646239 20 2.7566258 0.93599338 8.6651066 0.66662487 4 0 0 0 0.049841804 1 1 1 120819.41 4 11.741127 11.741127 11.741127 11.741127
"I.8.4.csv"	1	-0.016928882
2 1 11.741127 49.29185 0.646239 20 2.7566258 0.93599338 8.6651066 0.66662487 4 0 0 0 0.049841804 1 1 1 120819.41 4 11.741127 11.741127 11.741127 11.741127
"I.8.4.csv"	12	-0.016928882
2 1 11.741127 49.29185 0.646239 20 2.7566258 0.93599338 8.6651066 0.66662487 4 0 0 0 0.049841804 1 1 1 120819.41 4 11.741127 11.741127 11.741127 11.741127
"I.8.4.csv"	2	-0.016928882
2 1 11.741127 49.29185 0.646239 20 2.7566258 0.93599338 8.6651066 0.66662487 4 0 0 0 0.049841804 1 1 1 120819.41 4 11.741127 11.741127 11.741127 11.741127
"I.8.4.csv"	14	0.0052896166
2 1 11.741127 49.29185 0.646239 20 2.7566258 0.93599338 8.6651066 0.66662487 4 0 0 0 0.049841804 1 1 1 120819.41 4 11.741127 11.741127 11.741127 11.741127
"I.8.4.csv"	17	-0.020438229
2 1 11.741127 49.29185 0.646239 20 2.7566258 0.93599338 8.6651066 0.66662487 4 0 0 0 0.049841804 1 1 1 120819.41 4 11.741127 11.741127 11.741127 11.741127
"I.8.4.csv"	17	-0.020438229
2 1 11.741127 49.29185 0.646239 20 2.7566258 0.93599338 8.6651066 0.66662487 4 0 0 0 0.049841804 1 1 1 120819.41 4 11.741127 11.741127 11.741127 11.741127
"I.8.4.csv"	21	-0.020438229
2 1 11.741127 49.29185 0.646239 20 2.7566258 0.93599338 8.6651066 0.66662487 4 0 0 0 0.049841804 1 1 1 120819.41 4 11.741127 11.741127 11.741127 11.741127
"I.8.4.csv"	3	-0.020438229
2 1 11.741127 49.29185 0.646239 20 2.7566258 0.93599338 8.6651066 0.66662487 4 0 0 0 0.049841804 1 1 1 120819.41 4 11.741127 11.741127 11.741127 11.741127
"I.8.4.csv"	1	-0.020438229
2 1 11.741127 49.29185 0.646239 20 2.7566258 0.93599338 8.6651066 0.66662487 4 0 0 0 0.049841804 1 1 1 120819.41 4 11.741127 11.741127 11.741127 11.741127
"I.8.4.csv"	12	-0.020438229
2 1 11.741127 49.29185 0.646239 20 2.7566258 0.93599338 8.6651066 0.66662487 4 0 0 0 0.049841804 1 1 1 120819.41 4 11.741127 11.741127 11.741127 11.741127
"I.9.5.csv"	19	-0.18341337
3 1 1.6584255 5.7904134 0.061226 20 8.2859759 0.84266685 2.9814045 0.76944289 6 0 0 0 0.14004121 0 1 1 191681.97 4 1.6584255 1.6584255 1.6584255 1.6584255
"I.9.5.csv"	19	-0.18341337
3 1 1.6584255 5.7904134 0.061226 20 8.2859759 0.84266685 2.9814045 0.76944289 6 0 0 0 0.14004121 0 1 1 191681.97 4 1.6584255 1.6584255 1.6584255 1.6584255
"I.9.5.csv"	19	-0.18341337
3 1 1.6584255 5.7904134 0.061226 20 8.2859759 0.84266685 2.9814045 0.76944289 6 0 0 0 0.14004121 0 1 1 191681.97 4 1.6584255 1.6584255 1.6584255 1.6584255
"I.9.5.csv"	19	-0.18341337
3 1 1.6584255 5.7904134 0.061226 20 8.2859759 0.84266685 2.9814045 0.76944289 6 0 0 0 0.14004121 0 1 1 191681.97 4 1.6584255 1.6584255 1.6584255 1.6584255
"I.9.5.csv"	19	-0.18341337
3 1 1.6584255 5.7904134 0.061226 20 8.2859759 0.84266685 2.9814045 0.76944289 6 0 0 0 0.14004121 0 1 1 191681.97 4 1.6584255 1.6584255 1.6584255 1.6584255
"I.9.5.csv"	19	-0.18341337
3 1 1.6584255 5.7904134 0.061226 20 8.2859759 0.84266685 2.9814045 0.76944289 6 0 0 0 0.14004121 0 1 1 191681.97 4 1.6584255 1.6584255 1.6584255 1.6584255
"I.9.5.csv"	19	-0.18341337
3 1 1.6584255 5.7904134 0.061226 20 8.2859759 0.84266685 2.9814045 0.76944289 6 0 0 0 0.14004121 0 1 1 191681.97 4 1.6584255 1.6584255 1.6584255 1.6584255
"I.9.5.csv"	19	-0.18341337
3 1 1.6584255 5.7904134 0.061226 20 8.2859759 0.84266685 2.9814045 0.76944289 6 0 0 0 0.14004121 0 1 1 191681.97 4 1.6584255 1.6584255 1.6584255 1.6584255
"I.9.5.csv"	19	-0.18341337
3 1 1.6584255 5.7904134 0.061226 20 8.2859759 0.84266685 2.9814045 0.76944289 6 0 0 0 0.14004121 0 1 1 191681.97 4 1.6584255 1.6584255 1.6584255 1.6584255
"I.9.5.csv"	4	-0.18341337
3 1 1.6584255 5.7904134 0.061226 20 8.2859759 0.84266685 2.9814045 0.76944289 6 0 0 0 0.14004121 0 1 1 191681.97 4 1.6584255 1.6584255 1.6584255 1.6584255
"I.9.5.csv"	17	-0.18341337
3 1 1.6584255 5.7904134 0.061226 20 8.2859759 0.84266685 2.9814045 0.76944289 6 0 0 0 0.14004121 0 1 1 191681.97 4 1.6584255 1.6584255 1.6584255 1.6584255
"I.9.5.csv"	19	-0.0023821893
3 1 1.6584255 5.7904134 0.061226 20 8.2859759 0.84266685 2.9814045 0.76944289 6 0 0 0 0.14004121 0 1 1 191681.97 4 1.6584255 1.6584255 1.6584255 1.6584255
"I.9.5.csv"	19	-0.0023821893
3 1 1.6584255 5.7904134 0.061226 20 8.2859759 0.84266685 2.9814045 0.76944289 6 0 0 0 0.14004121 0 1 1 191681.97 4 1.6584255 1.6584255 1.6584255 1.6584255
"I.9.5.csv"	19	-0.0023821893
3 1 1.6584255 5.7904134 0.061226 20 8.2859759 0.84266685 2.9814045 0.76944289 6 0 0 0 0.14004121 0 1 1 191681.97 4 1.6584255 1.6584255 1.6584255 1.6584255
"I.9.5.csv"	19	-0.0023821893
3 1 1.6584255 5.7904134 0.061226 20 8.2859759 0.84266685 2.9814045 0.76944289 6 0 0 0 0.14004121 0 1 1 191681.97 4 1.6584255 1.6584255 1.6584255 1.6584255
"I.9.5.csv"	19	-0.0023821893
3 1 1.6584255 5.7904134 0.061226 20 8.2859759 0.84266685 2.9814045 0.76944289 6 0 0 0 0.14004121 0 1 1 191681.97 4 1.6584255 1.6584255 1.6584255 1.6584255
"I.9.5.csv"	19	-0.0023821893
3 1 1.6584255 5.7904134 0.061226 20 8.2859759 0.84266685 2.9814045 0.76944289 6 0 0 0 0.14004121 0 1 1 191681.97 4 1.6584255 1.6584255 1.6584255 1.6584255
"I.9.5.csv"	19	-0.0023821893
3 1 1.6584255 5.7904134 0.061226 20 8.2859759 0.84266685 2.9814045 0.76944289 6 0 0 0 0.14004121 0 1 1 191681.97 4 1.6584255 1.6584255 1.6584255 1.6584255
"I.9.5.csv"	19	-0.0023821893
3 1 1.6584255 5.7904134 0.061226 20 8.2859759 0.84266685 2.9814045 0.76944289 6 0 0 0 0.14004121 0 1 1 191681.97 4 1.6584255 1.6584255 1.6584255 1.6584255
"I.9.5.csv"	19	-0.0023821893
3 1 1.6584255 5.7904134 0.061226 20 8.2859759 0.84266685 2.9814045 0.76944289 6 0 0 0 0.14004121 0 1 1 191681.97 4 1.6584255 1.6584255 1.6584255 1.6584255
"I.9.5.csv"	19	-0.0023821893
3 1 1.6584255 5.7904134 0.061226 20 8.2859759 0.84266685 2.9814045 0.76944289 6 0 0 0 0.14004121 0 1 1 191681.97 4 1.6584255 1.6584255 1.6584255 1.6584255
"I.9.5.csv"	19	-0.0023821893
3 1 1.6584255 5.7904134 0.061226 20 8.2859759 0.84266685 2.9814045 0.76944289 6 0 0 0 0.14004121 0 1 1 191681.97 4 1.6584255 1.6584255 1.6584255 1.6584255
"I.9.5.csv"	19	-0.0023821893
3 1 1.6584255 5.7904134 0.061226 20 8.2859759 0.84266685 2.9814045 0.76944289 6 0 0 0 0.14004121 0 1 1 191681.97 4 1.6584255 1.6584255 1.6584255 1.6584255
"I.9.5.csv"	4	-0.0023821893
3 1 1.6584255 5.7904134 0.061226 20 8.2859759 0.84266685 2.9814045 0.76944289 6 0 0 0 0.14004121 0 1 1 191681.97 4 1.6584255 1.6584255 1.6584255 1.6584255
"I.9.5.csv"	17	-0.0023821893
3 1 1.6584255 5.7904134 0.061226 20 8.2859759 0.84266685 2.9814045 0.76944289 6 0 0 0 0.14004121 0 1 1 191681.97 4 1.6584255 1.6584255 1.6584255 1.6584255
"I.9.5.csv"	17	-0.0023821893
3 1 1.6584255 5.7904134 0.061226 20 8.2859759 0.84266685 2.9814045 0.76944289 6 0 0 0 0.14004121 0 1 1 191681.97 4 1.6584255 1.6584255 1.6584255 1.6584255
"I.9.5.csv"	19	-0.009787979
3 1 1.6584255 5.7904134 0.061226 20 8.2859759 0.84266685 2.9814045 0.76944289 6 0 0 0 0.14004121 0 1 1 191681.97 4 1.6584255 1.6584255 1.6584255 1.6584255
"I.9.5.csv"	19	-0.00022784273
3 1 1.6584255 5.7904134 0.061226 20 8.2859759 0.84266685 2.9814045 0.76944289 6 0 0 0 0.14004121 0 1 1 191681.97 4 1.6584255 1.6584255 1.6584255 1.6584255
"I.9.5.csv"	19	-0.00022784273
3 1 1.6584255 5.7904134 0.061226 20 8.2859759 0.84266685 2.9814045 0.76944289 6 0 0 0 0.14004121 0 1 1 191681.97 4 1.6584255 1.6584255 1.6584255 1.6584255
"I.9.5.csv"	19	-0.00022784273
3 1 1.6584255 5.7904134 0.061226 20 8.2859759 0.84266685 2.9814045 0.76944289 6 0 0 0 0.14004121 0 1 1 191681.97 4 1.6584255 1.6584255 1.6584255 1.6584255
"I.9.5.csv"	19	-0.00022784273
3 1 1.6584255 5.7904134 0.061226 20 8.2859759 0.84266685 2.9814045 0.76944289 6 0 0 0 0.14004121 0 1 1 191681.97 4 1.6584255 1.6584255 1.6584255 1.6584255
"I.9.5.csv"	19	-0.00022784273
3 1 1.6584255 5.7904134 0.061226 20 8.2859759 0.84266685 2.9814045 0.76944289 6 0 0 0 0.14004121 0 1 1 191681.97 4 1.6584255 1.6584255 1.6584255 1.6584255
"I.9.5.csv"	19	-0.00022784273
3 1 1.6584255 5.7904134 0.061226 20 8.2859759 0.84266685 2.9814045 0.76944289 6 0 0 0 0.14004121 0 1 1 191681.97 4 1.6584255 1.6584255 1.6584255 1.6584255
"I.9.5.csv"	19	-0.00022784273
3 1 1.6584255 5.7904134 0.061226 20 8.2859759 0.84266685 2.9814045 0.76944289 6 0 0 0 0.14004121 0 1 1 191681.97 4 1.6584255 1.6584255 1.6584255 1.6584255
"I.9.5.csv"	19	-0.00022784273
3 1 1.6584255 5.7904134 0.061226 20 8.2859759 0.84266685 2.9814045 0.76944289 6 0 0 0 0.14004121 0 1 1 191681.97 4 1.6584255 1.6584255 1.6584255 1.6584255
"I.9.5.csv"	19	-0.00022784273
3 1 1.6584255 5.7904134 0.061226 20 8.2859759 0.84266685 2.9814045 0.76944289 6 0 0 0 0.14004121 0 1 1 191681.97 4 1.6584255 1.6584255 1.6584255 1.6584255
"I.9.5.csv"	19	-0.00022784273
3 1 1.6584255 5.7904134 0.061226 20 8.2859759 0.84266685 2.9814045 0.76944289 6 0 0 0 0.14004121 0 1 1 191681.97 4 1.6584255 1.6584255 1.6584255 1.6584255
"I.9.5.csv"	19	-0.00022784273
3 1 1.6584255 5.7904134 0.061226 20 8.2859759 0.84266685 2.9814045 0.76944289 6 0 0 0 0.14004121 0 1 1 191681.97 4 1.6584255 1.6584255 1.6584255 1.6584255
"I.9.5.csv"	19	-0.00022784273
3 1 1.6584255 5.7904134 0.061226 20 8.2859759 0.84266685 2.9814045 0.76944289 6 0 0 0 0.14004121 0 1 1 191681.97 4 1.6584255 1.6584255 1.6584255 1.6584255
"I.9.5.csv"	4	-0.00022784273
3 1 1.6584255 5.7904134 0.061226 20 8.2859759 0.84266685 2.9814045 0.76944289 6 0 0 0 0.14004121 0 1 1 191681.97 4 1.6584255 1.6584255 1.6584255 1.6584255
"I.9.5.csv"	17	-0.00022784273
3 1 1.6584255 5.7904134 0.061226 20 8.2859759 0.84266685 2.9814045 0.76944289 6 0 0 0 0.14004121 0 1 1 191681.97 4 1.6584255 1.6584255 1.6584255 1.6584255
"I.9.5.csv"	17	-0.00022784273
3 1 1.6584255 5.7904134 0.061226 20 8.2859759 0.84266685 2.9814045 0.76944289 6 0 0 0 0.14004121 0 1 1 191681.97 4 1.6584255 1.6584255 1.6584255 1.6584255
"I.9.5.csv"	19	-0.00022850787
3 1 1.6584255 5.7904134 0.061226 20 8.2859759 0.84266685 2.9814045 0.76944289 6 0 0 0 0.14004121 0 1 1 191681.97 4 1.6584255 1.6584255 1.6584255 1.6584255
"I.9.5.csv"	19	-0.00022850787
3 1 1.6584255 5.7904134 0.061226 20 8.2859759 0.84266685 2.9814045 0.76944289 6 0 0 0 0.14004121 0 1 1 191681.97 4 1.6584255 1.6584255 1.6584255 1.6584255
"I.9.5.csv"	19	-0.00022850787
3 1 1.6584255 5.7904134 0.061226 20 8.2859759 0.84266685 2.9814045 0.76944289 6 0 0 0 0.14004121 0 1 1 191681.97 4 1.6584255 1.6584255 1.6584255 1.6584255
"I.9.5.csv"	19	-0.00022850787
3 1 1.6584255 5.7904134 0.061226 20 8.2859759 0.84266685 2.9814045 0.76944289 6 0 0 0 0.14004121 0 1 1 191681.97 4 1.6584255 1.6584255 1.6584255 1.6584255
"I.9.5.csv"	19	-0.00022850787
3 1 1.6584255 5.7904134 0.061226 20 8.2859759 0.84266685 2.9814045 0.76944289 6 0 0 0 0.14004121 0 1 1 191681.97 4 1.6584255 1.6584255 1.6584255 1.6584255
"I.9.5.csv"	19	-0.00022850787
3 1 1.6584255 5.7904134 0.061226 20 8.2859759 0.84266685 2.9814045 0.76944289 6 0 0 0 0.14004121 0 1 1 191681.97 4 1.6584255 1.6584255 1.6584255 1.6584255
"I.9.5.csv"	19	-0.00022850787
3 1 1.6584255 5.7904134 0.061226 20 8.2859759 0.84266685 2.9814045 0.76944289 6 0 0 0 0.14004121 0 1 1 191681.97 4 1.6584255 1.6584255 1.6584255 1.6584255
"I.9.5.csv"	19	-0.00022850787
3 1 1.6584255 5.7904134 0.061226 20 8.2859759 0.84266685 2.9814045 0.76944289 6 0 0 0 0.14004121 0 1 1 191681.97 4 1.6584255 1.6584255 1.6584255 1.6584255
"I.9.5.csv"	19	-0.00022850787
3 1 1.6584255 5.7904134 0.061226 20 8.2859759 0.84266685 2.9814045 0.76944289 6 0 0 0 0.14004121 0 1 1 191681.97 4 1.6584255 1.6584255 1.6584255 1.6584255
"I.9.5.csv"	19	-0.00022850787
3 1 1.6584255 5.7904134 0.061226 20 8.2859759 0.84266685 2.9814045 0.76944289 6 0 0 0 0.14004121 0 1 1 191681.97 4 1.6584255 1.6584255 1.6584255 1.6584255
"I.9.5.csv"	19	-0.00022850787
3 1 1.6584255 5.7904134 0.061226 20 8.2859759 0.84266685 2.9814045 0.76944289 6 0 0 0 0.14004121 0 1 1 191681.97 4 1.6584255 1.6584255 1.6584255 1.6584255
"I.9.5.csv"	19	-0.00022850787
3 1 1.6584255 5.7904134 0.061226 20 8.2859759 0.84266685 2.9814045 0.76944289 6 0 0 0 0.14004121 0 1 1 191681.97 4 1.6584255 1.6584255 1.6584255 1.6584255
"I.9.5.csv"	4	-0.00022850787
3 1 1.6584255 5.7904134 0.061226 20 8.2859759 0.84266685 2.9814045 0.76944289 6 0 0 0 0.14004121 0 1 1 191681.97 4 1.6584255 1.6584255 1.6584255 1.6584255
"I.9.5.csv"	17	-0.00022850787
3 1 1.6584255 5.7904134 0.061226 20 8.2859759 0.84266685 2.9814045 0.76944289 6 0 0 0 0.14004121 0 1 1 191681.97 4 1.6584255 1.6584255 1.6584255 1.6584255
"I.9.5.csv"	17	-0.00022850787
3 1 1.6584255 5.7904134 0.061226 20 8.2859759 0.84266685 2.9814045 0.76944289 6 0 0 0 0.14004121 0 1 1 191681.97 4 1.6584255 1.6584255 1.6584255 1.6584255
"I.9.5.csv"	19	-0.00022928154
3 1 1.6584255 5.7904134 0.061226 20 8.2859759 0.84266685 2.9814045 0.76944289 6 0 0 0 0.14004121 0 1 1 191681.97 4 1.6584255 1.6584255 1.6584255 1.6584255
"I.9.5.csv"	19	-0.00022928154
3 1 1.6584255 5.7904134 0.061226 20 8.2859759 0.84266685 2.9814045 0.76944289 6 0 0 0 0.14004121 0 1 1 191681.97 4 1.6584255 1.6584255 1.6584255 1.6584255
"I.9.5.csv"	19	-0.00022928154
3 1 1.6584255 5.7904134 0.061226 20 8.2859759 0.84266685 2.9814045 0.76944289 6 0 0 0 0.14004121 0 1 1 191681.97 4 1.6584255 1.6584255 1.6584255 1.6584255
"I.9.5.csv"	19	-0.00022928154
3 1 1.6584255 5.7904134 0.061226 20 8.2859759 0.84266685 2.9814045 0.76944289 6 0 0 0 0.14004121 0 1 1 191681.97 4 1.6584255 1.6584255 1.6584255 1.6584255
"I.9.5.csv"	19	-0.00022928154
3 1 1.6584255 5.7904134 0.061226 20 8.2859759 0.84266685 2.9814045 0.76944289 6 0 0 0 0.14004121 0 1 1 191681.97 4 1.6584255 1.6584255 1.6584255 1.6584255
"I.9.5.csv"	19	-0.00022928154
3 1 1.6584255 5.7904134 0.061226 20 8.2859759 0.84266685 2.9814045 0.76944289 6 0 0 0 0.14004121 0 1 1 191681.97 4 1.6584255 1.6584255 1.6584255 1.6584255
"I.9.5.csv"	19	-0.00022928154
3 1 1.6584255 5.7904134 0.061226 20 8.2859759 0.84266685 2.9814045 0.76944289 6 0 0 0 0.14004121 0 1 1 191681.97 4 1.6584255 1.6584255 1.6584255 1.6584255
"I.9.5.csv"	19	-0.00022928154
3 1 1.6584255 5.7904134 0.061226 20 8.2859759 0.84266685 2.9814045 0.76944289 6 0 0 0 0.14004121 0 1 1 191681.97 4 1.6584255 1.6584255 1.6584255 1.6584255
"I.9.5.csv"	19	-0.00022928154
3 1 1.6584255 5.7904134 0.061226 20 8.2859759 0.84266685 2.9814045 0.76944289 6 0 0 0 0.14004121 0 1 1 191681.97 4 1.6584255 1.6584255 1.6584255 1.6584255
"I.9.5.csv"	19	-0.00022928154
3 1 1.6584255 5.7904134 0.061226 20 8.2859759 0.84266685 2.9814045 0.76944289 6 0 0 0 0.14004121 0 1 1 191681.97 4 1.6584255 1.6584255 1.6584255 1.6584255
"I.9.5.csv"	19	-0.00022928154
3 1 1.6584255 5.7904134 0.061226 20 8.2859759 0.84266685 2.9814045 0.76944289 6 0 0 0 0.14004121 0 1 1 191681.97 4 1.6584255 1.6584255 1.6584255 1.6584255
"I.9.5.csv"	19	-0.00022928154
3 1 1.6584255 5.7904134 0.061226 20 8.2859759 0.84266685 2.9814045 0.76944289 6 0 0 0 0.14004121 0 1 1 191681.97 4 1.6584255 1.6584255 1.6584255 1.6584255
"I.9.5.csv"	4	-0.00022928154
3 1 1.6584255 5.7904134 0.061226 20 8.2859759 0.84266685 2.9814045 0.76944289 6 0 0 0 0.14004121 0 1 1 191681.97 4 1.6584255 1.6584255 1.6584255 1.6584255
"I.9.5.csv"	17	-0.00022928154
3 1 1.6584255 5.7904134 0.061226 20 8.2859759 0.84266685 2.9814045 0.76944289 6 0 0 0 0.14004121 0 1 1 191681.97 4 1.6584255 1.6584255 1.6584255 1.6584255
"I.9.5.csv"	17	-0.00022928154
3 1 1.6584255 5.7904134 0.061226 20 8.2859759 0.84266685 2.9814045 0.76944289 6 0 0 0 0.14004121 0 1 1 191681.97 4 1.6584255 1.6584255 1.6584255 1.6584255
"I.9.5.csv"	19	-0.00023715243
3 1 1.6584255 5.7904134 0.061226 20 8.2859759 0.84266685 2.9814045 0.76944289 6 0 0 0 0.14004121 0 1 1 191681.97 4 1.6584255 1.6584255 1.6584255 1.6584255
"I.9.5.csv"	19	-0.00023715243
3 1 1.6584255 5.7904134 0.061226 20 8.2859759 0.84266685 2.9814045 0.76944289 6 0 0 0 0.14004121 0 1 1 191681.97 4 1.6584255 1.6584255 1.6584255 1.6584255
"I.9.5.csv"	19	-0.00023715243
3 1 1.6584255 5.7904134 0.061226 20 8.2859759 0.84266685 2.9814045 0.76944289 6 0 0 0 0.14004121 0 1 1 191681.97 4 1.6584255 1.6584255 1.6584255 1.6584255
"I.9.5.csv"	19	-0.00023715243
3 1 1.6584255 5.7904134 0.061226 20 8.2859759 0.84266685 2.9814045 0.76944289 6 0 0 0 0.14004121 0 1 1 191681.97 4 1.6584255 1.6584255 1.6584255 1.6584255
"I.9.5.csv"	19	-0.00023715243
3 1 1.6584255 5.7904134 0.061226 20 8.2859759 0.84266685 2.9814045 0.76944289 6 0 0 0 0.14004121 0 1 1 191681.97 4 1.6584255 1.6584255 1.6584255 1.6584255
"I.9.5.csv"	19	-0.00023715243
3 1 1.6584255 5.7904134 0.061226 20 8.2859759 0.84266685 2.9814045 0.76944289 6 0 0 0 0.14004121 0 1 1 191681.97 4 1.6584255 1.6584255 1.6584255 1.6584255
"I.9.5.csv"	19	-0.00023715243
3 1 1.6584255 5.7904134 0.061226 20 8.2859759 0.84266685 2.9814045 0.76944289 6 0 0 0 0.14004121 0 1 1 191681.97 4 1.6584255 1.6584255 1.6584255 1.6584255
"I.9.5.csv"	19	-0.00023715243
3 1 1.6584255 5.7904134 0.061226 20 8.2859759 0.84266685 2.9814045 0.76944289 6 0 0 0 0.14004121 0 1 1 191681.97 4 1.6584255 1.6584255 1.6584255 1.6584255
"I.9.5.csv"	19	-0.00023715243
3 1 1.6584255 5.7904134 0.061226 20 8.2859759 0.84266685 2.9814045 0.76944289 6 0 0 0 0.14004121 0 1 1 191681.97 4 1.6584255 1.6584255 1.6584255 1.6584255
"I.9.5.csv"	19	-0.00023715243
3 1 1.6584255 5.7904134 0.061226 20 8.2859759 0.84266685 2.9814045 0.76944289 6 0 0 0 0.14004121 0 1 1 191681.97 4 1.6584255 1.6584255 1.6584255 1.6584255
"I.9.5.csv"	19	-0.00023715243
3 1 1.6584255 5.7904134 0.061226 20 8.2859759 0.84266685 2.9814045 0.76944289 6 0 0 0 0.14004121 0 1 1 191681.97 4 1.6584255 1.6584255 1.6584255 1.6584255
"I.9.5.csv"	19	-0.00023715243
3 1 1.6584255 5.7904134 0.061226 20 8.2859759 0.84266685 2.9814045 0.76944289 6 0 0 0 0.14004121 0 1 1 191681.97 4 1.6584255 1.6584255 1.6584255 1.6584255
"I.9.5.csv"	4	-0.00023715243
3 1 1.6584255 5.7904134 0.061226 20 8.2859759 0.84266685 2.9814045 0.76944289 6 0 0 0 0.14004121 0 1 1 191681.97 4 1.6584255 1.6584255 1.6584255 1.6584255
"I.9.5.csv"	17	-0.00023715243
3 1 1.6584255 5.7904134 0.061226 20 8.2859759 0.84266685 2.9814045 0.76944289 6 0 0 0 0.14004121 0 1 1 191681.97 4 1.6584255 1.6584255 1.6584255 1.6584255
"I.9.5.csv"	17	-0.00023715243
3 1 1.6584255 5.7904134 0.061226 20 8.2859759 0.84266685 2.9814045 0.76944289 6 0 0 0 0.14004121 0 1 1 191681.97 4 1.6584255 1.6584255 1.6584255 1.6584255
"I.9.5.csv"	19	-0.00032728417
3 1 1.6584255 5.7904134 0.061226 20 8.2859759 0.84266685 2.9814045 0.76944289 6 0 0 0 0.14004121 0 1 1 191681.97 4 1.6584255 1.6584255 1.6584255 1.6584255
"I.9.5.csv"	19	-0.00032728417
3 1 1.6584255 5.7904134 0.061226 20 8.2859759 0.84266685 2.9814045 0.76944289 6 0 0 0 0.14004121 0 1 1 191681.97 4 1.6584255 1.6584255 1.6584255 1.6584255
"I.9.5.csv"	19	-0.00032728417
3 1 1.6584255 5.7904134 0.061226 20 8.2859759 0.84266685 2.9814045 0.76944289 6 0 0 0 0.14004121 0 1 1 191681.97 4 1.6584255 1.6584255 1.6584255 1.6584255
"I.9.5.csv"	19	-0.00032728417
3 1 1.6584255 5.7904134 0.061226 20 8.2859759 0.84266685 2.9814045 0.76944289 6 0 0 0 0.14004121 0 1 1 191681.97 4 1.6584255 1.6584255 1.6584255 1.6584255
"I.9.5.csv"	19	-0.00032728417
3 1 1.6584255 5.7904134 0.061226 20 8.2859759 0.84266685 2.9814045 0.76944289 6 0 0 0 0.14004121 0 1 1 191681.97 4 1.6584255 1.6584255 1.6584255 1.6584255
"I.9.5.csv"	19	-0.00032728417
3 1 1.6584255 5.7904134 0.061226 20 8.2859759 0.84266685 2.9814045 0.76944289 6 0 0 0 0.14004121 0 1 1 191681.97 4 1.6584255 1.6584255 1.6584255 1.6584255
"I.9.5.csv"	19	-0.00032728417
3 1 1.6584255 5.7904134 0.061226 20 8.2859759 0.84266685 2.9814045 0.76944289 6 0 0 0 0.14004121 0 1 1 191681.97 4 1.6584255 1.6584255 1.6584255 1.6584255
"I.9.5.csv"	19	-0.00032728417
3 1 1.6584255 5.7904134 0.061226 20 8.2859759 0.84266685 2.9814045 0.76944289 6 0 0 0 0.14004121 0 1 1 191681.97 4 1.6584255 1.6584255 1.6584255 1.6584255
"I.9.5.csv"	19	-0.00032728417
3 1 1.6584255 5.7904134 0.061226 20 8.2859759 0.84266685 2.9814045 0.76944289 6 0 0 0 0.14004121 0 1 1 191681.97 4 1.6584255 1.6584255 1.6584255 1.6584255
"I.9.5.csv"	19	-0.00032728417
3 1 1.6584255 5.7904134 0.061226 20 8.2859759 0.84266685 2.9814045 0.76944289 6 0 0 0 0.14004121 0 1 1 191681.97 4 1.6584255 1.6584255 1.6584255 1.6584255
"I.9.5.csv"	19	-0.00032728417
3 1 1.6584255 5.7904134 0.061226 20 8.2859759 0.84266685 2.9814045 0.76944289 6 0 0 0 0.14004121 0 1 1 191681.97 4 1.6584255 1.6584255 1.6584255 1.6584255
"I.9.5.csv"	19	-0.00032728417
3 1 1.6584255 5.7904134 0.061226 20 8.2859759 0.84266685 2.9814045 0.76944289 6 0 0 0 0.14004121 0 1 1 191681.97 4 1.6584255 1.6584255 1.6584255 1.6584255
"I.9.5.csv"	4	-0.00032728417
3 1 1.6584255 5.7904134 0.061226 20 8.2859759 0.84266685 2.9814045 0.76944289 6 0 0 0 0.14004121 0 1 1 191681.97 4 1.6584255 1.6584255 1.6584255 1.6584255
"I.9.5.csv"	17	-0.00032728417
3 1 1.6584255 5.7904134 0.061226 20 8.2859759 0.84266685 2.9814045 0.76944289 6 0 0 0 0.14004121 0 1 1 191681.97 4 1.6584255 1.6584255 1.6584255 1.6584255
"I.9.5.csv"	17	-0.00032728417
3 1 1.6584255 5.7904134 0.061226 20 8.2859759 0.84266685 2.9814045 0.76944289 6 0 0 0 0.14004121 0 1 1 191681.97 4 1.6584255 1.6584255 1.6584255 1.6584255
"I.10.7.csv"	3	-0.23399254
2 1 3.8156645 3.5240054 1.008536 11.208712 5.4336215 0.97670219 6.1300881 6.8786095 4 1 1 1 0.042709406 0 1 1 165570.57 4 3.8156645 3.8156645 3.8156645 3.8156645
"I.10.7.csv"	1	-0.23399254
2 1 3.8156645 3.5240054 1.008536 11.208712 5.4336215 0.97670219 6.1300881 6.8786095 4 1 1 1 0.042709406 0 1 1 165570.57 4 3.8156645 3.8156645 3.8156645 3.8156645
"I.10.7.csv"	12	-0.23399254
2 1 3.8156645 3.5240054 1.008536 11.208712 5.4336215 0.97670219 6.1300881 6.8786095 4 1 1 1 0.042709406 0 1 1 165570.57 4 3.8156645 3.8156645 3.8156645 3.8156645
"I.10.7.csv"	21	-0.0038578524
2 1 3.8156645 3.5240054 1.008536 11.208712 5.4336215 0.97670219 6.1300881 6.8786095 4 1 1 1 0.042709406 0 1 1 165570.57 4 3.8156645 3.8156645 3.8156645 3.8156645
"I.10.7.csv"	1	-0.0038578524
2 1 3.8156645 3.5240054 1.008536 11.208712 5.4336215 0.97670219 6.1300881 6.8786095 4 1 1 1 0.042709406 0 1 1 165570.57 4 3.8156645 3.8156645 3.8156645 3.8156645
"I.10.7.csv"	12	-0.0038578524
2 1 3.8156645 3.5240054 1.008536 11.208712 5.4336215 0.97670219 6.1300881 6.8786095 4 1 1 1 0.042709406 0 1 1 165570.57 4 3.8156645 3.8156645 3.8156645 3.8156645
"I.12.5.csv"	4	0.031152747
3 1 -3.5960236 8.2806869 -14.497795 -0.290189 4.9372796 0.96895171 2.1403813 0.56761114 6 0 0 0 0.11800832 0 1 0 186326.52 4 -3.5960236 -3.5960236 -3.5960236 -3.5960236
"I.12.5.csv"	21	0.016916636
3 1 -3.5960236 8.2806869 -14.497795 -0.290189 4.9372796 0.96895171 2.1403813 0.56761114 6 0 0 0 0.11800832 0 1 0 186326.52 4 -3.5960236 -3.5960236 -3.5960236 -3.5960236
"I.12.5.csv"	1	-0.31097061
3 1 -3.5960236 8.2806869 -14.497795 -0.290189 4.9372796 0.96895171 2.1403813 0.56761114 6 0 0 0 0.11800832 0 1 0 186326.52 4 -3.5960236 -3.5960236 -3.5960236 -3.5960236
"I.12.5.csv"	12	-0.31097061
3 1 -3.5960236 8.2806869 -14.497795 -0.290189 4.9372796 0.96895171 2.1403813 0.56761114 6 0 0 0 0.11800832 0 1 0 186326.52 4 -3.5960236 -3.5960236 -3.5960236 -3.5960236
"I.12.5.csv"	19	0.040636654
3 1 -3.5960236 8.2806869 -14.497795 -0.290189 4.9372796 0.96895171 2.1403813 0.56761114 6 0 0 0 0.11800832 0 1 0 186326.52 4 -3.5960236 -3.5960236 -3.5960236 -3.5960236
"I.12.5.csv"	19	0.05463937
3 1 -3.5960236 8.2806869 -14.497795 -0.290189 4.9372796 0.96895171 2.1403813 0.56761114 6 0 0 0 0.11800832 0 1 0 186326.52 4 -3.5960236 -3.5960236 -3.5960236 -3.5960236
"I.12.5.csv"	19	-0.0038220635
3 1 -3.5960236 8.2806869 -14.497795 -0.290189 4.9372796 0.96895171 2.1403813 0.56761114 6 0 0 0 0.11800832 0 1 0 186326.52 4 -3.5960236 -3.5960236 -3.5960236 -3.5960236
"I.12.5.csv"	4	-0.0038220635
3 1 -3.5960236 8.2806869 -14.497795 -0.290189 4.9372796 0.96895171 2.1403813 0.56761114 6 0 0 0 0.11800832 0 1 0 186326.52 4 -3.5960236 -3.5960236 -3.5960236 -3.5960236
"I.12.5.csv"	17	0.00034013411
3 1 -3.5960236 8.2806869 -14.497795 -0.290189 4.9372796 0.96895171 2.1403813 0.56761114 6 0 0 0 0.11800832 0 1 0 186326.52 4 -3.5960236 -3.5960236 -3.5960236 -3.5960236
"I.12.5.csv"	21	0.001862924
3 1 -3.5960236 8.2806869 -14.497795 -0.290189 4.9372796 0.96895171 2.1403813 0.56761114 6 0 0 0 0.11800832 0 1 0 186326.52 4 -3.5960236 -3.5960236 -3.5960236 -3.5960236
"I.12.5.csv"	12	-0.0038220635
3 1 -3.5960236 8.2806869 -14.497795 -0.290189 4.9372796 0.96895171 2.1403813 0.56761114 6 0 0 0 0.11800832 0 1 0 186326.52 4 -3.5960236 -3.5960236 -3.5960236 -3.5960236
"I.12.5.csv"	1	-0.0038220635
3 1 -3.5960236 8.2806869 -14.497795 -0.290189 4.9372796 0.96895171 2.1403813 0.56761114 6 0 0 0 0.11800832 0 1 0 186326.52 4 -3.5960236 -3.5960236 -3.5960236 -3.5960236
"I.12.5.csv"	3	0.0016113443
3 1 -3.5960236 8.2806869 -14.497795 -0.290189 4.9372796 0.96895171 2.1403813 0.56761114 6 0 0 0 0.11800832 0 1 0 186326.52 4 -3.5960236 -3.5960236 -3.5960236 -3.5960236
"I.13.12.csv"	1	-112.68627
2 1 16.429078 34.247702 0.837635 20 3.2744125 0.90043683 15.279663 1.4001279 5 0 0 0 0.075587279 1 1 1 57325.768 4 16.429078 16.429078 16.429078 16.429078
"I.13.12.csv"	12	-112.68627
2 1 16.429078 34.247702 0.837635 20 3.2744125 0.90043683 15.279663 1.4001279 5 0 0 0 0.075587279 1 1 1 57325.768 4 16.429078 16.429078 16.429078 16.429078
"I.13.12.csv"	3	0.57013589
2 1 16.429078 34.247702 0.837635 20 3.2744125 0.90043683 15.279663 1.4001279 5 0 0 0 0.075587279 1 1 1 57325.768 4 16.429078 16.429078 16.429078 16.429078
"I.13.12.csv"	12	-0.56070665
2 1 16.429078 34.247702 0.837635 20 3.2744125 0.90043683 15.279663 1.4001279 5 0 0 0 0.075587279 1 1 1 57325.768 4 16.429078 16.429078 16.429078 16.429078
"I.13.12.csv"	4	0.48874707
2 1 16.429078 34.247702 0.837635 20 3.2744125 0.90043683 15.279663 1.4001279 5 0 0 0 0.075587279 1 1 1 57325.768 4 16.429078 16.429078 16.429078 16.429078
"I.13.12.csv"	2	0.0040263232
2 1 16.429078 34.247702 0.837635 20 3.2744125 0.90043683 15.279663 1.4001279 5 0 0 0 0.075587279 1 1 1 57325.768 4 16.429078 16.429078 16.429078 16.429078
"I.13.12.csv"	21	-0.087085957
2 1 16.429078 34.247702 0.837635 20 3.2744125 0.90043683 15.279663 1.4001279 5 0 0 0 0.075587279 1 1 1 57325.768 4 16.429078 16.429078 16.429078 16.429078
"I.13.12.csv"	3	-0.087085957
2 1 16.429078 34.247702 0.837635 20 3.2744125 0.90043683 15.279663 1.4001279 5 0 0 0 0.075587279 1 1 1 57325.768 4 16.429078 16.429078 16.429078 16.429078
"I.13.12.csv"	12	-0.087085957
2 1 16.429078 34.247702 0.837635 20 3.2744125 0.90043683 15.279663 1.4001279 5 0 0 0 0.075587279 1 1 1 57325.768 4 16.429078 16.429078 16.429078 16.429078
"I.13.12.csv"	4	-0.087085957
2 1 16.429078 34.247702 0.837635 20 3.2744125 0.90043683 15.279663 1.4001279 5 0 0 0 0.075587279 1 1 1 57325.768 4 16.429078 16.429078 16.429078 16.429078
"I.13.12.csv"	2	0.16865097
2 1 16.429078 34.247702 0.837635 20 3.2744125 0.90043683 15.279663 1.4001279 5 0 0 0 0.075587279 1 1 1 57325.768 4 16.429078 16.429078 16.429078 16.429078
"I.13.12.csv"	21	0.025763952
2 1 16.429078 34.247702 0.837635 20 3.2744125 0.90043683 15.279663 1.4001279 5 0 0 0 0.075587279 1 1 1 57325.768 4 16.429078 16.429078 16.429078 16.429078
"I.13.12.csv"	3	0.025830686
2 1 16.429078 34.247702 0.837635 20 3.2744125 0.90043683 15.279663 1.4001279 5 0 0 0 0.075587279 1 1 1 57325.768 4 16.429078 16.429078 16.429078 16.429078
"I.13.12.csv"	4	0.13026989
2 1 16.429078 34.247702 0.837635 20 3.2744125 0.90043683 15.279663 1.4001279 5 0 0 0 0.075587279 1 1 1 57325.768 4 16.429078 16.429078 16.429078 16.429078
"I.13.12.csv"	17	0.076696024
2 1 16.429078 34.247702 0.837635 20 3.2744125 0.90043683 15.279663 1.4001279 5 0 0 0 0.075587279 1 1 1 57325.768 4 16.429078 16.429078 16.429078 16.429078
"I.13.12.csv"	17	0.079247946
2 1 16.429078 34.247702 0.837635 20 3.2744125 0.90043683 15.279663 1.4001279 5 0 0 0 0.075587279 1 1 1 57325.768 4 16.429078 16.429078 16.429078 16.429078
"I.13.12.csv"	21	0.07439401
2 1 16.429078 34.247702 0.837635 20 3.2744125 0.90043683 15.279663 1.4001279 5 0 0 0 0.075587279 1 1 1 57325.768 4 16.429078 16.429078 16.429078 16.429078
"I.13.12.csv"	2	0.10753997
2 1 16.429078 34.247702 0.837635 20 3.2744125 0.90043683 15.279663 1.4001279 5 0 0 0 0.075587279 1 1 1 57325.768 4 16.429078 16.429078 16.429078 16.429078
"I.13.12.csv"	12	-0.13879101
2 1 16.429078 34.247702 0.837635 20 3.2744125 0.90043683 15.279663 1.4001279 5 0 0 0 0.075587279 1 1 1 57325.768 4 16.429078 16.429078 16.429078 16.429078
"I.13.12.csv"	3	0.06778903
2 1 16.429078 34.247702 0.837635 20 3.2744125 0.90043683 15.279663 1.4001279 5 0 0 0 0.075587279 1 1 1 57325.768 4 16.429078 16.429078 16.429078 16.429078
"I.13.12.csv"	4	0.056263032
2 1 16.429078 34.247702 0.837635 20 3.2744125 0.90043683 15.279663 1.4001279 5 0 0 0 0.075587279 1 1 1 57325.768 4 16.429078 16.429078 16.429078 16.429078
"I.13.12.csv"	17	0.056552026
2 1 16.429078 34.247702 0.837635 20 3.2744125 0.90043683 15.279663 1.4001279 5 0 0 0 0.075587279 1 1 1 57325.768 4 16.429078 16.429078 16.429078 16.429078
"I.13.12.csv"	17	0.055667646
2 1 16.429078 34.247702 0.837635 20 3.2744125 0.90043683 15.279663 1.4001279 5 0 0 0 0.075587279 1 1 1 57325.768 4 16.429078 16.429078 16.429078 16.429078
"I.13.12.csv"	21	0.056323855
2 1 16.429078 34.247702 0.837635 20 3.2744125 0.90043683 15.279663 1.4001279 5 0 0 0 0.075587279 1 1 1 57325.768 4 16.429078 16.429078 16.429078 16.429078
"I.13.12.csv"	2	0.056316705
2 1 16.429078 34.247702 0.837635 20 3.2744125 0.90043683 15.279663 1.4001279 5 0 0 0 0.075587279 1 1 1 57325.768 4 16.429078 16.429078 16.429078 16.429078
"I.13.12.csv"	12	-0.045174115
2 1 16.429078 34.247702 0.837635 20 3.2744125 0.90043683 15.279663 1.4001279 5 0 0 0 0.075587279 1 1 1 57325.768 4 16.429078 16.429078 16.429078 16.429078
"I.14.3.csv"	21	0.0033756067
4 1 2.8627277 0.66384827 1.109107 4.896754 4.6487381 0.99758868 0.55364363 0.088808774 11 0 0 0 0.05512074 0 1 1 330241 4 2.8627277 2.8627277 2.8627277 2.8627277
"I.14.3.csv"	3	0.0018014185
4 1 2.8627277 0.66384827 1.109107 4.896754 4.6487381 0.99758868 0.55364363 0.088808774 11 0 0 0 0.05512074 0 1 1 330241 4 2.8627277 2.8627277 2.8627277 2.8627277
"I.14.3.csv"	1	-0.064766744
4 1 2.8627277 0.66384827 1.109107 4.896754 4.6487381 0.99758868 0.55364363 0.088808774 11 0 0 0 0.05512074 0 1 1 330241 4 2.8627277 2.8627277 2.8627277 2.8627277
"I.14.3.csv"	12	-0.064766744
4 1 2.8627277 0.66384827 1.109107 4.896754 4.6487381 0.99758868 0.55364363 0.088808774 11 0 0 0 0.05512074 0 1 1 330241 4 2.8627277 2.8627277 2.8627277 2.8627277
"I.14.3.csv"	19	0.0072404127
4 1 2.8627277 0.66384827 1.109107 4.896754 4.6487381 0.99758868 0.55364363 0.088808774 11 0 0 0 0.05512074 0 1 1 330241 4 2.8627277 2.8627277 2.8627277 2.8627277
"I.14.3.csv"	19	0.0017291513
4 1 2.8627277 0.66384827 1.109107 4.896754 4.6487381 0.99758868 0.55364363 0.088808774 11 0 0 0 0.05512074 0 1 1 330241 4 2.8627277 2.8627277 2.8627277 2.8627277
"I.14.3.csv"	4	-0.0013546145
4 1 2.8627277 0.66384827 1.109107 4.896754 4.6487381 0.99758868 0.55364363 0.088808774 11 0 0 0 0.05512074 0 1 1 330241 4 2.8627277 2.8627277 2.8627277 2.8627277
"I.14.3.csv"	21	-0.0013546145
4 1 2.8627277 0.66384827 1.109107 4.896754 4.6487381 0.99758868 0.55364363 0.088808774 11 0 0 0 0.05512074 0 1 1 330241 4 2.8627277 2.8627277 2.8627277 2.8627277
"I.14.3.csv"	3	0.0001702162
4 1 2.8627277 0.66384827 1.109107 4.896754 4.6487381 0.99758868 0.55364363 0.088808774 11 0 0 0 0.05512074 0 1 1 330241 4 2.8627277 2.8627277 2.8627277 2.8627277
"I.14.3.csv"	1	-0.0013546145
4 1 2.8627277 0.66384827 1.109107 4.896754 4.6487381 0.99758868 0.55364363 0.088808774 11 0 0 0 0.05512074 0 1 1 330241 4 2.8627277 2.8627277 2.8627277 2.8627277
"I.14.3.csv"	12	-0.0013546145
4 1 2.8627277 0.66384827 1.109107 4.896754 4.6487381 0.99758868 0.55364363 0.088808774 11 0 0 0 0.05512074 0 1 1 330241 4 2.8627277 2.8627277 2.8627277 2.8627277
"I.14.3.csv"	19	-0.0013546145
4 1 2.8627277 0.66384827 1.109107 4.896754 4.6487381 0.99758868 0.55364363 0.088808774 11 0 0 0 0.05512074 0 1 1 330241 4 2.8627277 2.8627277 2.8627277 2.8627277
"I.14.3.csv"	19	-0.0013546145
4 1 2.8627277 0.66384827 1.109107 4.896754 4.6487381 0.99758868 0.55364363 0.088808774 11 0 0 0 0.05512074 0 1 1 330241 4 2.8627277 2.8627277 2.8627277 2.8627277
"I.14.3.csv"	19	0.00094614406
4 1 2.8627277 0.66384827 1.109107 4.896754 4.6487381 0.99758868 0.55364363 0.088808774 11 0 0 0 0.05512074 0 1 1 330241 4 2.8627277 2.8627277 2.8627277 2.8627277
"I.14.3.csv"	19	-0.0013546145
4 1 2.8627277 0.66384827 1.109107 4.896754 4.6487381 0.99758868 0.55364363 0.088808774 11 0 0 0 0.05512074 0 1 1 330241 4 2.8627277 2.8627277 2.8627277 2.8627277
"I.14.3.csv"	19	-0.0013546145
4 1 2.8627277 0.66384827 1.109107 4.896754 4.6487381 0.99758868 0.55364363 0.088808774 11 0 0 0 0.05512074 0 1 1 330241 4 2.8627277 2.8627277 2.8627277 2.8627277
"I.14.3.csv"	4	-0.00040337874
4 1 2.8627277 0.66384827 1.109107 4.896754 4.6487381 0.99758868 0.55364363 0.088808774 11 0 0 0 0.05512074 0 1 1 330241 4 2.8627277 2.8627277 2.8627277 2.8627277
"I.14.3.csv"	14	0.00015214241
4 1 2.8627277 0.66384827 1.109107 4.896754 4.6487381 0.99758868 0.55364363 0.088808774 11 0 0 0 0.05512074 0 1 1 330241 4 2.8627277 2.8627277 2.8627277 2.8627277
"I.14.3.csv"	21	-0.00040337874
4 1 2.8627277 0.66384827 1.109107 4.896754 4.6487381 0.99758868 0.55364363 0.088808774 11 0 0 0 0.05512074 0 1 1 330241 4 2.8627277 2.8627277 2.8627277 2.8627277
"I.14.3.csv"	3	-0.00040337874
4 1 2.8627277 0.66384827 1.109107 4.896754 4.6487381 0.99758868 0.55364363 0.088808774 11 0 0 0 0.05512074 0 1 1 330241 4 2.8627277 2.8627277 2.8627277 2.8627277
"I.14.3.csv"	1	-0.00040337874
4 1 2.8627277 0.66384827 1.109107 4.896754 4.6487381 0.99758868 0.55364363 0.088808774 11 0 0 0 0.05512074 0 1 1 330241 4 2.8627277 2.8627277 2.8627277 2.8627277
"I.14.3.csv"	12	-0.00040337874
4 1 2.8627277 0.66384827 1.109107 4.896754 4.6487381 0.99758868 0.55364363 0.088808774 11 0 0 0 0.05512074 0 1 1 330241 4 2.8627277 2.8627277 2.8627277 2.8627277
"I.14.3.csv"	2	-0.00040337874
4 1 2.8627277 0.66384827 1.109107 4.896754 4.6487381 0.99758868 0.55364363 0.088808774 11 0 0 0 0.05512074 0 1 1 330241 4 2.8627277 2.8627277 2.8627277 2.8627277
"I.14.3.csv"	17	-0.00040337874
4 1 2.8627277 0.66384827 1.109107 4.896754 4.6487381 0.99758868 0.55364363 0.088808774 11 0 0 0 0.05512074 0 1 1 330241 4 2.8627277 2.8627277 2.8627277 2.8627277
"I.14.3.csv"	17	-0.00040337874
4 1 2.8627277 0.66384827 1.109107 4.896754 4.6487381 0.99758868 0.55364363 0.088808774 11 0 0 0 0.05512074 0 1 1 330241 4 2.8627277 2.8627277 2.8627277 2.8627277
"I.14.3.csv"	19	-0.00040337874
4 1 2.8627277 0.66384827 1.109107 4.896754 4.6487381 0.99758868 0.55364363 0.088808774 11 0 0 0 0.05512074 0 1 1 330241 4 2.8627277 2.8627277 2.8627277 2.8627277
"I.14.3.csv"	19	-0.00040337874
4 1 2.8627277 0.66384827 1.109107 4.896754 4.6487381 0.99758868 0.55364363 0.088808774 11 0 0 0 0.05512074 0 1 1 330241 4 2.8627277 2.8627277 2.8627277 2.8627277
"I.14.3.csv"	19	-0.00040337874
4 1 2.8627277 0.66384827 1.109107 4.896754 4.6487381 0.99758868 0.55364363 0.088808774 11 0 0 0 0.05512074 0 1 1 330241 4 2.8627277 2.8627277 2.8627277 2.8627277
"I.14.3.csv"	19	-0.00040337874
4 1 2.8627277 0.66384827 1.109107 4.896754 4.6487381 0.99758868 0.55364363 0.088808774 11 0 0 0 0.05512074 0 1 1 330241 4 2.8627277 2.8627277 2.8627277 2.8627277
"I.14.3.csv"	19	-0.00040337874
4 1 2.8627277 0.66384827 1.109107 4.896754 4.6487381 0.99758868 0.55364363 0.088808774 11 0 0 0 0.05512074 0 1 1 330241 4 2.8627277 2.8627277 2.8627277 2.8627277
"I.14.3.csv"	19	-0.00040337874
4 1 2.8627277 0.66384827 1.109107 4.896754 4.6487381 0.99758868 0.55364363 0.088808774 11 0 0 0 0.05512074 0 1 1 330241 4 2.8627277 2.8627277 2.8627277 2.8627277
"I.14.3.csv"	4	-0.00040270347
4 1 2.8627277 0.66384827 1.109107 4.896754 4.6487381 0.99758868 0.55364363 0.088808774 11 0 0 0 0.05512074 0 1 1 330241 4 2.8627277 2.8627277 2.8627277 2.8627277
"I.14.3.csv"	21	-0.00040270347
4 1 2.8627277 0.66384827 1.109107 4.896754 4.6487381 0.99758868 0.55364363 0.088808774 11 0 0 0 0.05512074 0 1 1 330241 4 2.8627277 2.8627277 2.8627277 2.8627277
"I.14.3.csv"	3	-0.00040270347
4 1 2.8627277 0.66384827 1.109107 4.896754 4.6487381 0.99758868 0.55364363 0.088808774 11 0 0 0 0.05512074 0 1 1 330241 4 2.8627277 2.8627277 2.8627277 2.8627277
"I.14.3.csv"	1	-0.00040270347
4 1 2.8627277 0.66384827 1.109107 4.896754 4.6487381 0.99758868 0.55364363 0.088808774 11 0 0 0 0.05512074 0 1 1 330241 4 2.8627277 2.8627277 2.8627277 2.8627277
"I.14.3.csv"	12	-0.00040270347
4 1 2.8627277 0.66384827 1.109107 4.896754 4.6487381 0.99758868 0.55364363 0.088808774 11 0 0 0 0.05512074 0 1 1 330241 4 2.8627277 2.8627277 2.8627277 2.8627277
"I.14.3.csv"	2	-0.00040270347
4 1 2.8627277 0.66384827 1.109107 4.896754 4.6487381 0.99758868 0.55364363 0.088808774 11 0 0 0 0.05512074 0 1 1 330241 4 2.8627277 2.8627277 2.8627277 2.8627277
"I.14.3.csv"	17	-0.00040270347
4 1 2.8627277 0.66384827 1.109107 4.896754 4.6487381 0.99758868 0.55364363 0.088808774 11 0 0 0 0.05512074 0 1 1 330241 4 2.8627277 2.8627277 2.8627277 2.8627277
"I.14.3.csv"	17	-0.00040270347
4 1 2.8627277 0.66384827 1.109107 4.896754 4.6487381 0.99758868 0.55364363 0.088808774 11 0 0 0 0.05512074 0 1 1 330241 4 2.8627277 2.8627277 2.8627277 2.8627277
"I.14.3.csv"	19	-0.00040270347
4 1 2.8627277 0.66384827 1.109107 4.896754 4.6487381 0.99758868 0.55364363 0.088808774 11 0 0 0 0.05512074 0 1 1 330241 4 2.8627277 2.8627277 2.8627277 2.8627277
"I.14.3.csv"	19	-0.00040270347
4 1 2.8627277 0.66384827 1.109107 4.896754 4.6487381 0.99758868 0.55364363 0.088808774 11 0 0 0 0.05512074 0 1 1 330241 4 2.8627277 2.8627277 2.8627277 2.8627277
"I.14.3.csv"	19	-0.00040270347
4 1 2.8627277 0.66384827 1.109107 4.896754 4.6487381 0.99758868 0.55364363 0.088808774 11 0 0 0 0.05512074 0 1 1 330241 4 2.8627277 2.8627277 2.8627277 2.8627277
"I.14.3.csv"	19	-0.00040270347
4 1 2.8627277 0.66384827 1.109107 4.896754 4.6487381 0.99758868 0.55364363 0.088808774 11 0 0 0 0.05512074 0 1 1 330241 4 2.8627277 2.8627277 2.8627277 2.8627277
"I.14.3.csv"	19	-0.00040270347
4 1 2.8627277 0.66384827 1.109107 4.896754 4.6487381 0.99758868 0.55364363 0.088808774 11 0 0 0 0.05512074 0 1 1 330241 4 2.8627277 2.8627277 2.8627277 2.8627277
"I.14.3.csv"	19	-0.00040270347
4 1 2.8627277 0.66384827 1.109107 4.896754 4.6487381 0.99758868 0.55364363 0.088808774 11 0 0 0 0.05512074 0 1 1 330241 4 2.8627277 2.8627277 2.8627277 2.8627277
"I.15.3.csv"	1	-0.0052268566
2 1 0.012713419 0.16937709 -0.84594 0.832693 4.0787626 0.99061336 0.41938041 0.89269499 3 1 0 0 0.03315701 0 1 0 18973.962 4 0.012713419 0.012713419 0.012713419 0.012713419
"I.15.3.csv"	12	-0.0052268566
2 1 0.012713419 0.16937709 -0.84594 0.832693 4.0787626 0.99061336 0.41938041 0.89269499 3 1 0 0 0.03315701 0 1 0 18973.962 4 0.012713419 0.012713419 0.012713419 0.012713419
"I.15.3.csv"	21	-5.4355996e-05
2 1 0.012713419 0.16937709 -0.84594 0.832693 4.0787626 0.99061336 0.41938041 0.89269499 3 1 0 0 0.03315701 0 1 0 18973.962 4 0.012713419 0.012713419 0.012713419 0.012713419
"I.15.3.csv"	1	-5.4355996e-05
2 1 0.012713419 0.16937709 -0.84594 0.832693 4.0787626 0.99061336 0.41938041 0.89269499 3 1 0 0 0.03315701 0 1 0 18973.962 4 0.012713419 0.012713419 0.012713419 0.012713419
"I.15.3.csv"	12	-5.4355996e-05
2 1 0.012713419 0.16937709 -0.84594 0.832693 4.0787626 0.99061336 0.41938041 0.89269499 3 1 0 0 0.03315701 0 1 0 18973.962 4 0.012713419 0.012713419 0.012713419 0.012713419
"I.15.10.csv"	1	-0.00054279699
2 1 0.77650366 0.030267995 0.272414 0.987403 4.1096755 0.99988022 1.155612 1.0087958 5 0 0 0 -0.0034013359 0 1 1 43169.333 4 0.77650366 0.77650366 0.77650366 0.77650366
"I.15.10.csv"	12	-0.00054279699
2 1 0.77650366 0.030267995 0.272414 0.987403 4.1096755 0.99988022 1.155612 1.0087958 5 0 0 0 -0.0034013359 0 1 1 43169.333 4 0.77650366 0.77650366 0.77650366 0.77650366
"I.15.10.csv"	2	3.7770882e-05
2 1 0.77650366 0.030267995 0.272414 0.987403 4.1096755 0.99988022 1.155612 1.0087958 5 0 0 0 -0.0034013359 0 1 1 43169.333 4 0.77650366 0.77650366 0.77650366 0.77650366
"I.15.10.csv"	4	8.1410551e-06
2 1 0.77650366 0.030267995 0.272414 0.987403 4.1096755 0.99988022 1.155612 1.0087958 5 0 0 0 -0.0034013359 0 1 1 43169.333 4 0.77650366 0.77650366 0.77650366 0.77650366
"I.15.10.csv"	3	-1.4602623e-05
2 1 0.77650366 0.030267995 0.272414 0.987403 4.1096755 0.99988022 1.155612 1.0087958 5 0 0 0 -0.0034013359 0 1 1 43169.333 4 0.77650366 0.77650366 0.77650366 0.77650366
"I.15.10.csv"	1	-1.4602623e-05
2 1 0.77650366 0.030267995 0.272414 0.987403 4.1096755 0.99988022 1.155612 1.0087958 5 0 0 0 -0.0034013359 0 1 1 43169.333 4 0.77650366 0.77650366 0.77650366 0.77650366
"I.15.10.csv"	2	-1.4602623e-05
2 1 0.77650366 0.030267995 0.272414 0.987403 4.1096755 0.99988022 1.155612 1.0087958 5 0 0 0 -0.0034013359 0 1 1 43169.333 4 0.77650366 0.77650366 0.77650366 0.77650366
"I.15.10.csv"	4	-1.4565782e-05
2 1 0.77650366 0.030267995 0.272414 0.987403 4.1096755 0.99988022 1.155612 1.0087958 5 0 0 0 -0.0034013359 0 1 1 43169.333 4 0.77650366 0.77650366 0.77650366 0.77650366
"I.15.10.csv"	3	-1.4565782e-05
2 1 0.77650366 0.030267995 0.272414 0.987403 4.1096755 0.99988022 1.155612 1.0087958 5 0 0 0 -0.0034013359 0 1 1 43169.333 4 0.77650366 0.77650366 0.77650366 0.77650366
"I.15.10.csv"	1	-1.4565782e-05
2 1 0.77650366 0.030267995 0.272414 0.987403 4.1096755 0.99988022 1.155612 1.0087958 5 0 0 0 -0.0034013359 0 1 1 43169.333 4 0.77650366 0.77650366 0.77650366 0.77650366
"I.15.10.csv"	2	-1.4565782e-05
2 1 0.77650366 0.030267995 0.272414 0.987403 4.1096755 0.99988022 1.155612 1.0087958 5 0 0 0 -0.0034013359 0 1 1 43169.333 4 0.77650366 0.77650366 0.77650366 0.77650366
"I.15.10.csv"	3	-1.4354523e-05
2 1 0.77650366 0.030267995 0.272414 0.987403 4.1096755 0.99988022 1.155612 1.0087958 5 0 0 0 -0.0034013359 0 1 1 43169.333 4 0.77650366 0.77650366 0.77650366 0.77650366
"I.15.10.csv"	1	-1.4354523e-05
2 1 0.77650366 0.030267995 0.272414 0.987403 4.1096755 0.99988022 1.155612 1.0087958 5 0 0 0 -0.0034013359 0 1 1 43169.333 4 0.77650366 0.77650366 0.77650366 0.77650366
"I.15.10.csv"	2	-1.4354523e-05
2 1 0.77650366 0.030267995 0.272414 0.987403 4.1096755 0.99988022 1.155612 1.0087958 5 0 0 0 -0.0034013359 0 1 1 43169.333 4 0.77650366 0.77650366 0.77650366 0.77650366
"I.15.10.csv"	4	1.6096457e-07
2 1 0.77650366 0.030267995 0.272414 0.987403 4.1096755 0.99988022 1.155612 1.0087958 5 0 0 0 -0.0034013359 0 1 1 43169.333 4 0.77650366 0.77650366 0.77650366 0.77650366
"I.15.10.csv"	1	-1.4965413e-05
2 1 0.77650366 0.030267995 0.272414 0.987403 4.1096755 0.99988022 1.155612 1.0087958 5 0 0 0 -0.0034013359 0 1 1 43169.333 4 0.77650366 0.77650366 0.77650366 0.77650366
"I.15.10.csv"	12	-1.4965413e-05
2 1 0.77650366 0.030267995 0.272414 0.987403 4.1096755 0.99988022 1.155612 1.0087958 5 0 0 0 -0.0034013359 0 1 1 43169.333 4 0.77650366 0.77650366 0.77650366 0.77650366
"I.18.4.csv"	4	-0.49563325
3 1 3.9016819 8.0130794 0.27381 14.992227 5.1994976 0.97206302 1.8491494 0.55504574 6 0 0 0 0.075875503 0 1 1 2104372.5 4 3.9016819 3.9016819 3.9016819 3.9016819
"I.18.4.csv"	1	-0.49563325
3 1 3.9016819 8.0130794 0.27381 14.992227 5.1994976 0.97206302 1.8491494 0.55504574 6 0 0 0 0.075875503 0 1 1 2104372.5 4 3.9016819 3.9016819 3.9016819 3.9016819
"I.18.4.csv"	12	-0.49563325
3 1 3.9016819 8.0130794 0.27381 14.992227 5.1994976 0.97206302 1.8491494 0.55504574 6 0 0 0 0.075875503 0 1 1 2104372.5 4 3.9016819 3.9016819 3.9016819 3.9016819
"I.18.4.csv"	19	0.10467915
3 1 3.9016819 8.0130794 0.27381 14.992227 5.1994976 0.97206302 1.8491494 0.55504574 6 0 0 0 0.075875503 0 1 1 2104372.5 4 3.9016819 3.9016819 3.9016819 3.9016819
"I.18.4.csv"	19	0.09163282
3 1 3.9016819 8.0130794 0.27381 14.992227 5.1994976 0.97206302 1.8491494 0.55504574 6 0 0 0 0.075875503 0 1 1 2104372.5 4 3.9016819 3.9016819 3.9016819 3.9016819
"I.18.4.csv"	21	-0.0012117423
3 1 3.9016819 8.0130794 0.27381 14.992227 5.1994976 0.97206302 1.8491494 0.55504574 6 0 0 0 0.075875503 0 1 1 2104372.5 4 3.9016819 3.9016819 3.9016819 3.9016819
"I.18.4.csv"	3	-0.0012117423
3 1 3.9016819 8.0130794 0.27381 14.992227 5.1994976 0.97206302 1.8491494 0.55504574 6 0 0 0 0.075875503 0 1 1 2104372.5 4 3.9016819 3.9016819 3.9016819 3.9016819
"I.18.4.csv"	1	-0.0012117423
3 1 3.9016819 8.0130794 0.27381 14.992227 5.1994976 0.97206302 1.8491494 0.55504574 6 0 0 0 0.075875503 0 1 1 2104372.5 4 3.9016819 3.9016819 3.9016819 3.9016819
"I.18.4.csv"	12	-0.0012117423
3 1 3.9016819 8.0130794 0.27381 14.992227 5.1994976 0.97206302 1.8491494 0.55504574 6 0 0 0 0.075875503 0 1 1 2104372.5 4 3.9016819 3.9016819 3.9016819 3.9016819
"I.18.4.csv"	2	-0.0012117423
3 1 3.9016819 8.0130794 0.27381 14.992227 5.1994976 0.97206302 1.8491494 0.55504574 6 0 0 0 0.075875503 0 1 1 2104372.5 4 3.9016819 3.9016819 3.9016819 3.9016819
"I.18.4.csv"	17	-0.0012117423
3 1 3.9016819 8.0130794 0.27381 14.992227 5.1994976 0.97206302 1.8491494 0.55504574 6 0 0 0 0.075875503 0 1 1 2104372.5 4 3.9016819 3.9016819 3.9016819 3.9016819
"I.18.4.csv"	17	-0.0012117423
3 1 3.9016819 8.0130794 0.27381 14.992227 5.1994976 0.97206302 1.8491494 0.55504574 6 0 0 0 0.075875503 0 1 1 2104372.5 4 3.9016819 3.9016819 3.9016819 3.9016819
"I.18.4.csv"	19	-0.0012117423
3 1 3.9016819 8.0130794 0.27381 14.992227 5.1994976 0.97206302 1.8491494 0.55504574 6 0 0 0 0.075875503 0 1 1 2104372.5 4 3.9016819 3.9016819 3.9016819 3.9016819
"I.18.4.csv"	19	-0.0012117423
3 1 3.9016819 8.0130794 0.27381 14.992227 5.1994976 0.97206302 1.8491494 0.55504574 6 0 0 0 0.075875503 0 1 1 2104372.5 4 3.9016819 3.9016819 3.9016819 3.9016819
"I.18.4.csv"	4	-0.00072285103
3 1 3.9016819 8.0130794 0.27381 14.992227 5.1994976 0.97206302 1.8491494 0.55504574 6 0 0 0 0.075875503 0 1 1 2104372.5 4 3.9016819 3.9016819 3.9016819 3.9016819
"I.18.4.csv"	21	-0.00072285103
3 1 3.9016819 8.0130794 0.27381 14.992227 5.1994976 0.97206302 1.8491494 0.55504574 6 0 0 0 0.075875503 0 1 1 2104372.5 4 3.9016819 3.9016819 3.9016819 3.9016819
"I.18.4.csv"	3	0.00038523929
3 1 3.9016819 8.0130794 0.27381 14.992227 5.1994976 0.97206302 1.8491494 0.55504574 6 0 0 0 0.075875503 0 1 1 2104372.5 4 3.9016819 3.9016819 3.9016819 3.9016819
"I.18.4.csv"	1	-0.00072285103
3 1 3.9016819 8.0130794 0.27381 14.992227 5.1994976 0.97206302 1.8491494 0.55504574 6 0 0 0 0.075875503 0 1 1 2104372.5 4 3.9016819 3.9016819 3.9016819 3.9016819
"I.18.4.csv"	12	-0.00072285103
3 1 3.9016819 8.0130794 0.27381 14.992227 5.1994976 0.97206302 1.8491494 0.55504574 6 0 0 0 0.075875503 0 1 1 2104372.5 4 3.9016819 3.9016819 3.9016819 3.9016819
"I.18.4.csv"	2	-0.00072285103
3 1 3.9016819 8.0130794 0.27381 14.992227 5.1994976 0.97206302 1.8491494 0.55504574 6 0 0 0 0.075875503 0 1 1 2104372.5 4 3.9016819 3.9016819 3.9016819 3.9016819
"I.18.4.csv"	17	-0.00072285103
3 1 3.9016819 8.0130794 0.27381 14.992227 5.1994976 0.97206302 1.8491494 0.55504574 6 0 0 0 0.075875503 0 1 1 2104372.5 4 3.9016819 3.9016819 3.9016819 3.9016819
"I.18.4.csv"	17	-0.00072285103
3 1 3.9016819 8.0130794 0.27381 14.992227 5.1994976 0.97206302 1.8491494 0.55504574 6 0 0 0 0.075875503 0 1 1 2104372.5 4 3.9016819 3.9016819 3.9016819 3.9016819
"I.18.4.csv"	19	-0.00072285103
3 1 3.9016819 8.0130794 0.27381 14.992227 5.1994976 0.97206302 1.8491494 0.55504574 6 0 0 0 0.075875503 0 1 1 2104372.5 4 3.9016819 3.9016819 3.9016819 3.9016819
"I.18.4.csv"	19	-0.00072285103
3 1 3.9016819 8.0130794 0.27381 14.992227 5.1994976 0.97206302 1.8491494 0.55504574 6 0 0 0 0.075875503 0 1 1 2104372.5 4 3.9016819 3.9016819 3.9016819 3.9016819
"I.18.4.csv"	19	-0.00072285103
3 1 3.9016819 8.0130794 0.27381 14.992227 5.1994976 0.97206302 1.8491494 0.55504574 6 0 0 0 0.075875503 0 1 1 2104372.5 4 3.9016819 3.9016819 3.9016819 3.9016819
"I.18.14.csv"	19	3.1529704
3 1 16.569247 27.309706 2.221924 20 3.4019368 0.92709582 10.84663 0.87916155 9 0 0 0 0.056839383 1 1 1 346022.59 4 16.569247 16.569247 16.569247 16.569247
"I.18.14.csv"	19	-19.533886
3 1 16.569247 27.309706 2.221924 20 3.4019368 0.92709582 10.84663 0.87916155 9 0 0 0 0.056839383 1 1 1 346022.59 4 16.569247 16.569247 16.569247 16.569247
"I.18.14.csv"	19	-19.533886
3 1 16.569247 27.309706 2.221924 20 3.4019368 0.92709582 10.84663 0.87916155 9 0 0 0 0.056839383 1 1 1 346022.59 4 16.569247 16.569247 16.569247 16.569247
"I.18.14.csv"	19	-0.13854845
3 1 16.569247 27.309706 2.221924 20 3.4019368 0.92709582 10.84663 0.87916155 9 0 0 0 0.056839383 1 1 1 346022.59 4 16.569247 16.569247 16.569247 16.569247
"I.18.14.csv"	19	-0.13854845
3 1 16.569247 27.309706 2.221924 20 3.4019368 0.92709582 10.84663 0.87916155 9 0 0 0 0.056839383 1 1 1 346022.59 4 16.569247 16.569247 16.569247 16.569247
"I.18.14.csv"	19	-0.13854845
3 1 16.569247 27.309706 2.221924 20 3.4019368 0.92709582 10.84663 0.87916155 9 0 0 0 0.056839383 1 1 1 346022.59 4 16.569247 16.569247 16.569247 16.569247
"I.18.14.csv"	19	-0.13854845
3 1 16.569247 27.309706 2.221924 20 3.4019368 0.92709582 10.84663 0.87916155 9 0 0 0 0.056839383 1 1 1 346022.59 4 16.569247 16.569247 16.569247 16.569247
"I.18.14.csv"	19	-0.13854845
3 1 16.569247 27.309706 2.221924 20 3.4019368 0.92709582 10.84663 0.87916155 9 0 0 0 0.056839383 1 1 1 346022.59 4 16.569247 16.569247 16.569247 16.569247
"I.18.14.csv"	19	-0.13854845
3 1 16.569247 27.309706 2.221924 20 3.4019368 0.92709582 10.84663 0.87916155 9 0 0 0 0.056839383 1 1 1 346022.59 4 16.569247 16.569247 16.569247 16.569247
"I.18.14.csv"	19	-0.13854845
3 1 16.569247 27.309706 2.221924 20 3.4019368 0.92709582 10.84663 0.87916155 9 0 0 0 0.056839383 1 1 1 346022.59 4 16.569247 16.569247 16.569247 16.569247
"I.18.14.csv"	19	-0.13854845
3 1 16.569247 27.309706 2.221924 20 3.4019368 0.92709582 10.84663 0.87916155 9 0 0 0 0.056839383 1 1 1 346022.59 4 16.569247 16.569247 16.569247 16.569247
"I.18.14.csv"	19	-0.13854845
3 1 16.569247 27.309706 2.221924 20 3.4019368 0.92709582 10.84663 0.87916155 9 0 0 0 0.056839383 1 1 1 346022.59 4 16.569247 16.569247 16.569247 16.569247
"I.18.14.csv"	19	-0.13854845
3 1 16.569247 27.309706 2.221924 20 3.4019368 0.92709582 10.84663 0.87916155 9 0 0 0 0.056839383 1 1 1 346022.59 4 16.569247 16.569247 16.569247 16.569247
"I.18.14.csv"	19	-0.13854845
3 1 16.569247 27.309706 2.221924 20 3.4019368 0.92709582 10.84663 0.87916155 9 0 0 0 0.056839383 1 1 1 346022.59 4 16.569247 16.569247 16.569247 16.569247
"I.18.14.csv"	19	-0.13854845
3 1 16.569247 27.309706 2.221924 20 3.4019368 0.92709582 10.84663 0.87916155 9 0 0 0 0.056839383 1 1 1 346022.59 4 16.569247 16.569247 16.569247 16.569247
"I.18.14.csv"	4	-0.13854845
3 1 16.569247 27.309706 2.221924 20 3.4019368 0.92709582 10.84663 0.87916155 9 0 0 0 0.056839383 1 1 1 346022.59 4 16.569247 16.569247 16.569247 16.569247
"I.18.14.csv"	17	-0.13854845
3 1 16.569247 27.309706 2.221924 20 3.4019368 0.92709582 10.84663 0.87916155 9 0 0 0 0.056839383 1 1 1 346022.59 4 16.569247 16.569247 16.569247 16.569247
"I.18.14.csv"	21	-0.092976443
3 1 16.569247 27.309706 2.221924 20 3.4019368 0.92709582 10.84663 0.87916155 9 0 0 0 0.056839383 1 1 1 346022.59 4 16.569247 16.569247 16.569247 16.569247
"I.18.14.csv"	2	-0.092976443
3 1 16.569247 27.309706 2.221924 20 3.4019368 0.92709582 10.84663 0.87916155 9 0 0 0 0.056839383 1 1 1 346022.59 4 16.569247 16.569247 16.569247 16.569247
"I.18.14.csv"	12	-0.092976443
3 1 16.569247 27.309706 2.221924 20 3.4019368 0.92709582 10.84663 0.87916155 9 0 0 0 0.056839383 1 1 1 346022.59 4 16.569247 16.569247 16.569247 16.569247
"I.18.14.csv"	4	-0.092976443
3 1 16.569247 27.309706 2.221924 20 3.4019368 0.92709582 10.84663 0.87916155 9 0 0 0 0.056839383 1 1 1 346022.59 4 16.569247 16.569247 16.569247 16.569247
"I.18.14.csv"	1	-0.092976443
3 1 16.569247 27.309706 2.221924 20 3.4019368 0.92709582 10.84663 0.87916155 9 0 0 0 0.056839383 1 1 1 346022.59 4 16.569247 16.569247 16.569247 16.569247
"I.18.14.csv"	3	-0.092976443
3 1 16.569247 27.309706 2.221924 20 3.4019368 0.92709582 10.84663 0.87916155 9 0 0 0 0.056839383 1 1 1 346022.59 4 16.569247 16.569247 16.569247 16.569247
"I.18.14.csv"	21	-0.047264259
3 1 16.569247 27.309706 2.221924 20 3.4019368 0.92709582 10.84663 0.87916155 9 0 0 0 0.056839383 1 1 1 346022.59 4 16.569247 16.569247 16.569247 16.569247
"I.18.14.csv"	3	-0.047264259
3 1 16.569247 27.309706 2.221924 20 3.4019368 0.92709582 10.84663 0.87916155 9 0 0 0 0.056839383 1 1 1 346022.59 4 16.569247 16.569247 16.569247 16.569247
"I.18.14.csv"	1	-0.047264259
3 1 16.569247 27.309706 2.221924 20 3.4019368 0.92709582 10.84663 0.87916155 9 0 0 0 0.056839383 1 1 1 346022.59 4 16.569247 16.569247 16.569247 16.569247
"I.18.14.csv"	12	-0.047264259
3 1 16.569247 27.309706 2.221924 20 3.4019368 0.92709582 10.84663 0.87916155 9 0 0 0 0.056839383 1 1 1 346022.59 4 16.569247 16.569247 16.569247 16.569247
"I.18.14.csv"	4	-0.047264259
3 1 16.569247 27.309706 2.221924 20 3.4019368 0.92709582 10.84663 0.87916155 9 0 0 0 0.056839383 1 1 1 346022.59 4 16.569247 16.569247 16.569247 16.569247
"I.18.14.csv"	2	-0.047264259
3 1 16.569247 27.309706 2.221924 20 3.4019368 0.92709582 10.84663 0.87916155 9 0 0 0 0.056839383 1 1 1 346022.59 4 16.569247 16.569247 16.569247 16.569247
"I.24.6.csv"	1	-0.078390902
2 1 2.4259687 1.3370839 0.429653 4.814483 3.7920446 0.99378432 2.693475 2.7004948 4 1 1 1 -0.045330975 1 1 1 118384.83 4 2.4259687 2.4259687 2.4259687 2.4259687
"I.24.6.csv"	12	-0.078390902
2 1 2.4259687 1.3370839 0.429653 4.814483 3.7920446 0.99378432 2.693475 2.7004948 4 1 1 1 -0.045330975 1 1 1 118384.83 4 2.4259687 2.4259687 2.4259687 2.4259687
"I.24.6.csv"	2	0.0021027045
2 1 2.4259687 1.3370839 0.429653 4.814483 3.7920446 0.99378432 2.693475 2.7004948 4 1 1 1 -0.045330975 1 1 1 118384.83 4 2.4259687 2.4259687 2.4259687 2.4259687
"I.24.6.csv"	4	-0.0020683834
2 1 2.4259687 1.3370839 0.429653 4.814483 3.7920446 0.99378432 2.693475 2.7004948 4 1 1 1 -0.045330975 1 1 1 118384.83 4 2.4259687 2.4259687 2.4259687 2.4259687
"I.24.6.csv"	21	-0.0020683834
2 1 2.4259687 1.3370839 0.429653 4.814483 3.7920446 0.99378432 2.693475 2.7004948 4 1 1 1 -0.045330975 1 1 1 118384.83 4 2.4259687 2.4259687 2.4259687 2.4259687
"I.24.6.csv"	3	-0.0020683834
2 1 2.4259687 1.3370839 0.429653 4.814483 3.7920446 0.99378432 2.693475 2.7004948 4 1 1 1 -0.045330975 1 1 1 118384.83 4 2.4259687 2.4259687 2.4259687 2.4259687
"I.24.6.csv"	1	-0.0020683834
2 1 2.4259687 1.3370839 0.429653 4.814483 3.7920446 0.99378432 2.693475 2.7004948 4 1 1 1 -0.045330975 1 1 1 118384.83 4 2.4259687 2.4259687 2.4259687 2.4259687
"I.24.6.csv"	12	-0.0020683834
2 1 2.4259687 1.3370839 0.429653 4.814483 3.7920446 0.99378432 2.693475 2.7004948 4 1 1 1 -0.045330975 1 1 1 118384.83 4 2.4259687 2.4259687 2.4259687 2.4259687
"I.24.6.csv"	2	-0.0020683834
2 1 2.4259687 1.3370839 0.429653 4.814483 3.7920446 0.99378432 2.693475 2.7004948 4 1 1 1 -0.045330975 1 1 1 118384.83 4 2.4259687 2.4259687 2.4259687 2.4259687
"I.24.6.csv"	12	-0.0017042493
2 1 2.4259687 1.3370839 0.429653 4.814483 3.7920446 0.99378432 2.693475 2.7004948 4 1 1 1 -0.045330975 1 1 1 118384.83 4 2.4259687 2.4259687 2.4259687 2.4259687
"I.24.6.csv"	3	-0.00072742656
2 1 2.4259687 1.3370839 0.429653 4.814483 3.7920446 0.99378432 2.693475 2.7004948 4 1 1 1 -0.045330975 1 1 1 118384.83 4 2.4259687 2.4259687 2.4259687 2.4259687
"I.24.6.csv"	1	-0.00072742656
2 1 2.4259687 1.3370839 0.429653 4.814483 3.7920446 0.99378432 2.693475 2.7004948 4 1 1 1 -0.045330975 1 1 1 118384.83 4 2.4259687 2.4259687 2.4259687 2.4259687
"I.24.6.csv"	12	-0.00072742656
2 1 2.4259687 1.3370839 0.429653 4.814483 3.7920446 0.99378432 2.693475 2.7004948 4 1 1 1 -0.045330975 1 1 1 118384.83 4 2.4259687 2.4259687 2.4259687 2.4259687
"I.24.6.csv"	14	5.5267662e-05
2 1 2.4259687 1.3370839 0.429653 4.814483 3.7920446 0.99378432 2.693475 2.7004948 4 1 1 1 -0.045330975 1 1 1 118384.83 4 2.4259687 2.4259687 2.4259687 2.4259687
"I.24.6.csv"	21	-0.00054717683
2 1 2.4259687 1.3370839 0.429653 4.814483 3.7920446 0.99378432 2.693475 2.7004948 4 1 1 1 -0.045330975 1 1 1 118384.83 4 2.4259687 2.4259687 2.4259687 2.4259687
"I.24.6.csv"	3	-0.00054717683
2 1 2.4259687 1.3370839 0.429653 4.814483 3.7920446 0.99378432 2.693475 2.7004948 4 1 1 1 -0.045330975 1 1 1 118384.83 4 2.4259687 2.4259687 2.4259687 2.4259687
"I.24.6.csv"	1	-0.00054717683
2 1 2.4259687 1.3370839 0.429653 4.814483 3.7920446 0.99378432 2.693475 2.7004948 4 1 1 1 -0.045330975 1 1 1 118384.83 4 2.4259687 2.4259687 2.4259687 2.4259687
"I.24.6.csv"	12	-0.00054717683
2 1 2.4259687 1.3370839 0.429653 4.814483 3.7920446 0.99378432 2.693475 2.7004948 4 1 1 1 -0.045330975 1 1 1 118384.83 4 2.4259687 2.4259687 2.4259687 2.4259687
"I.24.6.csv"	4	-0.00054717683
2 1 2.4259687 1.3370839 0.429653 4.814483 3.7920446 0.99378432 2.693475 2.7004948 4 1 1 1 -0.045330975 1 1 1 118384.83 4 2.4259687 2.4259687 2.4259687 2.4259687
"I.24.6.csv"	2	-0.00054717683
2 1 2.4259687 1.3370839 0.429653 4.814483 3.7920446 0.99378432 2.693475 2.7004948 4 1 1 1 -0.045330975 1 1 1 118384.83 4 2.4259687 2.4259687 2.4259687 2.4259687
"I.24.6.csv"	14	4.6877203e-05
2 1 2.4259687 1.3370839 0.429653 4.814483 3.7920446 0.99378432 2.693475 2.7004948 4 1 1 1 -0.045330975 1 1 1 118384.83 4 2.4259687 2.4259687 2.4259687 2.4259687
"I.24.6.csv"	21	-0.00054904316
2 1 2.4259687 1.3370839 0.429653 4.814483 3.7920446 0.99378432 2.693475 2.7004948 4 1 1 1 -0.045330975 1 1 1 118384.83 4 2.4259687 2.4259687 2.4259687 2.4259687
"I.24.6.csv"	3	-0.00054904316
2 1 2.4259687 1.3370839 0.429653 4.814483 3.7920446 0.99378432 2.693475 2.7004948 4 1 1 1 -0.045330975 1 1 1 118384.83 4 2.4259687 2.4259687 2.4259687 2.4259687
"I.24.6.csv"	1	-0.00054904316
2 1 2.4259687 1.3370839 0.429653 4.814483 3.7920446 0.99378432 2.693475 2.7004948 4 1 1 1 -0.045330975 1 1 1 118384.83 4 2.4259687 2.4259687 2.4259687 2.4259687
"I.24.6.csv"	12	-0.00054904316
2 1 2.4259687 1.3370839 0.429653 4.814483 3.7920446 0.99378432 2.693475 2.7004948 4 1 1 1 -0.045330975 1 1 1 118384.83 4 2.4259687 2.4259687 2.4259687 2.4259687
"I.24.6.csv"	4	5.9718665e-05
2 1 2.4259687 1.3370839 0.429653 4.814483 3.7920446 0.99378432 2.693475 2.7004948 4 1 1 1 -0.045330975 1 1 1 118384.83 4 2.4259687 2.4259687 2.4259687 2.4259687
"I.24.6.csv"	2	-0.00054904316
2 1 2.4259687 1.3370839 0.429653 4.814483 3.7920446 0.99378432 2.693475 2.7004948 4 1 1 1 -0.045330975 1 1 1 118384.83 4 2.4259687 2.4259687 2.4259687 2.4259687
"I.24.6.csv"	14	3.816859e-05
2 1 2.4259687 1.3370839 0.429653 4.814483 3.7920446 0.99378432 2.693475 2.7004948 4 1 1 1 -0.045330975 1 1 1 118384.83 4 2.4259687 2.4259687 2.4259687 2.4259687
"I.24.6.csv"	21	-0.00055503422
2 1 2.4259687 1.3370839 0.429653 4.814483 3.7920446 0.99378432 2.693475 2.7004948 4 1 1 1 -0.045330975 1 1 1 118384.83 4 2.4259687 2.4259687 2.4259687 2.4259687
"I.24.6.csv"	3	-0.00055503422
2 1 2.4259687 1.3370839 0.429653 4.814483 3.7920446 0.99378432 2.693475 2.7004948 4 1 1 1 -0.045330975 1 1 1 118384.83 4 2.4259687 2.4259687 2.4259687 2.4259687
"I.24.6.csv"	1	-0.00055503422
2 1 2.4259687 1.3370839 0.429653 4.814483 3.7920446 0.99378432 2.693475 2.7004948 4 1 1 1 -0.045330975 1 1 1 118384.83 4 2.4259687 2.4259687 2.4259687 2.4259687
"I.24.6.csv"	12	-0.00055503422
2 1 2.4259687 1.3370839 0.429653 4.814483 3.7920446 0.99378432 2.693475 2.7004948 4 1 1 1 -0.045330975 1 1 1 118384.83 4 2.4259687 2.4259687 2.4259687 2.4259687
"I.24.6.csv"	4	-0.00055503422
2 1 2.4259687 1.3370839 0.429653 4.814483 3.7920446 0.99378432 2.693475 2.7004948 4 1 1 1 -0.045330975 1 1 1 118384.83 4 2.4259687 2.4259687 2.4259687 2.4259687
"I.24.6.csv"	2	-0.00055503422
2 1 2.4259687 1.3370839 0.429653 4.814483 3.7920446 0.99378432 2.693475 2.7004948 4 1 1 1 -0.045330975 1 1 1 118384.83 4 2.4259687 2.4259687 2.4259687 2.4259687
"I.24.6.csv"	21	-0.00057854502
2 1 2.4259687 1.3370839 0.429653 4.814483 3.7920446 0.99378432 2.693475 2.7004948 4 1 1 1 -0.045330975 1 1 1 118384.83 4 2.4259687 2.4259687 2.4259687 2.4259687
"I.24.6.csv"	3	-0.00057854502
2 1 2.4259687 1.3370839 0.429653 4.814483 3.7920446 0.99378432 2.693475 2.7004948 4 1 1 1 -0.045330975 1 1 1 118384.83 4 2.4259687 2.4259687 2.4259687 2.4259687
"I.24.6.csv"	1	-0.00057854502
2 1 2.4259687 1.3370839 0.429653 4.814483 3.7920446 0.99378432 2.693475 2.7004948 4 1 1 1 -0.045330975 1 1 1 118384.83 4 2.4259687 2.4259687 2.4259687 2.4259687
"I.24.6.csv"	12	-0.00057854502
2 1 2.4259687 1.3370839 0.429653 4.814483 3.7920446 0.99378432 2.693475 2.7004948 4 1 1 1 -0.045330975 1 1 1 118384.83 4 2.4259687 2.4259687 2.4259687 2.4259687
"I.24.6.csv"	4	-0.00057854502
2 1 2.4259687 1.3370839 0.429653 4.814483 3.7920446 0.99378432 2.693475 2.7004948 4 1 1 1 -0.045330975 1 1 1 118384.83 4 2.4259687 2.4259687 2.4259687 2.4259687
"I.24.6.csv"	2	-0.00057854502
2 1 2.4259687 1.3370839 0.429653 4.814483 3.7920446 0.99378432 2.693475 2.7004948 4 1 1 1 -0.045330975 1 1 1 118384.83 4 2.4259687 2.4259687 2.4259687 2.4259687
"I.25.9.csv"	1	-0.016529316
2 1 1.4193686 0.21826786 0.544137 2.416128 4.0069033 0.99808902 0.26808669 0.081029127 5 0 0 0 0.0085154594 0 1 1 266594 4 1.4193686 1.4193686 1.4193686 1.4193686
"I.25.9.csv"	12	-0.016529316
2 1 1.4193686 0.21826786 0.544137 2.416128 4.0069033 0.99808902 0.26808669 0.081029127 5 0 0 0 0.0085154594 0 1 1 266594 4 1.4193686 1.4193686 1.4193686 1.4193686
"I.25.9.csv"	2	0.0012264364
2 1 1.4193686 0.21826786 0.544137 2.416128 4.0069033 0.99808902 0.26808669 0.081029127 5 0 0 0 0.0085154594 0 1 1 266594 4 1.4193686 1.4193686 1.4193686 1.4193686
"I.25.9.csv"	14	1.2197449e-05
2 1 1.4193686 0.21826786 0.544137 2.416128 4.0069033 0.99808902 0.26808669 0.081029127 5 0 0 0 0.0085154594 0 1 1 266594 4 1.4193686 1.4193686 1.4193686 1.4193686
"I.25.9.csv"	4	8.034358e-06
2 1 1.4193686 0.21826786 0.544137 2.416128 4.0069033 0.99808902 0.26808669 0.081029127 5 0 0 0 0.0085154594 0 1 1 266594 4 1.4193686 1.4193686 1.4193686 1.4193686
"I.25.9.csv"	21	1.6133083e-05
2 1 1.4193686 0.21826786 0.544137 2.416128 4.0069033 0.99808902 0.26808669 0.081029127 5 0 0 0 0.0085154594 0 1 1 266594 4 1.4193686 1.4193686 1.4193686 1.4193686
"I.25.9.csv"	3	-2.4990296e-05
2 1 1.4193686 0.21826786 0.544137 2.416128 4.0069033 0.99808902 0.26808669 0.081029127 5 0 0 0 0.0085154594 0 1 1 266594 4 1.4193686 1.4193686 1.4193686 1.4193686
"I.25.9.csv"	1	-2.4990296e-05
2 1 1.4193686 0.21826786 0.544137 2.416128 4.0069033 0.99808902 0.26808669 0.081029127 5 0 0 0 0.0085154594 0 1 1 266594 4 1.4193686 1.4193686 1.4193686 1.4193686
"I.25.9.csv"	12	-2.4990296e-05
2 1 1.4193686 0.21826786 0.544137 2.416128 4.0069033 0.99808902 0.26808669 0.081029127 5 0 0 0 0.0085154594 0 1 1 266594 4 1.4193686 1.4193686 1.4193686 1.4193686
"I.25.9.csv"	2	-2.4990296e-05
2 1 1.4193686 0.21826786 0.544137 2.416128 4.0069033 0.99808902 0.26808669 0.081029127 5 0 0 0 0.0085154594 0 1 1 266594 4 1.4193686 1.4193686 1.4193686 1.4193686
"I.25.9.csv"	4	1.0982341e-05
2 1 1.4193686 0.21826786 0.544137 2.416128 4.0069033 0.99808902 0.26808669 0.081029127 5 0 0 0 0.0085154594 0 1 1 266594 4 1.4193686 1.4193686 1.4193686 1.4193686
"I.25.9.csv"	21	-3.1066343e-05
2 1 1.4193686 0.21826786 0.544137 2.416128 4.0069033 0.99808902 0.26808669 0.081029127 5 0 0 0 0.0085154594 0 1 1 266594 4 1.4193686 1.4193686 1.4193686 1.4193686
"I.25.9.csv"	2	-3.1066343e-05
2 1 1.4193686 0.21826786 0.544137 2.416128 4.0069033 0.99808902 0.26808669 0.081029127 5 0 0 0 0.0085154594 0 1 1 266594 4 1.4193686 1.4193686 1.4193686 1.4193686
"I.25.9.csv"	12	-3.1066343e-05
2 1 1.4193686 0.21826786 0.544137 2.416128 4.0069033 0.99808902 0.26808669 0.081029127 5 0 0 0 0.0085154594 0 1 1 266594 4 1.4193686 1.4193686 1.4193686 1.4193686
"I.25.9.csv"	1	-3.1066343e-05
2 1 1.4193686 0.21826786 0.544137 2.416128 4.0069033 0.99808902 0.26808669 0.081029127 5 0 0 0 0.0085154594 0 1 1 266594 4 1.4193686 1.4193686 1.4193686 1.4193686
"I.25.9.csv"	3	-3.1066343e-05
2 1 1.4193686 0.21826786 0.544137 2.416128 4.0069033 0.99808902 0.26808669 0.081029127 5 0 0 0 0.0085154594 0 1 1 266594 4 1.4193686 1.4193686 1.4193686 1.4193686
"I.6.2.csv"	1	-0.54636949
2 1 9.3680911 25.8566 1.31598 20 3.6743846 0.99602725 0.71345201 0.8991685 5 1 0 1 -0.042569767 1 1 1 136313.56 4 9.3680911 9.3680911 9.3680911 9.3680911
"I.6.2.csv"	12	-0.54636949
2 1 9.3680911 25.8566 1.31598 20 3.6743846 0.99602725 0.71345201 0.8991685 5 1 0 1 -0.042569767 1 1 1 136313.56 4 9.3680911 9.3680911 9.3680911 9.3680911
"I.6.2.csv"	14	-0.00066993599
2 1 9.3680911 25.8566 1.31598 20 3.6743846 0.99602725 0.71345201 0.8991685 5 1 0 1 -0.042569767 1 1 1 136313.56 4 9.3680911 9.3680911 9.3680911 9.3680911
"I.6.2.csv"	17	-0.00066993599
2 1 9.3680911 25.8566 1.31598 20 3.6743846 0.99602725 0.71345201 0.8991685 5 1 0 1 -0.042569767 1 1 1 136313.56 4 9.3680911 9.3680911 9.3680911 9.3680911
"I.6.2.csv"	17	-0.00066993599
2 1 9.3680911 25.8566 1.31598 20 3.6743846 0.99602725 0.71345201 0.8991685 5 1 0 1 -0.042569767 1 1 1 136313.56 4 9.3680911 9.3680911 9.3680911 9.3680911
"I.6.2.csv"	21	-0.00066993599
2 1 9.3680911 25.8566 1.31598 20 3.6743846 0.99602725 0.71345201 0.8991685 5 1 0 1 -0.042569767 1 1 1 136313.56 4 9.3680911 9.3680911 9.3680911 9.3680911
"I.6.2.csv"	2	-0.00066993599
2 1 9.3680911 25.8566 1.31598 20 3.6743846 0.99602725 0.71345201 0.8991685 5 1 0 1 -0.042569767 1 1 1 136313.56 4 9.3680911 9.3680911 9.3680911 9.3680911
"I.6.2.csv"	12	-0.00066993599
2 1 9.3680911 25.8566 1.31598 20 3.6743846 0.99602725 0.71345201 0.8991685 5 1 0 1 -0.042569767 1 1 1 136313.56 4 9.3680911 9.3680911 9.3680911 9.3680911
"I.6.2.csv"	4	-0.00066993599
2 1 9.3680911 25.8566 1.31598 20 3.6743846 0.99602725 0.71345201 0.8991685 5 1 0 1 -0.042569767 1 1 1 136313.56 4 9.3680911 9.3680911 9.3680911 9.3680911
"I.6.2.csv"	1	-0.00066993599
2 1 9.3680911 25.8566 1.31598 20 3.6743846 0.99602725 0.71345201 0.8991685 5 1 0 1 -0.042569767 1 1 1 136313.56 4 9.3680911 9.3680911 9.3680911 9.3680911
"I.6.2.csv"	3	-0.00066993599
2 1 9.3680911 25.8566 1.31598 20 3.6743846 0.99602725 0.71345201 0.8991685 5 1 0 1 -0.042569767 1 1 1 136313.56 4 9.3680911 9.3680911 9.3680911 9.3680911
"I.6.2.csv"	14	-0.00030257302
2 1 9.3680911 25.8566 1.31598 20 3.6743846 0.99602725 0.71345201 0.8991685 5 1 0 1 -0.042569767 1 1 1 136313.56 4 9.3680911 9.3680911 9.3680911 9.3680911
"I.6.2.csv"	6	1.4368194e-05
2 1 9.3680911 25.8566 1.31598 20 3.6743846 0.99602725 0.71345201 0.8991685 5 1 0 1 -0.042569767 1 1 1 136313.56 4 9.3680911 9.3680911 9.3680911 9.3680911
"I.6.2.csv"	14	-0.00011113144
2 1 9.3680911 25.8566 1.31598 20 3.6743846 0.99602725 0.71345201 0.8991685 5 1 0 1 -0.042569767 1 1 1 136313.56 4 9.3680911 9.3680911 9.3680911 9.3680911
"I.6.2.csv"	21	-0.00011113144
2 1 9.3680911 25.8566 1.31598 20 3.6743846 0.99602725 0.71345201 0.8991685 5 1 0 1 -0.042569767 1 1 1 136313.56 4 9.3680911 9.3680911 9.3680911 9.3680911
"I.6.2.csv"	3	-0.00011113144
2 1 9.3680911 25.8566 1.31598 20 3.6743846 0.99602725 0.71345201 0.8991685 5 1 0 1 -0.042569767 1 1 1 136313.56 4 9.3680911 9.3680911 9.3680911 9.3680911
"I.6.2.csv"	1	-0.00011113144
2 1 9.3680911 25.8566 1.31598 20 3.6743846 0.99602725 0.71345201 0.8991685 5 1 0 1 -0.042569767 1 1 1 136313.56 4 9.3680911 9.3680911 9.3680911 9.3680911
"I.6.2.csv"	12	1.4368936e-05
2 1 9.3680911 25.8566 1.31598 20 3.6743846 0.99602725 0.71345201 0.8991685 5 1 0 1 -0.042569767 1 1 1 136313.56 4 9.3680911 9.3680911 9.3680911 9.3680911
"I.6.2b.csv"	1	-0.028000348
2 1 1.1863847 0.6005199 0.240001 4.069617 4.9418724 0.97730246 1.0419655 0.17809948 4 0 0 0 0.11664451 0 1 1 12186.746 4 1.1863847 1.1863847 1.1863847 1.1863847
"I.6.2b.csv"	12	-0.028000348
2 1 1.1863847 0.6005199 0.240001 4.069617 4.9418724 0.97730246 1.0419655 0.17809948 4 0 0 0 0.11664451 0 1 1 12186.746 4 1.1863847 1.1863847 1.1863847 1.1863847
"I.6.2b.csv"	4	1.2120603e-05
2 1 1.1863847 0.6005199 0.240001 4.069617 4.9418724 0.97730246 1.0419655 0.17809948 4 0 0 0 0.11664451 0 1 1 12186.746 4 1.1863847 1.1863847 1.1863847 1.1863847
"I.6.2b.csv"	17	-2.0544513e-05
2 1 1.1863847 0.6005199 0.240001 4.069617 4.9418724 0.97730246 1.0419655 0.17809948 4 0 0 0 0.11664451 0 1 1 12186.746 4 1.1863847 1.1863847 1.1863847 1.1863847
"I.6.2b.csv"	17	8.4889132e-06
2 1 1.1863847 0.6005199 0.240001 4.069617 4.9418724 0.97730246 1.0419655 0.17809948 4 0 0 0 0.11664451 0 1 1 12186.746 4 1.1863847 1.1863847 1.1863847 1.1863847
"I.6.2b.csv"	21	-2.0544513e-05
2 1 1.1863847 0.6005199 0.240001 4.069617 4.9418724 0.97730246 1.0419655 0.17809948 4 0 0 0 0.11664451 0 1 1 12186.746 4 1.1863847 1.1863847 1.1863847 1.1863847
"I.6.2b.csv"	2	1.0420731e-05
2 1 1.1863847 0.6005199 0.240001 4.069617 4.9418724 0.97730246 1.0419655 0.17809948 4 0 0 0 0.11664451 0 1 1 12186.746 4 1.1863847 1.1863847 1.1863847 1.1863847
"I.6.2b.csv"	12	-2.0544513e-05
2 1 1.1863847 0.6005199 0.240001 4.069617 4.9418724 0.97730246 1.0419655 0.17809948 4 0 0 0 0.11664451 0 1 1 12186.746 4 1.1863847 1.1863847 1.1863847 1.1863847
"I.6.2b.csv"	1	-2.0544513e-05
2 1 1.1863847 0.6005199 0.240001 4.069617 4.9418724 0.97730246 1.0419655 0.17809948 4 0 0 0 0.11664451 0 1 1 12186.746 4 1.1863847 1.1863847 1.1863847 1.1863847
"I.6.2b.csv"	3	1.1240347e-05
2 1 1.1863847 0.6005199 0.240001 4.069617 4.9418724 0.97730246 1.0419655 0.17809948 4 0 0 0 0.11664451 0 1 1 12186.746 4 1.1863847 1.1863847 1.1863847 1.1863847
"I.7.9.csv"	4	5.1499009e-05
2 1 1.4637148 0.18805793 0.660069 2.998685 5.3927849 0.99131801 0.61602497 0.080268311 4 0 0 0 0.049022705 0 1 1 22430.833 4 1.4637148 1.4637148 1.4637148 1.4637148
"I.7.9.csv"	1	-0.0093440062
2 1 1.4637148 0.18805793 0.660069 2.998685 5.3927849 0.99131801 0.61602497 0.080268311 4 0 0 0 0.049022705 0 1 1 22430.833 4 1.4637148 1.4637148 1.4637148 1.4637148
"I.7.9.csv"	12	-0.0093440062
2 1 1.4637148 0.18805793 0.660069 2.998685 5.3927849 0.99131801 0.61602497 0.080268311 4 0 0 0 0.049022705 0 1 1 22430.833 4 1.4637148 1.4637148 1.4637148 1.4637148
"I.7.9.csv"	3	-9.8880731e-05
2 1 1.4637148 0.18805793 0.660069 2.998685 5.3927849 0.99131801 0.61602497 0.080268311 4 0 0 0 0.049022705 0 1 1 22430.833 4 1.4637148 1.4637148 1.4637148 1.4637148
"I.7.9.csv"	1	-9.8880731e-05
2 1 1.4637148 0.18805793 0.660069 2.998685 5.3927849 0.99131801 0.61602497 0.080268311 4 0 0 0 0.049022705 0 1 1 22430.833 4 1.4637148 1.4637148 1.4637148 1.4637148
"I.7.9.csv"	2	-9.8880731e-05
2 1 1.4637148 0.18805793 0.660069 2.998685 5.3927849 0.99131801 0.61602497 0.080268311 4 0 0 0 0.049022705 0 1 1 22430.833 4 1.4637148 1.4637148 1.4637148 1.4637148
"I.6.2.csv"	3	-0.48950588
2 1 9.2098623 25.36068 1.582554 20 3.6572021 0.99389677 0.98292076 0.85116879 5 0 0 0 0.070787266 1 1 1 173388 4 9.2098623 9.2098623 9.2098623 9.2098623
"I.6.2.csv"	1	-0.48950588
2 1 9.2098623 25.36068 1.582554 20 3.6572021 0.99389677 0.98292076 0.85116879 5 0 0 0 0.070787266 1 1 1 173388 4 9.2098623 9.2098623 9.2098623 9.2098623
"I.6.2.csv"	12	-0.48950588
2 1 9.2098623 25.36068 1.582554 20 3.6572021 0.99389677 0.98292076 0.85116879 5 0 0 0 0.070787266 1 1 1 173388 4 9.2098623 9.2098623 9.2098623 9.2098623
"I.6.2.csv"	2	-0.48950588
2 1 9.2098623 25.36068 1.582554 20 3.6572021 0.99389677 0.98292076 0.85116879 5 0 0 0 0.070787266 1 1 1 173388 4 9.2098623 9.2098623 9.2098623 9.2098623
"I.6.2.csv"	21	0.00071602228
2 1 9.2098623 25.36068 1.582554 20 3.6572021 0.99389677 0.98292076 0.85116879 5 0 0 0 0.070787266 1 1 1 173388 4 9.2098623 9.2098623 9.2098623 9.2098623
"I.6.2.csv"	3	0.00072455584
2 1 9.2098623 25.36068 1.582554 20 3.6572021 0.99389677 0.98292076 0.85116879 5 0 0 0 0.070787266 1 1 1 173388 4 9.2098623 9.2098623 9.2098623 9.2098623
"I.6.2.csv"	12	-0.00095883107
2 1 9.2098623 25.36068 1.582554 20 3.6572021 0.99389677 0.98292076 0.85116879 5 0 0 0 0.070787266 1 1 1 173388 4 9.2098623 9.2098623 9.2098623 9.2098623
"I.6.2.csv"	4	0.00071760426
2 1 9.2098623 25.36068 1.582554 20 3.6572021 0.99389677 0.98292076 0.85116879 5 0 0 0 0.070787266 1 1 1 173388 4 9.2098623 9.2098623 9.2098623 9.2098623
"I.6.2.csv"	2	0.00090191174
2 1 9.2098623 25.36068 1.582554 20 3.6572021 0.99389677 0.98292076 0.85116879 5 0 0 0 0.070787266 1 1 1 173388 4 9.2098623 9.2098623 9.2098623 9.2098623
"I.6.2.csv"	21	-0.00069685864
2 1 9.2098623 25.36068 1.582554 20 3.6572021 0.99389677 0.98292076 0.85116879 5 0 0 0 0.070787266 1 1 1 173388 4 9.2098623 9.2098623 9.2098623 9.2098623
"I.6.2.csv"	3	-0.00069685864
2 1 9.2098623 25.36068 1.582554 20 3.6572021 0.99389677 0.98292076 0.85116879 5 0 0 0 0.070787266 1 1 1 173388 4 9.2098623 9.2098623 9.2098623 9.2098623
"I.6.2.csv"	1	-0.00069685864
2 1 9.2098623 25.36068 1.582554 20 3.6572021 0.99389677 0.98292076 0.85116879 5 0 0 0 0.070787266 1 1 1 173388 4 9.2098623 9.2098623 9.2098623 9.2098623
"I.6.2.csv"	12	-0.00069685864
2 1 9.2098623 25.36068 1.582554 20 3.6572021 0.99389677 0.98292076 0.85116879 5 0 0 0 0.070787266 1 1 1 173388 4 9.2098623 9.2098623 9.2098623 9.2098623
"I.6.2.csv"	4	-0.00069685864
2 1 9.2098623 25.36068 1.582554 20 3.6572021 0.99389677 0.98292076 0.85116879 5 0 0 0 0.070787266 1 1 1 173388 4 9.2098623 9.2098623 9.2098623 9.2098623
"I.6.2.csv"	2	-0.00069685864
2 1 9.2098623 25.36068 1.582554 20 3.6572021 0.99389677 0.98292076 0.85116879 5 0 0 0 0.070787266 1 1 1 173388 4 9.2098623 9.2098623 9.2098623 9.2098623
"I.6.2.csv"	21	-0.0006451489
2 1 9.2098623 25.36068 1.582554 20 3.6572021 0.99389677 0.98292076 0.85116879 5 0 0 0 0.070787266 1 1 1 173388 4 9.2098623 9.2098623 9.2098623 9.2098623
"I.6.2.csv"	14	-0.00071606754
2 1 9.2098623 25.36068 1.582554 20 3.6572021 0.99389677 0.98292076 0.85116879 5 0 0 0 0.070787266 1 1 1 173388 4 9.2098623 9.2098623 9.2098623 9.2098623
"I.6.2.csv"	4	-0.00071606754
2 1 9.2098623 25.36068 1.582554 20 3.6572021 0.99389677 0.98292076 0.85116879 5 0 0 0 0.070787266 1 1 1 173388 4 9.2098623 9.2098623 9.2098623 9.2098623
"I.6.2.csv"	21	-0.00071606754
2 1 9.2098623 25.36068 1.582554 20 3.6572021 0.99389677 0.98292076 0.85116879 5 0 0 0 0.070787266 1 1 1 173388 4 9.2098623 9.2098623 9.2098623 9.2098623
"I.6.2.csv"	3	-0.00071606754
2 1 9.2098623 25.36068 1.582554 20 3.6572021 0.99389677 0.98292076 0.85116879 5 0 0 0 0.070787266 1 1 1 173388 4 9.2098623 9.2098623 9.2098623 9.2098623
"I.6.2.csv"	1	-0.00071606754
2 1 9.2098623 25.36068 1.582554 20 3.6572021 0.99389677 0.98292076 0.85116879 5 0 0 0 0.070787266 1 1 1 173388 4 9.2098623 9.2098623 9.2098623 9.2098623
"I.6.2.csv"	12	-0.00071606754
2 1 9.2098623 25.36068 1.582554 20 3.6572021 0.99389677 0.98292076 0.85116879 5 0 0 0 0.070787266 1 1 1 173388 4 9.2098623 9.2098623 9.2098623 9.2098623
"I.6.2.csv"	2	-0.00071606754
2 1 9.2098623 25.36068 1.582554 20 3.6572021 0.99389677 0.98292076 0.85116879 5 0 0 0 0.070787266 1 1 1 173388 4 9.2098623 9.2098623 9.2098623 9.2098623
"I.6.2.csv"	17	-0.00071606754
2 1 9.2098623 25.36068 1.582554 20 3.6572021 0.99389677 0.98292076 0.85116879 5 0 0 0 0.070787266 1 1 1 173388 4 9.2098623 9.2098623 9.2098623 9.2098623
"I.6.2.csv"	17	-0.00071606754
2 1 9.2098623 25.36068 1.582554 20 3.6572021 0.99389677 0.98292076 0.85116879 5 0 0 0 0.070787266 1 1 1 173388 4 9.2098623 9.2098623 9.2098623 9.2098623
"I.6.2.csv"	14	-0.00071853699
2 1 9.2098623 25.36068 1.582554 20 3.6572021 0.99389677 0.98292076 0.85116879 5 0 0 0 0.070787266 1 1 1 173388 4 9.2098623 9.2098623 9.2098623 9.2098623
"I.6.2.csv"	4	-0.00071853699
2 1 9.2098623 25.36068 1.582554 20 3.6572021 0.99389677 0.98292076 0.85116879 5 0 0 0 0.070787266 1 1 1 173388 4 9.2098623 9.2098623 9.2098623 9.2098623
"I.6.2.csv"	21	-0.00071853699
2 1 9.2098623 25.36068 1.582554 20 3.6572021 0.99389677 0.98292076 0.85116879 5 0 0 0 0.070787266 1 1 1 173388 4 9.2098623 9.2098623 9.2098623 9.2098623
"I.6.2.csv"	3	-0.00071853699
2 1 9.2098623 25.36068 1.582554 20 3.6572021 0.99389677 0.98292076 0.85116879 5 0 0 0 0.070787266 1 1 1 173388 4 9.2098623 9.2098623 9.2098623 9.2098623
"I.6.2.csv"	1	-0.00071853699
2 1 9.2098623 25.36068 1.582554 20 3.6572021 0.99389677 0.98292076 0.85116879 5 0 0 0 0.070787266 1 1 1 173388 4 9.2098623 9.2098623 9.2098623 9.2098623
"I.6.2.csv"	12	-0.00071853699
2 1 9.2098623 25.36068 1.582554 20 3.6572021 0.99389677 0.98292076 0.85116879 5 0 0 0 0.070787266 1 1 1 173388 4 9.2098623 9.2098623 9.2098623 9.2098623
"I.6.2.csv"	2	-0.00071853699
2 1 9.2098623 25.36068 1.582554 20 3.6572021 0.99389677 0.98292076 0.85116879 5 0 0 0 0.070787266 1 1 1 173388 4 9.2098623 9.2098623 9.2098623 9.2098623
"I.6.2.csv"	17	-0.00071853699
2 1 9.2098623 25.36068 1.582554 20 3.6572021 0.99389677 0.98292076 0.85116879 5 0 0 0 0.070787266 1 1 1 173388 4 9.2098623 9.2098623 9.2098623 9.2098623
"I.6.2.csv"	17	-0.00071853699
2 1 9.2098623 25.36068 1.582554 20 3.6572021 0.99389677 0.98292076 0.85116879 5 0 0 0 0.070787266 1 1 1 173388 4 9.2098623 9.2098623 9.2098623 9.2098623
"I.6.2.csv"	14	-0.00072118498
2 1 9.2098623 25.36068 1.582554 20 3.6572021 0.99389677 0.98292076 0.85116879 5 0 0 0 0.070787266 1 1 1 173388 4 9.2098623 9.2098623 9.2098623 9.2098623
"I.6.2.csv"	4	-0.00072118498
2 1 9.2098623 25.36068 1.582554 20 3.6572021 0.99389677 0.98292076 0.85116879 5 0 0 0 0.070787266 1 1 1 173388 4 9.2098623 9.2098623 9.2098623 9.2098623
"I.6.2.csv"	21	-0.00072118498
2 1 9.2098623 25.36068 1.582554 20 3.6572021 0.99389677 0.98292076 0.85116879 5 0 0 0 0.070787266 1 1 1 173388 4 9.2098623 9.2098623 9.2098623 9.2098623
"I.6.2.csv"	3	-0.00072118498
2 1 9.2098623 25.36068 1.582554 20 3.6572021 0.99389677 0.98292076 0.85116879 5 0 0 0 0.070787266 1 1 1 173388 4 9.2098623 9.2098623 9.2098623 9.2098623
"I.6.2.csv"	1	-0.00072118498
2 1 9.2098623 25.36068 1.582554 20 3.6572021 0.99389677 0.98292076 0.85116879 5 0 0 0 0.070787266 1 1 1 173388 4 9.2098623 9.2098623 9.2098623 9.2098623
"I.6.2.csv"	12	-0.00072118498
2 1 9.2098623 25.36068 1.582554 20 3.6572021 0.99389677 0.98292076 0.85116879 5 0 0 0 0.070787266 1 1 1 173388 4 9.2098623 9.2098623 9.2098623 9.2098623
"I.6.2.csv"	2	-0.00072118498
2 1 9.2098623 25.36068 1.582554 20 3.6572021 0.99389677 0.98292076 0.85116879 5 0 0 0 0.070787266 1 1 1 173388 4 9.2098623 9.2098623 9.2098623 9.2098623
"I.6.2.csv"	17	-0.00072118498
2 1 9.2098623 25.36068 1.582554 20 3.6572021 0.99389677 0.98292076 0.85116879 5 0 0 0 0.070787266 1 1 1 173388 4 9.2098623 9.2098623 9.2098623 9.2098623
"I.6.2.csv"	17	-0.00072118498
2 1 9.2098623 25.36068 1.582554 20 3.6572021 0.99389677 0.98292076 0.85116879 5 0 0 0 0.070787266 1 1 1 173388 4 9.2098623 9.2098623 9.2098623 9.2098623
"I.6.2.csv"	14	-0.00072395116
2 1 9.2098623 25.36068 1.582554 20 3.6572021 0.99389677 0.98292076 0.85116879 5 0 0 0 0.070787266 1 1 1 173388 4 9.2098623 9.2098623 9.2098623 9.2098623
"I.6.2.csv"	4	-0.00072395116
2 1 9.2098623 25.36068 1.582554 20 3.6572021 0.99389677 0.98292076 0.85116879 5 0 0 0 0.070787266 1 1 1 173388 4 9.2098623 9.2098623 9.2098623 9.2098623
"I.6.2.csv"	21	-0.00072395116
2 1 9.2098623 25.36068 1.582554 20 3.6572021 0.99389677 0.98292076 0.85116879 5 0 0 0 0.070787266 1 1 1 173388 4 9.2098623 9.2098623 9.2098623 9.2098623
"I.6.2.csv"	3	-0.00072395116
2 1 9.2098623 25.36068 1.582554 20 3.6572021 0.99389677 0.98292076 0.85116879 5 0 0 0 0.070787266 1 1 1 173388 4 9.2098623 9.2098623 9.2098623 9.2098623
"I.6.2.csv"	1	-0.00072395116
2 1 9.2098623 25.36068 1.582554 20 3.6572021 0.99389677 0.98292076 0.85116879 5 0 0 0 0.070787266 1 1 1 173388 4 9.2098623 9.2098623 9.2098623 9.2098623
"I.6.2.csv"	12	-0.00072395116
2 1 9.2098623 25.36068 1.582554 20 3.6572021 0.99389677 0.98292076 0.85116879 5 0 0 0 0.070787266 1 1 1 173388 4 9.2098623 9.2098623 9.2098623 9.2098623
"I.6.2.csv"	2	-0.00072395116
2 1 9.2098623 25.36068 1.582554 20 3.6572021 0.99389677 0.98292076 0.85116879 5 0 0 0 0.070787266 1 1 1 173388 4 9.2098623 9.2098623 9.2098623 9.2098623
"I.6.2.csv"	17	-0.00072395116
2 1 9.2098623 25.36068 1.582554 20 3.6572021 0.99389677 0.98292076 0.85116879 5 0 0 0 0.070787266 1 1 1 173388 4 9.2098623 9.2098623 9.2098623 9.2098623
"I.6.2.csv"	17	-0.00072395116
2 1 9.2098623 25.36068 1.582554 20 3.6572021 0.99389677 0.98292076 0.85116879 5 0 0 0 0.070787266 1 1 1 173388 4 9.2098623 9.2098623 9.2098623 9.2098623
"I.6.2.csv"	14	-0.00072678989
2 1 9.2098623 25.36068 1.582554 20 3.6572021 0.99389677 0.98292076 0.85116879 5 0 0 0 0.070787266 1 1 1 173388 4 9.2098623 9.2098623 9.2098623 9.2098623
"I.6.2.csv"	4	-0.00072678989
2 1 9.2098623 25.36068 1.582554 20 3.6572021 0.99389677 0.98292076 0.85116879 5 0 0 0 0.070787266 1 1 1 173388 4 9.2098623 9.2098623 9.2098623 9.2098623
"I.6.2.csv"	21	-0.00072678989
2 1 9.2098623 25.36068 1.582554 20 3.6572021 0.99389677 0.98292076 0.85116879 5 0 0 0 0.070787266 1 1 1 173388 4 9.2098623 9.2098623 9.2098623 9.2098623
"I.6.2.csv"	3	-0.00072678989
2 1 9.2098623 25.36068 1.582554 20 3.6572021 0.99389677 0.98292076 0.85116879 5 0 0 0 0.070787266 1 1 1 173388 4 9.2098623 9.2098623 9.2098623 9.2098623
"I.6.2.csv"	1	-0.00072678989
2 1 9.2098623 25.36068 1.582554 20 3.6572021 0.99389677 0.98292076 0.85116879 5 0 0 0 0.070787266 1 1 1 173388 4 9.2098623 9.2098623 9.2098623 9.2098623
"I.6.2.csv"	12	-0.00072678989
2 1 9.2098623 25.36068 1.582554 20 3.6572021 0.99389677 0.98292076 0.85116879 5 0 0 0 0.070787266 1 1 1 173388 4 9.2098623 9.2098623 9.2098623 9.2098623
"I.6.2.csv"	2	-0.00072678989
2 1 9.2098623 25.36068 1.582554 20 3.6572021 0.99389677 0.98292076 0.85116879 5 0 0 0 0.070787266 1 1 1 173388 4 9.2098623 9.2098623 9.2098623 9.2098623
"I.6.2.csv"	17	-0.00072678989
2 1 9.2098623 25.36068 1.582554 20 3.6572021 0.99389677 0.98292076 0.85116879 5 0 0 0 0.070787266 1 1 1 173388 4 9.2098623 9.2098623 9.2098623 9.2098623
"I.6.2.csv"	17	-0.00072678989
2 1 9.2098623 25.36068 1.582554 20 3.6572021 0.99389677 0.98292076 0.85116879 5 0 0 0 0.070787266 1 1 1 173388 4 9.2098623 9.2098623 9.2098623 9.2098623
"I.8.4.csv"	1	-2.028961
2 1 11.661125 46.070741 0.646239 20 2.8513647 0.93618143 7.9677171 0.60255445 4 0 0 0 0.088942386 1 1 1 427438.62 4 11.661125 11.661125 11.661125 11.661125
"I.8.4.csv"	12	-2.028961
2 1 11.661125 46.070741 0.646239 20 2.8513647 0.93618143 7.9677171 0.60255445 4 0 0 0 0.088942386 1 1 1 427438.62 4 11.661125 11.661125 11.661125 11.661125
"I.8.4.csv"	14	0.00080289985
2 1 11.661125 46.070741 0.646239 20 2.8513647 0.93618143 7.9677171 0.60255445 4 0 0 0 0.088942386 1 1 1 427438.62 4 11.661125 11.661125 11.661125 11.661125
"I.8.4.csv"	4	0.0025697465
2 1 11.661125 46.070741 0.646239 20 2.8513647 0.93618143 7.9677171 0.60255445 4 0 0 0 0.088942386 1 1 1 427438.62 4 11.661125 11.661125 11.661125 11.661125
"I.8.4.csv"	17	-0.01306831
2 1 11.661125 46.070741 0.646239 20 2.8513647 0.93618143 7.9677171 0.60255445 4 0 0 0 0.088942386 1 1 1 427438.62 4 11.661125 11.661125 11.661125 11.661125
"I.8.4.csv"	17	-0.01306831
2 1 11.661125 46.070741 0.646239 20 2.8513647 0.93618143 7.9677171 0.60255445 4 0 0 0 0.088942386 1 1 1 427438.62 4 11.661125 11.661125 11.661125 11.661125
"I.8.4.csv"	21	-0.01306831
2 1 11.661125 46.070741 0.646239 20 2.8513647 0.93618143 7.9677171 0.60255445 4 0 0 0 0.088942386 1 1 1 427438.62 4 11.661125 11.661125 11.661125 11.661125
"I.8.4.csv"	3	-0.01306831
2 1 11.661125 46.070741 0.646239 20 2.8513647 0.93618143 7.9677171 0.60255445 4 0 0 0 0.088942386 1 1 1 427438.62 4 11.661125 11.661125 11.661125 11.661125
"I.8.4.csv"	1	-0.01306831
2 1 11.661125 46.070741 0.646239 20 2.8513647 0.93618143 7.9677171 0.60255445 4 0 0 0 0.088942386 1 1 1 427438.62 4 11.661125 11.661125 11.661125 11.661125
"I.8.4.csv"	12	-0.01306831
2 1 11.661125 46.070741 0.646239 20 2.8513647 0.93618143 7.9677171 0.60255445 4 0 0 0 0.088942386 1 1 1 427438.62 4 11.661125 11.661125 11.661125 11.661125
"I.8.4.csv"	2	-0.01306831
2 1 11.661125 46.070741 0.646239 20 2.8513647 0.93618143 7.9677171 0.60255445 4 0 0 0 0.088942386 1 1 1 427438.62 4 11.661125 11.661125 11.661125 11.661125
"I.8.4.csv"	4	0.005212725
2 1 11.661125 46.070741 0.646239 20 2.8513647 0.93618143 7.9677171 0.60255445 4 0 0 0 0.088942386 1 1 1 427438.62 4 11.661125 11.661125 11.661125 11.661125
"I.8.4.csv"	17	-0.015006717
2 1 11.661125 46.070741 0.646239 20 2.8513647 0.93618143 7.9677171 0.60255445 4 0 0 0 0.088942386 1 1 1 427438.62 4 11.661125 11.661125 11.661125 11.661125
"I.8.4.csv"	17	-0.015006717
2 1 11.661125 46.070741 0.646239 20 2.8513647 0.93618143 7.9677171 0.60255445 4 0 0 0 0.088942386 1 1 1 427438.62 4 11.661125 11.661125 11.661125 11.661125
"I.8.4.csv"	21	-0.015006717
2 1 11.661125 46.070741 0.646239 20 2.8513647 0.93618143 7.9677171 0.60255445 4 0 0 0 0.088942386 1 1 1 427438.62 4 11.661125 11.661125 11.661125 11.661125
"I.8.4.csv"	3	-0.015006717
2 1 11.661125 46.070741 0.646239 20 2.8513647 0.93618143 7.9677171 0.60255445 4 0 0 0 0.088942386 1 1 1 427438.62 4 11.661125 11.661125 11.661125 11.661125
"I.8.4.csv"	1	-0.015006717
2 1 11.661125 46.070741 0.646239 20 2.8513647 0.93618143 7.9677171 0.60255445 4 0 0 0 0.088942386 1 1 1 427438.62 4 11.661125 11.661125 11.661125 11.661125
"I.8.4.csv"	12	-0.015006717
2 1 11.661125 46.070741 0.646239 20 2.8513647 0.93618143 7.9677171 0.60255445 4 0 0 0 0.088942386 1 1 1 427438.62 4 11.661125 11.661125 11.661125 11.661125
"I.8.4.csv"	2	-0.015006717
2 1 11.661125 46.070741 0.646239 20 2.8513647 0.93618143 7.9677171 0.60255445 4 0 0 0 0.088942386 1 1 1 427438.62 4 11.661125 11.661125 11.661125 11.661125
"I.8.4.csv"	4	-0.012099776
2 1 11.661125 46.070741 0.646239 20 2.8513647 0.93618143 7.9677171 0.60255445 4 0 0 0 0.088942386 1 1 1 427438.62 4 11.661125 11.661125 11.661125 11.661125
"I.8.4.csv"	17	-0.012099776
2 1 11.661125 46.070741 0.646239 20 2.8513647 0.93618143 7.9677171 0.60255445 4 0 0 0 0.088942386 1 1 1 427438.62 4 11.661125 11.661125 11.661125 11.661125
"I.8.4.csv"	17	-0.012099776
2 1 11.661125 46.070741 0.646239 20 2.8513647 0.93618143 7.9677171 0.60255445 4 0 0 0 0.088942386 1 1 1 427438.62 4 11.661125 11.661125 11.661125 11.661125
"I.8.4.csv"	21	-0.012099776
2 1 11.661125 46.070741 0.646239 20 2.8513647 0.93618143 7.9677171 0.60255445 4 0 0 0 0.088942386 1 1 1 427438.62 4 11.661125 11.661125 11.661125 11.661125
"I.8.4.csv"	3	-0.012099776
2 1 11.661125 46.070741 0.646239 20 2.8513647 0.93618143 7.9677171 0.60255445 4 0 0 0 0.088942386 1 1 1 427438.62 4 11.661125 11.661125 11.661125 11.661125
"I.8.4.csv"	12	-0.012099776
2 1 11.661125 46.070741 0.646239 20 2.8513647 0.93618143 7.9677171 0.60255445 4 0 0 0 0.088942386 1 1 1 427438.62 4 11.661125 11.661125 11.661125 11.661125
"I.8.4.csv"	2	-0.012099776
2 1 11.661125 46.070741 0.646239 20 2.8513647 0.93618143 7.9677171 0.60255445 4 0 0 0 0.088942386 1 1 1 427438.62 4 11.661125 11.661125 11.661125 11.661125
"I.8.4.csv"	14	0.00018293157
2 1 11.661125 46.070741 0.646239 20 2.8513647 0.93618143 7.9677171 0.60255445 4 0 0 0 0.088942386 1 1 1 427438.62 4 11.661125 11.661125 11.661125 11.661125
"I.8.4.csv"	4	-0.0076089992
2 1 11.661125 46.070741 0.646239 20 2.8513647 0.93618143 7.9677171 0.60255445 4 0 0 0 0.088942386 1 1 1 427438.62 4 11.661125 11.661125 11.661125 11.661125
"I.8.4.csv"	17	-0.0076089992
2 1 11.661125 46.070741 0.646239 20 2.8513647 0.93618143 7.9677171 0.60255445 4 0 0 0 0.088942386 1 1 1 427438.62 4 11.661125 11.661125 11.661125 11.661125
"I.8.4.csv"	17	-0.0076089992
2 1 11.661125 46.070741 0.646239 20 2.8513647 0.93618143 7.9677171 0.60255445 4 0 0 0 0.088942386 1 1 1 427438.62 4 11.661125 11.661125 11.661125 11.661125
"I.8.4.csv"	21	-0.0076089992
2 1 11.661125 46.070741 0.646239 20 2.8513647 0.93618143 7.9677171 0.60255445 4 0 0 0 0.088942386 1 1 1 427438.62 4 11.661125 11.661125 11.661125 11.661125
"I.8.4.csv"	3	-0.0076089992
2 1 11.661125 46.070741 0.646239 20 2.8513647 0.93618143 7.9677171 0.60255445 4 0 0 0 0.088942386 1 1 1 427438.62 4 11.661125 11.661125 11.661125 11.661125
"I.8.4.csv"	12	-0.0076089992
2 1 11.661125 46.070741 0.646239 20 2.8513647 0.93618143 7.9677171 0.60255445 4 0 0 0 0.088942386 1 1 1 427438.62 4 11.661125 11.661125 11.661125 11.661125
"I.8.4.csv"	2	-0.0076089992
2 1 11.661125 46.070741 0.646239 20 2.8513647 0.93618143 7.9677171 0.60255445 4 0 0 0 0.088942386 1 1 1 427438.62 4 11.661125 11.661125 11.661125 11.661125
"I.8.4.csv"	4	-0.0076232366
2 1 11.661125 46.070741 0.646239 20 2.8513647 0.93618143 7.9677171 0.60255445 4 0 0 0 0.088942386 1 1 1 427438.62 4 11.661125 11.661125 11.661125 11.661125
"I.8.4.csv"	17	-0.0076232366
2 1 11.661125 46.070741 0.646239 20 2.8513647 0.93618143 7.9677171 0.60255445 4 0 0 0 0.088942386 1 1 1 427438.62 4 11.661125 11.661125 11.661125 11.661125
"I.8.4.csv"	17	-0.0076232366
2 1 11.661125 46.070741 0.646239 20 2.8513647 0.93618143 7.9677171 0.60255445 4 0 0 0 0.088942386 1 1 1 427438.62 4 11.661125 11.661125 11.661125 11.661125
"I.8.4.csv"	21	-0.0076232366
2 1 11.661125 46.070741 0.646239 20 2.8513647 0.93618143 7.9677171 0.60255445 4 0 0 0 0.088942386 1 1 1 427438.62 4 11.661125 11.661125 11.661125 11.661125
"I.8.4.csv"	3	-0.0076232366
2 1 11.661125 46.070741 0.646239 20 2.8513647 0.93618143 7.9677171 0.60255445 4 0 0 0 0.088942386 1 1 1 427438.62 4 11.661125 11.661125 11.661125 11.661125
"I.8.4.csv"	12	-0.0076232366
2 1 11.661125 46.070741 0.646239 20 2.8513647 0.93618143 7.9677171 0.60255445 4 0 0 0 0.088942386 1 1 1 427438.62 4 11.661125 11.661125 11.661125 11.661125
"I.8.4.csv"	2	-0.0076232366
2 1 11.661125 46.070741 0.646239 20 2.8513647 0.93618143 7.9677171 0.60255445 4 0 0 0 0.088942386 1 1 1 427438.62 4 11.661125 11.661125 11.661125 11.661125
"I.8.4.csv"	21	-0.0065479671
2 1 11.661125 46.070741 0.646239 20 2.8513647 0.93618143 7.9677171 0.60255445 4 0 0 0 0.088942386 1 1 1 427438.62 4 11.661125 11.661125 11.661125 11.661125
"I.8.4.csv"	3	-0.0065479671
2 1 11.661125 46.070741 0.646239 20 2.8513647 0.93618143 7.9677171 0.60255445 4 0 0 0 0.088942386 1 1 1 427438.62 4 11.661125 11.661125 11.661125 11.661125
"I.8.4.csv"	12	-0.0065479671
2 1 11.661125 46.070741 0.646239 20 2.8513647 0.93618143 7.9677171 0.60255445 4 0 0 0 0.088942386 1 1 1 427438.62 4 11.661125 11.661125 11.661125 11.661125
"I.8.4.csv"	4	-0.0065479671
2 1 11.661125 46.070741 0.646239 20 2.8513647 0.93618143 7.9677171 0.60255445 4 0 0 0 0.088942386 1 1 1 427438.62 4 11.661125 11.661125 11.661125 11.661125
"I.8.4.csv"	2	-0.0065479671
2 1 11.661125 46.070741 0.646239 20 2.8513647 0.93618143 7.9677171 0.60255445 4 0 0 0 0.088942386 1 1 1 427438.62 4 11.661125 11.661125 11.661125 11.661125
"I.9.5.csv"	19	-0.1779079
3 1 1.77497 5.9489287 0.11042 20 8.154667 0.88671548 2.8985978 0.71072577 6 0 0 0 0.066113185 0 1 1 370263.29 4 1.77497 1.77497 1.77497 1.77497
"I.9.5.csv"	19	-0.1779079
3 1 1.77497 5.9489287 0.11042 20 8.154667 0.88671548 2.8985978 0.71072577 6 0 0 0 0.066113185 0 1 1 370263.29 4 1.77497 1.77497 1.77497 1.77497
"I.9.5.csv"	19	-0.1779079
3 1 1.77497 5.9489287 0.11042 20 8.154667 0.88671548 2.8985978 0.71072577 6 0 0 0 0.066113185 0 1 1 370263.29 4 1.77497 1.77497 1.77497 1.77497
"I.9.5.csv"	19	-0.1779079
3 1 1.77497 5.9489287 0.11042 20 8.154667 0.88671548 2.8985978 0.71072577 6 0 0 0 0.066113185 0 1 1 370263.29 4 1.77497 1.77497 1.77497 1.77497
"I.9.5.csv"	19	-0.1779079
3 1 1.77497 5.9489287 0.11042 20 8.154667 0.88671548 2.8985978 0.71072577 6 0 0 0 0.066113185 0 1 1 370263.29 4 1.77497 1.77497 1.77497 1.77497
"I.9.5.csv"	19	-0.1779079
3 1 1.77497 5.9489287 0.11042 20 8.154667 0.88671548 2.8985978 0.71072577 6 0 0 0 0.066113185 0 1 1 370263.29 4 1.77497 1.77497 1.77497 1.77497
"I.9.5.csv"	19	-0.1779079
3 1 1.77497 5.9489287 0.11042 20 8.154667 0.88671548 2.8985978 0.71072577 6 0 0 0 0.066113185 0 1 1 370263.29 4 1.77497 1.77497 1.77497 1.77497
"I.9.5.csv"	4	-0.1779079
3 1 1.77497 5.9489287 0.11042 20 8.154667 0.88671548 2.8985978 0.71072577 6 0 0 0 0.066113185 0 1 1 370263.29 4 1.77497 1.77497 1.77497 1.77497
"I.9.5.csv"	19	-0.00018086506
3 1 1.77497 5.9489287 0.11042 20 8.154667 0.88671548 2.8985978 0.71072577 6 0 0 0 0.066113185 0 1 1 370263.29 4 1.77497 1.77497 1.77497 1.77497
"I.9.5.csv"	19	-0.00018086506
3 1 1.77497 5.9489287 0.11042 20 8.154667 0.88671548 2.8985978 0.71072577 6 0 0 0 0.066113185 0 1 1 370263.29 4 1.77497 1.77497 1.77497 1.77497
"I.9.5.csv"	19	-0.00018086506
3 1 1.77497 5.9489287 0.11042 20 8.154667 0.88671548 2.8985978 0.71072577 6 0 0 0 0.066113185 0 1 1 370263.29 4 1.77497 1.77497 1.77497 1.77497
"I.9.5.csv"	19	-0.00018086506
3 1 1.77497 5.9489287 0.11042 20 8.154667 0.88671548 2.8985978 0.71072577 6 0 0 0 0.066113185 0 1 1 370263.29 4 1.77497 1.77497 1.77497 1.77497
"I.9.5.csv"	19	-0.00018086506
3 1 1.77497 5.9489287 0.11042 20 8.154667 0.88671548 2.8985978 0.71072577 6 0 0 0 0.066113185 0 1 1 370263.29 4 1.77497 1.77497 1.77497 1.77497
"I.9.5.csv"	19	-0.00018086506
3 1 1.77497 5.9489287 0.11042 20 8.154667 0.88671548 2.8985978 0.71072577 6 0 0 0 0.066113185 0 1 1 370263.29 4 1.77497 1.77497 1.77497 1.77497
"I.9.5.csv"	19	-0.00018086506
3 1 1.77497 5.9489287 0.11042 20 8.154667 0.88671548 2.8985978 0.71072577 6 0 0 0 0.066113185 0 1 1 370263.29 4 1.77497 1.77497 1.77497 1.77497
"I.9.5.csv"	19	-0.00018086506
3 1 1.77497 5.9489287 0.11042 20 8.154667 0.88671548 2.8985978 0.71072577 6 0 0 0 0.066113185 0 1 1 370263.29 4 1.77497 1.77497 1.77497 1.77497
"I.9.5.csv"	19	-0.00018086506
3 1 1.77497 5.9489287 0.11042 20 8.154667 0.88671548 2.8985978 0.71072577 6 0 0 0 0.066113185 0 1 1 370263.29 4 1.77497 1.77497 1.77497 1.77497
"I.9.5.csv"	19	-0.00018086506
3 1 1.77497 5.9489287 0.11042 20 8.154667 0.88671548 2.8985978 0.71072577 6 0 0 0 0.066113185 0 1 1 370263.29 4 1.77497 1.77497 1.77497 1.77497
"I.9.5.csv"	19	-0.00018086506
3 1 1.77497 5.9489287 0.11042 20 8.154667 0.88671548 2.8985978 0.71072577 6 0 0 0 0.066113185 0 1 1 370263.29 4 1.77497 1.77497 1.77497 1.77497
"I.9.5.csv"	19	-0.00018086506
3 1 1.77497 5.9489287 0.11042 20 8.154667 0.88671548 2.8985978 0.71072577 6 0 0 0 0.066113185 0 1 1 370263.29 4 1.77497 1.77497 1.77497 1.77497
"I.9.5.csv"	4	-0.00018086506
3 1 1.77497 5.9489287 0.11042 20 8.154667 0.88671548 2.8985978 0.71072577 6 0 0 0 0.066113185 0 1 1 370263.29 4 1.77497 1.77497 1.77497 1.77497
"I.9.5.csv"	17	-0.00018086506
3 1 1.77497 5.9489287 0.11042 20 8.154667 0.88671548 2.8985978 0.71072577 6 0 0 0 0.066113185 0 1 1 370263.29 4 1.77497 1.77497 1.77497 1.77497
"I.9.5.csv"	17	-0.00018086506
3 1 1.77497 5.9489287 0.11042 20 8.154667 0.88671548 2.8985978 0.71072577 6 0 0 0 0.066113185 0 1 1 370263.29 4 1.77497 1.77497 1.77497 1.77497
"I.9.5.csv"	19	-0.00018256799
3 1 1.77497 5.9489287 0.11042 20 8.154667 0.88671548 2.8985978 0.71072577 6 0 0 0 0.066113185 0 1 1 370263.29 4 1.77497 1.77497 1.77497 1.77497
"I.9.5.csv"	19	-0.00018256799
3 1 1.77497 5.9489287 0.11042 20 8.154667 0.88671548 2.8985978 0.71072577 6 0 0 0 0.066113185 0 1 1 370263.29 4 1.77497 1.77497 1.77497 1.77497
"I.9.5.csv"	19	-0.00018256799
3 1 1.77497 5.9489287 0.11042 20 8.154667 0.88671548 2.8985978 0.71072577 6 0 0 0 0.066113185 0 1 1 370263.29 4 1.77497 1.77497 1.77497 1.77497
"I.9.5.csv"	19	-0.00018256799
3 1 1.77497 5.9489287 0.11042 20 8.154667 0.88671548 2.8985978 0.71072577 6 0 0 0 0.066113185 0 1 1 370263.29 4 1.77497 1.77497 1.77497 1.77497
"I.9.5.csv"	19	-0.00018256799
3 1 1.77497 5.9489287 0.11042 20 8.154667 0.88671548 2.8985978 0.71072577 6 0 0 0 0.066113185 0 1 1 370263.29 4 1.77497 1.77497 1.77497 1.77497
"I.9.5.csv"	19	-0.00018256799
3 1 1.77497 5.9489287 0.11042 20 8.154667 0.88671548 2.8985978 0.71072577 6 0 0 0 0.066113185 0 1 1 370263.29 4 1.77497 1.77497 1.77497 1.77497
"I.9.5.csv"	19	-0.00018256799
3 1 1.77497 5.9489287 0.11042 20 8.154667 0.88671548 2.8985978 0.71072577 6 0 0 0 0.066113185 0 1 1 370263.29 4 1.77497 1.77497 1.77497 1.77497
"I.9.5.csv"	19	-0.00018256799
3 1 1.77497 5.9489287 0.11042 20 8.154667 0.88671548 2.8985978 0.71072577 6 0 0 0 0.066113185 0 1 1 370263.29 4 1.77497 1.77497 1.77497 1.77497
"I.9.5.csv"	19	-0.00018256799
3 1 1.77497 5.9489287 0.11042 20 8.154667 0.88671548 2.8985978 0.71072577 6 0 0 0 0.066113185 0 1 1 370263.29 4 1.77497 1.77497 1.77497 1.77497
"I.9.5.csv"	19	-0.00018256799
3 1 1.77497 5.9489287 0.11042 20 8.154667 0.88671548 2.8985978 0.71072577 6 0 0 0 0.066113185 0 1 1 370263.29 4 1.77497 1.77497 1.77497 1.77497
"I.9.5.csv"	19	-0.00018256799
3 1 1.77497 5.9489287 0.11042 20 8.154667 0.88671548 2.8985978 0.71072577 6 0 0 0 0.066113185 0 1 1 370263.29 4 1.77497 1.77497 1.77497 1.77497
"I.9.5.csv"	19	-0.00018256799
3 1 1.77497 5.9489287 0.11042 20 8.154667 0.88671548 2.8985978 0.71072577 6 0 0 0 0.066113185 0 1 1 370263.29 4 1.77497 1.77497 1.77497 1.77497
"I.9.5.csv"	4	-0.00018256799
3 1 1.77497 5.9489287 0.11042 20 8.154667 0.88671548 2.8985978 0.71072577 6 0 0 0 0.066113185 0 1 1 370263.29 4 1.77497 1.77497 1.77497 1.77497
"I.9.5.csv"	17	-0.00018256799
3 1 1.77497 5.9489287 0.11042 20 8.154667 0.88671548 2.8985978 0.71072577 6 0 0 0 0.066113185 0 1 1 370263.29 4 1.77497 1.77497 1.77497 1.77497
"I.9.5.csv"	17	-0.00018256799
3 1 1.77497 5.9489287 0.11042 20 8.154667 0.88671548 2.8985978 0.71072577 6 0 0 0 0.066113185 0 1 1 370263.29 4 1.77497 1.77497 1.77497 1.77497
"I.9.5.csv"	19	-0.00018415745
3 1 1.77497 5.9489287 0.11042 20 8.154667 0.88671548 2.8985978 0.71072577 6 0 0 0 0.066113185 0 1 1 370263.29 4 1.77497 1.77497 1.77497 1.77497
"I.9.5.csv"	19	-0.00018415745
3 1 1.77497 5.9489287 0.11042 20 8.154667 0.88671548 2.8985978 0.71072577 6 0 0 0 0.066113185 0 1 1 370263.29 4 1.77497 1.77497 1.77497 1.77497
"I.9.5.csv"	19	-0.00018415745
3 1 1.77497 5.9489287 0.11042 20 8.154667 0.88671548 2.8985978 0.71072577 6 0 0 0 0.066113185 0 1 1 370263.29 4 1.77497 1.77497 1.77497 1.77497
"I.9.5.csv"	19	-0.00018415745
3 1 1.77497 5.9489287 0.11042 20 8.154667 0.88671548 2.8985978 0.71072577 6 0 0 0 0.066113185 0 1 1 370263.29 4 1.77497 1.77497 1.77497 1.77497
"I.9.5.csv"	19	-0.00018415745
3 1 1.77497 5.9489287 0.11042 20 8.154667 0.88671548 2.8985978 0.71072577 6 0 0 0 0.066113185 0 1 1 370263.29 4 1.77497 1.77497 1.77497 1.77497
"I.9.5.csv"	19	-0.00018415745
3 1 1.77497 5.9489287 0.11042 20 8.154667 0.88671548 2.8985978 0.71072577 6 0 0 0 0.066113185 0 1 1 370263.29 4 1.77497 1.77497 1.77497 1.77497
"I.9.5.csv"	19	-0.00018415745
3 1 1.77497 5.9489287 0.11042 20 8.154667 0.88671548 2.8985978 0.71072577 6 0 0 0 0.066113185 0 1 1 370263.29 4 1.77497 1.77497 1.77497 1.77497
"I.9.5.csv"	19	-0.00018415745
3 1 1.77497 5.9489287 0.11042 20 8.154667 0.88671548 2.8985978 0.71072577 6 0 0 0 0.066113185 0 1 1 370263.29 4 1.77497 1.77497 1.77497 1.77497
"I.9.5.csv"	19	-0.00018415745
3 1 1.77497 5.9489287 0.11042 20 8.154667 0.88671548 2.8985978 0.71072577 6 0 0 0 0.066113185 0 1 1 370263.29 4 1.77497 1.77497 1.77497 1.77497
"I.9.5.csv"	19	-0.00018415745
3 1 1.77497 5.9489287 0.11042 20 8.154667 0.88671548 2.8985978 0.71072577 6 0 0 0 0.066113185 0 1 1 370263.29 4 1.77497 1.77497 1.77497 1.77497
"I.9.5.csv"	19	-0.00018415745
3 1 1.77497 5.9489287 0.11042 20 8.154667 0.88671548 2.8985978 0.71072577 6 0 0 0 0.066113185 0 1 1 370263.29 4 1.77497 1.77497 1.77497 1.77497
"I.9.5.csv"	19	-0.00018415745
3 1 1.77497 5.9489287 0.11042 20 8.154667 0.88671548 2.8985978 0.71072577 6 0 0 0 0.066113185 0 1 1 370263.29 4 1.77497 1.77497 1.77497 1.77497
"I.9.5.csv"	4	-0.00018415745
3 1 1.77497 5.9489287 0.11042 20 8.154667 0.88671548 2.8985978 0.71072577 6 0 0 0 0.066113185 0 1 1 370263.29 4 1.77497 1.77497 1.77497 1.77497
"I.9.5.csv"	17	-0.00018415745
3 1 1.77497 5.9489287 0.11042 20 8.154667 0.88671548 2.8985978 0.71072577 6 0 0 0 0.066113185 0 1 1 370263.29 4 1.77497 1.77497 1.77497 1.77497
"I.9.5.csv"	17	-0.00018415745
3 1 1.77497 5.9489287 0.11042 20 8.154667 0.88671548 2.8985978 0.71072577 6 0 0 0 0.066113185 0 1 1 370263.29 4 1.77497 1.77497 1.77497 1.77497
"I.9.5.csv"	19	-0.00018560284
3 1 1.77497 5.9489287 0.11042 20 8.154667 0.88671548 2.8985978 0.71072577 6 0 0 0 0.066113185 0 1 1 370263.29 4 1.77497 1.77497 1.77497 1.77497
"I.9.5.csv"	19	-0.00018560284
3 1 1.77497 5.9489287 0.11042 20 8.154667 0.88671548 2.8985978 0.71072577 6 0 0 0 0.066113185 0 1 1 370263.29 4 1.77497 1.77497 1.77497 1.77497
"I.9.5.csv"	19	-0.00018560284
3 1 1.77497 5.9489287 0.11042 20 8.154667 0.88671548 2.8985978 0.71072577 6 0 0 0 0.066113185 0 1 1 370263.29 4 1.77497 1.77497 1.77497 1.77497
"I.9.5.csv"	19	-0.00018560284
3 1 1.77497 5.9489287 0.11042 20 8.154667 0.88671548 2.8985978 0.71072577 6 0 0 0 0.066113185 0 1 1 370263.29 4 1.77497 1.77497 1.77497 1.77497
"I.9.5.csv"	19	-0.00018560284
3 1 1.77497 5.9489287 0.11042 20 8.154667 0.88671548 2.8985978 0.71072577 6 0 0 0 0.066113185 0 1 1 370263.29 4 1.77497 1.77497 1.77497 1.77497
"I.9.5.csv"	19	-0.00018560284
3 1 1.77497 5.9489287 0.11042 20 8.154667 0.88671548 2.8985978 0.71072577 6 0 0 0 0.066113185 0 1 1 370263.29 4 1.77497 1.77497 1.77497 1.77497
"I.9.5.csv"	19	-0.00018560284
3 1 1.77497 5.9489287 0.11042 20 8.154667 0.88671548 2.8985978 0.71072577 6 0 0 0 0.066113185 0 1 1 370263.29 4 1.77497 1.77497 1.77497 1.77497
"I.9.5.csv"	19	-0.00018560284
3 1 1.77497 5.9489287 0.11042 20 8.154667 0.88671548 2.8985978 0.71072577 6 0 0 0 0.066113185 0 1 1 370263.29 4 1.77497 1.77497 1.77497 1.77497
"I.9.5.csv"	19	-0.00018560284
3 1 1.77497 5.9489287 0.11042 20 8.154667 0.88671548 2.8985978 0.71072577 6 0 0 0 0.066113185 0 1 1 370263.29 4 1.77497 1.77497 1.77497 1.77497
"I.9.5.csv"	19	-0.00018560284
3 1 1.77497 5.9489287 0.11042 20 8.154667 0.88671548 2.8985978 0.71072577 6 0 0 0 0.066113185 0 1 1 370263.29 4 1.77497 1.77497 1.77497 1.77497
"I.9.5.csv"	19	-0.00018560284
3 1 1.77497 5.9489287 0.11042 20 8.154667 0.88671548 2.8985978 0.71072577 6 0 0 0 0.066113185 0 1 1 370263.29 4 1.77497 1.77497 1.77497 1.77497
"I.9.5.csv"	19	-0.00018560284
3 1 1.77497 5.9489287 0.11042 20 8.154667 0.88671548 2.8985978 0.71072577 6 0 0 0 0.066113185 0 1 1 370263.29 4 1.77497 1.77497 1.77497 1.77497
"I.9.5.csv"	4	-0.00018560284
3 1 1.77497 5.9489287 0.11042 20 8.154667 0.88671548 2.8985978 0.71072577 6 0 0 0 0.066113185 0 1 1 370263.29 4 1.77497 1.77497 1.77497 1.77497
"I.9.5.csv"	17	-0.00018560284
3 1 1.77497 5.9489287 0.11042 20 8.154667 0.88671548 2.8985978 0.71072577 6 0 0 0 0.066113185 0 1 1 370263.29 4 1.77497 1.77497 1.77497 1.77497
"I.9.5.csv"	17	-0.00018560284
3 1 1.77497 5.9489287 0.11042 20 8.154667 0.88671548 2.8985978 0.71072577 6 0 0 0 0.066113185 0 1 1 370263.29 4 1.77497 1.77497 1.77497 1.77497
"I.9.5.csv"	19	-0.00018688121
3 1 1.77497 5.9489287 0.11042 20 8.154667 0.88671548 2.8985978 0.71072577 6 0 0 0 0.066113185 0 1 1 370263.29 4 1.77497 1.77497 1.77497 1.77497
"I.9.5.csv"	19	-0.00018688121
3 1 1.77497 5.9489287 0.11042 20 8.154667 0.88671548 2.8985978 0.71072577 6 0 0 0 0.066113185 0 1 1 370263.29 4 1.77497 1.77497 1.77497 1.77497
"I.9.5.csv"	19	-0.00018688121
3 1 1.77497 5.9489287 0.11042 20 8.154667 0.88671548 2.8985978 0.71072577 6 0 0 0 0.066113185 0 1 1 370263.29 4 1.77497 1.77497 1.77497 1.77497
"I.9.5.csv"	19	-0.00018688121
3 1 1.77497 5.9489287 0.11042 20 8.154667 0.88671548 2.8985978 0.71072577 6 0 0 0 0.066113185 0 1 1 370263.29 4 1.77497 1.77497 1.77497 1.77497
"I.9.5.csv"	19	-0.00018688121
3 1 1.77497 5.9489287 0.11042 20 8.154667 0.88671548 2.8985978 0.71072577 6 0 0 0 0.066113185 0 1 1 370263.29 4 1.77497 1.77497 1.77497 1.77497
"I.9.5.csv"	19	-0.00018688121
3 1 1.77497 5.9489287 0.11042 20 8.154667 0.88671548 2.8985978 0.71072577 6 0 0 0 0.066113185 0 1 1 370263.29 4 1.77497 1.77497 1.77497 1.77497
"I.9.5.csv"	19	-0.00018688121
3 1 1.77497 5.9489287 0.11042 20 8.154667 0.88671548 2.8985978 0.71072577 6 0 0 0 0.066113185 0 1 1 370263.29 4 1.77497 1.77497 1.77497 1.77497
"I.9.5.csv"	19	-0.00018688121
3 1 1.77497 5.9489287 0.11042 20 8.154667 0.88671548 2.8985978 0.71072577 6 0 0 0 0.066113185 0 1 1 370263.29 4 1.77497 1.77497 1.77497 1.77497
"I.9.5.csv"	19	-0.00018688121
3 1 1.77497 5.9489287 0.11042 20 8.154667 0.88671548 2.8985978 0.71072577 6 0 0 0 0.066113185 0 1 1 370263.29 4 1.77497 1.77497 1.77497 1.77497
"I.9.5.csv"	19	-0.00018688121
3 1 1.77497 5.9489287 0.11042 20 8.154667 0.88671548 2.8985978 0.71072577 6 0 0 0 0.066113185 0 1 1 370263.29 4 1.77497 1.77497 1.77497 1.77497
"I.9.5.csv"	19	-0.00018688121
3 1 1.77497 5.9489287 0.11042 20 8.154667 0.88671548 2.8985978 0.71072577 6 0 0 0 0.066113185 0 1 1 370263.29 4 1.77497 1.77497 1.77497 1.77497
"I.9.5.csv"	19	-0.00018688121
3 1 1.77497 5.9489287 0.11042 20 8.154667 0.88671548 2.8985978 0.71072577 6 0 0 0 0.066113185 0 1 1 370263.29 4 1.77497 1.77497 1.77497 1.77497
"I.9.5.csv"	4	-0.00018688121
3 1 1.77497 5.9489287 0.11042 20 8.154667 0.88671548 2.8985978 0.71072577 6 0 0 0 0.066113185 0 1 1 370263.29 4 1.77497 1.77497 1.77497 1.77497
"I.9.5.csv"	17	-0.00018688121
3 1 1.77497 5.9489287 0.11042 20 8.154667 0.88671548 2.8985978 0.71072577 6 0 0 0 0.066113185 0 1 1 370263.29 4 1.77497 1.77497 1.77497 1.77497
"I.9.5.csv"	17	-0.00018688121
3 1 1.77497 5.9489287 0.11042 20 8.154667 0.88671548 2.8985978 0.71072577 6 0 0 0 0.066113185 0 1 1 370263.29 4 1.77497 1.77497 1.77497 1.77497
"I.6.2b.csv"	4	0.00212141
2 1 1.2318057 0.64394456 0.240001 4.757598 5.629674 0.97502674 1.0758806 0.17865874 4 0 0 0 0.022529436 0 1 1 31257.276 4 1.2318057 1.2318057 1.2318057 1.2318057
"I.6.2b.csv"	1	-0.020071174
2 1 1.2318057 0.64394456 0.240001 4.757598 5.629674 0.97502674 1.0758806 0.17865874 4 0 0 0 0.022529436 0 1 1 31257.276 4 1.2318057 1.2318057 1.2318057 1.2318057
"I.6.2b.csv"	12	-0.020071174
2 1 1.2318057 0.64394456 0.240001 4.757598 5.629674 0.97502674 1.0758806 0.17865874 4 0 0 0 0.022529436 0 1 1 31257.276 4 1.2318057 1.2318057 1.2318057 1.2318057
"I.6.2b.csv"	21	-5.7234301e-05
2 1 1.2318057 0.64394456 0.240001 4.757598 5.629674 0.97502674 1.0758806 0.17865874 4 0 0 0 0.022529436 0 1 1 31257.276 4 1.2318057 1.2318057 1.2318057 1.2318057
"I.6.2b.csv"	3	-5.7234301e-05
2 1 1.2318057 0.64394456 0.240001 4.757598 5.629674 0.97502674 1.0758806 0.17865874 4 0 0 0 0.022529436 0 1 1 31257.276 4 1.2318057 1.2318057 1.2318057 1.2318057
"I.6.2b.csv"	12	-5.7234301e-05
2 1 1.2318057 0.64394456 0.240001 4.757598 5.629674 0.97502674 1.0758806 0.17865874 4 0 0 0 0.022529436 0 1 1 31257.276 4 1.2318057 1.2318057 1.2318057 1.2318057
"I.6.2b.csv"	4	-5.7234301e-05
2 1 1.2318057 0.64394456 0.240001 4.757598 5.629674 0.97502674 1.0758806 0.17865874 4 0 0 0 0.022529436 0 1 1 31257.276 4 1.2318057 1.2318057 1.2318057 1.2318057
"I.6.2b.csv"	2	-5.7234301e-05
2 1 1.2318057 0.64394456 0.240001 4.757598 5.629674 0.97502674 1.0758806 0.17865874 4 0 0 0 0.022529436 0 1 1 31257.276 4 1.2318057 1.2318057 1.2318057 1.2318057
"I.10.7.csv"	3	0.00095955933
2 1 3.7452638 3.0903853 1.110554 11.208712 5.7442833 0.98198354 6.6523186 6.8712004 4 1 1 1 0.045592345 0 1 1 317520.5 4 3.7452638 3.7452638 3.7452638 3.7452638
"I.10.7.csv"	1	-0.23359687
2 1 3.7452638 3.0903853 1.110554 11.208712 5.7442833 0.98198354 6.6523186 6.8712004 4 1 1 1 0.045592345 0 1 1 317520.5 4 3.7452638 3.7452638 3.7452638 3.7452638
"I.10.7.csv"	12	-0.23359687
2 1 3.7452638 3.0903853 1.110554 11.208712 5.7442833 0.98198354 6.6523186 6.8712004 4 1 1 1 0.045592345 0 1 1 317520.5 4 3.7452638 3.7452638 3.7452638 3.7452638
"I.10.7.csv"	14	0.00018986069
2 1 3.7452638 3.0903853 1.110554 11.208712 5.7442833 0.98198354 6.6523186 6.8712004 4 1 1 1 0.045592345 0 1 1 317520.5 4 3.7452638 3.7452638 3.7452638 3.7452638
"I.10.7.csv"	4	-0.0021915363
2 1 3.7452638 3.0903853 1.110554 11.208712 5.7442833 0.98198354 6.6523186 6.8712004 4 1 1 1 0.045592345 0 1 1 317520.5 4 3.7452638 3.7452638 3.7452638 3.7452638
"I.10.7.csv"	21	-0.0021915363
2 1 3.7452638 3.0903853 1.110554 11.208712 5.7442833 0.98198354 6.6523186 6.8712004 4 1 1 1 0.045592345 0 1 1 317520.5 4 3.7452638 3.7452638 3.7452638 3.7452638
"I.10.7.csv"	3	-0.0021915363
2 1 3.7452638 3.0903853 1.110554 11.208712 5.7442833 0.98198354 6.6523186 6.8712004 4 1 1 1 0.045592345 0 1 1 317520.5 4 3.7452638 3.7452638 3.7452638 3.7452638
"I.10.7.csv"	1	-0.0021915363
2 1 3.7452638 3.0903853 1.110554 11.208712 5.7442833 0.98198354 6.6523186 6.8712004 4 1 1 1 0.045592345 0 1 1 317520.5 4 3.7452638 3.7452638 3.7452638 3.7452638
"I.10.7.csv"	12	-0.0021915363
2 1 3.7452638 3.0903853 1.110554 11.208712 5.7442833 0.98198354 6.6523186 6.8712004 4 1 1 1 0.045592345 0 1 1 317520.5 4 3.7452638 3.7452638 3.7452638 3.7452638
"I.10.7.csv"	2	-0.0021915363
2 1 3.7452638 3.0903853 1.110554 11.208712 5.7442833 0.98198354 6.6523186 6.8712004 4 1 1 1 0.045592345 0 1 1 317520.5 4 3.7452638 3.7452638 3.7452638 3.7452638
"I.10.7.csv"	14	-0.0021827127
2 1 3.7452638 3.0903853 1.110554 11.208712 5.7442833 0.98198354 6.6523186 6.8712004 4 1 1 1 0.045592345 0 1 1 317520.5 4 3.7452638 3.7452638 3.7452638 3.7452638
"I.10.7.csv"	4	-0.0021827127
2 1 3.7452638 3.0903853 1.110554 11.208712 5.7442833 0.98198354 6.6523186 6.8712004 4 1 1 1 0.045592345 0 1 1 317520.5 4 3.7452638 3.7452638 3.7452638 3.7452638
"I.10.7.csv"	21	-0.0021827127
2 1 3.7452638 3.0903853 1.110554 11.208712 5.7442833 0.98198354 6.6523186 6.8712004 4 1 1 1 0.045592345 0 1 1 317520.5 4 3.7452638 3.7452638 3.7452638 3.7452638
"I.10.7.csv"	3	-0.0021827127
2 1 3.7452638 3.0903853 1.110554 11.208712 5.7442833 0.98198354 6.6523186 6.8712004 4 1 1 1 0.045592345 0 1 1 317520.5 4 3.7452638 3.7452638 3.7452638 3.7452638
"I.10.7.csv"	1	-0.0021827127
2 1 3.7452638 3.0903853 1.110554 11.208712 5.7442833 0.98198354 6.6523186 6.8712004 4 1 1 1 0.045592345 0 1 1 317520.5 4 3.7452638 3.7452638 3.7452638 3.7452638
"I.10.7.csv"	12	-0.0021827127
2 1 3.7452638 3.0903853 1.110554 11.208712 5.7442833 0.98198354 6.6523186 6.8712004 4 1 1 1 0.045592345 0 1 1 317520.5 4 3.7452638 3.7452638 3.7452638 3.7452638
"I.10.7.csv"	2	-0.0021827127
2 1 3.7452638 3.0903853 1.110554 11.208712 5.7442833 0.98198354 6.6523186 6.8712004 4 1 1 1 0.045592345 0 1 1 317520.5 4 3.7452638 3.7452638 3.7452638 3.7452638
"I.10.7.csv"	14	0.00074590697
2 1 3.7452638 3.0903853 1.110554 11.208712 5.7442833 0.98198354 6.6523186 6.8712004 4 1 1 1 0.045592345 0 1 1 317520.5 4 3.7452638 3.7452638 3.7452638 3.7452638
"I.10.7.csv"	4	-0.0022761345
2 1 3.7452638 3.0903853 1.110554 11.208712 5.7442833 0.98198354 6.6523186 6.8712004 4 1 1 1 0.045592345 0 1 1 317520.5 4 3.7452638 3.7452638 3.7452638 3.7452638
"I.10.7.csv"	3	-0.0022761345
2 1 3.7452638 3.0903853 1.110554 11.208712 5.7442833 0.98198354 6.6523186 6.8712004 4 1 1 1 0.045592345 0 1 1 317520.5 4 3.7452638 3.7452638 3.7452638 3.7452638
"I.10.7.csv"	1	-0.0022761345
2 1 3.7452638 3.0903853 1.110554 11.208712 5.7442833 0.98198354 6.6523186 6.8712004 4 1 1 1 0.045592345 0 1 1 317520.5 4 3.7452638 3.7452638 3.7452638 3.7452638
"I.10.7.csv"	12	-0.0022761345
2 1 3.7452638 3.0903853 1.110554 11.208712 5.7442833 0.98198354 6.6523186 6.8712004 4 1 1 1 0.045592345 0 1 1 317520.5 4 3.7452638 3.7452638 3.7452638 3.7452638
"I.10.7.csv"	2	-0.0022761345
2 1 3.7452638 3.0903853 1.110554 11.208712 5.7442833 0.98198354 6.6523186 6.8712004 4 1 1 1 0.045592345 0 1 1 317520.5 4 3.7452638 3.7452638 3.7452638 3.7452638
"I.10.7.csv"	4	-0.0024761412
2 1 3.7452638 3.0903853 1.110554 11.208712 5.7442833 0.98198354 6.6523186 6.8712004 4 1 1 1 0.045592345 0 1 1 317520.5 4 3.7452638 3.7452638 3.7452638 3.7452638
"I.10.7.csv"	21	-0.0024761412
2 1 3.7452638 3.0903853 1.110554 11.208712 5.7442833 0.98198354 6.6523186 6.8712004 4 1 1 1 0.045592345 0 1 1 317520.5 4 3.7452638 3.7452638 3.7452638 3.7452638
"I.10.7.csv"	3	-0.0024761412
2 1 3.7452638 3.0903853 1.110554 11.208712 5.7442833 0.98198354 6.6523186 6.8712004 4 1 1 1 0.045592345 0 1 1 317520.5 4 3.7452638 3.7452638 3.7452638 3.7452638
"I.10.7.csv"	1	-0.0024761412
2 1 3.7452638 3.0903853 1.110554 11.208712 5.7442833 0.98198354 6.6523186 6.8712004 4 1 1 1 0.045592345 0 1 1 317520.5 4 3.7452638 3.7452638 3.7452638 3.7452638
"I.10.7.csv"	12	-0.0024761412
2 1 3.7452638 3.0903853 1.110554 11.208712 5.7442833 0.98198354 6.6523186 6.8712004 4 1 1 1 0.045592345 0 1 1 317520.5 4 3.7452638 3.7452638 3.7452638 3.7452638
"I.10.7.csv"	2	-0.0024761412
2 1 3.7452638 3.0903853 1.110554 11.208712 5.7442833 0.98198354 6.6523186 6.8712004 4 1 1 1 0.045592345 0 1 1 317520.5 4 3.7452638 3.7452638 3.7452638 3.7452638
"I.7.9.csv"	4	0.00048560139
2 1 1.4825771 0.19102069 0.725797 2.849137 4.8582442 0.9926358 0.59238203 0.077259156 4 0 0 0 0.093312338 0 1 1 57137 4 1.4825771 1.4825771 1.4825771 1.4825771
"I.7.9.csv"	1	-0.0089037597
2 1 1.4825771 0.19102069 0.725797 2.849137 4.8582442 0.9926358 0.59238203 0.077259156 4 0 0 0 0.093312338 0 1 1 57137 4 1.4825771 1.4825771 1.4825771 1.4825771
"I.7.9.csv"	12	-0.0089037597
2 1 1.4825771 0.19102069 0.725797 2.849137 4.8582442 0.9926358 0.59238203 0.077259156 4 0 0 0 0.093312338 0 1 1 57137 4 1.4825771 1.4825771 1.4825771 1.4825771
"I.7.9.csv"	4	4.8403373e-05
2 1 1.4825771 0.19102069 0.725797 2.849137 4.8582442 0.9926358 0.59238203 0.077259156 4 0 0 0 0.093312338 0 1 1 57137 4 1.4825771 1.4825771 1.4825771 1.4825771
"I.7.9.csv"	3	-5.5408428e-05
2 1 1.4825771 0.19102069 0.725797 2.849137 4.8582442 0.9926358 0.59238203 0.077259156 4 0 0 0 0.093312338 0 1 1 57137 4 1.4825771 1.4825771 1.4825771 1.4825771
"I.7.9.csv"	1	-5.5408428e-05
2 1 1.4825771 0.19102069 0.725797 2.849137 4.8582442 0.9926358 0.59238203 0.077259156 4 0 0 0 0.093312338 0 1 1 57137 4 1.4825771 1.4825771 1.4825771 1.4825771
"I.7.9.csv"	2	-5.5408428e-05
2 1 1.4825771 0.19102069 0.725797 2.849137 4.8582442 0.9926358 0.59238203 0.077259156 4 0 0 0 0.093312338 0 1 1 57137 4 1.4825771 1.4825771 1.4825771 1.4825771
"I.7.9.csv"	4	-5.6564304e-05
2 1 1.4825771 0.19102069 0.725797 2.849137 4.8582442 0.9926358 0.59238203 0.077259156 4 0 0 0 0.093312338 0 1 1 57137 4 1.4825771 1.4825771 1.4825771 1.4825771
"I.7.9.csv"	21	-5.6564304e-05
2 1 1.4825771 0.19102069 0.725797 2.849137 4.8582442 0.9926358 0.59238203 0.077259156 4 0 0 0 0.093312338 0 1 1 57137 4 1.4825771 1.4825771 1.4825771 1.4825771
"I.7.9.csv"	3	-5.6564304e-05
2 1 1.4825771 0.19102069 0.725797 2.849137 4.8582442 0.9926358 0.59238203 0.077259156 4 0 0 0 0.093312338 0 1 1 57137 4 1.4825771 1.4825771 1.4825771 1.4825771
"I.7.9.csv"	12	-5.6564304e-05
2 1 1.4825771 0.19102069 0.725797 2.849137 4.8582442 0.9926358 0.59238203 0.077259156 4 0 0 0 0.093312338 0 1 1 57137 4 1.4825771 1.4825771 1.4825771 1.4825771
"I.7.9.csv"	2	-5.6564304e-05
2 1 1.4825771 0.19102069 0.725797 2.849137 4.8582442 0.9926358 0.59238203 0.077259156 4 0 0 0 0.093312338 0 1 1 57137 4 1.4825771 1.4825771 1.4825771 1.4825771
"I.7.9.csv"	4	8.7634905e-06
2 1 1.4825771 0.19102069 0.725797 2.849137 4.8582442 0.9926358 0.59238203 0.077259156 4 0 0 0 0.093312338 0 1 1 57137 4 1.4825771 1.4825771 1.4825771 1.4825771
"I.7.9.csv"	21	-2.8323074e-05
2 1 1.4825771 0.19102069 0.725797 2.849137 4.8582442 0.9926358 0.59238203 0.077259156 4 0 0 0 0.093312338 0 1 1 57137 4 1.4825771 1.4825771 1.4825771 1.4825771
"I.7.9.csv"	2	-2.8323074e-05
2 1 1.4825771 0.19102069 0.725797 2.849137 4.8582442 0.9926358 0.59238203 0.077259156 4 0 0 0 0.093312338 0 1 1 57137 4 1.4825771 1.4825771 1.4825771 1.4825771
"I.7.9.csv"	12	-2.8323074e-05
2 1 1.4825771 0.19102069 0.725797 2.849137 4.8582442 0.9926358 0.59238203 0.077259156 4 0 0 0 0.093312338 0 1 1 57137 4 1.4825771 1.4825771 1.4825771 1.4825771
"I.7.9.csv"	3	-2.8323074e-05
2 1 1.4825771 0.19102069 0.725797 2.849137 4.8582442 0.9926358 0.59238203 0.077259156 4 0 0 0 0.093312338 0 1 1 57137 4 1.4825771 1.4825771 1.4825771 1.4825771
"I.29.16.csv"	8	-0.19050566
3 1 0.55752788 2.3186233 -2.897548 2.918667 3.8196657 0.41539005 2.1514644 0.68968775 6 0 0 0 0.38145224 1 1 0 1816652 4 0.55752788 0.55752788 0.55752788 0.55752788
"I.29.16.csv"	3	-0.19050566
3 1 0.55752788 2.3186233 -2.897548 2.918667 3.8196657 0.41539005 2.1514644 0.68968775 6 0 0 0 0.38145224 1 1 0 1816652 4 0.55752788 0.55752788 0.55752788 0.55752788
"I.29.16.csv"	1	-0.19050566
3 1 0.55752788 2.3186233 -2.897548 2.918667 3.8196657 0.41539005 2.1514644 0.68968775 6 0 0 0 0.38145224 1 1 0 1816652 4 0.55752788 0.55752788 0.55752788 0.55752788
"I.29.16.csv"	4	-0.19050566
3 1 0.55752788 2.3186233 -2.897548 2.918667 3.8196657 0.41539005 2.1514644 0.68968775 6 0 0 0 0.38145224 1 1 0 1816652 4 0.55752788 0.55752788 0.55752788 0.55752788
"I.29.16.csv"	2	-0.19050566
3 1 0.55752788 2.3186233 -2.897548 2.918667 3.8196657 0.41539005 2.1514644 0.68968775 6 0 0 0 0.38145224 1 1 0 1816652 4 0.55752788 0.55752788 0.55752788 0.55752788
"I.29.16.csv"	18	-0.19050566
3 1 0.55752788 2.3186233 -2.897548 2.918667 3.8196657 0.41539005 2.1514644 0.68968775 6 0 0 0 0.38145224 1 1 0 1816652 4 0.55752788 0.55752788 0.55752788 0.55752788
"I.29.16.csv"	8	-0.19050566
3 1 0.55752788 2.3186233 -2.897548 2.918667 3.8196657 0.41539005 2.1514644 0.68968775 6 0 0 0 0.38145224 1 1 0 1816652 4 0.55752788 0.55752788 0.55752788 0.55752788
"I.29.16.csv"	21	-0.19050566
3 1 0.55752788 2.3186233 -2.897548 2.918667 3.8196657 0.41539005 2.1514644 0.68968775 6 0 0 0 0.38145224 1 1 0 1816652 4 0.55752788 0.55752788 0.55752788 0.55752788
"I.29.16.csv"	1	-0.19050566
3 1 0.55752788 2.3186233 -2.897548 2.918667 3.8196657 0.41539005 2.1514644 0.68968775 6 0 0 0 0.38145224 1 1 0 1816652 4 0.55752788 0.55752788 0.55752788 0.55752788
"I.29.16.csv"	3	-0.19050566
3 1 0.55752788 2.3186233 -2.897548 2.918667 3.8196657 0.41539005 2.1514644 0.68968775 6 0 0 0 0.38145224 1 1 0 1816652 4 0.55752788 0.55752788 0.55752788 0.55752788
"I.29.16.csv"	23	-0.19050566
3 1 0.55752788 2.3186233 -2.897548 2.918667 3.8196657 0.41539005 2.1514644 0.68968775 6 0 0 0 0.38145224 1 1 0 1816652 4 0.55752788 0.55752788 0.55752788 0.55752788
"I.29.16.csv"	23	-0.19050566
3 1 0.55752788 2.3186233 -2.897548 2.918667 3.8196657 0.41539005 2.1514644 0.68968775 6 0 0 0 0.38145224 1 1 0 1816652 4 0.55752788 0.55752788 0.55752788 0.55752788
"I.29.16.csv"	14	-0.19050566
3 1 0.55752788 2.3186233 -2.897548 2.918667 3.8196657 0.41539005 2.1514644 0.68968775 6 0 0 0 0.38145224 1 1 0 1816652 4 0.55752788 0.55752788 0.55752788 0.55752788
"I.29.16.csv"	4	-0.19050566
3 1 0.55752788 2.3186233 -2.897548 2.918667 3.8196657 0.41539005 2.1514644 0.68968775 6 0 0 0 0.38145224 1 1 0 1816652 4 0.55752788 0.55752788 0.55752788 0.55752788
"I.29.16.csv"	11	-0.19050566
3 1 0.55752788 2.3186233 -2.897548 2.918667 3.8196657 0.41539005 2.1514644 0.68968775 6 0 0 0 0.38145224 1 1 0 1816652 4 0.55752788 0.55752788 0.55752788 0.55752788
"I.29.16.csv"	18	-0.18645035
3 1 0.55752788 2.3186233 -2.897548 2.918667 3.8196657 0.41539005 2.1514644 0.68968775 6 0 0 0 0.38145224 1 1 0 1816652 4 0.55752788 0.55752788 0.55752788 0.55752788
"I.29.16.csv"	8	-0.18645035
3 1 0.55752788 2.3186233 -2.897548 2.918667 3.8196657 0.41539005 2.1514644 0.68968775 6 0 0 0 0.38145224 1 1 0 1816652 4 0.55752788 0.55752788 0.55752788 0.55752788
"I.29.16.csv"	1	-0.18645035
3 1 0.55752788 2.3186233 -2.897548 2.918667 3.8196657 0.41539005 2.1514644 0.68968775 6 0 0 0 0.38145224 1 1 0 1816652 4 0.55752788 0.55752788 0.55752788 0.55752788
"I.29.16.csv"	2	-0.18645035
3 1 0.55752788 2.3186233 -2.897548 2.918667 3.8196657 0.41539005 2.1514644 0.68968775 6 0 0 0 0.38145224 1 1 0 1816652 4 0.55752788 0.55752788 0.55752788 0.55752788
"I.29.16.csv"	23	-0.18645035
3 1 0.55752788 2.3186233 -2.897548 2.918667 3.8196657 0.41539005 2.1514644 0.68968775 6 0 0 0 0.38145224 1 1 0 1816652 4 0.55752788 0.55752788 0.55752788 0.55752788
"I.29.16.csv"	23	-0.18645035
3 1 0.55752788 2.3186233 -2.897548 2.918667 3.8196657 0.41539005 2.1514644 0.68968775 6 0 0 0 0.38145224 1 1 0 1816652 4 0.55752788 0.55752788 0.55752788 0.55752788
"I.29.16.csv"	4	-0.18645035
3 1 0.55752788 2.3186233 -2.897548 2.918667 3.8196657 0.41539005 2.1514644 0.68968775 6 0 0 0 0.38145224 1 1 0 1816652 4 0.55752788 0.55752788 0.55752788 0.55752788
"I.29.16.csv"	11	-0.18645035
3 1 0.55752788 2.3186233 -2.897548 2.918667 3.8196657 0.41539005 2.1514644 0.68968775 6 0 0 0 0.38145224 1 1 0 1816652 4 0.55752788 0.55752788 0.55752788 0.55752788
"I.29.16.csv"	3	-0.18645035
3 1 0.55752788 2.3186233 -2.897548 2.918667 3.8196657 0.41539005 2.1514644 0.68968775 6 0 0 0 0.38145224 1 1 0 1816652 4 0.55752788 0.55752788 0.55752788 0.55752788
"I.29.16.csv"	14	-0.18645035
3 1 0.55752788 2.3186233 -2.897548 2.918667 3.8196657 0.41539005 2.1514644 0.68968775 6 0 0 0 0.38145224 1 1 0 1816652 4 0.55752788 0.55752788 0.55752788 0.55752788
"I.29.16.csv"	8	-0.18645035
3 1 0.55752788 2.3186233 -2.897548 2.918667 3.8196657 0.41539005 2.1514644 0.68968775 6 0 0 0 0.38145224 1 1 0 1816652 4 0.55752788 0.55752788 0.55752788 0.55752788
"I.29.16.csv"	21	-0.18645035
3 1 0.55752788 2.3186233 -2.897548 2.918667 3.8196657 0.41539005 2.1514644 0.68968775 6 0 0 0 0.38145224 1 1 0 1816652 4 0.55752788 0.55752788 0.55752788 0.55752788
"I.29.16.csv"	3	-0.18645035
3 1 0.55752788 2.3186233 -2.897548 2.918667 3.8196657 0.41539005 2.1514644 0.68968775 6 0 0 0 0.38145224 1 1 0 1816652 4 0.55752788 0.55752788 0.55752788 0.55752788
"I.29.16.csv"	4	-0.18645035
3 1 0.55752788 2.3186233 -2.897548 2.918667 3.8196657 0.41539005 2.1514644 0.68968775 6 0 0 0 0.38145224 1 1 0 1816652 4 0.55752788 0.55752788 0.55752788 0.55752788
"I.29.16.csv"	12	-0.18645035
3 1 0.55752788 2.3186233 -2.897548 2.918667 3.8196657 0.41539005 2.1514644 0.68968775 6 0 0 0 0.38145224 1 1 0 1816652 4 0.55752788 0.55752788 0.55752788 0.55752788
"I.29.16.csv"	18	-0.18876252
3 1 0.55752788 2.3186233 -2.897548 2.918667 3.8196657 0.41539005 2.1514644 0.68968775 6 0 0 0 0.38145224 1 1 0 1816652 4 0.55752788 0.55752788 0.55752788 0.55752788
"I.29.16.csv"	8	-0.18876252
3 1 0.55752788 2.3186233 -2.897548 2.918667 3.8196657 0.41539005 2.1514644 0.68968775 6 0 0 0 0.38145224 1 1 0 1816652 4 0.55752788 0.55752788 0.55752788 0.55752788
"I.29.16.csv"	21	-0.18876252
3 1 0.55752788 2.3186233 -2.897548 2.918667 3.8196657 0.41539005 2.1514644 0.68968775 6 0 0 0 0.38145224 1 1 0 1816652 4 0.55752788 0.55752788 0.55752788 0.55752788
"I.29.16.csv"	1	-0.18876252
3 1 0.55752788 2.3186233 -2.897548 2.918667 3.8196657 0.41539005 2.1514644 0.68968775 6 0 0 0 0.38145224 1 1 0 1816652 4 0.55752788 0.55752788 0.55752788 0.55752788
"I.29.16.csv"	3	-0.18876252
3 1 0.55752788 2.3186233 -2.897548 2.918667 3.8196657 0.41539005 2.1514644 0.68968775 6 0 0 0 0.38145224 1 1 0 1816652 4 0.55752788 0.55752788 0.55752788 0.55752788
"I.29.16.csv"	23	-0.18876252
3 1 0.55752788 2.3186233 -2.897548 2.918667 3.8196657 0.41539005 2.1514644 0.68968775 6 0 0 0 0.38145224 1 1 0 1816652 4 0.55752788 0.55752788 0.55752788 0.55752788
"I.29.16.csv"	23	-0.18876252
3 1 0.55752788 2.3186233 -2.897548 2.918667 3.8196657 0.41539005 2.1514644 0.68968775 6 0 0 0 0.38145224 1 1 0 1816652 4 0.55752788 0.55752788 0.55752788 0.55752788
"I.29.16.csv"	14	-0.18876252
3 1 0.55752788 2.3186233 -2.897548 2.918667 3.8196657 0.41539005 2.1514644 0.68968775 6 0 0 0 0.38145224 1 1 0 1816652 4 0.55752788 0.55752788 0.55752788 0.55752788
"I.29.16.csv"	4	-0.18876252
3 1 0.55752788 2.3186233 -2.897548 2.918667 3.8196657 0.41539005 2.1514644 0.68968775 6 0 0 0 0.38145224 1 1 0 1816652 4 0.55752788 0.55752788 0.55752788 0.55752788
"I.29.16.csv"	11	-0.18876252
3 1 0.55752788 2.3186233 -2.897548 2.918667 3.8196657 0.41539005 2.1514644 0.68968775 6 0 0 0 0.38145224 1 1 0 1816652 4 0.55752788 0.55752788 0.55752788 0.55752788
"I.29.16.csv"	12	-0.18876252
3 1 0.55752788 2.3186233 -2.897548 2.918667 3.8196657 0.41539005 2.1514644 0.68968775 6 0 0 0 0.38145224 1 1 0 1816652 4 0.55752788 0.55752788 0.55752788 0.55752788
"I.29.16.csv"	2	-0.18876252
3 1 0.55752788 2.3186233 -2.897548 2.918667 3.8196657 0.41539005 2.1514644 0.68968775 6 0 0 0 0.38145224 1 1 0 1816652 4 0.55752788 0.55752788 0.55752788 0.55752788
"I.29.16.csv"	18	-0.18876252
3 1 0.55752788 2.3186233 -2.897548 2.918667 3.8196657 0.41539005 2.1514644 0.68968775 6 0 0 0 0.38145224 1 1 0 1816652 4 0.55752788 0.55752788 0.55752788 0.55752788
"I.29.16.csv"	8	-0.18876252
3 1 0.55752788 2.3186233 -2.897548 2.918667 3.8196657 0.41539005 2.1514644 0.68968775 6 0 0 0 0.38145224 1 1 0 1816652 4 0.55752788 0.55752788 0.55752788 0.55752788
"I.29.16.csv"	21	-0.18876252
3 1 0.55752788 2.3186233 -2.897548 2.918667 3.8196657 0.41539005 2.1514644 0.68968775 6 0 0 0 0.38145224 1 1 0 1816652 4 0.55752788 0.55752788 0.55752788 0.55752788
"I.29.16.csv"	14	-0.1862127
3 1 0.55752788 2.3186233 -2.897548 2.918667 3.8196657 0.41539005 2.1514644 0.68968775 6 0 0 0 0.38145224 1 1 0 1816652 4 0.55752788 0.55752788 0.55752788 0.55752788
"I.29.16.csv"	8	-0.1862127
3 1 0.55752788 2.3186233 -2.897548 2.918667 3.8196657 0.41539005 2.1514644 0.68968775 6 0 0 0 0.38145224 1 1 0 1816652 4 0.55752788 0.55752788 0.55752788 0.55752788
"I.29.16.csv"	21	-0.1862127
3 1 0.55752788 2.3186233 -2.897548 2.918667 3.8196657 0.41539005 2.1514644 0.68968775 6 0 0 0 0.38145224 1 1 0 1816652 4 0.55752788 0.55752788 0.55752788 0.55752788
"I.29.16.csv"	3	-0.1862127
3 1 0.55752788 2.3186233 -2.897548 2.918667 3.8196657 0.41539005 2.1514644 0.68968775 6 0 0 0 0.38145224 1 1 0 1816652 4 0.55752788 0.55752788 0.55752788 0.55752788
"I.29.16.csv"	1	-0.1862127
3 1 0.55752788 2.3186233 -2.897548 2.918667 3.8196657 0.41539005 2.1514644 0.68968775 6 0 0 0 0.38145224 1 1 0 1816652 4 0.55752788 0.55752788 0.55752788 0.55752788
"I.29.16.csv"	4	-0.1862127
3 1 0.55752788 2.3186233 -2.897548 2.918667 3.8196657 0.41539005 2.1514644 0.68968775 6 0 0 0 0.38145224 1 1 0 1816652 4 0.55752788 0.55752788 0.55752788 0.55752788
"I.29.16.csv"	12	-0.1862127
3 1 0.55752788 2.3186233 -2.897548 2.918667 3.8196657 0.41539005 2.1514644 0.68968775 6 0 0 0 0.38145224 1 1 0 1816652 4 0.55752788 0.55752788 0.55752788 0.55752788
"I.29.16.csv"	2	-0.1862127
3 1 0.55752788 2.3186233 -2.897548 2.918667 3.8196657 0.41539005 2.1514644 0.68968775 6 0 0 0 0.38145224 1 1 0 1816652 4 0.55752788 0.55752788 0.55752788 0.55752788
"I.29.16.csv"	14	-0.1862127
3 1 0.55752788 2.3186233 -2.897548 2.918667 3.8196657 0.41539005 2.1514644 0.68968775 6 0 0 0 0.38145224 1 1 0 1816652 4 0.55752788 0.55752788 0.55752788 0.55752788
"I.29.16.csv"	8	-0.1862127
3 1 0.55752788 2.3186233 -2.897548 2.918667 3.8196657 0.41539005 2.1514644 0.68968775 6 0 0 0 0.38145224 1 1 0 1816652 4 0.55752788 0.55752788 0.55752788 0.55752788
"I.29.16.csv"	21	-0.1862127
3 1 0.55752788 2.3186233 -2.897548 2.918667 3.8196657 0.41539005 2.1514644 0.68968775 6 0 0 0 0.38145224 1 1 0 1816652 4 0.55752788 0.55752788 0.55752788 0.55752788
"I.29.16.csv"	3	-0.1862127
3 1 0.55752788 2.3186233 -2.897548 2.918667 3.8196657 0.41539005 2.1514644 0.68968775 6 0 0 0 0.38145224 1 1 0 1816652 4 0.55752788 0.55752788 0.55752788 0.55752788
"I.29.16.csv"	1	-0.1862127
3 1 0.55752788 2.3186233 -2.897548 2.918667 3.8196657 0.41539005 2.1514644 0.68968775 6 0 0 0 0.38145224 1 1 0 1816652 4 0.55752788 0.55752788 0.55752788 0.55752788
"I.29.16.csv"	4	-0.1862127
3 1 0.55752788 2.3186233 -2.897548 2.918667 3.8196657 0.41539005 2.1514644 0.68968775 6 0 0 0 0.38145224 1 1 0 1816652 4 0.55752788 0.55752788 0.55752788 0.55752788
"I.29.16.csv"	12	-0.1862127
3 1 0.55752788 2.3186233 -2.897548 2.918667 3.8196657 0.41539005 2.1514644 0.68968775 6 0 0 0 0.38145224 1 1 0 1816652 4 0.55752788 0.55752788 0.55752788 0.55752788
"I.29.16.csv"	8	-0.18869586
3 1 0.55752788 2.3186233 -2.897548 2.918667 3.8196657 0.41539005 2.1514644 0.68968775 6 0 0 0 0.38145224 1 1 0 1816652 4 0.55752788 0.55752788 0.55752788 0.55752788
"I.29.16.csv"	3	-0.18869586
3 1 0.55752788 2.3186233 -2.897548 2.918667 3.8196657 0.41539005 2.1514644 0.68968775 6 0 0 0 0.38145224 1 1 0 1816652 4 0.55752788 0.55752788 0.55752788 0.55752788
"I.29.16.csv"	1	-0.18869586
3 1 0.55752788 2.3186233 -2.897548 2.918667 3.8196657 0.41539005 2.1514644 0.68968775 6 0 0 0 0.38145224 1 1 0 1816652 4 0.55752788 0.55752788 0.55752788 0.55752788
"I.29.16.csv"	4	-0.18869586
3 1 0.55752788 2.3186233 -2.897548 2.918667 3.8196657 0.41539005 2.1514644 0.68968775 6 0 0 0 0.38145224 1 1 0 1816652 4 0.55752788 0.55752788 0.55752788 0.55752788
"I.29.16.csv"	2	-0.18869586
3 1 0.55752788 2.3186233 -2.897548 2.918667 3.8196657 0.41539005 2.1514644 0.68968775 6 0 0 0 0.38145224 1 1 0 1816652 4 0.55752788 0.55752788 0.55752788 0.55752788
"I.29.16.csv"	18	-0.18869586
3 1 0.55752788 2.3186233 -2.897548 2.918667 3.8196657 0.41539005 2.1514644 0.68968775 6 0 0 0 0.38145224 1 1 0 1816652 4 0.55752788 0.55752788 0.55752788 0.55752788
"I.29.16.csv"	8	-0.18869586
3 1 0.55752788 2.3186233 -2.897548 2.918667 3.8196657 0.41539005 2.1514644 0.68968775 6 0 0 0 0.38145224 1 1 0 1816652 4 0.55752788 0.55752788 0.55752788 0.55752788
"I.29.16.csv"	21	-0.18869586
3 1 0.55752788 2.3186233 -2.897548 2.918667 3.8196657 0.41539005 2.1514644 0.68968775 6 0 0 0 0.38145224 1 1 0 1816652 4 0.55752788 0.55752788 0.55752788 0.55752788
"I.29.16.csv"	1	-0.18869586
3 1 0.55752788 2.3186233 -2.897548 2.918667 3.8196657 0.41539005 2.1514644 0.68968775 6 0 0 0 0.38145224 1 1 0 1816652 4 0.55752788 0.55752788 0.55752788 0.55752788
"I.29.16.csv"	3	-0.18869586
3 1 0.55752788 2.3186233 -2.897548 2.918667 3.8196657 0.41539005 2.1514644 0.68968775 6 0 0 0 0.38145224 1 1 0 1816652 4 0.55752788 0.55752788 0.55752788 0.55752788
"I.29.16.csv"	23	-0.18869586
3 1 0.55752788 2.3186233 -2.897548 2.918667 3.8196657 0.41539005 2.1514644 0.68968775 6 0 0 0 0.38145224 1 1 0 1816652 4 0.55752788 0.55752788 0.55752788 0.55752788
"I.29.16.csv"	23	-0.18869586
3 1 0.55752788 2.3186233 -2.897548 2.918667 3.8196657 0.41539005 2.1514644 0.68968775 6 0 0 0 0.38145224 1 1 0 1816652 4 0.55752788 0.55752788 0.55752788 0.55752788
"I.29.16.csv"	14	-0.18869586
3 1 0.55752788 2.3186233 -2.897548 2.918667 3.8196657 0.41539005 2.1514644 0.68968775 6 0 0 0 0.38145224 1 1 0 1816652 4 0.55752788 0.55752788 0.55752788 0.55752788
"I.29.16.csv"	4	-0.18869586
3 1 0.55752788 2.3186233 -2.897548 2.918667 3.8196657 0.41539005 2.1514644 0.68968775 6 0 0 0 0.38145224 1 1 0 1816652 4 0.55752788 0.55752788 0.55752788 0.55752788
"I.29.16.csv"	11	-0.18869586
3 1 0.55752788 2.3186233 -2.897548 2.918667 3.8196657 0.41539005 2.1514644 0.68968775 6 0 0 0 0.38145224 1 1 0 1816652 4 0.55752788 0.55752788 0.55752788 0.55752788
"I.29.16.csv"	14	-0.18733907
3 1 0.55752788 2.3186233 -2.897548 2.918667 3.8196657 0.41539005 2.1514644 0.68968775 6 0 0 0 0.38145224 1 1 0 1816652 4 0.55752788 0.55752788 0.55752788 0.55752788
"I.29.16.csv"	8	-0.18733907
3 1 0.55752788 2.3186233 -2.897548 2.918667 3.8196657 0.41539005 2.1514644 0.68968775 6 0 0 0 0.38145224 1 1 0 1816652 4 0.55752788 0.55752788 0.55752788 0.55752788
"I.29.16.csv"	21	-0.18733907
3 1 0.55752788 2.3186233 -2.897548 2.918667 3.8196657 0.41539005 2.1514644 0.68968775 6 0 0 0 0.38145224 1 1 0 1816652 4 0.55752788 0.55752788 0.55752788 0.55752788
"I.29.16.csv"	3	-0.18733907
3 1 0.55752788 2.3186233 -2.897548 2.918667 3.8196657 0.41539005 2.1514644 0.68968775 6 0 0 0 0.38145224 1 1 0 1816652 4 0.55752788 0.55752788 0.55752788 0.55752788
"I.29.16.csv"	4	-0.18733907
3 1 0.55752788 2.3186233 -2.897548 2.918667 3.8196657 0.41539005 2.1514644 0.68968775 6 0 0 0 0.38145224 1 1 0 1816652 4 0.55752788 0.55752788 0.55752788 0.55752788
"I.29.16.csv"	12	-0.18733907
3 1 0.55752788 2.3186233 -2.897548 2.918667 3.8196657 0.41539005 2.1514644 0.68968775 6 0 0 0 0.38145224 1 1 0 1816652 4 0.55752788 0.55752788 0.55752788 0.55752788
"I.29.16.csv"	2	-0.18733907
3 1 0.55752788 2.3186233 -2.897548 2.918667 3.8196657 0.41539005 2.1514644 0.68968775 6 0 0 0 0.38145224 1 1 0 1816652 4 0.55752788 0.55752788 0.55752788 0.55752788
"I.29.16.csv"	14	-0.18733907
3 1 0.55752788 2.3186233 -2.897548 2.918667 3.8196657 0.41539005 2.1514644 0.68968775 6 0 0 0 0.38145224 1 1 0 1816652 4 0.55752788 0.55752788 0.55752788 0.55752788
"I.29.16.csv"	8	-0.18733907
3 1 0.55752788 2.3186233 -2.897548 2.918667 3.8196657 0.41539005 2.1514644 0.68968775 6 0 0 0 0.38145224 1 1 0 1816652 4 0.55752788 0.55752788 0.55752788 0.55752788
"I.29.16.csv"	21	-0.18733907
3 1 0.55752788 2.3186233 -2.897548 2.918667 3.8196657 0.41539005 2.1514644 0.68968775 6 0 0 0 0.38145224 1 1 0 1816652 4 0.55752788 0.55752788 0.55752788 0.55752788
"I.29.16.csv"	3	-0.18733907
3 1 0.55752788 2.3186233 -2.897548 2.918667 3.8196657 0.41539005 2.1514644 0.68968775 6 0 0 0 0.38145224 1 1 0 1816652 4 0.55752788 0.55752788 0.55752788 0.55752788
"I.29.16.csv"	4	-0.18733907
3 1 0.55752788 2.3186233 -2.897548 2.918667 3.8196657 0.41539005 2.1514644 0.68968775 6 0 0 0 0.38145224 1 1 0 1816652 4 0.55752788 0.55752788 0.55752788 0.55752788
"I.29.16.csv"	12	-0.18733907
3 1 0.55752788 2.3186233 -2.897548 2.918667 3.8196657 0.41539005 2.1514644 0.68968775 6 0 0 0 0.38145224 1 1 0 1816652 4 0.55752788 0.55752788 0.55752788 0.55752788
"I.29.16.csv"	2	-0.18733907
3 1 0.55752788 2.3186233 -2.897548 2.918667 3.8196657 0.41539005 2.1514644 0.68968775 6 0 0 0 0.38145224 1 1 0 1816652 4 0.55752788 0.55752788 0.55752788 0.55752788
"I.29.16.csv"	14	-0.18733907
3 1 0.55752788 2.3186233 -2.897548 2.918667 3.8196657 0.41539005 2.1514644 0.68968775 6 0 0 0 0.38145224 1 1 0 1816652 4 0.55752788 0.55752788 0.55752788 0.55752788
"I.29.16.csv"	14	-0.18730092
3 1 0.55752788 2.3186233 -2.897548 2.918667 3.8196657 0.41539005 2.1514644 0.68968775 6 0 0 0 0.38145224 1 1 0 1816652 4 0.55752788 0.55752788 0.55752788 0.55752788
"I.29.16.csv"	8	-0.18730092
3 1 0.55752788 2.3186233 -2.897548 2.918667 3.8196657 0.41539005 2.1514644 0.68968775 6 0 0 0 0.38145224 1 1 0 1816652 4 0.55752788 0.55752788 0.55752788 0.55752788
"I.29.16.csv"	21	-0.18730092
3 1 0.55752788 2.3186233 -2.897548 2.918667 3.8196657 0.41539005 2.1514644 0.68968775 6 0 0 0 0.38145224 1 1 0 1816652 4 0.55752788 0.55752788 0.55752788 0.55752788
"I.29.16.csv"	3	-0.18730092
3 1 0.55752788 2.3186233 -2.897548 2.918667 3.8196657 0.41539005 2.1514644 0.68968775 6 0 0 0 0.38145224 1 1 0 1816652 4 0.55752788 0.55752788 0.55752788 0.55752788
"I.29.16.csv"	1	-0.18730092
3 1 0.55752788 2.3186233 -2.897548 2.918667 3.8196657 0.41539005 2.1514644 0.68968775 6 0 0 0 0.38145224 1 1 0 1816652 4 0.55752788 0.55752788 0.55752788 0.55752788
"I.29.16.csv"	4	-0.18730092
3 1 0.55752788 2.3186233 -2.897548 2.918667 3.8196657 0.41539005 2.1514644 0.68968775 6 0 0 0 0.38145224 1 1 0 1816652 4 0.55752788 0.55752788 0.55752788 0.55752788
"I.29.16.csv"	12	-0.18730092
3 1 0.55752788 2.3186233 -2.897548 2.918667 3.8196657 0.41539005 2.1514644 0.68968775 6 0 0 0 0.38145224 1 1 0 1816652 4 0.55752788 0.55752788 0.55752788 0.55752788
"I.29.16.csv"	2	-0.18730092
3 1 0.55752788 2.3186233 -2.897548 2.918667 3.8196657 0.41539005 2.1514644 0.68968775 6 0 0 0 0.38145224 1 1 0 1816652 4 0.55752788 0.55752788 0.55752788 0.55752788
"I.29.16.csv"	14	-0.18730092
3 1 0.55752788 2.3186233 -2.897548 2.918667 3.8196657 0.41539005 2.1514644 0.68968775 6 0 0 0 0.38145224 1 1 0 1816652 4 0.55752788 0.55752788 0.55752788 0.55752788
"I.29.16.csv"	8	-0.18730092
3 1 0.55752788 2.3186233 -2.897548 2.918667 3.8196657 0.41539005 2.1514644 0.68968775 6 0 0 0 0.38145224 1 1 0 1816652 4 0.55752788 0.55752788 0.55752788 0.55752788
"I.29.16.csv"	21	-0.18730092
3 1 0.55752788 2.3186233 -2.897548 2.918667 3.8196657 0.41539005 2.1514644 0.68968775 6 0 0 0 0.38145224 1 1 0 1816652 4 0.55752788 0.55752788 0.55752788 0.55752788
"I.29.16.csv"	3	-0.18730092
3 1 0.55752788 2.3186233 -2.897548 2.918667 3.8196657 0.41539005 2.1514644 0.68968775 6 0 0 0 0.38145224 1 1 0 1816652 4 0.55752788 0.55752788 0.55752788 0.55752788
"I.29.16.csv"	4	-0.18730092
3 1 0.55752788 2.3186233 -2.897548 2.918667 3.8196657 0.41539005 2.1514644 0.68968775 6 0 0 0 0.38145224 1 1 0 1816652 4 0.55752788 0.55752788 0.55752788 0.55752788
"I.29.16.csv"	12	-0.18730092
3 1 0.55752788 2.3186233 -2.897548 2.918667 3.8196657 0.41539005 2.1514644 0.68968775 6 0 0 0 0.38145224 1 1 0 1816652 4 0.55752788 0.55752788 0.55752788 0.55752788
"I.29.16.csv"	2	-0.18730092
3 1 0.55752788 2.3186233 -2.897548 2.918667 3.8196657 0.41539005 2.1514644 0.68968775 6 0 0 0 0.38145224 1 1 0 1816652 4 0.55752788 0.55752788 0.55752788 0.55752788
"I.29.16.csv"	14	-0.18716493
3 1 0.55752788 2.3186233 -2.897548 2.918667 3.8196657 0.41539005 2.1514644 0.68968775 6 0 0 0 0.38145224 1 1 0 1816652 4 0.55752788 0.55752788 0.55752788 0.55752788
"I.29.16.csv"	8	-0.18716493
3 1 0.55752788 2.3186233 -2.897548 2.918667 3.8196657 0.41539005 2.1514644 0.68968775 6 0 0 0 0.38145224 1 1 0 1816652 4 0.55752788 0.55752788 0.55752788 0.55752788
"I.29.16.csv"	21	-0.18716493
3 1 0.55752788 2.3186233 -2.897548 2.918667 3.8196657 0.41539005 2.1514644 0.68968775 6 0 0 0 0.38145224 1 1 0 1816652 4 0.55752788 0.55752788 0.55752788 0.55752788
"I.29.16.csv"	3	-0.18716493
3 1 0.55752788 2.3186233 -2.897548 2.918667 3.8196657 0.41539005 2.1514644 0.68968775 6 0 0 0 0.38145224 1 1 0 1816652 4 0.55752788 0.55752788 0.55752788 0.55752788
"I.29.16.csv"	1	-0.18716493
3 1 0.55752788 2.3186233 -2.897548 2.918667 3.8196657 0.41539005 2.1514644 0.68968775 6 0 0 0 0.38145224 1 1 0 1816652 4 0.55752788 0.55752788 0.55752788 0.55752788
"I.29.16.csv"	4	-0.18716493
3 1 0.55752788 2.3186233 -2.897548 2.918667 3.8196657 0.41539005 2.1514644 0.68968775 6 0 0 0 0.38145224 1 1 0 1816652 4 0.55752788 0.55752788 0.55752788 0.55752788
"I.29.16.csv"	12	-0.18716493
3 1 0.55752788 2.3186233 -2.897548 2.918667 3.8196657 0.41539005 2.1514644 0.68968775 6 0 0 0 0.38145224 1 1 0 1816652 4 0.55752788 0.55752788 0.55752788 0.55752788
"I.29.16.csv"	2	-0.18716493
3 1 0.55752788 2.3186233 -2.897548 2.918667 3.8196657 0.41539005 2.1514644 0.68968775 6 0 0 0 0.38145224 1 1 0 1816652 4 0.55752788 0.55752788 0.55752788 0.55752788
"I.29.16.csv"	14	-0.18716493
3 1 0.55752788 2.3186233 -2.897548 2.918667 3.8196657 0.41539005 2.1514644 0.68968775 6 0 0 0 0.38145224 1 1 0 1816652 4 0.55752788 0.55752788 0.55752788 0.55752788
"I.29.16.csv"	8	-0.18716493
3 1 0.55752788 2.3186233 -2.897548 2.918667 3.8196657 0.41539005 2.1514644 0.68968775 6 0 0 0 0.38145224 1 1 0 1816652 4 0.55752788 0.55752788 0.55752788 0.55752788
"I.29.16.csv"	21	-0.18716493
3 1 0.55752788 2.3186233 -2.897548 2.918667 3.8196657 0.41539005 2.1514644 0.68968775 6 0 0 0 0.38145224 1 1 0 1816652 4 0.55752788 0.55752788 0.55752788 0.55752788
"I.29.16.csv"	3	-0.18716493
3 1 0.55752788 2.3186233 -2.897548 2.918667 3.8196657 0.41539005 2.1514644 0.68968775 6 0 0 0 0.38145224 1 1 0 1816652 4 0.55752788 0.55752788 0.55752788 0.55752788
"I.29.16.csv"	4	-0.18716493
3 1 0.55752788 2.3186233 -2.897548 2.918667 3.8196657 0.41539005 2.1514644 0.68968775 6 0 0 0 0.38145224 1 1 0 1816652 4 0.55752788 0.55752788 0.55752788 0.55752788
"I.29.16.csv"	12	-0.18716493
3 1 0.55752788 2.3186233 -2.897548 2.918667 3.8196657 0.41539005 2.1514644 0.68968775 6 0 0 0 0.38145224 1 1 0 1816652 4 0.55752788 0.55752788 0.55752788 0.55752788
"I.29.16.csv"	2	-0.18716493
3 1 0.55752788 2.3186233 -2.897548 2.918667 3.8196657 0.41539005 2.1514644 0.68968775 6 0 0 0 0.38145224 1 1 0 1816652 4 0.55752788 0.55752788 0.55752788 0.55752788
"I.29.16.csv"	14	-0.1869125
3 1 0.55752788 2.3186233 -2.897548 2.918667 3.8196657 0.41539005 2.1514644 0.68968775 6 0 0 0 0.38145224 1 1 0 1816652 4 0.55752788 0.55752788 0.55752788 0.55752788
"I.29.16.csv"	8	-0.1869125
3 1 0.55752788 2.3186233 -2.897548 2.918667 3.8196657 0.41539005 2.1514644 0.68968775 6 0 0 0 0.38145224 1 1 0 1816652 4 0.55752788 0.55752788 0.55752788 0.55752788
"I.29.16.csv"	21	-0.1869125
3 1 0.55752788 2.3186233 -2.897548 2.918667 3.8196657 0.41539005 2.1514644 0.68968775 6 0 0 0 0.38145224 1 1 0 1816652 4 0.55752788 0.55752788 0.55752788 0.55752788
"I.29.16.csv"	3	-0.1869125
3 1 0.55752788 2.3186233 -2.897548 2.918667 3.8196657 0.41539005 2.1514644 0.68968775 6 0 0 0 0.38145224 1 1 0 1816652 4 0.55752788 0.55752788 0.55752788 0.55752788
"I.29.16.csv"	1	-0.1869125
3 1 0.55752788 2.3186233 -2.897548 2.918667 3.8196657 0.41539005 2.1514644 0.68968775 6 0 0 0 0.38145224 1 1 0 1816652 4 0.55752788 0.55752788 0.55752788 0.55752788
"I.29.16.csv"	4	-0.1869125
3 1 0.55752788 2.3186233 -2.897548 2.918667 3.8196657 0.41539005 2.1514644 0.68968775 6 0 0 0 0.38145224 1 1 0 1816652 4 0.55752788 0.55752788 0.55752788 0.55752788
"I.29.16.csv"	12	-0.1869125
3 1 0.55752788 2.3186233 -2.897548 2.918667 3.8196657 0.41539005 2.1514644 0.68968775 6 0 0 0 0.38145224 1 1 0 1816652 4 0.55752788 0.55752788 0.55752788 0.55752788
"I.29.16.csv"	2	-0.1869125
3 1 0.55752788 2.3186233 -2.897548 2.918667 3.8196657 0.41539005 2.1514644 0.68968775 6 0 0 0 0.38145224 1 1 0 1816652 4 0.55752788 0.55752788 0.55752788 0.55752788
"I.32.8.csv"	19	4.7685328
3 1 5.349228 41.384156 0.028669 20 3.1044878 0.94333735 8.6266037 2.7338583 6 0 0 0 0.093110017 1 1 1 488437.54 4 5.349228 5.349228 5.349228 5.349228
"I.32.8.csv"	19	-15.56827
3 1 5.349228 41.384156 0.028669 20 3.1044878 0.94333735 8.6266037 2.7338583 6 0 0 0 0.093110017 1 1 1 488437.54 4 5.349228 5.349228 5.349228 5.349228
"I.32.8.csv"	19	13.394957
3 1 5.349228 41.384156 0.028669 20 3.1044878 0.94333735 8.6266037 2.7338583 6 0 0 0 0.093110017 1 1 1 488437.54 4 5.349228 5.349228 5.349228 5.349228
"I.32.8.csv"	19	-15.56827
3 1 5.349228 41.384156 0.028669 20 3.1044878 0.94333735 8.6266037 2.7338583 6 0 0 0 0.093110017 1 1 1 488437.54 4 5.349228 5.349228 5.349228 5.349228
"I.32.8.csv"	19	0.04058144
3 1 5.349228 41.384156 0.028669 20 3.1044878 0.94333735 8.6266037 2.7338583 6 0 0 0 0.093110017 1 1 1 488437.54 4 5.349228 5.349228 5.349228 5.349228
"I.32.8.csv"	19	0.058729877
3 1 5.349228 41.384156 0.028669 20 3.1044878 0.94333735 8.6266037 2.7338583 6 0 0 0 0.093110017 1 1 1 488437.54 4 5.349228 5.349228 5.349228 5.349228
"I.32.8.csv"	19	0.042817384
3 1 5.349228 41.384156 0.028669 20 3.1044878 0.94333735 8.6266037 2.7338583 6 0 0 0 0.093110017 1 1 1 488437.54 4 5.349228 5.349228 5.349228 5.349228
"I.32.8.csv"	19	0.048344068
3 1 5.349228 41.384156 0.028669 20 3.1044878 0.94333735 8.6266037 2.7338583 6 0 0 0 0.093110017 1 1 1 488437.54 4 5.349228 5.349228 5.349228 5.349228
"I.32.8.csv"	19	0.10315614
3 1 5.349228 41.384156 0.028669 20 3.1044878 0.94333735 8.6266037 2.7338583 6 0 0 0 0.093110017 1 1 1 488437.54 4 5.349228 5.349228 5.349228 5.349228
"I.32.8.csv"	19	0.11475642
3 1 5.349228 41.384156 0.028669 20 3.1044878 0.94333735 8.6266037 2.7338583 6 0 0 0 0.093110017 1 1 1 488437.54 4 5.349228 5.349228 5.349228 5.349228
"I.32.8.csv"	19	0.031903492
3 1 5.349228 41.384156 0.028669 20 3.1044878 0.94333735 8.6266037 2.7338583 6 0 0 0 0.093110017 1 1 1 488437.54 4 5.349228 5.349228 5.349228 5.349228
"I.32.8.csv"	19	0.048727777
3 1 5.349228 41.384156 0.028669 20 3.1044878 0.94333735 8.6266037 2.7338583 6 0 0 0 0.093110017 1 1 1 488437.54 4 5.349228 5.349228 5.349228 5.349228
"I.32.8.csv"	19	0.0155591
3 1 5.349228 41.384156 0.028669 20 3.1044878 0.94333735 8.6266037 2.7338583 6 0 0 0 0.093110017 1 1 1 488437.54 4 5.349228 5.349228 5.349228 5.349228
"I.32.8.csv"	19	0.10564095
3 1 5.349228 41.384156 0.028669 20 3.1044878 0.94333735 8.6266037 2.7338583 6 0 0 0 0.093110017 1 1 1 488437.54 4 5.349228 5.349228 5.349228 5.349228
"I.32.8.csv"	19	0.011290313
3 1 5.349228 41.384156 0.028669 20 3.1044878 0.94333735 8.6266037 2.7338583 6 0 0 0 0.093110017 1 1 1 488437.54 4 5.349228 5.349228 5.349228 5.349228
"I.32.8.csv"	19	0.099885845
3 1 5.349228 41.384156 0.028669 20 3.1044878 0.94333735 8.6266037 2.7338583 6 0 0 0 0.093110017 1 1 1 488437.54 4 5.349228 5.349228 5.349228 5.349228
"I.32.8.csv"	4	0.011743744
3 1 5.349228 41.384156 0.028669 20 3.1044878 0.94333735 8.6266037 2.7338583 6 0 0 0 0.093110017 1 1 1 488437.54 4 5.349228 5.349228 5.349228 5.349228
"I.32.8.csv"	17	0.028371926
3 1 5.349228 41.384156 0.028669 20 3.1044878 0.94333735 8.6266037 2.7338583 6 0 0 0 0.093110017 1 1 1 488437.54 4 5.349228 5.349228 5.349228 5.349228
"I.32.8.csv"	17	0.052906194
3 1 5.349228 41.384156 0.028669 20 3.1044878 0.94333735 8.6266037 2.7338583 6 0 0 0 0.093110017 1 1 1 488437.54 4 5.349228 5.349228 5.349228 5.349228
"I.32.8.csv"	19	0.037639441
3 1 5.349228 41.384156 0.028669 20 3.1044878 0.94333735 8.6266037 2.7338583 6 0 0 0 0.093110017 1 1 1 488437.54 4 5.349228 5.349228 5.349228 5.349228
"I.32.8.csv"	19	0.10002676
3 1 5.349228 41.384156 0.028669 20 3.1044878 0.94333735 8.6266037 2.7338583 6 0 0 0 0.093110017 1 1 1 488437.54 4 5.349228 5.349228 5.349228 5.349228
"I.32.8.csv"	19	0.046189022
3 1 5.349228 41.384156 0.028669 20 3.1044878 0.94333735 8.6266037 2.7338583 6 0 0 0 0.093110017 1 1 1 488437.54 4 5.349228 5.349228 5.349228 5.349228
"I.32.8.csv"	19	0.094939664
3 1 5.349228 41.384156 0.028669 20 3.1044878 0.94333735 8.6266037 2.7338583 6 0 0 0 0.093110017 1 1 1 488437.54 4 5.349228 5.349228 5.349228 5.349228
"I.32.8.csv"	19	0.099973008
3 1 5.349228 41.384156 0.028669 20 3.1044878 0.94333735 8.6266037 2.7338583 6 0 0 0 0.093110017 1 1 1 488437.54 4 5.349228 5.349228 5.349228 5.349228
"I.32.8.csv"	19	0.10090654
3 1 5.349228 41.384156 0.028669 20 3.1044878 0.94333735 8.6266037 2.7338583 6 0 0 0 0.093110017 1 1 1 488437.54 4 5.349228 5.349228 5.349228 5.349228
"I.32.8.csv"	19	0.12171648
3 1 5.349228 41.384156 0.028669 20 3.1044878 0.94333735 8.6266037 2.7338583 6 0 0 0 0.093110017 1 1 1 488437.54 4 5.349228 5.349228 5.349228 5.349228
"I.32.8.csv"	19	0.01269284
3 1 5.349228 41.384156 0.028669 20 3.1044878 0.94333735 8.6266037 2.7338583 6 0 0 0 0.093110017 1 1 1 488437.54 4 5.349228 5.349228 5.349228 5.349228
"I.32.8.csv"	19	0.11661301
3 1 5.349228 41.384156 0.028669 20 3.1044878 0.94333735 8.6266037 2.7338583 6 0 0 0 0.093110017 1 1 1 488437.54 4 5.349228 5.349228 5.349228 5.349228
"I.32.8.csv"	19	0.0096489499
3 1 5.349228 41.384156 0.028669 20 3.1044878 0.94333735 8.6266037 2.7338583 6 0 0 0 0.093110017 1 1 1 488437.54 4 5.349228 5.349228 5.349228 5.349228
"I.32.8.csv"	19	0.1127024
3 1 5.349228 41.384156 0.028669 20 3.1044878 0.94333735 8.6266037 2.7338583 6 0 0 0 0.093110017 1 1 1 488437.54 4 5.349228 5.349228 5.349228 5.349228
"I.32.8.csv"	4	0.01510666
3 1 5.349228 41.384156 0.028669 20 3.1044878 0.94333735 8.6266037 2.7338583 6 0 0 0 0.093110017 1 1 1 488437.54 4 5.349228 5.349228 5.349228 5.349228
"I.32.8.csv"	17	0.035614124
3 1 5.349228 41.384156 0.028669 20 3.1044878 0.94333735 8.6266037 2.7338583 6 0 0 0 0.093110017 1 1 1 488437.54 4 5.349228 5.349228 5.349228 5.349228
"I.34.6.csv"	12	-5.9281307e-05
1 1 0.59672468 0.048179136 0.230954 0.991944 3.4669649 0.99920543 0.81289724 0.0067151313 2 0 0 0 0 1 0 1 1.191989 0
"I.34.6.csv"	1	-5.9281307e-05
1 1 0.59672468 0.048179136 0.230954 0.991944 3.4669649 0.99920543 0.81289724 0.0067151313 2 0 0 0 0 1 0 1 1.191989 0
"I.34.6.csv"	4	2.0368947e-06
1 1 0.59672468 0.048179136 0.230954 0.991944 3.4669649 0.99920543 0.81289724 0.0067151313 2 0 0 0 0 1 0 1 1.191989 0
"I.34.6.csv"	1	-4.5202487e-05
1 1 0.59672468 0.048179136 0.230954 0.991944 3.4669649 0.99920543 0.81289724 0.0067151313 2 0 0 0 0 1 0 1 1.191989 0
"I.34.6.csv"	4	1.1821865e-06
1 1 0.59672468 0.048179136 0.230954 0.991944 3.4669649 0.99920543 0.81289724 0.0067151313 2 0 0 0 0 1 0 1 1.191989 0
"I.34.6.csv"	2	1.25044e-06
1 1 0.59672468 0.048179136 0.230954 0.991944 3.4669649 0.99920543 0.81289724 0.0067151313 2 0 0 0 0 1 0 1 1.191989 0
"I.43.27.csv"	19	0.0011725728
3 1 0.30471563 0.12831137 0.023461 2.501701 6.9184815 0.9265021 1.0636726 0.16171969 5 0 0 0 0.073028939 0 1 1 69313.76 4 0.30471563 0.30471563 0.30471563 0.30471563
"I.43.27.csv"	19	0.00025649051
3 1 0.30471563 0.12831137 0.023461 2.501701 6.9184815 0.9265021 1.0636726 0.16171969 5 0 0 0 0.073028939 0 1 1 69313.76 4 0.30471563 0.30471563 0.30471563 0.30471563
"I.43.27.csv"	19	-0.0041383
3 1 0.30471563 0.12831137 0.023461 2.501701 6.9184815 0.9265021 1.0636726 0.16171969 5 0 0 0 0.073028939 0 1 1 69313.76 4 0.30471563 0.30471563 0.30471563 0.30471563
"I.43.27.csv"	19	-0.0041383
3 1 0.30471563 0.12831137 0.023461 2.501701 6.9184815 0.9265021 1.0636726 0.16171969 5 0 0 0 0.073028939 0 1 1 69313.76 4 0.30471563 0.30471563 0.30471563 0.30471563
"I.43.27.csv"	19	-0.0041383
3 1 0.30471563 0.12831137 0.023461 2.501701 6.9184815 0.9265021 1.0636726 0.16171969 5 0 0 0 0.073028939 0 1 1 69313.76 4 0.30471563 0.30471563 0.30471563 0.30471563
"I.43.27.csv"	4	0.0011026647
3 1 0.30471563 0.12831137 0.023461 2.501701 6.9184815 0.9265021 1.0636726 0.16171969 5 0 0 0 0.073028939 0 1 1 69313.76 4 0.30471563 0.30471563 0.30471563 0.30471563
"I.43.27.csv"	19	3.5955696e-06
3 1 0.30471563 0.12831137 0.023461 2.501701 6.9184815 0.9265021 1.0636726 0.16171969 5 0 0 0 0.073028939 0 1 1 69313.76 4 0.30471563 0.30471563 0.30471563 0.30471563
"I.43.27.csv"	19	-5.0369505e-05
3 1 0.30471563 0.12831137 0.023461 2.501701 6.9184815 0.9265021 1.0636726 0.16171969 5 0 0 0 0.073028939 0 1 1 69313.76 4 0.30471563 0.30471563 0.30471563 0.30471563
"I.43.27.csv"	19	-5.0369505e-05
3 1 0.30471563 0.12831137 0.023461 2.501701 6.9184815 0.9265021 1.0636726 0.16171969 5 0 0 0 0.073028939 0 1 1 69313.76 4 0.30471563 0.30471563 0.30471563 0.30471563
"I.43.27.csv"	19	-5.0369505e-05
3 1 0.30471563 0.12831137 0.023461 2.501701 6.9184815 0.9265021 1.0636726 0.16171969 5 0 0 0 0.073028939 0 1 1 69313.76 4 0.30471563 0.30471563 0.30471563 0.30471563
"I.43.27.csv"	19	-5.0369505e-05
3 1 0.30471563 0.12831137 0.023461 2.501701 6.9184815 0.9265021 1.0636726 0.16171969 5 0 0 0 0.073028939 0 1 1 69313.76 4 0.30471563 0.30471563 0.30471563 0.30471563
"I.43.27.csv"	19	-5.0369505e-05
3 1 0.30471563 0.12831137 0.023461 2.501701 6.9184815 0.9265021 1.0636726 0.16171969 5 0 0 0 0.073028939 0 1 1 69313.76 4 0.30471563 0.30471563 0.30471563 0.30471563
"I.43.27.csv"	19	-5.0369505e-05
3 1 0.30471563 0.12831137 0.023461 2.501701 6.9184815 0.9265021 1.0636726 0.16171969 5 0 0 0 0.073028939 0 1 1 69313.76 4 0.30471563 0.30471563 0.30471563 0.30471563
"I.43.27.csv"	19	-5.0369505e-05
3 1 0.30471563 0.12831137 0.023461 2.501701 6.9184815 0.9265021 1.0636726 0.16171969 5 0 0 0 0.073028939 0 1 1 69313.76 4 0.30471563 0.30471563 0.30471563 0.30471563
"I.43.27.csv"	19	-5.0369505e-05
3 1 0.30471563 0.12831137 0.023461 2.501701 6.9184815 0.9265021 1.0636726 0.16171969 5 0 0 0 0.073028939 0 1 1 69313.76 4 0.30471563 0.30471563 0.30471563 0.30471563
"I.43.27.csv"	19	-5.0369505e-05
3 1 0.30471563 0.12831137 0.023461 2.501701 6.9184815 0.9265021 1.0636726 0.16171969 5 0 0 0 0.073028939 0 1 1 69313.76 4 0.30471563 0.30471563 0.30471563 0.30471563
"I.43.27.csv"	19	-5.0369505e-05
3 1 0.30471563 0.12831137 0.023461 2.501701 6.9184815 0.9265021 1.0636726 0.16171969 5 0 0 0 0.073028939 0 1 1 69313.76 4 0.30471563 0.30471563 0.30471563 0.30471563
"I.43.27.csv"	19	-5.0369505e-05
3 1 0.30471563 0.12831137 0.023461 2.501701 6.9184815 0.9265021 1.0636726 0.16171969 5 0 0 0 0.073028939 0 1 1 69313.76 4 0.30471563 0.30471563 0.30471563 0.30471563
"I.43.27.csv"	4	-5.0369505e-05
3 1 0.30471563 0.12831137 0.023461 2.501701 6.9184815 0.9265021 1.0636726 0.16171969 5 0 0 0 0.073028939 0 1 1 69313.76 4 0.30471563 0.30471563 0.30471563 0.30471563
"I.43.27.csv"	17	-5.0369505e-05
3 1 0.30471563 0.12831137 0.023461 2.501701 6.9184815 0.9265021 1.0636726 0.16171969 5 0 0 0 0.073028939 0 1 1 69313.76 4 0.30471563 0.30471563 0.30471563 0.30471563
"I.12.5.csv"	4	-0.38880253
3 1 -3.5832093 8.3156714 -15.607142 -0.351071 5.2904674 0.96917455 2.1118114 0.55652724 6 0 0 0 0.078299722 0 1 0 277944.52 4 -3.5832093 -3.5832093 -3.5832093 -3.5832093
"I.12.5.csv"	1	-0.38880253
3 1 -3.5832093 8.3156714 -15.607142 -0.351071 5.2904674 0.96917455 2.1118114 0.55652724 6 0 0 0 0.078299722 0 1 0 277944.52 4 -3.5832093 -3.5832093 -3.5832093 -3.5832093
"I.12.5.csv"	12	-0.38880253
3 1 -3.5832093 8.3156714 -15.607142 -0.351071 5.2904674 0.96917455 2.1118114 0.55652724 6 0 0 0 0.078299722 0 1 0 277944.52 4 -3.5832093 -3.5832093 -3.5832093 -3.5832093
"I.12.5.csv"	19	-0.38880253
3 1 -3.5832093 8.3156714 -15.607142 -0.351071 5.2904674 0.96917455 2.1118114 0.55652724 6 0 0 0 0.078299722 0 1 0 277944.52 4 -3.5832093 -3.5832093 -3.5832093 -3.5832093
"I.12.5.csv"	19	0.034968519
3 1 -3.5832093 8.3156714 -15.607142 -0.351071 5.2904674 0.96917455 2.1118114 0.55652724 6 0 0 0 0.078299722 0 1 0 277944.52 4 -3.5832093 -3.5832093 -3.5832093 -3.5832093
"I.12.5.csv"	19	-0.0039757931
3 1 -3.5832093 8.3156714 -15.607142 -0.351071 5.2904674 0.96917455 2.1118114 0.55652724 6 0 0 0 0.078299722 0 1 0 277944.52 4 -3.5832093 -3.5832093 -3.5832093 -3.5832093
"I.12.5.csv"	19	0.00045225687
3 1 -3.5832093 8.3156714 -15.607142 -0.351071 5.2904674 0.96917455 2.1118114 0.55652724 6 0 0 0 0.078299722 0 1 0 277944.52 4 -3.5832093 -3.5832093 -3.5832093 -3.5832093
"I.12.5.csv"	4	-0.0039757931
3 1 -3.5832093 8.3156714 -15.607142 -0.351071 5.2904674 0.96917455 2.1118114 0.55652724 6 0 0 0 0.078299722 0 1 0 277944.52 4 -3.5832093 -3.5832093 -3.5832093 -3.5832093
"I.12.5.csv"	17	-0.0039757931
3 1 -3.5832093 8.3156714 -15.607142 -0.351071 5.2904674 0.96917455 2.1118114 0.55652724 6 0 0 0 0.078299722 0 1 0 277944.52 4 -3.5832093 -3.5832093 -3.5832093 -3.5832093
"I.12.5.csv"	21	-0.0039757931
3 1 -3.5832093 8.3156714 -15.607142 -0.351071 5.2904674 0.96917455 2.1118114 0.55652724 6 0 0 0 0.078299722 0 1 0 277944.52 4 -3.5832093 -3.5832093 -3.5832093 -3.5832093
"I.12.5.csv"	2	-0.0039757931
3 1 -3.5832093 8.3156714 -15.607142 -0.351071 5.2904674 0.96917455 2.1118114 0.55652724 6 0 0 0 0.078299722 0 1 0 277944.52 4 -3.5832093 -3.5832093 -3.5832093 -3.5832093
"I.12.5.csv"	12	-0.0039757931
3 1 -3.5832093 8.3156714 -15.607142 -0.351071 5.2904674 0.96917455 2.1118114 0.55652724 6 0 0 0 0.078299722 0 1 0 277944.52 4 -3.5832093 -3.5832093 -3.5832093 -3.5832093
"I.12.5.csv"	3	-0.0039757931
3 1 -3.5832093 8.3156714 -15.607142 -0.351071 5.2904674 0.96917455 2.1118114 0.55652724 6 0 0 0 0.078299722 0 1 0 277944.52 4 -3.5832093 -3.5832093 -3.5832093 -3.5832093
"I.12.5.csv"	21	-0.00064981009
3 1 -3.5832093 8.3156714 -15.607142 -0.351071 5.2904674 0.96917455 2.1118114 0.55652724 6 0 0 0 0.078299722 0 1 0 277944.52 4 -3.5832093 -3.5832093 -3.5832093 -3.5832093
"I.12.5.csv"	2	0.00013604426
3 1 -3.5832093 8.3156714 -15.607142 -0.351071 5.2904674 0.96917455 2.1118114 0.55652724 6 0 0 0 0.078299722 0 1 0 277944.52 4 -3.5832093 -3.5832093 -3.5832093 -3.5832093
"I.12.5.csv"	12	-0.00064981009
3 1 -3.5832093 8.3156714 -15.607142 -0.351071 5.2904674 0.96917455 2.1118114 0.55652724 6 0 0 0 0.078299722 0 1 0 277944.52 4 -3.5832093 -3.5832093 -3.5832093 -3.5832093
"I.12.5.csv"	4	-0.00064981009
3 1 -3.5832093 8.3156714 -15.607142 -0.351071 5.2904674 0.96917455 2.1118114 0.55652724 6 0 0 0 0.078299722 0 1 0 277944.52 4 -3.5832093 -3.5832093 -3.5832093 -3.5832093
"I.12.5.csv"	1	-0.00064981009
3 1 -3.5832093 8.3156714 -15.607142 -0.351071 5.2904674 0.96917455 2.1118114 0.55652724 6 0 0 0 0.078299722 0 1 0 277944.52 4 -3.5832093 -3.5832093 -3.5832093 -3.5832093
"I.12.5.csv"	3	-0.00064981009
3 1 -3.5832093 8.3156714 -15.607142 -0.351071 5.2904674 0.96917455 2.1118114 0.55652724 6 0 0 0 0.078299722 0 1 0 277944.52 4 -3.5832093 -3.5832093 -3.5832093 -3.5832093
"I.12.5.csv"	14	0.00013238554
3 1 -3.5832093 8.3156714 -15.607142 -0.351071 5.2904674 0.96917455 2.1118114 0.55652724 6 0 0 0 0.078299722 0 1 0 277944.52 4 -3.5832093 -3.5832093 -3.5832093 -3.5832093
"I.12.5.csv"	21	-0.0004207152
3 1 -3.5832093 8.3156714 -15.607142 -0.351071 5.2904674 0.96917455 2.1118114 0.55652724 6 0 0 0 0.078299722 0 1 0 277944.52 4 -3.5832093 -3.5832093 -3.5832093 -3.5832093
"I.12.5.csv"	2	-0.0004207152
3 1 -3.5832093 8.3156714 -15.607142 -0.351071 5.2904674 0.96917455 2.1118114 0.55652724 6 0 0 0 0.078299722 0 1 0 277944.52 4 -3.5832093 -3.5832093 -3.5832093 -3.5832093
"I.12.5.csv"	12	-0.0004207152
3 1 -3.5832093 8.3156714 -15.607142 -0.351071 5.2904674 0.96917455 2.1118114 0.55652724 6 0 0 0 0.078299722 0 1 0 277944.52 4 -3.5832093 -3.5832093 -3.5832093 -3.5832093
"I.12.5.csv"	4	-0.0004207152
3 1 -3.5832093 8.3156714 -15.607142 -0.351071 5.2904674 0.96917455 2.1118114 0.55652724 6 0 0 0 0.078299722 0 1 0 277944.52 4 -3.5832093 -3.5832093 -3.5832093 -3.5832093
"I.12.5.csv"	3	-0.0004207152
3 1 -3.5832093 8.3156714 -15.607142 -0.351071 5.2904674 0.96917455 2.1118114 0.55652724 6 0 0 0 0.078299722 0 1 0 277944.52 4 -3.5832093 -3.5832093 -3.5832093 -3.5832093
"I.47.23.csv"	4	0.00014061337
2 1 1.0475512 0.10622773 0.459795 2.175014 5.2626031 0.99186987 0.43563669 0.056957303 4 0 0 0 0.049584594 0 1 1 9784.8571 4 1.0475512 1.0475512 1.0475512 1.0475512
"I.47.23.csv"	3	0.00010033768
2 1 1.0475512 0.10622773 0.459795 2.175014 5.2626031 0.99186987 0.43563669 0.056957303 4 0 0 0 0.049584594 0 1 1 9784.8571 4 1.0475512 1.0475512 1.0475512 1.0475512
"I.47.23.csv"	1	-0.0048226651
2 1 1.0475512 0.10622773 0.459795 2.175014 5.2626031 0.99186987 0.43563669 0.056957303 4 0 0 0 0.049584594 0 1 1 9784.8571 4 1.0475512 1.0475512 1.0475512 1.0475512
"I.47.23.csv"	12	-0.0048226651
2 1 1.0475512 0.10622773 0.459795 2.175014 5.2626031 0.99186987 0.43563669 0.056957303 4 0 0 0 0.049584594 0 1 1 9784.8571 4 1.0475512 1.0475512 1.0475512 1.0475512
"I.47.23.csv"	21	-1.8783588e-05
2 1 1.0475512 0.10622773 0.459795 2.175014 5.2626031 0.99186987 0.43563669 0.056957303 4 0 0 0 0.049584594 0 1 1 9784.8571 4 1.0475512 1.0475512 1.0475512 1.0475512
"I.47.23.csv"	1	-1.8783588e-05
2 1 1.0475512 0.10622773 0.459795 2.175014 5.2626031 0.99186987 0.43563669 0.056957303 4 0 0 0 0.049584594 0 1 1 9784.8571 4 1.0475512 1.0475512 1.0475512 1.0475512
"I.47.23.csv"	12	-1.8783588e-05
2 1 1.0475512 0.10622773 0.459795 2.175014 5.2626031 0.99186987 0.43563669 0.056957303 4 0 0 0 0.049584594 0 1 1 9784.8571 4 1.0475512 1.0475512 1.0475512 1.0475512
"I.47.23.csv"	4	5.8120617e-07
2 1 1.0475512 0.10622773 0.459795 2.175014 5.2626031 0.99186987 0.43563669 0.056957303 4 0 0 0 0.049584594 0 1 1 9784.8571 4 1.0475512 1.0475512 1.0475512 1.0475512
"I.47.23.csv"	2	-1.8783588e-05
2 1 1.0475512 0.10622773 0.459795 2.175014 5.2626031 0.99186987 0.43563669 0.056957303 4 0 0 0 0.049584594 0 1 1 9784.8571 4 1.0475512 1.0475512 1.0475512 1.0475512
"II.11.27.csv"	4	-1.4323143
3 1 5.7208035 21.050159 0.255869 20 4.3033863 0.98601163 9.875823 3.2466201 6 0 0 0 0.12701146 0 1 1 423185.4 4 5.7208035 5.7208035 5.7208035 5.7208035
"II.11.27.csv"	21	-1.4323143
3 1 5.7208035 21.050159 0.255869 20 4.3033863 0.98601163 9.875823 3.2466201 6 0 0 0 0.12701146 0 1 1 423185.4 4 5.7208035 5.7208035 5.7208035 5.7208035
"II.11.27.csv"	3	-1.4323143
3 1 5.7208035 21.050159 0.255869 20 4.3033863 0.98601163 9.875823 3.2466201 6 0 0 0 0.12701146 0 1 1 423185.4 4 5.7208035 5.7208035 5.7208035 5.7208035
"II.11.27.csv"	1	-1.4323143
3 1 5.7208035 21.050159 0.255869 20 4.3033863 0.98601163 9.875823 3.2466201 6 0 0 0 0.12701146 0 1 1 423185.4 4 5.7208035 5.7208035 5.7208035 5.7208035
"II.11.27.csv"	12	-1.4323143
3 1 5.7208035 21.050159 0.255869 20 4.3033863 0.98601163 9.875823 3.2466201 6 0 0 0 0.12701146 0 1 1 423185.4 4 5.7208035 5.7208035 5.7208035 5.7208035
"II.11.27.csv"	2	-1.4323143
3 1 5.7208035 21.050159 0.255869 20 4.3033863 0.98601163 9.875823 3.2466201 6 0 0 0 0.12701146 0 1 1 423185.4 4 5.7208035 5.7208035 5.7208035 5.7208035
"II.11.27.csv"	17	-1.4323143
3 1 5.7208035 21.050159 0.255869 20 4.3033863 0.98601163 9.875823 3.2466201 6 0 0 0 0.12701146 0 1 1 423185.4 4 5.7208035 5.7208035 5.7208035 5.7208035
"II.11.27.csv"	19	-1.4323143
3 1 5.7208035 21.050159 0.255869 20 4.3033863 0.98601163 9.875823 3.2466201 6 0 0 0 0.12701146 0 1 1 423185.4 4 5.7208035 5.7208035 5.7208035 5.7208035
"II.11.27.csv"	19	-1.4323143
3 1 5.7208035 21.050159 0.255869 20 4.3033863 0.98601163 9.875823 3.2466201 6 0 0 0 0.12701146 0 1 1 423185.4 4 5.7208035 5.7208035 5.7208035 5.7208035
"II.34.29a.csv"	4	0.52500138
2 1 12.025706 50.301904 0.766227 20 2.7118913 0.93600434 8.9600651 0.69063152 4 0 0 0 -0.023894247 1 1 1 449534.22 4 12.025706 12.025706 12.025706 12.025706
"II.34.29a.csv"	1	-2.3737035
2 1 12.025706 50.301904 0.766227 20 2.7118913 0.93600434 8.9600651 0.69063152 4 0 0 0 -0.023894247 1 1 1 449534.22 4 12.025706 12.025706 12.025706 12.025706
"II.34.29a.csv"	12	-2.3737035
2 1 12.025706 50.301904 0.766227 20 2.7118913 0.93600434 8.9600651 0.69063152 4 0 0 0 -0.023894247 1 1 1 449534.22 4 12.025706 12.025706 12.025706 12.025706
"II.34.29a.csv"	2	0.48970693
2 1 12.025706 50.301904 0.766227 20 2.7118913 0.93600434 8.9600651 0.69063152 4 0 0 0 -0.023894247 1 1 1 449534.22 4 12.025706 12.025706 12.025706 12.025706
"III.4.33.csv"	4	0.00535272
2 1 2.2145204 3.7208796 0.113827 11.150625 5.7216368 0.9653943 1.4086559 0.47598055 5 0 0 0 0.11948264 0 1 1 55567.765 4 2.2145204 2.2145204 2.2145204 2.2145204
"III.4.33.csv"	1	-0.11323036
2 1 2.2145204 3.7208796 0.113827 11.150625 5.7216368 0.9653943 1.4086559 0.47598055 5 0 0 0 0.11948264 0 1 1 55567.765 4 2.2145204 2.2145204 2.2145204 2.2145204
"III.4.33.csv"	12	-0.11323036
2 1 2.2145204 3.7208796 0.113827 11.150625 5.7216368 0.9653943 1.4086559 0.47598055 5 0 0 0 0.11948264 0 1 1 55567.765 4 2.2145204 2.2145204 2.2145204 2.2145204
"III.4.33.csv"	4	-0.00021511096
2 1 2.2145204 3.7208796 0.113827 11.150625 5.7216368 0.9653943 1.4086559 0.47598055 5 0 0 0 0.11948264 0 1 1 55567.765 4 2.2145204 2.2145204 2.2145204 2.2145204
"III.4.33.csv"	21	-0.00021511096
2 1 2.2145204 3.7208796 0.113827 11.150625 5.7216368 0.9653943 1.4086559 0.47598055 5 0 0 0 0.11948264 0 1 1 55567.765 4 2.2145204 2.2145204 2.2145204 2.2145204
"III.4.33.csv"	3	-0.00021511096
2 1 2.2145204 3.7208796 0.113827 11.150625 5.7216368 0.9653943 1.4086559 0.47598055 5 0 0 0 0.11948264 0 1 1 55567.765 4 2.2145204 2.2145204 2.2145204 2.2145204
"III.4.33.csv"	12	-0.00021511096
2 1 2.2145204 3.7208796 0.113827 11.150625 5.7216368 0.9653943 1.4086559 0.47598055 5 0 0 0 0.11948264 0 1 1 55567.765 4 2.2145204 2.2145204 2.2145204 2.2145204
"III.4.33.csv"	2	-0.00021511096
2 1 2.2145204 3.7208796 0.113827 11.150625 5.7216368 0.9653943 1.4086559 0.47598055 5 0 0 0 0.11948264 0 1 1 55567.765 4 2.2145204 2.2145204 2.2145204 2.2145204
"III.4.33.csv"	17	-0.00021511096
2 1 2.2145204 3.7208796 0.113827 11.150625 5.7216368 0.9653943 1.4086559 0.47598055 5 0 0 0 0.11948264 0 1 1 55567.765 4 2.2145204 2.2145204 2.2145204 2.2145204
"III.4.33.csv"	4	-6.714496e-05
2 1 2.2145204 3.7208796 0.113827 11.150625 5.7216368 0.9653943 1.4086559 0.47598055 5 0 0 0 0.11948264 0 1 1 55567.765 4 2.2145204 2.2145204 2.2145204 2.2145204
"III.4.33.csv"	21	-6.714496e-05
2 1 2.2145204 3.7208796 0.113827 11.150625 5.7216368 0.9653943 1.4086559 0.47598055 5 0 0 0 0.11948264 0 1 1 55567.765 4 2.2145204 2.2145204 2.2145204 2.2145204
"III.4.33.csv"	3	-6.714496e-05
2 1 2.2145204 3.7208796 0.113827 11.150625 5.7216368 0.9653943 1.4086559 0.47598055 5 0 0 0 0.11948264 0 1 1 55567.765 4 2.2145204 2.2145204 2.2145204 2.2145204
"III.4.33.csv"	1	-6.714496e-05
2 1 2.2145204 3.7208796 0.113827 11.150625 5.7216368 0.9653943 1.4086559 0.47598055 5 0 0 0 0.11948264 0 1 1 55567.765 4 2.2145204 2.2145204 2.2145204 2.2145204
"III.4.33.csv"	12	-6.714496e-05
2 1 2.2145204 3.7208796 0.113827 11.150625 5.7216368 0.9653943 1.4086559 0.47598055 5 0 0 0 0.11948264 0 1 1 55567.765 4 2.2145204 2.2145204 2.2145204 2.2145204
"III.4.33.csv"	2	-6.714496e-05
2 1 2.2145204 3.7208796 0.113827 11.150625 5.7216368 0.9653943 1.4086559 0.47598055 5 0 0 0 0.11948264 0 1 1 55567.765 4 2.2145204 2.2145204 2.2145204 2.2145204
"I.13.12.csv"	1	-188.23551
2 1 16.009145 33.820781 0.68577 20 3.3211278 0.88389953 16.342677 1.5008536 5 0 0 0 0.18991679 1 1 1 75286.803 4 16.009145 16.009145 16.009145 16.009145
"I.13.12.csv"	12	-188.23551
2 1 16.009145 33.820781 0.68577 20 3.3211278 0.88389953 16.342677 1.5008536 5 0 0 0 0.18991679 1 1 1 75286.803 4 16.009145 16.009145 16.009145 16.009145
"I.13.12.csv"	21	-0.23570997
2 1 16.009145 33.820781 0.68577 20 3.3211278 0.88389953 16.342677 1.5008536 5 0 0 0 0.18991679 1 1 1 75286.803 4 16.009145 16.009145 16.009145 16.009145
"I.13.12.csv"	2	-0.23570997
2 1 16.009145 33.820781 0.68577 20 3.3211278 0.88389953 16.342677 1.5008536 5 0 0 0 0.18991679 1 1 1 75286.803 4 16.009145 16.009145 16.009145 16.009145
"I.13.12.csv"	12	-0.23570997
2 1 16.009145 33.820781 0.68577 20 3.3211278 0.88389953 16.342677 1.5008536 5 0 0 0 0.18991679 1 1 1 75286.803 4 16.009145 16.009145 16.009145 16.009145
"I.13.12.csv"	4	-0.23570997
2 1 16.009145 33.820781 0.68577 20 3.3211278 0.88389953 16.342677 1.5008536 5 0 0 0 0.18991679 1 1 1 75286.803 4 16.009145 16.009145 16.009145 16.009145
"I.13.12.csv"	3	-0.23570997
2 1 16.009145 33.820781 0.68577 20 3.3211278 0.88389953 16.342677 1.5008536 5 0 0 0 0.18991679 1 1 1 75286.803 4 16.009145 16.009145 16.009145 16.009145
"I.13.12.csv"	21	-0.18558764
2 1 16.009145 33.820781 0.68577 20 3.3211278 0.88389953 16.342677 1.5008536 5 0 0 0 0.18991679 1 1 1 75286.803 4 16.009145 16.009145 16.009145 16.009145
"I.13.12.csv"	2	-0.18558764
2 1 16.009145 33.820781 0.68577 20 3.3211278 0.88389953 16.342677 1.5008536 5 0 0 0 0.18991679 1 1 1 75286.803 4 16.009145 16.009145 16.009145 16.009145
"I.13.12.csv"	12	-0.18558764
2 1 16.009145 33.820781 0.68577 20 3.3211278 0.88389953 16.342677 1.5008536 5 0 0 0 0.18991679 1 1 1 75286.803 4 16.009145 16.009145 16.009145 16.009145
"I.13.12.csv"	4	-0.18558764
2 1 16.009145 33.820781 0.68577 20 3.3211278 0.88389953 16.342677 1.5008536 5 0 0 0 0.18991679 1 1 1 75286.803 4 16.009145 16.009145 16.009145 16.009145
"I.13.12.csv"	3	-0.18558764
2 1 16.009145 33.820781 0.68577 20 3.3211278 0.88389953 16.342677 1.5008536 5 0 0 0 0.18991679 1 1 1 75286.803 4 16.009145 16.009145 16.009145 16.009145
"I.13.12.csv"	21	0.031854577
2 1 16.009145 33.820781 0.68577 20 3.3211278 0.88389953 16.342677 1.5008536 5 0 0 0 0.18991679 1 1 1 75286.803 4 16.009145 16.009145 16.009145 16.009145
"I.13.12.csv"	2	0.031854577
2 1 16.009145 33.820781 0.68577 20 3.3211278 0.88389953 16.342677 1.5008536 5 0 0 0 0.18991679 1 1 1 75286.803 4 16.009145 16.009145 16.009145 16.009145
"I.14.3.csv"	3	0.00095337808
4 1 2.9074616 0.77588742 1.109107 4.795993 4.1856254 0.99797908 0.5215219 0.089972473 11 0 0 0 0.056237949 0 1 1 103853.93 4 2.9074616 2.9074616 2.9074616 2.9074616
"I.14.3.csv"	1	-0.072490778
4 1 2.9074616 0.77588742 1.109107 4.795993 4.1856254 0.99797908 0.5215219 0.089972473 11 0 0 0 0.056237949 0 1 1 103853.93 4 2.9074616 2.9074616 2.9074616 2.9074616
"I.14.3.csv"	12	-0.072490778
4 1 2.9074616 0.77588742 1.109107 4.795993 4.1856254 0.99797908 0.5215219 0.089972473 11 0 0 0 0.056237949 0 1 1 103853.93 4 2.9074616 2.9074616 2.9074616 2.9074616
"I.14.3.csv"	19	0.013504637
4 1 2.9074616 0.77588742 1.109107 4.795993 4.1856254 0.99797908 0.5215219 0.089972473 11 0 0 0 0.056237949 0 1 1 103853.93 4 2.9074616 2.9074616 2.9074616 2.9074616
"I.14.3.csv"	4	-0.00092338396
4 1 2.9074616 0.77588742 1.109107 4.795993 4.1856254 0.99797908 0.5215219 0.089972473 11 0 0 0 0.056237949 0 1 1 103853.93 4 2.9074616 2.9074616 2.9074616 2.9074616
"I.14.3.csv"	21	-0.00092338396
4 1 2.9074616 0.77588742 1.109107 4.795993 4.1856254 0.99797908 0.5215219 0.089972473 11 0 0 0 0.056237949 0 1 1 103853.93 4 2.9074616 2.9074616 2.9074616 2.9074616
"I.14.3.csv"	3	-0.00092338396
4 1 2.9074616 0.77588742 1.109107 4.795993 4.1856254 0.99797908 0.5215219 0.089972473 11 0 0 0 0.056237949 0 1 1 103853.93 4 2.9074616 2.9074616 2.9074616 2.9074616
"I.14.3.csv"	1	-0.00092338396
4 1 2.9074616 0.77588742 1.109107 4.795993 4.1856254 0.99797908 0.5215219 0.089972473 11 0 0 0 0.056237949 0 1 1 103853.93 4 2.9074616 2.9074616 2.9074616 2.9074616
"I.14.3.csv"	12	-0.00092338396
4 1 2.9074616 0.77588742 1.109107 4.795993 4.1856254 0.99797908 0.5215219 0.089972473 11 0 0 0 0.056237949 0 1 1 103853.93 4 2.9074616 2.9074616 2.9074616 2.9074616
"I.14.3.csv"	2	-0.00092338396
4 1 2.9074616 0.77588742 1.109107 4.795993 4.1856254 0.99797908 0.5215219 0.089972473 11 0 0 0 0.056237949 0 1 1 103853.93 4 2.9074616 2.9074616 2.9074616 2.9074616
"I.14.3.csv"	17	-0.00092338396
4 1 2.9074616 0.77588742 1.109107 4.795993 4.1856254 0.99797908 0.5215219 0.089972473 11 0 0 0 0.056237949 0 1 1 103853.93 4 2.9074616 2.9074616 2.9074616 2.9074616
"I.14.3.csv"	19	0.00014215357
4 1 2.9074616 0.77588742 1.109107 4.795993 4.1856254 0.99797908 0.5215219 0.089972473 11 0 0 0 0.056237949 0 1 1 103853.93 4 2.9074616 2.9074616 2.9074616 2.9074616
"I.14.3.csv"	19	0.00017211992
4 1 2.9074616 0.77588742 1.109107 4.795993 4.1856254 0.99797908 0.5215219 0.089972473 11 0 0 0 0.056237949 0 1 1 103853.93 4 2.9074616 2.9074616 2.9074616 2.9074616
"I.14.3.csv"	19	-0.00092338396
4 1 2.9074616 0.77588742 1.109107 4.795993 4.1856254 0.99797908 0.5215219 0.089972473 11 0 0 0 0.056237949 0 1 1 103853.93 4 2.9074616 2.9074616 2.9074616 2.9074616
"III.10.19.csv"	1	-0.027735815
2 1 4.3649641 1.1495143 1.647877 6.718097 4.7290032 0.9994914 0.70874998 0.11240333 5 0 0 0 0.076587937 0 1 1 106666.83 4 4.3649641 4.3649641 4.3649641 4.3649641
"III.10.19.csv"	12	-0.027735815
2 1 4.3649641 1.1495143 1.647877 6.718097 4.7290032 0.9994914 0.70874998 0.11240333 5 0 0 0 0.076587937 0 1 1 106666.83 4 4.3649641 4.3649641 4.3649641 4.3649641
"III.10.19.csv"	12	-0.00032167382
2 1 4.3649641 1.1495143 1.647877 6.718097 4.7290032 0.9994914 0.70874998 0.11240333 5 0 0 0 0.076587937 0 1 1 106666.83 4 4.3649641 4.3649641 4.3649641 4.3649641
"III.10.19.csv"	14	1.4329509e-05
2 1 4.3649641 1.1495143 1.647877 6.718097 4.7290032 0.9994914 0.70874998 0.11240333 5 0 0 0 0.076587937 0 1 1 106666.83 4 4.3649641 4.3649641 4.3649641 4.3649641
"III.10.19.csv"	12	-0.00014307523
2 1 4.3649641 1.1495143 1.647877 6.718097 4.7290032 0.9994914 0.70874998 0.11240333 5 0 0 0 0.076587937 0 1 1 106666.83 4 4.3649641 4.3649641 4.3649641 4.3649641
"III.10.19.csv"	12	-0.00036300261
2 1 4.3649641 1.1495143 1.647877 6.718097 4.7290032 0.9994914 0.70874998 0.11240333 5 0 0 0 0.076587937 0 1 1 106666.83 4 4.3649641 4.3649641 4.3649641 4.3649641
"III.10.19.csv"	1	-0.00036300261
2 1 4.3649641 1.1495143 1.647877 6.718097 4.7290032 0.9994914 0.70874998 0.11240333 5 0 0 0 0.076587937 0 1 1 106666.83 4 4.3649641 4.3649641 4.3649641 4.3649641
"III.10.19.csv"	3	-0.00036300261
2 1 4.3649641 1.1495143 1.647877 6.718097 4.7290032 0.9994914 0.70874998 0.11240333 5 0 0 0 0.076587937 0 1 1 106666.83 4 4.3649641 4.3649641 4.3649641 4.3649641
"I.48.20.csv"	3	0.00081484969
3 1 6.7539552 7.7045224 2.169476 15.495294 4.8008818 0.99985264 0.75091837 1.0564916 7 1 0 1 0.15263938 0 1 1 79601.474 4 6.7539552 6.7539552 6.7539552 6.7539552
"I.48.20.csv"	1	-0.21381326
3 1 6.7539552 7.7045224 2.169476 15.495294 4.8008818 0.99985264 0.75091837 1.0564916 7 1 0 1 0.15263938 0 1 1 79601.474 4 6.7539552 6.7539552 6.7539552 6.7539552
"I.48.20.csv"	12	-0.21381326
3 1 6.7539552 7.7045224 2.169476 15.495294 4.8008818 0.99985264 0.75091837 1.0564916 7 1 0 1 0.15263938 0 1 1 79601.474 4 6.7539552 6.7539552 6.7539552 6.7539552
"I.48.20.csv"	19	-0.21381326
3 1 6.7539552 7.7045224 2.169476 15.495294 4.8008818 0.99985264 0.75091837 1.0564916 7 1 0 1 0.15263938 0 1 1 79601.474 4 6.7539552 6.7539552 6.7539552 6.7539552
"I.15.3.csv"	1	-0.0062469605
2 1 0.025554206 0.1710316 -0.850368 0.825208 4.0515944 0.99115571 0.3919805 0.93523596 3 1 0 0 0.011762934 0 1 0 206435.25 4 0.025554206 0.025554206 0.025554206 0.025554206
"I.15.3.csv"	12	-0.0062469605
2 1 0.025554206 0.1710316 -0.850368 0.825208 4.0515944 0.99115571 0.3919805 0.93523596 3 1 0 0 0.011762934 0 1 0 206435.25 4 0.025554206 0.025554206 0.025554206 0.025554206
"I.15.3.csv"	2	0.00013635458
2 1 0.025554206 0.1710316 -0.850368 0.825208 4.0515944 0.99115571 0.3919805 0.93523596 3 1 0 0 0.011762934 0 1 0 206435.25 4 0.025554206 0.025554206 0.025554206 0.025554206
"I.15.3.csv"	14	1.0516656e-05
2 1 0.025554206 0.1710316 -0.850368 0.825208 4.0515944 0.99115571 0.3919805 0.93523596 3 1 0 0 0.011762934 0 1 0 206435.25 4 0.025554206 0.025554206 0.025554206 0.025554206
"I.15.3.csv"	4	-5.7396699e-05
2 1 0.025554206 0.1710316 -0.850368 0.825208 4.0515944 0.99115571 0.3919805 0.93523596 3 1 0 0 0.011762934 0 1 0 206435.25 4 0.025554206 0.025554206 0.025554206 0.025554206
"I.15.3.csv"	21	-5.7396699e-05
2 1 0.025554206 0.1710316 -0.850368 0.825208 4.0515944 0.99115571 0.3919805 0.93523596 3 1 0 0 0.011762934 0 1 0 206435.25 4 0.025554206 0.025554206 0.025554206 0.025554206
"I.15.3.csv"	3	-5.7396699e-05
2 1 0.025554206 0.1710316 -0.850368 0.825208 4.0515944 0.99115571 0.3919805 0.93523596 3 1 0 0 0.011762934 0 1 0 206435.25 4 0.025554206 0.025554206 0.025554206 0.025554206
"I.15.3.csv"	12	-5.7396699e-05
2 1 0.025554206 0.1710316 -0.850368 0.825208 4.0515944 0.99115571 0.3919805 0.93523596 3 1 0 0 0.011762934 0 1 0 206435.25 4 0.025554206 0.025554206 0.025554206 0.025554206
"I.15.3.csv"	2	-5.7396699e-05
2 1 0.025554206 0.1710316 -0.850368 0.825208 4.0515944 0.99115571 0.3919805 0.93523596 3 1 0 0 0.011762934 0 1 0 206435.25 4 0.025554206 0.025554206 0.025554206 0.025554206
"I.15.3.csv"	14	1.0344232e-05
2 1 0.025554206 0.1710316 -0.850368 0.825208 4.0515944 0.99115571 0.3919805 0.93523596 3 1 0 0 0.011762934 0 1 0 206435.25 4 0.025554206 0.025554206 0.025554206 0.025554206
"I.15.3.csv"	4	-5.7569791e-05
2 1 0.025554206 0.1710316 -0.850368 0.825208 4.0515944 0.99115571 0.3919805 0.93523596 3 1 0 0 0.011762934 0 1 0 206435.25 4 0.025554206 0.025554206 0.025554206 0.025554206
"I.15.3.csv"	21	-5.7569791e-05
2 1 0.025554206 0.1710316 -0.850368 0.825208 4.0515944 0.99115571 0.3919805 0.93523596 3 1 0 0 0.011762934 0 1 0 206435.25 4 0.025554206 0.025554206 0.025554206 0.025554206
"I.15.3.csv"	3	-5.7569791e-05
2 1 0.025554206 0.1710316 -0.850368 0.825208 4.0515944 0.99115571 0.3919805 0.93523596 3 1 0 0 0.011762934 0 1 0 206435.25 4 0.025554206 0.025554206 0.025554206 0.025554206
"I.15.3.csv"	12	-5.7569791e-05
2 1 0.025554206 0.1710316 -0.850368 0.825208 4.0515944 0.99115571 0.3919805 0.93523596 3 1 0 0 0.011762934 0 1 0 206435.25 4 0.025554206 0.025554206 0.025554206 0.025554206
"I.15.3.csv"	2	-5.7569791e-05
2 1 0.025554206 0.1710316 -0.850368 0.825208 4.0515944 0.99115571 0.3919805 0.93523596 3 1 0 0 0.011762934 0 1 0 206435.25 4 0.025554206 0.025554206 0.025554206 0.025554206
"I.15.3.csv"	14	1.0160025e-05
2 1 0.025554206 0.1710316 -0.850368 0.825208 4.0515944 0.99115571 0.3919805 0.93523596 3 1 0 0 0.011762934 0 1 0 206435.25 4 0.025554206 0.025554206 0.025554206 0.025554206
"I.15.3.csv"	4	-5.7756359e-05
2 1 0.025554206 0.1710316 -0.850368 0.825208 4.0515944 0.99115571 0.3919805 0.93523596 3 1 0 0 0.011762934 0 1 0 206435.25 4 0.025554206 0.025554206 0.025554206 0.025554206
"I.15.3.csv"	21	-5.7756359e-05
2 1 0.025554206 0.1710316 -0.850368 0.825208 4.0515944 0.99115571 0.3919805 0.93523596 3 1 0 0 0.011762934 0 1 0 206435.25 4 0.025554206 0.025554206 0.025554206 0.025554206
"I.15.3.csv"	3	-5.7756359e-05
2 1 0.025554206 0.1710316 -0.850368 0.825208 4.0515944 0.99115571 0.3919805 0.93523596 3 1 0 0 0.011762934 0 1 0 206435.25 4 0.025554206 0.025554206 0.025554206 0.025554206
"I.15.3.csv"	12	-5.7756359e-05
2 1 0.025554206 0.1710316 -0.850368 0.825208 4.0515944 0.99115571 0.3919805 0.93523596 3 1 0 0 0.011762934 0 1 0 206435.25 4 0.025554206 0.025554206 0.025554206 0.025554206
"I.15.3.csv"	2	-5.7756359e-05
2 1 0.025554206 0.1710316 -0.850368 0.825208 4.0515944 0.99115571 0.3919805 0.93523596 3 1 0 0 0.011762934 0 1 0 206435.25 4 0.025554206 0.025554206 0.025554206 0.025554206
"I.15.3.csv"	14	9.9412747e-06
2 1 0.025554206 0.1710316 -0.850368 0.825208 4.0515944 0.99115571 0.3919805 0.93523596 3 1 0 0 0.011762934 0 1 0 206435.25 4 0.025554206 0.025554206 0.025554206 0.025554206
"I.15.3.csv"	4	-5.7972441e-05
2 1 0.025554206 0.1710316 -0.850368 0.825208 4.0515944 0.99115571 0.3919805 0.93523596 3 1 0 0 0.011762934 0 1 0 206435.25 4 0.025554206 0.025554206 0.025554206 0.025554206
"I.15.3.csv"	21	-5.7972441e-05
2 1 0.025554206 0.1710316 -0.850368 0.825208 4.0515944 0.99115571 0.3919805 0.93523596 3 1 0 0 0.011762934 0 1 0 206435.25 4 0.025554206 0.025554206 0.025554206 0.025554206
"I.15.3.csv"	3	-5.7972441e-05
2 1 0.025554206 0.1710316 -0.850368 0.825208 4.0515944 0.99115571 0.3919805 0.93523596 3 1 0 0 0.011762934 0 1 0 206435.25 4 0.025554206 0.025554206 0.025554206 0.025554206
"I.15.3.csv"	12	-5.7972441e-05
2 1 0.025554206 0.1710316 -0.850368 0.825208 4.0515944 0.99115571 0.3919805 0.93523596 3 1 0 0 0.011762934 0 1 0 206435.25 4 0.025554206 0.025554206 0.025554206 0.025554206
"I.15.3.csv"	2	-5.7972441e-05
2 1 0.025554206 0.1710316 -0.850368 0.825208 4.0515944 0.99115571 0.3919805 0.93523596 3 1 0 0 0.011762934 0 1 0 206435.25 4 0.025554206 0.025554206 0.025554206 0.025554206
"I.15.3.csv"	14	9.7354548e-06
2 1 0.025554206 0.1710316 -0.850368 0.825208 4.0515944 0.99115571 0.3919805 0.93523596 3 1 0 0 0.011762934 0 1 0 206435.25 4 0.025554206 0.025554206 0.025554206 0.025554206
"I.15.3.csv"	4	-5.8191192e-05
2 1 0.025554206 0.1710316 -0.850368 0.825208 4.0515944 0.99115571 0.3919805 0.93523596 3 1 0 0 0.011762934 0 1 0 206435.25 4 0.025554206 0.025554206 0.025554206 0.025554206
"I.15.3.csv"	21	-5.8191192e-05
2 1 0.025554206 0.1710316 -0.850368 0.825208 4.0515944 0.99115571 0.3919805 0.93523596 3 1 0 0 0.011762934 0 1 0 206435.25 4 0.025554206 0.025554206 0.025554206 0.025554206
"I.15.3.csv"	3	-5.8191192e-05
2 1 0.025554206 0.1710316 -0.850368 0.825208 4.0515944 0.99115571 0.3919805 0.93523596 3 1 0 0 0.011762934 0 1 0 206435.25 4 0.025554206 0.025554206 0.025554206 0.025554206
"I.15.3.csv"	12	-5.8191192e-05
2 1 0.025554206 0.1710316 -0.850368 0.825208 4.0515944 0.99115571 0.3919805 0.93523596 3 1 0 0 0.011762934 0 1 0 206435.25 4 0.025554206 0.025554206 0.025554206 0.025554206
"I.15.3.csv"	2	-5.8191192e-05
2 1 0.025554206 0.1710316 -0.850368 0.825208 4.0515944 0.99115571 0.3919805 0.93523596 3 1 0 0 0.011762934 0 1 0 206435.25 4 0.025554206 0.025554206 0.025554206 0.025554206
"I.15.10.csv"	12	-0.00049535853
2 1 0.76914304 0.031307175 0.207361 0.991983 4.4344376 0.99982337 1.1500491 1.0050371 5 0 0 0 0.069111716 0 1 1 35711.333 4 0.76914304 0.76914304 0.76914304 0.76914304
"I.15.10.csv"	1	-0.00049535853
2 1 0.76914304 0.031307175 0.207361 0.991983 4.4344376 0.99982337 1.1500491 1.0050371 5 0 0 0 0.069111716 0 1 1 35711.333 4 0.76914304 0.76914304 0.76914304 0.76914304
"I.15.10.csv"	4	-4.4784143e-06
2 1 0.76914304 0.031307175 0.207361 0.991983 4.4344376 0.99982337 1.1500491 1.0050371 5 0 0 0 0.069111716 0 1 1 35711.333 4 0.76914304 0.76914304 0.76914304 0.76914304
"I.15.10.csv"	14	9.8429462e-07
2 1 0.76914304 0.031307175 0.207361 0.991983 4.4344376 0.99982337 1.1500491 1.0050371 5 0 0 0 0.069111716 0 1 1 35711.333 4 0.76914304 0.76914304 0.76914304 0.76914304
"I.15.10.csv"	21	-4.4784143e-06
2 1 0.76914304 0.031307175 0.207361 0.991983 4.4344376 0.99982337 1.1500491 1.0050371 5 0 0 0 0.069111716 0 1 1 35711.333 4 0.76914304 0.76914304 0.76914304 0.76914304
"I.15.10.csv"	3	-4.4784143e-06
2 1 0.76914304 0.031307175 0.207361 0.991983 4.4344376 0.99982337 1.1500491 1.0050371 5 0 0 0 0.069111716 0 1 1 35711.333 4 0.76914304 0.76914304 0.76914304 0.76914304
"I.15.10.csv"	12	-4.4784143e-06
2 1 0.76914304 0.031307175 0.207361 0.991983 4.4344376 0.99982337 1.1500491 1.0050371 5 0 0 0 0.069111716 0 1 1 35711.333 4 0.76914304 0.76914304 0.76914304 0.76914304
"I.15.10.csv"	2	-4.4784143e-06
2 1 0.76914304 0.031307175 0.207361 0.991983 4.4344376 0.99982337 1.1500491 1.0050371 5 0 0 0 0.069111716 0 1 1 35711.333 4 0.76914304 0.76914304 0.76914304 0.76914304
"I.15.10.csv"	4	-4.4784143e-06
2 1 0.76914304 0.031307175 0.207361 0.991983 4.4344376 0.99982337 1.1500491 1.0050371 5 0 0 0 0.069111716 0 1 1 35711.333 4 0.76914304 0.76914304 0.76914304 0.76914304
"I.15.10.csv"	3	-4.4784143e-06
2 1 0.76914304 0.031307175 0.207361 0.991983 4.4344376 0.99982337 1.1500491 1.0050371 5 0 0 0 0.069111716 0 1 1 35711.333 4 0.76914304 0.76914304 0.76914304 0.76914304
"I.15.10.csv"	1	-4.4784143e-06
2 1 0.76914304 0.031307175 0.207361 0.991983 4.4344376 0.99982337 1.1500491 1.0050371 5 0 0 0 0.069111716 0 1 1 35711.333 4 0.76914304 0.76914304 0.76914304 0.76914304
"I.15.10.csv"	2	-4.4784143e-06
2 1 0.76914304 0.031307175 0.207361 0.991983 4.4344376 0.99982337 1.1500491 1.0050371 5 0 0 0 0.069111716 0 1 1 35711.333 4 0.76914304 0.76914304 0.76914304 0.76914304
"I.15.10.csv"	4	-4.7760167e-06
2 1 0.76914304 0.031307175 0.207361 0.991983 4.4344376 0.99982337 1.1500491 1.0050371 5 0 0 0 0.069111716 0 1 1 35711.333 4 0.76914304 0.76914304 0.76914304 0.76914304
"I.15.10.csv"	1	-4.7760167e-06
2 1 0.76914304 0.031307175 0.207361 0.991983 4.4344376 0.99982337 1.1500491 1.0050371 5 0 0 0 0.069111716 0 1 1 35711.333 4 0.76914304 0.76914304 0.76914304 0.76914304
"I.15.10.csv"	2	-4.7760167e-06
2 1 0.76914304 0.031307175 0.207361 0.991983 4.4344376 0.99982337 1.1500491 1.0050371 5 0 0 0 0.069111716 0 1 1 35711.333 4 0.76914304 0.76914304 0.76914304 0.76914304
"I.15.10.csv"	4	-3.9719431e-06
2 1 0.76914304 0.031307175 0.207361 0.991983 4.4344376 0.99982337 1.1500491 1.0050371 5 0 0 0 0.069111716 0 1 1 35711.333 4 0.76914304 0.76914304 0.76914304 0.76914304
"I.15.10.csv"	14	1.7246988e-06
2 1 0.76914304 0.031307175 0.207361 0.991983 4.4344376 0.99982337 1.1500491 1.0050371 5 0 0 0 0.069111716 0 1 1 35711.333 4 0.76914304 0.76914304 0.76914304 0.76914304
"I.15.10.csv"	21	-3.9719431e-06
2 1 0.76914304 0.031307175 0.207361 0.991983 4.4344376 0.99982337 1.1500491 1.0050371 5 0 0 0 0.069111716 0 1 1 35711.333 4 0.76914304 0.76914304 0.76914304 0.76914304
"I.15.10.csv"	3	-3.9719431e-06
2 1 0.76914304 0.031307175 0.207361 0.991983 4.4344376 0.99982337 1.1500491 1.0050371 5 0 0 0 0.069111716 0 1 1 35711.333 4 0.76914304 0.76914304 0.76914304 0.76914304
"I.15.10.csv"	12	-3.9719431e-06
2 1 0.76914304 0.031307175 0.207361 0.991983 4.4344376 0.99982337 1.1500491 1.0050371 5 0 0 0 0.069111716 0 1 1 35711.333 4 0.76914304 0.76914304 0.76914304 0.76914304
"I.15.10.csv"	1	-3.9719431e-06
2 1 0.76914304 0.031307175 0.207361 0.991983 4.4344376 0.99982337 1.1500491 1.0050371 5 0 0 0 0.069111716 0 1 1 35711.333 4 0.76914304 0.76914304 0.76914304 0.76914304
"I.15.10.csv"	17	-3.9719431e-06
2 1 0.76914304 0.031307175 0.207361 0.991983 4.4344376 0.99982337 1.1500491 1.0050371 5 0 0 0 0.069111716 0 1 1 35711.333 4 0.76914304 0.76914304 0.76914304 0.76914304
"I.15.10.csv"	17	-3.9719431e-06
2 1 0.76914304 0.031307175 0.207361 0.991983 4.4344376 0.99982337 1.1500491 1.0050371 5 0 0 0 0.069111716 0 1 1 35711.333 4 0.76914304 0.76914304 0.76914304 0.76914304
"I.15.10.csv"	2	-3.9719431e-06
2 1 0.76914304 0.031307175 0.207361 0.991983 4.4344376 0.99982337 1.1500491 1.0050371 5 0 0 0 0.069111716 0 1 1 35711.333 4 0.76914304 0.76914304 0.76914304 0.76914304
"I.15.10.csv"	4	-3.6708177e-06
2 1 0.76914304 0.031307175 0.207361 0.991983 4.4344376 0.99982337 1.1500491 1.0050371 5 0 0 0 0.069111716 0 1 1 35711.333 4 0.76914304 0.76914304 0.76914304 0.76914304
"I.15.10.csv"	3	-3.6708177e-06
2 1 0.76914304 0.031307175 0.207361 0.991983 4.4344376 0.99982337 1.1500491 1.0050371 5 0 0 0 0.069111716 0 1 1 35711.333 4 0.76914304 0.76914304 0.76914304 0.76914304
"I.15.10.csv"	1	-3.6708177e-06
2 1 0.76914304 0.031307175 0.207361 0.991983 4.4344376 0.99982337 1.1500491 1.0050371 5 0 0 0 0.069111716 0 1 1 35711.333 4 0.76914304 0.76914304 0.76914304 0.76914304
"I.15.10.csv"	17	-3.6708177e-06
2 1 0.76914304 0.031307175 0.207361 0.991983 4.4344376 0.99982337 1.1500491 1.0050371 5 0 0 0 0.069111716 0 1 1 35711.333 4 0.76914304 0.76914304 0.76914304 0.76914304
"I.15.10.csv"	17	-3.6708177e-06
2 1 0.76914304 0.031307175 0.207361 0.991983 4.4344376 0.99982337 1.1500491 1.0050371 5 0 0 0 0.069111716 0 1 1 35711.333 4 0.76914304 0.76914304 0.76914304 0.76914304
"I.15.10.csv"	2	-3.6708177e-06
2 1 0.76914304 0.031307175 0.207361 0.991983 4.4344376 0.99982337 1.1500491 1.0050371 5 0 0 0 0.069111716 0 1 1 35711.333 4 0.76914304 0.76914304 0.76914304 0.76914304
"I.6.2.csv"	3	-0.48950588
2 1 9.2098623 25.36068 1.582554 20 3.6572021 0.99389677 0.98292076 0.85116879 5 0 0 0 0.070787266 1 1 1 173388 4 9.2098623 9.2098623 9.2098623 9.2098623
"I.6.2.csv"	1	-0.48950588
2 1 9.2098623 25.36068 1.582554 20 3.6572021 0.99389677 0.98292076 0.85116879 5 0 0 0 0.070787266 1 1 1 173388 4 9.2098623 9.2098623 9.2098623 9.2098623
"I.6.2.csv"	12	-0.48950588
2 1 9.2098623 25.36068 1.582554 20 3.6572021 0.99389677 0.98292076 0.85116879 5 0 0 0 0.070787266 1 1 1 173388 4 9.2098623 9.2098623 9.2098623 9.2098623
"I.6.2.csv"	2	-0.48950588
2 1 9.2098623 25.36068 1.582554 20 3.6572021 0.99389677 0.98292076 0.85116879 5 0 0 0 0.070787266 1 1 1 173388 4 9.2098623 9.2098623 9.2098623 9.2098623
"I.6.2.csv"	14	-0.00099255951
2 1 9.2098623 25.36068 1.582554 20 3.6572021 0.99389677 0.98292076 0.85116879 5 0 0 0 0.070787266 1 1 1 173388 4 9.2098623 9.2098623 9.2098623 9.2098623
"I.6.2.csv"	4	-0.00099255951
2 1 9.2098623 25.36068 1.582554 20 3.6572021 0.99389677 0.98292076 0.85116879 5 0 0 0 0.070787266 1 1 1 173388 4 9.2098623 9.2098623 9.2098623 9.2098623
"I.6.2.csv"	21	-0.00099255951
2 1 9.2098623 25.36068 1.582554 20 3.6572021 0.99389677 0.98292076 0.85116879 5 0 0 0 0.070787266 1 1 1 173388 4 9.2098623 9.2098623 9.2098623 9.2098623
"I.6.2.csv"	3	-0.00099255951
2 1 9.2098623 25.36068 1.582554 20 3.6572021 0.99389677 0.98292076 0.85116879 5 0 0 0 0.070787266 1 1 1 173388 4 9.2098623 9.2098623 9.2098623 9.2098623
"I.6.2.csv"	1	-0.00099255951
2 1 9.2098623 25.36068 1.582554 20 3.6572021 0.99389677 0.98292076 0.85116879 5 0 0 0 0.070787266 1 1 1 173388 4 9.2098623 9.2098623 9.2098623 9.2098623
"I.6.2.csv"	12	-0.00099255951
2 1 9.2098623 25.36068 1.582554 20 3.6572021 0.99389677 0.98292076 0.85116879 5 0 0 0 0.070787266 1 1 1 173388 4 9.2098623 9.2098623 9.2098623 9.2098623
"I.6.2.csv"	2	-0.00099255951
2 1 9.2098623 25.36068 1.582554 20 3.6572021 0.99389677 0.98292076 0.85116879 5 0 0 0 0.070787266 1 1 1 173388 4 9.2098623 9.2098623 9.2098623 9.2098623
"I.6.2.csv"	17	-0.00099255951
2 1 9.2098623 25.36068 1.582554 20 3.6572021 0.99389677 0.98292076 0.85116879 5 0 0 0 0.070787266 1 1 1 173388 4 9.2098623 9.2098623 9.2098623 9.2098623
"I.6.2.csv"	17	-0.00099255951
2 1 9.2098623 25.36068 1.582554 20 3.6572021 0.99389677 0.98292076 0.85116879 5 0 0 0 0.070787266 1 1 1 173388 4 9.2098623 9.2098623 9.2098623 9.2098623
"I.6.2.csv"	14	-0.0014603141
2 1 9.2098623 25.36068 1.582554 20 3.6572021 0.99389677 0.98292076 0.85116879 5 0 0 0 0.070787266 1 1 1 173388 4 9.2098623 9.2098623 9.2098623 9.2098623
"I.6.2.csv"	21	0.00042870666
2 1 9.2098623 25.36068 1.582554 20 3.6572021 0.99389677 0.98292076 0.85116879 5 0 0 0 0.070787266 1 1 1 173388 4 9.2098623 9.2098623 9.2098623 9.2098623
"I.6.2.csv"	3	-0.0014603141
2 1 9.2098623 25.36068 1.582554 20 3.6572021 0.99389677 0.98292076 0.85116879 5 0 0 0 0.070787266 1 1 1 173388 4 9.2098623 9.2098623 9.2098623 9.2098623
"I.6.2.csv"	1	-0.0014603141
2 1 9.2098623 25.36068 1.582554 20 3.6572021 0.99389677 0.98292076 0.85116879 5 0 0 0 0.070787266 1 1 1 173388 4 9.2098623 9.2098623 9.2098623 9.2098623
"I.6.2.csv"	12	-0.0014603141
2 1 9.2098623 25.36068 1.582554 20 3.6572021 0.99389677 0.98292076 0.85116879 5 0 0 0 0.070787266 1 1 1 173388 4 9.2098623 9.2098623 9.2098623 9.2098623
"I.6.2.csv"	2	0.00011557096
2 1 9.2098623 25.36068 1.582554 20 3.6572021 0.99389677 0.98292076 0.85116879 5 0 0 0 0.070787266 1 1 1 173388 4 9.2098623 9.2098623 9.2098623 9.2098623
"I.6.2.csv"	17	-0.0014603141
2 1 9.2098623 25.36068 1.582554 20 3.6572021 0.99389677 0.98292076 0.85116879 5 0 0 0 0.070787266 1 1 1 173388 4 9.2098623 9.2098623 9.2098623 9.2098623
"I.6.2.csv"	14	-0.0015982125
2 1 9.2098623 25.36068 1.582554 20 3.6572021 0.99389677 0.98292076 0.85116879 5 0 0 0 0.070787266 1 1 1 173388 4 9.2098623 9.2098623 9.2098623 9.2098623
"I.6.2.csv"	21	0.00092278853
2 1 9.2098623 25.36068 1.582554 20 3.6572021 0.99389677 0.98292076 0.85116879 5 0 0 0 0.070787266 1 1 1 173388 4 9.2098623 9.2098623 9.2098623 9.2098623
"I.6.2.csv"	2	-0.0015982125
2 1 9.2098623 25.36068 1.582554 20 3.6572021 0.99389677 0.98292076 0.85116879 5 0 0 0 0.070787266 1 1 1 173388 4 9.2098623 9.2098623 9.2098623 9.2098623
"I.6.2.csv"	12	-0.0015982125
2 1 9.2098623 25.36068 1.582554 20 3.6572021 0.99389677 0.98292076 0.85116879 5 0 0 0 0.070787266 1 1 1 173388 4 9.2098623 9.2098623 9.2098623 9.2098623
"I.6.2.csv"	4	0.00084461006
2 1 9.2098623 25.36068 1.582554 20 3.6572021 0.99389677 0.98292076 0.85116879 5 0 0 0 0.070787266 1 1 1 173388 4 9.2098623 9.2098623 9.2098623 9.2098623
"I.6.2.csv"	3	0.00074809417
2 1 9.2098623 25.36068 1.582554 20 3.6572021 0.99389677 0.98292076 0.85116879 5 0 0 0 0.070787266 1 1 1 173388 4 9.2098623 9.2098623 9.2098623 9.2098623
"I.6.2.csv"	1	-0.0015982125
2 1 9.2098623 25.36068 1.582554 20 3.6572021 0.99389677 0.98292076 0.85116879 5 0 0 0 0.070787266 1 1 1 173388 4 9.2098623 9.2098623 9.2098623 9.2098623
"I.6.2.csv"	14	-0.0016318961
2 1 9.2098623 25.36068 1.582554 20 3.6572021 0.99389677 0.98292076 0.85116879 5 0 0 0 0.070787266 1 1 1 173388 4 9.2098623 9.2098623 9.2098623 9.2098623
"I.6.2.csv"	21	0.00069861617
2 1 9.2098623 25.36068 1.582554 20 3.6572021 0.99389677 0.98292076 0.85116879 5 0 0 0 0.070787266 1 1 1 173388 4 9.2098623 9.2098623 9.2098623 9.2098623
"I.6.2.csv"	3	-0.0016318961
2 1 9.2098623 25.36068 1.582554 20 3.6572021 0.99389677 0.98292076 0.85116879 5 0 0 0 0.070787266 1 1 1 173388 4 9.2098623 9.2098623 9.2098623 9.2098623
"I.6.2.csv"	1	-0.0016318961
2 1 9.2098623 25.36068 1.582554 20 3.6572021 0.99389677 0.98292076 0.85116879 5 0 0 0 0.070787266 1 1 1 173388 4 9.2098623 9.2098623 9.2098623 9.2098623
"I.6.2.csv"	12	-0.0016318961
2 1 9.2098623 25.36068 1.582554 20 3.6572021 0.99389677 0.98292076 0.85116879 5 0 0 0 0.070787266 1 1 1 173388 4 9.2098623 9.2098623 9.2098623 9.2098623
"I.6.2.csv"	4	0.00070906235
2 1 9.2098623 25.36068 1.582554 20 3.6572021 0.99389677 0.98292076 0.85116879 5 0 0 0 0.070787266 1 1 1 173388 4 9.2098623 9.2098623 9.2098623 9.2098623
"I.6.2.csv"	2	-0.0016318961
2 1 9.2098623 25.36068 1.582554 20 3.6572021 0.99389677 0.98292076 0.85116879 5 0 0 0 0.070787266 1 1 1 173388 4 9.2098623 9.2098623 9.2098623 9.2098623
"I.6.2.csv"	14	-0.0016663449
2 1 9.2098623 25.36068 1.582554 20 3.6572021 0.99389677 0.98292076 0.85116879 5 0 0 0 0.070787266 1 1 1 173388 4 9.2098623 9.2098623 9.2098623 9.2098623
"I.6.2.csv"	21	0.00064407007
2 1 9.2098623 25.36068 1.582554 20 3.6572021 0.99389677 0.98292076 0.85116879 5 0 0 0 0.070787266 1 1 1 173388 4 9.2098623 9.2098623 9.2098623 9.2098623
"I.6.2.csv"	3	-0.0016663449
2 1 9.2098623 25.36068 1.582554 20 3.6572021 0.99389677 0.98292076 0.85116879 5 0 0 0 0.070787266 1 1 1 173388 4 9.2098623 9.2098623 9.2098623 9.2098623
"I.6.2.csv"	1	-0.0016663449
2 1 9.2098623 25.36068 1.582554 20 3.6572021 0.99389677 0.98292076 0.85116879 5 0 0 0 0.070787266 1 1 1 173388 4 9.2098623 9.2098623 9.2098623 9.2098623
"I.6.2.csv"	12	-0.0016663449
2 1 9.2098623 25.36068 1.582554 20 3.6572021 0.99389677 0.98292076 0.85116879 5 0 0 0 0.070787266 1 1 1 173388 4 9.2098623 9.2098623 9.2098623 9.2098623
"I.6.2.csv"	4	0.00066561663
2 1 9.2098623 25.36068 1.582554 20 3.6572021 0.99389677 0.98292076 0.85116879 5 0 0 0 0.070787266 1 1 1 173388 4 9.2098623 9.2098623 9.2098623 9.2098623
"I.6.2.csv"	2	0.00029135931
2 1 9.2098623 25.36068 1.582554 20 3.6572021 0.99389677 0.98292076 0.85116879 5 0 0 0 0.070787266 1 1 1 173388 4 9.2098623 9.2098623 9.2098623 9.2098623
"I.6.2.csv"	14	-0.0016930108
2 1 9.2098623 25.36068 1.582554 20 3.6572021 0.99389677 0.98292076 0.85116879 5 0 0 0 0.070787266 1 1 1 173388 4 9.2098623 9.2098623 9.2098623 9.2098623
"I.6.2.csv"	21	0.00059947403
2 1 9.2098623 25.36068 1.582554 20 3.6572021 0.99389677 0.98292076 0.85116879 5 0 0 0 0.070787266 1 1 1 173388 4 9.2098623 9.2098623 9.2098623 9.2098623
"I.6.2.csv"	3	-0.0016930108
2 1 9.2098623 25.36068 1.582554 20 3.6572021 0.99389677 0.98292076 0.85116879 5 0 0 0 0.070787266 1 1 1 173388 4 9.2098623 9.2098623 9.2098623 9.2098623
"I.6.2.csv"	1	-0.0016930108
2 1 9.2098623 25.36068 1.582554 20 3.6572021 0.99389677 0.98292076 0.85116879 5 0 0 0 0.070787266 1 1 1 173388 4 9.2098623 9.2098623 9.2098623 9.2098623
"I.6.2.csv"	12	-0.0016930108
2 1 9.2098623 25.36068 1.582554 20 3.6572021 0.99389677 0.98292076 0.85116879 5 0 0 0 0.070787266 1 1 1 173388 4 9.2098623 9.2098623 9.2098623 9.2098623
"I.6.2.csv"	4	0.000534739
2 1 9.2098623 25.36068 1.582554 20 3.6572021 0.99389677 0.98292076 0.85116879 5 0 0 0 0.070787266 1 1 1 173388 4 9.2098623 9.2098623 9.2098623 9.2098623
"I.6.2.csv"	2	0.0010756468
2 1 9.2098623 25.36068 1.582554 20 3.6572021 0.99389677 0.98292076 0.85116879 5 0 0 0 0.070787266 1 1 1 173388 4 9.2098623 9.2098623 9.2098623 9.2098623
"I.6.2.csv"	14	-0.0017139304
2 1 9.2098623 25.36068 1.582554 20 3.6572021 0.99389677 0.98292076 0.85116879 5 0 0 0 0.070787266 1 1 1 173388 4 9.2098623 9.2098623 9.2098623 9.2098623
"I.6.2.csv"	21	0.00056325347
2 1 9.2098623 25.36068 1.582554 20 3.6572021 0.99389677 0.98292076 0.85116879 5 0 0 0 0.070787266 1 1 1 173388 4 9.2098623 9.2098623 9.2098623 9.2098623
"I.6.2.csv"	3	-0.0017139304
2 1 9.2098623 25.36068 1.582554 20 3.6572021 0.99389677 0.98292076 0.85116879 5 0 0 0 0.070787266 1 1 1 173388 4 9.2098623 9.2098623 9.2098623 9.2098623
"I.6.2.csv"	1	-0.0017139304
2 1 9.2098623 25.36068 1.582554 20 3.6572021 0.99389677 0.98292076 0.85116879 5 0 0 0 0.070787266 1 1 1 173388 4 9.2098623 9.2098623 9.2098623 9.2098623
"I.6.2.csv"	12	-0.0017139304
2 1 9.2098623 25.36068 1.582554 20 3.6572021 0.99389677 0.98292076 0.85116879 5 0 0 0 0.070787266 1 1 1 173388 4 9.2098623 9.2098623 9.2098623 9.2098623
"I.6.2.csv"	4	0.00060631898
2 1 9.2098623 25.36068 1.582554 20 3.6572021 0.99389677 0.98292076 0.85116879 5 0 0 0 0.070787266 1 1 1 173388 4 9.2098623 9.2098623 9.2098623 9.2098623
"I.6.2.csv"	2	0.00088456394
2 1 9.2098623 25.36068 1.582554 20 3.6572021 0.99389677 0.98292076 0.85116879 5 0 0 0 0.070787266 1 1 1 173388 4 9.2098623 9.2098623 9.2098623 9.2098623
"I.6.2b.csv"	4	0.0013241279
2 1 1.2318057 0.64394456 0.240001 4.757598 5.629674 0.97502674 1.0758806 0.17865874 4 0 0 0 0.022529436 0 1 1 31257.276 4 1.2318057 1.2318057 1.2318057 1.2318057
"I.6.2b.csv"	1	-0.020071174
2 1 1.2318057 0.64394456 0.240001 4.757598 5.629674 0.97502674 1.0758806 0.17865874 4 0 0 0 0.022529436 0 1 1 31257.276 4 1.2318057 1.2318057 1.2318057 1.2318057
"I.6.2b.csv"	12	-0.020071174
2 1 1.2318057 0.64394456 0.240001 4.757598 5.629674 0.97502674 1.0758806 0.17865874 4 0 0 0 0.022529436 0 1 1 31257.276 4 1.2318057 1.2318057 1.2318057 1.2318057
"I.6.2b.csv"	21	-8.4625331e-05
2 1 1.2318057 0.64394456 0.240001 4.757598 5.629674 0.97502674 1.0758806 0.17865874 4 0 0 0 0.022529436 0 1 1 31257.276 4 1.2318057 1.2318057 1.2318057 1.2318057
"I.6.2b.csv"	3	-8.4625331e-05
2 1 1.2318057 0.64394456 0.240001 4.757598 5.629674 0.97502674 1.0758806 0.17865874 4 0 0 0 0.022529436 0 1 1 31257.276 4 1.2318057 1.2318057 1.2318057 1.2318057
"I.6.2b.csv"	1	-8.4625331e-05
2 1 1.2318057 0.64394456 0.240001 4.757598 5.629674 0.97502674 1.0758806 0.17865874 4 0 0 0 0.022529436 0 1 1 31257.276 4 1.2318057 1.2318057 1.2318057 1.2318057
"I.6.2b.csv"	12	-8.4625331e-05
2 1 1.2318057 0.64394456 0.240001 4.757598 5.629674 0.97502674 1.0758806 0.17865874 4 0 0 0 0.022529436 0 1 1 31257.276 4 1.2318057 1.2318057 1.2318057 1.2318057
"I.6.2b.csv"	4	-8.4625331e-05
2 1 1.2318057 0.64394456 0.240001 4.757598 5.629674 0.97502674 1.0758806 0.17865874 4 0 0 0 0.022529436 0 1 1 31257.276 4 1.2318057 1.2318057 1.2318057 1.2318057
"I.6.2b.csv"	2	-8.4625331e-05
2 1 1.2318057 0.64394456 0.240001 4.757598 5.629674 0.97502674 1.0758806 0.17865874 4 0 0 0 0.022529436 0 1 1 31257.276 4 1.2318057 1.2318057 1.2318057 1.2318057
"I.7.9.csv"	4	0.00048560139
2 1 1.4825771 0.19102069 0.725797 2.849137 4.8582442 0.9926358 0.59238203 0.077259156 4 0 0 0 0.093312338 0 1 1 57137 4 1.4825771 1.4825771 1.4825771 1.4825771
"I.7.9.csv"	1	-0.0089037597
2 1 1.4825771 0.19102069 0.725797 2.849137 4.8582442 0.9926358 0.59238203 0.077259156 4 0 0 0 0.093312338 0 1 1 57137 4 1.4825771 1.4825771 1.4825771 1.4825771
"I.7.9.csv"	12	-0.0089037597
2 1 1.4825771 0.19102069 0.725797 2.849137 4.8582442 0.9926358 0.59238203 0.077259156 4 0 0 0 0.093312338 0 1 1 57137 4 1.4825771 1.4825771 1.4825771 1.4825771
"I.7.9.csv"	3	-5.6620648e-05
2 1 1.4825771 0.19102069 0.725797 2.849137 4.8582442 0.9926358 0.59238203 0.077259156 4 0 0 0 0.093312338 0 1 1 57137 4 1.4825771 1.4825771 1.4825771 1.4825771
"I.7.9.csv"	1	-5.6620648e-05
2 1 1.4825771 0.19102069 0.725797 2.849137 4.8582442 0.9926358 0.59238203 0.077259156 4 0 0 0 0.093312338 0 1 1 57137 4 1.4825771 1.4825771 1.4825771 1.4825771
"I.7.9.csv"	12	-5.6620648e-05
2 1 1.4825771 0.19102069 0.725797 2.849137 4.8582442 0.9926358 0.59238203 0.077259156 4 0 0 0 0.093312338 0 1 1 57137 4 1.4825771 1.4825771 1.4825771 1.4825771
"I.7.9.csv"	2	-5.6620648e-05
2 1 1.4825771 0.19102069 0.725797 2.849137 4.8582442 0.9926358 0.59238203 0.077259156 4 0 0 0 0.093312338 0 1 1 57137 4 1.4825771 1.4825771 1.4825771 1.4825771
"I.8.4.csv"	1	-3.5098287
2 1 11.281396 42.583426 0.971998 20 2.9159018 0.93815236 9.2930989 0.76664832 4 0 0 0 0.058189623 1 1 1 362968.62 4 11.281396 11.281396 11.281396 11.281396
"I.8.4.csv"	12	-3.5098287
2 1 11.281396 42.583426 0.971998 20 2.9159018 0.93815236 9.2930989 0.76664832 4 0 0 0 0.058189623 1 1 1 362968.62 4 11.281396 11.281396 11.281396 11.281396
"I.8.4.csv"	21	0.00049523267
2 1 11.281396 42.583426 0.971998 20 2.9159018 0.93815236 9.2930989 0.76664832 4 0 0 0 0.058189623 1 1 1 362968.62 4 11.281396 11.281396 11.281396 11.281396
"I.8.4.csv"	3	-0.010550772
2 1 11.281396 42.583426 0.971998 20 2.9159018 0.93815236 9.2930989 0.76664832 4 0 0 0 0.058189623 1 1 1 362968.62 4 11.281396 11.281396 11.281396 11.281396
"I.8.4.csv"	12	-0.010550772
2 1 11.281396 42.583426 0.971998 20 2.9159018 0.93815236 9.2930989 0.76664832 4 0 0 0 0.058189623 1 1 1 362968.62 4 11.281396 11.281396 11.281396 11.281396
"I.8.4.csv"	4	-0.010550772
2 1 11.281396 42.583426 0.971998 20 2.9159018 0.93815236 9.2930989 0.76664832 4 0 0 0 0.058189623 1 1 1 362968.62 4 11.281396 11.281396 11.281396 11.281396
"I.8.4.csv"	2	-0.010550772
2 1 11.281396 42.583426 0.971998 20 2.9159018 0.93815236 9.2930989 0.76664832 4 0 0 0 0.058189623 1 1 1 362968.62 4 11.281396 11.281396 11.281396 11.281396
"I.8.4.csv"	14	4.7602071e-05
2 1 11.281396 42.583426 0.971998 20 2.9159018 0.93815236 9.2930989 0.76664832 4 0 0 0 0.058189623 1 1 1 362968.62 4 11.281396 11.281396 11.281396 11.281396
"I.8.4.csv"	21	-0.00058763916
2 1 11.281396 42.583426 0.971998 20 2.9159018 0.93815236 9.2930989 0.76664832 4 0 0 0 0.058189623 1 1 1 362968.62 4 11.281396 11.281396 11.281396 11.281396
"I.8.4.csv"	3	0.00018766254
2 1 11.281396 42.583426 0.971998 20 2.9159018 0.93815236 9.2930989 0.76664832 4 0 0 0 0.058189623 1 1 1 362968.62 4 11.281396 11.281396 11.281396 11.281396
"I.8.4.csv"	12	-0.00058763916
2 1 11.281396 42.583426 0.971998 20 2.9159018 0.93815236 9.2930989 0.76664832 4 0 0 0 0.058189623 1 1 1 362968.62 4 11.281396 11.281396 11.281396 11.281396
"I.8.4.csv"	4	-0.00058763916
2 1 11.281396 42.583426 0.971998 20 2.9159018 0.93815236 9.2930989 0.76664832 4 0 0 0 0.058189623 1 1 1 362968.62 4 11.281396 11.281396 11.281396 11.281396
"I.8.4.csv"	2	-0.00058763916
2 1 11.281396 42.583426 0.971998 20 2.9159018 0.93815236 9.2930989 0.76664832 4 0 0 0 0.058189623 1 1 1 362968.62 4 11.281396 11.281396 11.281396 11.281396
"I.8.4.csv"	14	-0.00058763916
2 1 11.281396 42.583426 0.971998 20 2.9159018 0.93815236 9.2930989 0.76664832 4 0 0 0 0.058189623 1 1 1 362968.62 4 11.281396 11.281396 11.281396 11.281396
"I.8.4.csv"	21	-0.00058763916
2 1 11.281396 42.583426 0.971998 20 2.9159018 0.93815236 9.2930989 0.76664832 4 0 0 0 0.058189623 1 1 1 362968.62 4 11.281396 11.281396 11.281396 11.281396
"I.8.4.csv"	3	-0.00058763916
2 1 11.281396 42.583426 0.971998 20 2.9159018 0.93815236 9.2930989 0.76664832 4 0 0 0 0.058189623 1 1 1 362968.62 4 11.281396 11.281396 11.281396 11.281396
"I.8.4.csv"	21	-0.00069810009
2 1 11.281396 42.583426 0.971998 20 2.9159018 0.93815236 9.2930989 0.76664832 4 0 0 0 0.058189623 1 1 1 362968.62 4 11.281396 11.281396 11.281396 11.281396
"I.8.4.csv"	3	-0.00069810009
2 1 11.281396 42.583426 0.971998 20 2.9159018 0.93815236 9.2930989 0.76664832 4 0 0 0 0.058189623 1 1 1 362968.62 4 11.281396 11.281396 11.281396 11.281396
"I.8.4.csv"	12	-0.00069810009
2 1 11.281396 42.583426 0.971998 20 2.9159018 0.93815236 9.2930989 0.76664832 4 0 0 0 0.058189623 1 1 1 362968.62 4 11.281396 11.281396 11.281396 11.281396
"I.8.4.csv"	4	-0.00069810009
2 1 11.281396 42.583426 0.971998 20 2.9159018 0.93815236 9.2930989 0.76664832 4 0 0 0 0.058189623 1 1 1 362968.62 4 11.281396 11.281396 11.281396 11.281396
"I.8.4.csv"	2	-0.00069810009
2 1 11.281396 42.583426 0.971998 20 2.9159018 0.93815236 9.2930989 0.76664832 4 0 0 0 0.058189623 1 1 1 362968.62 4 11.281396 11.281396 11.281396 11.281396
"I.8.4.csv"	21	-0.00067777513
2 1 11.281396 42.583426 0.971998 20 2.9159018 0.93815236 9.2930989 0.76664832 4 0 0 0 0.058189623 1 1 1 362968.62 4 11.281396 11.281396 11.281396 11.281396
"I.8.4.csv"	3	-0.00067777513
2 1 11.281396 42.583426 0.971998 20 2.9159018 0.93815236 9.2930989 0.76664832 4 0 0 0 0.058189623 1 1 1 362968.62 4 11.281396 11.281396 11.281396 11.281396
"I.8.4.csv"	12	-0.00067777513
2 1 11.281396 42.583426 0.971998 20 2.9159018 0.93815236 9.2930989 0.76664832 4 0 0 0 0.058189623 1 1 1 362968.62 4 11.281396 11.281396 11.281396 11.281396
"I.8.4.csv"	4	-0.00067777513
2 1 11.281396 42.583426 0.971998 20 2.9159018 0.93815236 9.2930989 0.76664832 4 0 0 0 0.058189623 1 1 1 362968.62 4 11.281396 11.281396 11.281396 11.281396
"I.8.4.csv"	2	-0.00067777513
2 1 11.281396 42.583426 0.971998 20 2.9159018 0.93815236 9.2930989 0.76664832 4 0 0 0 0.058189623 1 1 1 362968.62 4 11.281396 11.281396 11.281396 11.281396
"I.8.4.csv"	21	-0.00070804025
2 1 11.281396 42.583426 0.971998 20 2.9159018 0.93815236 9.2930989 0.76664832 4 0 0 0 0.058189623 1 1 1 362968.62 4 11.281396 11.281396 11.281396 11.281396
"I.8.4.csv"	3	-0.00070804025
2 1 11.281396 42.583426 0.971998 20 2.9159018 0.93815236 9.2930989 0.76664832 4 0 0 0 0.058189623 1 1 1 362968.62 4 11.281396 11.281396 11.281396 11.281396
"I.8.4.csv"	12	-0.00070804025
2 1 11.281396 42.583426 0.971998 20 2.9159018 0.93815236 9.2930989 0.76664832 4 0 0 0 0.058189623 1 1 1 362968.62 4 11.281396 11.281396 11.281396 11.281396
"I.8.4.csv"	4	-0.00070804025
2 1 11.281396 42.583426 0.971998 20 2.9159018 0.93815236 9.2930989 0.76664832 4 0 0 0 0.058189623 1 1 1 362968.62 4 11.281396 11.281396 11.281396 11.281396
"I.8.4.csv"	2	-0.00070804025
2 1 11.281396 42.583426 0.971998 20 2.9159018 0.93815236 9.2930989 0.76664832 4 0 0 0 0.058189623 1 1 1 362968.62 4 11.281396 11.281396 11.281396 11.281396
"I.8.4.csv"	21	-0.00061630122
2 1 11.281396 42.583426 0.971998 20 2.9159018 0.93815236 9.2930989 0.76664832 4 0 0 0 0.058189623 1 1 1 362968.62 4 11.281396 11.281396 11.281396 11.281396
"I.8.4.csv"	3	-0.00061630122
2 1 11.281396 42.583426 0.971998 20 2.9159018 0.93815236 9.2930989 0.76664832 4 0 0 0 0.058189623 1 1 1 362968.62 4 11.281396 11.281396 11.281396 11.281396
"I.8.4.csv"	12	-0.00061630122
2 1 11.281396 42.583426 0.971998 20 2.9159018 0.93815236 9.2930989 0.76664832 4 0 0 0 0.058189623 1 1 1 362968.62 4 11.281396 11.281396 11.281396 11.281396
"I.8.4.csv"	4	-0.00061630122
2 1 11.281396 42.583426 0.971998 20 2.9159018 0.93815236 9.2930989 0.76664832 4 0 0 0 0.058189623 1 1 1 362968.62 4 11.281396 11.281396 11.281396 11.281396
"I.8.4.csv"	2	-0.00061630122
2 1 11.281396 42.583426 0.971998 20 2.9159018 0.93815236 9.2930989 0.76664832 4 0 0 0 0.058189623 1 1 1 362968.62 4 11.281396 11.281396 11.281396 11.281396
"I.8.4.csv"	14	-0.00055349995
2 1 11.281396 42.583426 0.971998 20 2.9159018 0.93815236 9.2930989 0.76664832 4 0 0 0 0.058189623 1 1 1 362968.62 4 11.281396 11.281396 11.281396 11.281396
"I.8.4.csv"	21	-0.00055349995
2 1 11.281396 42.583426 0.971998 20 2.9159018 0.93815236 9.2930989 0.76664832 4 0 0 0 0.058189623 1 1 1 362968.62 4 11.281396 11.281396 11.281396 11.281396
"I.8.4.csv"	3	-0.00055349995
2 1 11.281396 42.583426 0.971998 20 2.9159018 0.93815236 9.2930989 0.76664832 4 0 0 0 0.058189623 1 1 1 362968.62 4 11.281396 11.281396 11.281396 11.281396
"I.9.5.csv"	19	-0.19815219
3 1 1.8988582 5.867573 0.061226 20 8.2313146 0.89095135 3.028968 0.72544033 6 0 0 0 0.078711525 0 1 1 339112.67 4 1.8988582 1.8988582 1.8988582 1.8988582
"I.9.5.csv"	19	-0.19815219
3 1 1.8988582 5.867573 0.061226 20 8.2313146 0.89095135 3.028968 0.72544033 6 0 0 0 0.078711525 0 1 1 339112.67 4 1.8988582 1.8988582 1.8988582 1.8988582
"I.9.5.csv"	19	-0.19815219
3 1 1.8988582 5.867573 0.061226 20 8.2313146 0.89095135 3.028968 0.72544033 6 0 0 0 0.078711525 0 1 1 339112.67 4 1.8988582 1.8988582 1.8988582 1.8988582
"I.9.5.csv"	19	-0.19815219
3 1 1.8988582 5.867573 0.061226 20 8.2313146 0.89095135 3.028968 0.72544033 6 0 0 0 0.078711525 0 1 1 339112.67 4 1.8988582 1.8988582 1.8988582 1.8988582
"I.9.5.csv"	19	-0.19815219
3 1 1.8988582 5.867573 0.061226 20 8.2313146 0.89095135 3.028968 0.72544033 6 0 0 0 0.078711525 0 1 1 339112.67 4 1.8988582 1.8988582 1.8988582 1.8988582
"I.9.5.csv"	19	-0.19815219
3 1 1.8988582 5.867573 0.061226 20 8.2313146 0.89095135 3.028968 0.72544033 6 0 0 0 0.078711525 0 1 1 339112.67 4 1.8988582 1.8988582 1.8988582 1.8988582
"I.9.5.csv"	19	-0.19815219
3 1 1.8988582 5.867573 0.061226 20 8.2313146 0.89095135 3.028968 0.72544033 6 0 0 0 0.078711525 0 1 1 339112.67 4 1.8988582 1.8988582 1.8988582 1.8988582
"I.9.5.csv"	19	-0.19815219
3 1 1.8988582 5.867573 0.061226 20 8.2313146 0.89095135 3.028968 0.72544033 6 0 0 0 0.078711525 0 1 1 339112.67 4 1.8988582 1.8988582 1.8988582 1.8988582
"I.9.5.csv"	4	-0.19815219
3 1 1.8988582 5.867573 0.061226 20 8.2313146 0.89095135 3.028968 0.72544033 6 0 0 0 0.078711525 0 1 1 339112.67 4 1.8988582 1.8988582 1.8988582 1.8988582
"I.10.7.csv"	1	-0.2515087
2 1 3.7408001 2.8576643 1.052739 9.144822 4.786904 0.98219488 5.171083 6.1758657 4 1 1 1 0.029698609 0 1 1 343122 4 3.7408001 3.7408001 3.7408001 3.7408001
"I.10.7.csv"	12	-0.2515087
2 1 3.7408001 2.8576643 1.052739 9.144822 4.786904 0.98219488 5.171083 6.1758657 4 1 1 1 0.029698609 0 1 1 343122 4 3.7408001 3.7408001 3.7408001 3.7408001
"I.10.7.csv"	14	0.00063106471
2 1 3.7408001 2.8576643 1.052739 9.144822 4.786904 0.98219488 5.171083 6.1758657 4 1 1 1 0.029698609 0 1 1 343122 4 3.7408001 3.7408001 3.7408001 3.7408001
"I.10.7.csv"	4	-0.0019102963
2 1 3.7408001 2.8576643 1.052739 9.144822 4.786904 0.98219488 5.171083 6.1758657 4 1 1 1 0.029698609 0 1 1 343122 4 3.7408001 3.7408001 3.7408001 3.7408001
"I.10.7.csv"	21	-0.0019102963
2 1 3.7408001 2.8576643 1.052739 9.144822 4.786904 0.98219488 5.171083 6.1758657 4 1 1 1 0.029698609 0 1 1 343122 4 3.7408001 3.7408001 3.7408001 3.7408001
"I.10.7.csv"	3	-0.0019102963
2 1 3.7408001 2.8576643 1.052739 9.144822 4.786904 0.98219488 5.171083 6.1758657 4 1 1 1 0.029698609 0 1 1 343122 4 3.7408001 3.7408001 3.7408001 3.7408001
"I.10.7.csv"	1	-0.0019102963
2 1 3.7408001 2.8576643 1.052739 9.144822 4.786904 0.98219488 5.171083 6.1758657 4 1 1 1 0.029698609 0 1 1 343122 4 3.7408001 3.7408001 3.7408001 3.7408001
"I.10.7.csv"	12	-0.0019102963
2 1 3.7408001 2.8576643 1.052739 9.144822 4.786904 0.98219488 5.171083 6.1758657 4 1 1 1 0.029698609 0 1 1 343122 4 3.7408001 3.7408001 3.7408001 3.7408001
"I.10.7.csv"	2	-0.0019102963
2 1 3.7408001 2.8576643 1.052739 9.144822 4.786904 0.98219488 5.171083 6.1758657 4 1 1 1 0.029698609 0 1 1 343122 4 3.7408001 3.7408001 3.7408001 3.7408001
"I.10.7.csv"	14	0.00050957851
2 1 3.7408001 2.8576643 1.052739 9.144822 4.786904 0.98219488 5.171083 6.1758657 4 1 1 1 0.029698609 0 1 1 343122 4 3.7408001 3.7408001 3.7408001 3.7408001
"I.10.7.csv"	4	0.0012841821
2 1 3.7408001 2.8576643 1.052739 9.144822 4.786904 0.98219488 5.171083 6.1758657 4 1 1 1 0.029698609 0 1 1 343122 4 3.7408001 3.7408001 3.7408001 3.7408001
"I.10.7.csv"	21	-0.002021309
2 1 3.7408001 2.8576643 1.052739 9.144822 4.786904 0.98219488 5.171083 6.1758657 4 1 1 1 0.029698609 0 1 1 343122 4 3.7408001 3.7408001 3.7408001 3.7408001
"I.10.7.csv"	3	-0.002021309
2 1 3.7408001 2.8576643 1.052739 9.144822 4.786904 0.98219488 5.171083 6.1758657 4 1 1 1 0.029698609 0 1 1 343122 4 3.7408001 3.7408001 3.7408001 3.7408001
"I.10.7.csv"	1	-0.002021309
2 1 3.7408001 2.8576643 1.052739 9.144822 4.786904 0.98219488 5.171083 6.1758657 4 1 1 1 0.029698609 0 1 1 343122 4 3.7408001 3.7408001 3.7408001 3.7408001
"I.10.7.csv"	12	-0.002021309
2 1 3.7408001 2.8576643 1.052739 9.144822 4.786904 0.98219488 5.171083 6.1758657 4 1 1 1 0.029698609 0 1 1 343122 4 3.7408001 3.7408001 3.7408001 3.7408001
"I.10.7.csv"	2	-0.002021309
2 1 3.7408001 2.8576643 1.052739 9.144822 4.786904 0.98219488 5.171083 6.1758657 4 1 1 1 0.029698609 0 1 1 343122 4 3.7408001 3.7408001 3.7408001 3.7408001
"I.10.7.csv"	14	0.00031288676
2 1 3.7408001 2.8576643 1.052739 9.144822 4.786904 0.98219488 5.171083 6.1758657 4 1 1 1 0.029698609 0 1 1 343122 4 3.7408001 3.7408001 3.7408001 3.7408001
"I.10.7.csv"	4	0.0010153191
2 1 3.7408001 2.8576643 1.052739 9.144822 4.786904 0.98219488 5.171083 6.1758657 4 1 1 1 0.029698609 0 1 1 343122 4 3.7408001 3.7408001 3.7408001 3.7408001
"I.10.7.csv"	21	0.00099021884
2 1 3.7408001 2.8576643 1.052739 9.144822 4.786904 0.98219488 5.171083 6.1758657 4 1 1 1 0.029698609 0 1 1 343122 4 3.7408001 3.7408001 3.7408001 3.7408001
"I.10.7.csv"	3	0.0016022702
2 1 3.7408001 2.8576643 1.052739 9.144822 4.786904 0.98219488 5.171083 6.1758657 4 1 1 1 0.029698609 0 1 1 343122 4 3.7408001 3.7408001 3.7408001 3.7408001
"I.10.7.csv"	1	-0.0022014099
2 1 3.7408001 2.8576643 1.052739 9.144822 4.786904 0.98219488 5.171083 6.1758657 4 1 1 1 0.029698609 0 1 1 343122 4 3.7408001 3.7408001 3.7408001 3.7408001
"I.10.7.csv"	12	-0.0022014099
2 1 3.7408001 2.8576643 1.052739 9.144822 4.786904 0.98219488 5.171083 6.1758657 4 1 1 1 0.029698609 0 1 1 343122 4 3.7408001 3.7408001 3.7408001 3.7408001
"I.10.7.csv"	2	0.0012173323
2 1 3.7408001 2.8576643 1.052739 9.144822 4.786904 0.98219488 5.171083 6.1758657 4 1 1 1 0.029698609 0 1 1 343122 4 3.7408001 3.7408001 3.7408001 3.7408001
"I.10.7.csv"	14	6.8296283e-05
2 1 3.7408001 2.8576643 1.052739 9.144822 4.786904 0.98219488 5.171083 6.1758657 4 1 1 1 0.029698609 0 1 1 343122 4 3.7408001 3.7408001 3.7408001 3.7408001
"I.10.7.csv"	4	0.00092650987
2 1 3.7408001 2.8576643 1.052739 9.144822 4.786904 0.98219488 5.171083 6.1758657 4 1 1 1 0.029698609 0 1 1 343122 4 3.7408001 3.7408001 3.7408001 3.7408001
"I.10.7.csv"	21	0.00075773114
2 1 3.7408001 2.8576643 1.052739 9.144822 4.786904 0.98219488 5.171083 6.1758657 4 1 1 1 0.029698609 0 1 1 343122 4 3.7408001 3.7408001 3.7408001 3.7408001
"I.10.7.csv"	3	0.001210842
2 1 3.7408001 2.8576643 1.052739 9.144822 4.786904 0.98219488 5.171083 6.1758657 4 1 1 1 0.029698609 0 1 1 343122 4 3.7408001 3.7408001 3.7408001 3.7408001
"I.10.7.csv"	1	0.0017259751
2 1 3.7408001 2.8576643 1.052739 9.144822 4.786904 0.98219488 5.171083 6.1758657 4 1 1 1 0.029698609 0 1 1 343122 4 3.7408001 3.7408001 3.7408001 3.7408001
"I.10.7.csv"	12	-0.0024312238
2 1 3.7408001 2.8576643 1.052739 9.144822 4.786904 0.98219488 5.171083 6.1758657 4 1 1 1 0.029698609 0 1 1 343122 4 3.7408001 3.7408001 3.7408001 3.7408001
"I.10.7.csv"	2	0.00071025288
2 1 3.7408001 2.8576643 1.052739 9.144822 4.786904 0.98219488 5.171083 6.1758657 4 1 1 1 0.029698609 0 1 1 343122 4 3.7408001 3.7408001 3.7408001 3.7408001
"I.10.7.csv"	4	-0.0024994837
2 1 3.7408001 2.8576643 1.052739 9.144822 4.786904 0.98219488 5.171083 6.1758657 4 1 1 1 0.029698609 0 1 1 343122 4 3.7408001 3.7408001 3.7408001 3.7408001
"I.10.7.csv"	21	-0.0024994837
2 1 3.7408001 2.8576643 1.052739 9.144822 4.786904 0.98219488 5.171083 6.1758657 4 1 1 1 0.029698609 0 1 1 343122 4 3.7408001 3.7408001 3.7408001 3.7408001
"I.10.7.csv"	3	0.00065953509
2 1 3.7408001 2.8576643 1.052739 9.144822 4.786904 0.98219488 5.171083 6.1758657 4 1 1 1 0.029698609 0 1 1 343122 4 3.7408001 3.7408001 3.7408001 3.7408001
"I.10.7.csv"	1	-0.0024994837
2 1 3.7408001 2.8576643 1.052739 9.144822 4.786904 0.98219488 5.171083 6.1758657 4 1 1 1 0.029698609 0 1 1 343122 4 3.7408001 3.7408001 3.7408001 3.7408001
"I.10.7.csv"	12	-0.0024994837
2 1 3.7408001 2.8576643 1.052739 9.144822 4.786904 0.98219488 5.171083 6.1758657 4 1 1 1 0.029698609 0 1 1 343122 4 3.7408001 3.7408001 3.7408001 3.7408001
"I.10.7.csv"	2	-0.0024994837
2 1 3.7408001 2.8576643 1.052739 9.144822 4.786904 0.98219488 5.171083 6.1758657 4 1 1 1 0.029698609 0 1 1 343122 4 3.7408001 3.7408001 3.7408001 3.7408001
"I.12.5.csv"	3	0.0022494476
3 1 -3.8258356 10.970553 -17.623711 -0.351071 5.2148816 0.96862097 2.0693854 0.58151781 6 0 0 0 0.10751394 0 1 0 71739.488 4 -3.8258356 -3.8258356 -3.8258356 -3.8258356
"I.12.5.csv"	1	-0.48097599
3 1 -3.8258356 10.970553 -17.623711 -0.351071 5.2148816 0.96862097 2.0693854 0.58151781 6 0 0 0 0.10751394 0 1 0 71739.488 4 -3.8258356 -3.8258356 -3.8258356 -3.8258356
"I.12.5.csv"	12	-0.48097599
3 1 -3.8258356 10.970553 -17.623711 -0.351071 5.2148816 0.96862097 2.0693854 0.58151781 6 0 0 0 0.10751394 0 1 0 71739.488 4 -3.8258356 -3.8258356 -3.8258356 -3.8258356
"I.12.5.csv"	14	-0.0020658503
3 1 -3.8258356 10.970553 -17.623711 -0.351071 5.2148816 0.96862097 2.0693854 0.58151781 6 0 0 0 0.10751394 0 1 0 71739.488 4 -3.8258356 -3.8258356 -3.8258356 -3.8258356
"I.12.5.csv"	21	-0.0020658503
3 1 -3.8258356 10.970553 -17.623711 -0.351071 5.2148816 0.96862097 2.0693854 0.58151781 6 0 0 0 0.10751394 0 1 0 71739.488 4 -3.8258356 -3.8258356 -3.8258356 -3.8258356
"I.12.5.csv"	3	-0.0020658503
3 1 -3.8258356 10.970553 -17.623711 -0.351071 5.2148816 0.96862097 2.0693854 0.58151781 6 0 0 0 0.10751394 0 1 0 71739.488 4 -3.8258356 -3.8258356 -3.8258356 -3.8258356
"I.12.5.csv"	1	-0.0020658503
3 1 -3.8258356 10.970553 -17.623711 -0.351071 5.2148816 0.96862097 2.0693854 0.58151781 6 0 0 0 0.10751394 0 1 0 71739.488 4 -3.8258356 -3.8258356 -3.8258356 -3.8258356
"I.12.5.csv"	12	-0.0020658503
3 1 -3.8258356 10.970553 -17.623711 -0.351071 5.2148816 0.96862097 2.0693854 0.58151781 6 0 0 0 0.10751394 0 1 0 71739.488 4 -3.8258356 -3.8258356 -3.8258356 -3.8258356
"I.12.5.csv"	2	-0.0020658503
3 1 -3.8258356 10.970553 -17.623711 -0.351071 5.2148816 0.96862097 2.0693854 0.58151781 6 0 0 0 0.10751394 0 1 0 71739.488 4 -3.8258356 -3.8258356 -3.8258356 -3.8258356
"I.12.5.csv"	17	-0.0020658503
3 1 -3.8258356 10.970553 -17.623711 -0.351071 5.2148816 0.96862097 2.0693854 0.58151781 6 0 0 0 0.10751394 0 1 0 71739.488 4 -3.8258356 -3.8258356 -3.8258356 -3.8258356
"I.12.5.csv"	17	-0.0020658503
3 1 -3.8258356 10.970553 -17.623711 -0.351071 5.2148816 0.96862097 2.0693854 0.58151781 6 0 0 0 0.10751394 0 1 0 71739.488 4 -3.8258356 -3.8258356 -3.8258356 -3.8258356
"I.12.5.csv"	19	-0.0020658503
3 1 -3.8258356 10.970553 -17.623711 -0.351071 5.2148816 0.96862097 2.0693854 0.58151781 6 0 0 0 0.10751394 0 1 0 71739.488 4 -3.8258356 -3.8258356 -3.8258356 -3.8258356
"I.12.5.csv"	19	-0.0020658503
3 1 -3.8258356 10.970553 -17.623711 -0.351071 5.2148816 0.96862097 2.0693854 0.58151781 6 0 0 0 0.10751394 0 1 0 71739.488 4 -3.8258356 -3.8258356 -3.8258356 -3.8258356
"I.12.5.csv"	19	-0.0020658503
3 1 -3.8258356 10.970553 -17.623711 -0.351071 5.2148816 0.96862097 2.0693854 0.58151781 6 0 0 0 0.10751394 0 1 0 71739.488 4 -3.8258356 -3.8258356 -3.8258356 -3.8258356
"I.12.5.csv"	4	-0.0065356022
3 1 -3.8258356 10.970553 -17.623711 -0.351071 5.2148816 0.96862097 2.0693854 0.58151781 6 0 0 0 0.10751394 0 1 0 71739.488 4 -3.8258356 -3.8258356 -3.8258356 -3.8258356
"I.12.5.csv"	3	-0.0065356022
3 1 -3.8258356 10.970553 -17.623711 -0.351071 5.2148816 0.96862097 2.0693854 0.58151781 6 0 0 0 0.10751394 0 1 0 71739.488 4 -3.8258356 -3.8258356 -3.8258356 -3.8258356
"I.12.5.csv"	1	-0.0065356022
3 1 -3.8258356 10.970553 -17.623711 -0.351071 5.2148816 0.96862097 2.0693854 0.58151781 6 0 0 0 0.10751394 0 1 0 71739.488 4 -3.8258356 -3.8258356 -3.8258356 -3.8258356
"I.12.5.csv"	2	-0.0065356022
3 1 -3.8258356 10.970553 -17.623711 -0.351071 5.2148816 0.96862097 2.0693854 0.58151781 6 0 0 0 0.10751394 0 1 0 71739.488 4 -3.8258356 -3.8258356 -3.8258356 -3.8258356
"I.12.5.csv"	17	-0.0065356022
3 1 -3.8258356 10.970553 -17.623711 -0.351071 5.2148816 0.96862097 2.0693854 0.58151781 6 0 0 0 0.10751394 0 1 0 71739.488 4 -3.8258356 -3.8258356 -3.8258356 -3.8258356
"I.12.5.csv"	19	-0.0065356022
3 1 -3.8258356 10.970553 -17.623711 -0.351071 5.2148816 0.96862097 2.0693854 0.58151781 6 0 0 0 0.10751394 0 1 0 71739.488 4 -3.8258356 -3.8258356 -3.8258356 -3.8258356
"I.12.5.csv"	19	-0.0065356022
3 1 -3.8258356 10.970553 -17.623711 -0.351071 5.2148816 0.96862097 2.0693854 0.58151781 6 0 0 0 0.10751394 0 1 0 71739.488 4 -3.8258356 -3.8258356 -3.8258356 -3.8258356
"I.12.5.csv"	19	-0.0065356022
3 1 -3.8258356 10.970553 -17.623711 -0.351071 5.2148816 0.96862097 2.0693854 0.58151781 6 0 0 0 0.10751394 0 1 0 71739.488 4 -3.8258356 -3.8258356 -3.8258356 -3.8258356
"I.12.5.csv"	4	-0.0062997204
3 1 -3.8258356 10.970553 -17.623711 -0.351071 5.2148816 0.96862097 2.0693854 0.58151781 6 0 0 0 0.10751394 0 1 0 71739.488 4 -3.8258356 -3.8258356 -3.8258356 -3.8258356
"I.12.5.csv"	21	-0.0062997204
3 1 -3.8258356 10.970553 -17.623711 -0.351071 5.2148816 0.96862097 2.0693854 0.58151781 6 0 0 0 0.10751394 0 1 0 71739.488 4 -3.8258356 -3.8258356 -3.8258356 -3.8258356
"I.12.5.csv"	3	-0.0062997204
3 1 -3.8258356 10.970553 -17.623711 -0.351071 5.2148816 0.96862097 2.0693854 0.58151781 6 0 0 0 0.10751394 0 1 0 71739.488 4 -3.8258356 -3.8258356 -3.8258356 -3.8258356
"I.12.5.csv"	1	-0.0062997204
3 1 -3.8258356 10.970553 -17.623711 -0.351071 5.2148816 0.96862097 2.0693854 0.58151781 6 0 0 0 0.10751394 0 1 0 71739.488 4 -3.8258356 -3.8258356 -3.8258356 -3.8258356
"I.12.5.csv"	12	-0.0062997204
3 1 -3.8258356 10.970553 -17.623711 -0.351071 5.2148816 0.96862097 2.0693854 0.58151781 6 0 0 0 0.10751394 0 1 0 71739.488 4 -3.8258356 -3.8258356 -3.8258356 -3.8258356
"I.12.5.csv"	2	-0.0062997204
3 1 -3.8258356 10.970553 -17.623711 -0.351071 5.2148816 0.96862097 2.0693854 0.58151781 6 0 0 0 0.10751394 0 1 0 71739.488 4 -3.8258356 -3.8258356 -3.8258356 -3.8258356
"I.12.5.csv"	19	-0.0062997204
3 1 -3.8258356 10.970553 -17.623711 -0.351071 5.2148816 0.96862097 2.0693854 0.58151781 6 0 0 0 0.10751394 0 1 0 71739.488 4 -3.8258356 -3.8258356 -3.8258356 -3.8258356
"I.12.5.csv"	19	-0.0062997204
3 1 -3.8258356 10.970553 -17.623711 -0.351071 5.2148816 0.96862097 2.0693854 0.58151781 6 0 0 0 0.10751394 0 1 0 71739.488 4 -3.8258356 -3.8258356 -3.8258356 -3.8258356
"I.12.5.csv"	19	-0.0062997204
3 1 -3.8258356 10.970553 -17.623711 -0.351071 5.2148816 0.96862097 2.0693854 0.58151781 6 0 0 0 0.10751394 0 1 0 71739.488 4 -3.8258356 -3.8258356 -3.8258356 -3.8258356
"I.12.5.csv"	4	-0.001681967
3 1 -3.8258356 10.970553 -17.623711 -0.351071 5.2148816 0.96862097 2.0693854 0.58151781 6 0 0 0 0.10751394 0 1 0 71739.488 4 -3.8258356 -3.8258356 -3.8258356 -3.8258356
"I.12.5.csv"	3	-0.001681967
3 1 -3.8258356 10.970553 -17.623711 -0.351071 5.2148816 0.96862097 2.0693854 0.58151781 6 0 0 0 0.10751394 0 1 0 71739.488 4 -3.8258356 -3.8258356 -3.8258356 -3.8258356
"I.12.5.csv"	1	-0.001681967
3 1 -3.8258356 10.970553 -17.623711 -0.351071 5.2148816 0.96862097 2.0693854 0.58151781 6 0 0 0 0.10751394 0 1 0 71739.488 4 -3.8258356 -3.8258356 -3.8258356 -3.8258356
"I.12.5.csv"	2	-0.001681967
3 1 -3.8258356 10.970553 -17.623711 -0.351071 5.2148816 0.96862097 2.0693854 0.58151781 6 0 0 0 0.10751394 0 1 0 71739.488 4 -3.8258356 -3.8258356 -3.8258356 -3.8258356
"I.12.5.csv"	4	-0.001681967
3 1 -3.8258356 10.970553 -17.623711 -0.351071 5.2148816 0.96862097 2.0693854 0.58151781 6 0 0 0 0.10751394 0 1 0 71739.488 4 -3.8258356 -3.8258356 -3.8258356 -3.8258356
"I.13.12.csv"	14	-198.6034
2 1 16.446919 30.836773 1.025948 20 3.4168477 0.88875518 15.856198 1.4637444 5 0 0 0 0.15007262 1 1 1 4236411.7 4 16.446919 16.446919 16.446919 16.446919
"I.13.12.csv"	17	-198.6034
2 1 16.446919 30.836773 1.025948 20 3.4168477 0.88875518 15.856198 1.4637444 5 0 0 0 0.15007262 1 1 1 4236411.7 4 16.446919 16.446919 16.446919 16.446919
"I.13.12.csv"	17	-198.6034
2 1 16.446919 30.836773 1.025948 20 3.4168477 0.88875518 15.856198 1.4637444 5 0 0 0 0.15007262 1 1 1 4236411.7 4 16.446919 16.446919 16.446919 16.446919
"I.13.12.csv"	3	-198.6034
2 1 16.446919 30.836773 1.025948 20 3.4168477 0.88875518 15.856198 1.4637444 5 0 0 0 0.15007262 1 1 1 4236411.7 4 16.446919 16.446919 16.446919 16.446919
"I.13.12.csv"	1	-198.6034
2 1 16.446919 30.836773 1.025948 20 3.4168477 0.88875518 15.856198 1.4637444 5 0 0 0 0.15007262 1 1 1 4236411.7 4 16.446919 16.446919 16.446919 16.446919
"I.13.12.csv"	12	-198.6034
2 1 16.446919 30.836773 1.025948 20 3.4168477 0.88875518 15.856198 1.4637444 5 0 0 0 0.15007262 1 1 1 4236411.7 4 16.446919 16.446919 16.446919 16.446919
"I.13.12.csv"	14	-0.77660794
2 1 16.446919 30.836773 1.025948 20 3.4168477 0.88875518 15.856198 1.4637444 5 0 0 0 0.15007262 1 1 1 4236411.7 4 16.446919 16.446919 16.446919 16.446919
"I.13.12.csv"	21	-0.77660794
2 1 16.446919 30.836773 1.025948 20 3.4168477 0.88875518 15.856198 1.4637444 5 0 0 0 0.15007262 1 1 1 4236411.7 4 16.446919 16.446919 16.446919 16.446919
"I.13.12.csv"	12	-0.77660794
2 1 16.446919 30.836773 1.025948 20 3.4168477 0.88875518 15.856198 1.4637444 5 0 0 0 0.15007262 1 1 1 4236411.7 4 16.446919 16.446919 16.446919 16.446919
"I.13.12.csv"	4	-0.77660794
2 1 16.446919 30.836773 1.025948 20 3.4168477 0.88875518 15.856198 1.4637444 5 0 0 0 0.15007262 1 1 1 4236411.7 4 16.446919 16.446919 16.446919 16.446919
"I.13.12.csv"	3	-0.77660794
2 1 16.446919 30.836773 1.025948 20 3.4168477 0.88875518 15.856198 1.4637444 5 0 0 0 0.15007262 1 1 1 4236411.7 4 16.446919 16.446919 16.446919 16.446919
"I.8.4.csv"	1	-3.5098287
2 1 11.281396 42.583426 0.971998 20 2.9159018 0.93815236 9.2930989 0.76664832 4 0 0 0 0.058189623 1 1 1 362968.62 4 11.281396 11.281396 11.281396 11.281396
"I.8.4.csv"	12	-3.5098287
2 1 11.281396 42.583426 0.971998 20 2.9159018 0.93815236 9.2930989 0.76664832 4 0 0 0 0.058189623 1 1 1 362968.62 4 11.281396 11.281396 11.281396 11.281396
"I.8.4.csv"	21	-0.0067179637
2 1 11.281396 42.583426 0.971998 20 2.9159018 0.93815236 9.2930989 0.76664832 4 0 0 0 0.058189623 1 1 1 362968.62 4 11.281396 11.281396 11.281396 11.281396
"I.8.4.csv"	3	-0.0067179637
2 1 11.281396 42.583426 0.971998 20 2.9159018 0.93815236 9.2930989 0.76664832 4 0 0 0 0.058189623 1 1 1 362968.62 4 11.281396 11.281396 11.281396 11.281396
"I.8.4.csv"	12	-0.0067179637
2 1 11.281396 42.583426 0.971998 20 2.9159018 0.93815236 9.2930989 0.76664832 4 0 0 0 0.058189623 1 1 1 362968.62 4 11.281396 11.281396 11.281396 11.281396
"I.8.4.csv"	4	-0.0067179637
2 1 11.281396 42.583426 0.971998 20 2.9159018 0.93815236 9.2930989 0.76664832 4 0 0 0 0.058189623 1 1 1 362968.62 4 11.281396 11.281396 11.281396 11.281396
"I.8.4.csv"	2	-0.0067179637
2 1 11.281396 42.583426 0.971998 20 2.9159018 0.93815236 9.2930989 0.76664832 4 0 0 0 0.058189623 1 1 1 362968.62 4 11.281396 11.281396 11.281396 11.281396
"I.8.4.csv"	21	-0.00095963888
2 1 11.281396 42.583426 0.971998 20 2.9159018 0.93815236 9.2930989 0.76664832 4 0 0 0 0.058189623 1 1 1 362968.62 4 11.281396 11.281396 11.281396 11.281396
"I.8.4.csv"	3	-0.00095963888
2 1 11.281396 42.583426 0.971998 20 2.9159018 0.93815236 9.2930989 0.76664832 4 0 0 0 0.058189623 1 1 1 362968.62 4 11.281396 11.281396 11.281396 11.281396
"I.8.4.csv"	12	-0.00095963888
2 1 11.281396 42.583426 0.971998 20 2.9159018 0.93815236 9.2930989 0.76664832 4 0 0 0 0.058189623 1 1 1 362968.62 4 11.281396 11.281396 11.281396 11.281396
"I.8.4.csv"	4	-0.00095963888
2 1 11.281396 42.583426 0.971998 20 2.9159018 0.93815236 9.2930989 0.76664832 4 0 0 0 0.058189623 1 1 1 362968.62 4 11.281396 11.281396 11.281396 11.281396
"I.8.4.csv"	2	-0.00095963888
2 1 11.281396 42.583426 0.971998 20 2.9159018 0.93815236 9.2930989 0.76664832 4 0 0 0 0.058189623 1 1 1 362968.62 4 11.281396 11.281396 11.281396 11.281396
"I.8.4.csv"	21	-0.00075858677
2 1 11.281396 42.583426 0.971998 20 2.9159018 0.93815236 9.2930989 0.76664832 4 0 0 0 0.058189623 1 1 1 362968.62 4 11.281396 11.281396 11.281396 11.281396
"I.8.4.csv"	3	-0.00075858677
2 1 11.281396 42.583426 0.971998 20 2.9159018 0.93815236 9.2930989 0.76664832 4 0 0 0 0.058189623 1 1 1 362968.62 4 11.281396 11.281396 11.281396 11.281396
"I.9.5.csv"	18	-0.19815219
3 1 1.8988582 5.867573 0.061226 20 8.2313146 0.89095135 3.028968 0.72544033 6 0 0 0 0.078711525 0 1 1 339112.67 4 1.8988582 1.8988582 1.8988582 1.8988582
"I.9.5.csv"	21	-0.19815219
3 1 1.8988582 5.867573 0.061226 20 8.2313146 0.89095135 3.028968 0.72544033 6 0 0 0 0.078711525 0 1 1 339112.67 4 1.8988582 1.8988582 1.8988582 1.8988582
"I.9.5.csv"	4	-0.19815219
3 1 1.8988582 5.867573 0.061226 20 8.2313146 0.89095135 3.028968 0.72544033 6 0 0 0 0.078711525 0 1 1 339112.67 4 1.8988582 1.8988582 1.8988582 1.8988582
"I.9.5.csv"	3	-0.19815219
3 1 1.8988582 5.867573 0.061226 20 8.2313146 0.89095135 3.028968 0.72544033 6 0 0 0 0.078711525 0 1 1 339112.67 4 1.8988582 1.8988582 1.8988582 1.8988582
"I.9.5.csv"	1	-0.19815219
3 1 1.8988582 5.867573 0.061226 20 8.2313146 0.89095135 3.028968 0.72544033 6 0 0 0 0.078711525 0 1 1 339112.67 4 1.8988582 1.8988582 1.8988582 1.8988582
"I.9.5.csv"	19	-0.19815219
3 1 1.8988582 5.867573 0.061226 20 8.2313146 0.89095135 3.028968 0.72544033 6 0 0 0 0.078711525 0 1 1 339112.67 4 1.8988582 1.8988582 1.8988582 1.8988582
"I.9.5.csv"	19	-0.19815219
3 1 1.8988582 5.867573 0.061226 20 8.2313146 0.89095135 3.028968 0.72544033 6 0 0 0 0.078711525 0 1 1 339112.67 4 1.8988582 1.8988582 1.8988582 1.8988582
"I.9.5.csv"	19	-0.19815219
3 1 1.8988582 5.867573 0.061226 20 8.2313146 0.89095135 3.028968 0.72544033 6 0 0 0 0.078711525 0 1 1 339112.67 4 1.8988582 1.8988582 1.8988582 1.8988582
"I.9.5.csv"	19	-0.19815219
3 1 1.8988582 5.867573 0.061226 20 8.2313146 0.89095135 3.028968 0.72544033 6 0 0 0 0.078711525 0 1 1 339112.67 4 1.8988582 1.8988582 1.8988582 1.8988582
"I.9.5.csv"	19	-0.19815219
3 1 1.8988582 5.867573 0.061226 20 8.2313146 0.89095135 3.028968 0.72544033 6 0 0 0 0.078711525 0 1 1 339112.67 4 1.8988582 1.8988582 1.8988582 1.8988582
"I.9.5.csv"	19	-0.19815219
3 1 1.8988582 5.867573 0.061226 20 8.2313146 0.89095135 3.028968 0.72544033 6 0 0 0 0.078711525 0 1 1 339112.67 4 1.8988582 1.8988582 1.8988582 1.8988582
"I.10.7.csv"	1	-0.2515087
2 1 3.7408001 2.8576643 1.052739 9.144822 4.786904 0.98219488 5.171083 6.1758657 4 1 1 1 0.029698609 0 1 1 343122 4 3.7408001 3.7408001 3.7408001 3.7408001
"I.10.7.csv"	12	-0.2515087
2 1 3.7408001 2.8576643 1.052739 9.144822 4.786904 0.98219488 5.171083 6.1758657 4 1 1 1 0.029698609 0 1 1 343122 4 3.7408001 3.7408001 3.7408001 3.7408001
"I.10.7.csv"	3	-0.002360316
2 1 3.7408001 2.8576643 1.052739 9.144822 4.786904 0.98219488 5.171083 6.1758657 4 1 1 1 0.029698609 0 1 1 343122 4 3.7408001 3.7408001 3.7408001 3.7408001
"I.10.7.csv"	1	-0.002360316
2 1 3.7408001 2.8576643 1.052739 9.144822 4.786904 0.98219488 5.171083 6.1758657 4 1 1 1 0.029698609 0 1 1 343122 4 3.7408001 3.7408001 3.7408001 3.7408001
"I.10.7.csv"	4	0.0016078333
2 1 3.7408001 2.8576643 1.052739 9.144822 4.786904 0.98219488 5.171083 6.1758657 4 1 1 1 0.029698609 0 1 1 343122 4 3.7408001 3.7408001 3.7408001 3.7408001
"I.10.7.csv"	2	-0.002360316
2 1 3.7408001 2.8576643 1.052739 9.144822 4.786904 0.98219488 5.171083 6.1758657 4 1 1 1 0.029698609 0 1 1 343122 4 3.7408001 3.7408001 3.7408001 3.7408001
"I.10.7.csv"	3	-0.0024469217
2 1 3.7408001 2.8576643 1.052739 9.144822 4.786904 0.98219488 5.171083 6.1758657 4 1 1 1 0.029698609 0 1 1 343122 4 3.7408001 3.7408001 3.7408001 3.7408001
"I.10.7.csv"	1	-0.0024469217
2 1 3.7408001 2.8576643 1.052739 9.144822 4.786904 0.98219488 5.171083 6.1758657 4 1 1 1 0.029698609 0 1 1 343122 4 3.7408001 3.7408001 3.7408001 3.7408001
"I.10.7.csv"	4	-0.0024469217
2 1 3.7408001 2.8576643 1.052739 9.144822 4.786904 0.98219488 5.171083 6.1758657 4 1 1 1 0.029698609 0 1 1 343122 4 3.7408001 3.7408001 3.7408001 3.7408001
"I.10.7.csv"	2	-0.0024469217
2 1 3.7408001 2.8576643 1.052739 9.144822 4.786904 0.98219488 5.171083 6.1758657 4 1 1 1 0.029698609 0 1 1 343122 4 3.7408001 3.7408001 3.7408001 3.7408001
"I.10.7.csv"	3	-0.0025375518
2 1 3.7408001 2.8576643 1.052739 9.144822 4.786904 0.98219488 5.171083 6.1758657 4 1 1 1 0.029698609 0 1 1 343122 4 3.7408001 3.7408001 3.7408001 3.7408001
"I.10.7.csv"	1	-0.0025375518
2 1 3.7408001 2.8576643 1.052739 9.144822 4.786904 0.98219488 5.171083 6.1758657 4 1 1 1 0.029698609 0 1 1 343122 4 3.7408001 3.7408001 3.7408001 3.7408001
"I.10.7.csv"	4	0.0016598839
2 1 3.7408001 2.8576643 1.052739 9.144822 4.786904 0.98219488 5.171083 6.1758657 4 1 1 1 0.029698609 0 1 1 343122 4 3.7408001 3.7408001 3.7408001 3.7408001
"I.10.7.csv"	2	-0.0025375518
2 1 3.7408001 2.8576643 1.052739 9.144822 4.786904 0.98219488 5.171083 6.1758657 4 1 1 1 0.029698609 0 1 1 343122 4 3.7408001 3.7408001 3.7408001 3.7408001
"I.10.7.csv"	3	-0.0026333914
2 1 3.7408001 2.8576643 1.052739 9.144822 4.786904 0.98219488 5.171083 6.1758657 4 1 1 1 0.029698609 0 1 1 343122 4 3.7408001 3.7408001 3.7408001 3.7408001
"I.10.7.csv"	1	-0.0026333914
2 1 3.7408001 2.8576643 1.052739 9.144822 4.786904 0.98219488 5.171083 6.1758657 4 1 1 1 0.029698609 0 1 1 343122 4 3.7408001 3.7408001 3.7408001 3.7408001
"I.10.7.csv"	4	-0.0026333914
2 1 3.7408001 2.8576643 1.052739 9.144822 4.786904 0.98219488 5.171083 6.1758657 4 1 1 1 0.029698609 0 1 1 343122 4 3.7408001 3.7408001 3.7408001 3.7408001
"I.10.7.csv"	2	-0.0026333914
2 1 3.7408001 2.8576643 1.052739 9.144822 4.786904 0.98219488 5.171083 6.1758657 4 1 1 1 0.029698609 0 1 1 343122 4 3.7408001 3.7408001 3.7408001 3.7408001
"I.10.7.csv"	3	-0.0027324972
2 1 3.7408001 2.8576643 1.052739 9.144822 4.786904 0.98219488 5.171083 6.1758657 4 1 1 1 0.029698609 0 1 1 343122 4 3.7408001 3.7408001 3.7408001 3.7408001
"I.10.7.csv"	1	-0.0027324972
2 1 3.7408001 2.8576643 1.052739 9.144822 4.786904 0.98219488 5.171083 6.1758657 4 1 1 1 0.029698609 0 1 1 343122 4 3.7408001 3.7408001 3.7408001 3.7408001
"I.10.7.csv"	4	0.0014577534
2 1 3.7408001 2.8576643 1.052739 9.144822 4.786904 0.98219488 5.171083 6.1758657 4 1 1 1 0.029698609 0 1 1 343122 4 3.7408001 3.7408001 3.7408001 3.7408001
"I.10.7.csv"	2	-0.0027324972
2 1 3.7408001 2.8576643 1.052739 9.144822 4.786904 0.98219488 5.171083 6.1758657 4 1 1 1 0.029698609 0 1 1 343122 4 3.7408001 3.7408001 3.7408001 3.7408001
"I.10.7.csv"	3	-0.0031711174
2 1 3.7408001 2.8576643 1.052739 9.144822 4.786904 0.98219488 5.171083 6.1758657 4 1 1 1 0.029698609 0 1 1 343122 4 3.7408001 3.7408001 3.7408001 3.7408001
"I.10.7.csv"	1	-0.0031711174
2 1 3.7408001 2.8576643 1.052739 9.144822 4.786904 0.98219488 5.171083 6.1758657 4 1 1 1 0.029698609 0 1 1 343122 4 3.7408001 3.7408001 3.7408001 3.7408001
"I.10.7.csv"	2	-0.0031711174
2 1 3.7408001 2.8576643 1.052739 9.144822 4.786904 0.98219488 5.171083 6.1758657 4 1 1 1 0.029698609 0 1 1 343122 4 3.7408001 3.7408001 3.7408001 3.7408001
"I.10.7.csv"	21	-0.0028948295
2 1 3.7408001 2.8576643 1.052739 9.144822 4.786904 0.98219488 5.171083 6.1758657 4 1 1 1 0.029698609 0 1 1 343122 4 3.7408001 3.7408001 3.7408001 3.7408001
"I.10.7.csv"	3	-0.0028948295
2 1 3.7408001 2.8576643 1.052739 9.144822 4.786904 0.98219488 5.171083 6.1758657 4 1 1 1 0.029698609 0 1 1 343122 4 3.7408001 3.7408001 3.7408001 3.7408001
"I.10.7.csv"	12	-0.0028948295
2 1 3.7408001 2.8576643 1.052739 9.144822 4.786904 0.98219488 5.171083 6.1758657 4 1 1 1 0.029698609 0 1 1 343122 4 3.7408001 3.7408001 3.7408001 3.7408001
"I.10.7.csv"	4	0.0017059907
2 1 3.7408001 2.8576643 1.052739 9.144822 4.786904 0.98219488 5.171083 6.1758657 4 1 1 1 0.029698609 0 1 1 343122 4 3.7408001 3.7408001 3.7408001 3.7408001
"I.10.7.csv"	2	-0.0028948295
2 1 3.7408001 2.8576643 1.052739 9.144822 4.786904 0.98219488 5.171083 6.1758657 4 1 1 1 0.029698609 0 1 1 343122 4 3.7408001 3.7408001 3.7408001 3.7408001
"I.14.3.csv"	1	-0.060148983
4 1 2.9192513 0.76044632 1.109107 4.942306 4.3956903 0.99775854 0.51785419 0.085823356 9 0 0 0 0.062973923 0 1 1 24184.5 4 2.9192513 2.9192513 2.9192513 2.9192513
"I.14.3.csv"	12	-0.060148983
4 1 2.9192513 0.76044632 1.109107 4.942306 4.3956903 0.99775854 0.51785419 0.085823356 9 0 0 0 0.062973923 0 1 1 24184.5 4 2.9192513 2.9192513 2.9192513 2.9192513
"I.14.3.csv"	4	-0.00050073393
4 1 2.9192513 0.76044632 1.109107 4.942306 4.3956903 0.99775854 0.51785419 0.085823356 9 0 0 0 0.062973923 0 1 1 24184.5 4 2.9192513 2.9192513 2.9192513 2.9192513
"I.14.3.csv"	21	-0.00050073393
4 1 2.9192513 0.76044632 1.109107 4.942306 4.3956903 0.99775854 0.51785419 0.085823356 9 0 0 0 0.062973923 0 1 1 24184.5 4 2.9192513 2.9192513 2.9192513 2.9192513
"I.14.3.csv"	3	-0.00050073393
4 1 2.9192513 0.76044632 1.109107 4.942306 4.3956903 0.99775854 0.51785419 0.085823356 9 0 0 0 0.062973923 0 1 1 24184.5 4 2.9192513 2.9192513 2.9192513 2.9192513
"I.14.3.csv"	1	-0.00050073393
4 1 2.9192513 0.76044632 1.109107 4.942306 4.3956903 0.99775854 0.51785419 0.085823356 9 0 0 0 0.062973923 0 1 1 24184.5 4 2.9192513 2.9192513 2.9192513 2.9192513
"I.14.3.csv"	12	-0.00050073393
4 1 2.9192513 0.76044632 1.109107 4.942306 4.3956903 0.99775854 0.51785419 0.085823356 9 0 0 0 0.062973923 0 1 1 24184.5 4 2.9192513 2.9192513 2.9192513 2.9192513
"I.14.3.csv"	2	-0.00050073393
4 1 2.9192513 0.76044632 1.109107 4.942306 4.3956903 0.99775854 0.51785419 0.085823356 9 0 0 0 0.062973923 0 1 1 24184.5 4 2.9192513 2.9192513 2.9192513 2.9192513
"I.14.3.csv"	17	0.00019422526
4 1 2.9192513 0.76044632 1.109107 4.942306 4.3956903 0.99775854 0.51785419 0.085823356 9 0 0 0 0.062973923 0 1 1 24184.5 4 2.9192513 2.9192513 2.9192513 2.9192513
"I.14.3.csv"	19	-0.00050073393
4 1 2.9192513 0.76044632 1.109107 4.942306 4.3956903 0.99775854 0.51785419 0.085823356 9 0 0 0 0.062973923 0 1 1 24184.5 4 2.9192513 2.9192513 2.9192513 2.9192513
"I.14.3.csv"	19	-0.00050073393
4 1 2.9192513 0.76044632 1.109107 4.942306 4.3956903 0.99775854 0.51785419 0.085823356 9 0 0 0 0.062973923 0 1 1 24184.5 4 2.9192513 2.9192513 2.9192513 2.9192513
"I.14.3.csv"	19	0.0001878011
4 1 2.9192513 0.76044632 1.109107 4.942306 4.3956903 0.99775854 0.51785419 0.085823356 9 0 0 0 0.062973923 0 1 1 24184.5 4 2.9192513 2.9192513 2.9192513 2.9192513
"I.14.3.csv"	19	-0.00050073393
4 1 2.9192513 0.76044632 1.109107 4.942306 4.3956903 0.99775854 0.51785419 0.085823356 9 0 0 0 0.062973923 0 1 1 24184.5 4 2.9192513 2.9192513 2.9192513 2.9192513
"I.14.3.csv"	19	0.00034201352
4 1 2.9192513 0.76044632 1.109107 4.942306 4.3956903 0.99775854 0.51785419 0.085823356 9 0 0 0 0.062973923 0 1 1 24184.5 4 2.9192513 2.9192513 2.9192513 2.9192513
"I.14.3.csv"	19	0.00030986887
4 1 2.9192513 0.76044632 1.109107 4.942306 4.3956903 0.99775854 0.51785419 0.085823356 9 0 0 0 0.062973923 0 1 1 24184.5 4 2.9192513 2.9192513 2.9192513 2.9192513
"I.14.3.csv"	4	-0.00041091885
4 1 2.9192513 0.76044632 1.109107 4.942306 4.3956903 0.99775854 0.51785419 0.085823356 9 0 0 0 0.062973923 0 1 1 24184.5 4 2.9192513 2.9192513 2.9192513 2.9192513
"I.14.3.csv"	21	8.4334857e-05
4 1 2.9192513 0.76044632 1.109107 4.942306 4.3956903 0.99775854 0.51785419 0.085823356 9 0 0 0 0.062973923 0 1 1 24184.5 4 2.9192513 2.9192513 2.9192513 2.9192513
"I.14.3.csv"	3	-0.00041091885
4 1 2.9192513 0.76044632 1.109107 4.942306 4.3956903 0.99775854 0.51785419 0.085823356 9 0 0 0 0.062973923 0 1 1 24184.5 4 2.9192513 2.9192513 2.9192513 2.9192513
"I.14.3.csv"	12	-0.00041091885
4 1 2.9192513 0.76044632 1.109107 4.942306 4.3956903 0.99775854 0.51785419 0.085823356 9 0 0 0 0.062973923 0 1 1 24184.5 4 2.9192513 2.9192513 2.9192513 2.9192513
"I.14.3.csv"	2	-0.00041091885
4 1 2.9192513 0.76044632 1.109107 4.942306 4.3956903 0.99775854 0.51785419 0.085823356 9 0 0 0 0.062973923 0 1 1 24184.5 4 2.9192513 2.9192513 2.9192513 2.9192513
"I.14.3.csv"	19	-0.00041091885
4 1 2.9192513 0.76044632 1.109107 4.942306 4.3956903 0.99775854 0.51785419 0.085823356 9 0 0 0 0.062973923 0 1 1 24184.5 4 2.9192513 2.9192513 2.9192513 2.9192513
"I.14.3.csv"	19	-0.00041091885
4 1 2.9192513 0.76044632 1.109107 4.942306 4.3956903 0.99775854 0.51785419 0.085823356 9 0 0 0 0.062973923 0 1 1 24184.5 4 2.9192513 2.9192513 2.9192513 2.9192513
"I.14.3.csv"	19	-0.00041091885
4 1 2.9192513 0.76044632 1.109107 4.942306 4.3956903 0.99775854 0.51785419 0.085823356 9 0 0 0 0.062973923 0 1 1 24184.5 4 2.9192513 2.9192513 2.9192513 2.9192513
"I.14.3.csv"	19	-0.00041091885
4 1 2.9192513 0.76044632 1.109107 4.942306 4.3956903 0.99775854 0.51785419 0.085823356 9 0 0 0 0.062973923 0 1 1 24184.5 4 2.9192513 2.9192513 2.9192513 2.9192513
"I.14.3.csv"	19	-0.00041091885
4 1 2.9192513 0.76044632 1.109107 4.942306 4.3956903 0.99775854 0.51785419 0.085823356 9 0 0 0 0.062973923 0 1 1 24184.5 4 2.9192513 2.9192513 2.9192513 2.9192513
"I.14.3.csv"	19	-0.00041091885
4 1 2.9192513 0.76044632 1.109107 4.942306 4.3956903 0.99775854 0.51785419 0.085823356 9 0 0 0 0.062973923 0 1 1 24184.5 4 2.9192513 2.9192513 2.9192513 2.9192513
"I.14.3.csv"	19	-0.00041091885
4 1 2.9192513 0.76044632 1.109107 4.942306 4.3956903 0.99775854 0.51785419 0.085823356 9 0 0 0 0.062973923 0 1 1 24184.5 4 2.9192513 2.9192513 2.9192513 2.9192513
"I.14.3.csv"	19	-0.00041091885
4 1 2.9192513 0.76044632 1.109107 4.942306 4.3956903 0.99775854 0.51785419 0.085823356 9 0 0 0 0.062973923 0 1 1 24184.5 4 2.9192513 2.9192513 2.9192513 2.9192513
"I.12.5.csv"	3	0.0022494476
3 1 -3.8258356 10.970553 -17.623711 -0.351071 5.2148816 0.96862097 2.0693854 0.58151781 6 0 0 0 0.10751394 0 1 0 71739.488 4 -3.8258356 -3.8258356 -3.8258356 -3.8258356
"I.12.5.csv"	12	-0.48097599
3 1 -3.8258356 10.970553 -17.623711 -0.351071 5.2148816 0.96862097 2.0693854 0.58151781 6 0 0 0 0.10751394 0 1 0 71739.488 4 -3.8258356 -3.8258356 -3.8258356 -3.8258356
"I.12.5.csv"	1	-0.48097599
3 1 -3.8258356 10.970553 -17.623711 -0.351071 5.2148816 0.96862097 2.0693854 0.58151781 6 0 0 0 0.10751394 0 1 0 71739.488 4 -3.8258356 -3.8258356 -3.8258356 -3.8258356
"I.12.5.csv"	4	-0.0038108539
3 1 -3.8258356 10.970553 -17.623711 -0.351071 5.2148816 0.96862097 2.0693854 0.58151781 6 0 0 0 0.10751394 0 1 0 71739.488 4 -3.8258356 -3.8258356 -3.8258356 -3.8258356
"I.12.5.csv"	3	-0.0038108539
3 1 -3.8258356 10.970553 -17.623711 -0.351071 5.2148816 0.96862097 2.0693854 0.58151781 6 0 0 0 0.10751394 0 1 0 71739.488 4 -3.8258356 -3.8258356 -3.8258356 -3.8258356
"I.12.5.csv"	1	-0.0038108539
3 1 -3.8258356 10.970553 -17.623711 -0.351071 5.2148816 0.96862097 2.0693854 0.58151781 6 0 0 0 0.10751394 0 1 0 71739.488 4 -3.8258356 -3.8258356 -3.8258356 -3.8258356
"I.12.5.csv"	2	-0.0038108539
3 1 -3.8258356 10.970553 -17.623711 -0.351071 5.2148816 0.96862097 2.0693854 0.58151781 6 0 0 0 0.10751394 0 1 0 71739.488 4 -3.8258356 -3.8258356 -3.8258356 -3.8258356
"I.12.5.csv"	21	-0.0038108539
3 1 -3.8258356 10.970553 -17.623711 -0.351071 5.2148816 0.96862097 2.0693854 0.58151781 6 0 0 0 0.10751394 0 1 0 71739.488 4 -3.8258356 -3.8258356 -3.8258356 -3.8258356
"I.12.5.csv"	4	-0.0038108539
3 1 -3.8258356 10.970553 -17.623711 -0.351071 5.2148816 0.96862097 2.0693854 0.58151781 6 0 0 0 0.10751394 0 1 0 71739.488 4 -3.8258356 -3.8258356 -3.8258356 -3.8258356
"I.12.5.csv"	12	-0.0038108539
3 1 -3.8258356 10.970553 -17.623711 -0.351071 5.2148816 0.96862097 2.0693854 0.58151781 6 0 0 0 0.10751394 0 1 0 71739.488 4 -3.8258356 -3.8258356 -3.8258356 -3.8258356
"I.12.5.csv"	2	-0.0038108539
3 1 -3.8258356 10.970553 -17.623711 -0.351071 5.2148816 0.96862097 2.0693854 0.58151781 6 0 0 0 0.10751394 0 1 0 71739.488 4 -3.8258356 -3.8258356 -3.8258356 -3.8258356
"I.12.5.csv"	3	-0.0038108539
3 1 -3.8258356 10.970553 -17.623711 -0.351071 5.2148816 0.96862097 2.0693854 0.58151781 6 0 0 0 0.10751394 0 1 0 71739.488 4 -3.8258356 -3.8258356 -3.8258356 -3.8258356
"I.12.5.csv"	4	-0.00090455012
3 1 -3.8258356 10.970553 -17.623711 -0.351071 5.2148816 0.96862097 2.0693854 0.58151781 6 0 0 0 0.10751394 0 1 0 71739.488 4 -3.8258356 -3.8258356 -3.8258356 -3.8258356
"I.12.5.csv"	3	-0.00090455012
3 1 -3.8258356 10.970553 -17.623711 -0.351071 5.2148816 0.96862097 2.0693854 0.58151781 6 0 0 0 0.10751394 0 1 0 71739.488 4 -3.8258356 -3.8258356 -3.8258356 -3.8258356
"I.12.5.csv"	1	-0.00090455012
3 1 -3.8258356 10.970553 -17.623711 -0.351071 5.2148816 0.96862097 2.0693854 0.58151781 6 0 0 0 0.10751394 0 1 0 71739.488 4 -3.8258356 -3.8258356 -3.8258356 -3.8258356
"I.12.5.csv"	2	-0.00090455012
3 1 -3.8258356 10.970553 -17.623711 -0.351071 5.2148816 0.96862097 2.0693854 0.58151781 6 0 0 0 0.10751394 0 1 0 71739.488 4 -3.8258356 -3.8258356 -3.8258356 -3.8258356
"I.15.3.csv"	1	-0.0044661424
2 1 -0.0019820075 0.16579351 -0.809486 0.853437 4.0840249 0.99080615 0.33933553 1.0311273 4 1 1 1 0.076192937 0 1 0 614765 4 -0.0019820075 -0.0019820075 -0.0019820075 -0.0019820075
"I.15.3.csv"	12	-0.0044661424
2 1 -0.0019820075 0.16579351 -0.809486 0.853437 4.0840249 0.99080615 0.33933553 1.0311273 4 1 1 1 0.076192937 0 1 0 614765 4 -0.0019820075 -0.0019820075 -0.0019820075 -0.0019820075
"I.15.3.csv"	12	-8.9639798e-05
2 1 -0.0019820075 0.16579351 -0.809486 0.853437 4.0840249 0.99080615 0.33933553 1.0311273 4 1 1 1 0.076192937 0 1 0 614765 4 -0.0019820075 -0.0019820075 -0.0019820075 -0.0019820075
"I.15.3.csv"	14	2.983729e-06
2 1 -0.0019820075 0.16579351 -0.809486 0.853437 4.0840249 0.99080615 0.33933553 1.0311273 4 1 1 1 0.076192937 0 1 0 614765 4 -0.0019820075 -0.0019820075 -0.0019820075 -0.0019820075
"I.15.3.csv"	4	-3.7287563e-05
2 1 -0.0019820075 0.16579351 -0.809486 0.853437 4.0840249 0.99080615 0.33933553 1.0311273 4 1 1 1 0.076192937 0 1 0 614765 4 -0.0019820075 -0.0019820075 -0.0019820075 -0.0019820075
"I.15.3.csv"	21	-3.7287563e-05
2 1 -0.0019820075 0.16579351 -0.809486 0.853437 4.0840249 0.99080615 0.33933553 1.0311273 4 1 1 1 0.076192937 0 1 0 614765 4 -0.0019820075 -0.0019820075 -0.0019820075 -0.0019820075
"I.15.3.csv"	3	-3.7287563e-05
2 1 -0.0019820075 0.16579351 -0.809486 0.853437 4.0840249 0.99080615 0.33933553 1.0311273 4 1 1 1 0.076192937 0 1 0 614765 4 -0.0019820075 -0.0019820075 -0.0019820075 -0.0019820075
"I.15.3.csv"	12	-3.7287563e-05
2 1 -0.0019820075 0.16579351 -0.809486 0.853437 4.0840249 0.99080615 0.33933553 1.0311273 4 1 1 1 0.076192937 0 1 0 614765 4 -0.0019820075 -0.0019820075 -0.0019820075 -0.0019820075
"I.15.3.csv"	2	-3.7287563e-05
2 1 -0.0019820075 0.16579351 -0.809486 0.853437 4.0840249 0.99080615 0.33933553 1.0311273 4 1 1 1 0.076192937 0 1 0 614765 4 -0.0019820075 -0.0019820075 -0.0019820075 -0.0019820075
"I.15.3.csv"	17	-3.7287563e-05
2 1 -0.0019820075 0.16579351 -0.809486 0.853437 4.0840249 0.99080615 0.33933553 1.0311273 4 1 1 1 0.076192937 0 1 0 614765 4 -0.0019820075 -0.0019820075 -0.0019820075 -0.0019820075
"I.15.3.csv"	17	-3.7287563e-05
2 1 -0.0019820075 0.16579351 -0.809486 0.853437 4.0840249 0.99080615 0.33933553 1.0311273 4 1 1 1 0.076192937 0 1 0 614765 4 -0.0019820075 -0.0019820075 -0.0019820075 -0.0019820075
"I.15.10.csv"	1	-0.00047550329
2 1 0.78101712 0.027848293 0.215435 0.991028 4.6476626 0.9998575 1.1582677 1.0133897 5 0 0 0 0.12284881 0 1 1 13605 4 0.78101712 0.78101712 0.78101712 0.78101712
"I.15.10.csv"	12	-0.00047550329
2 1 0.78101712 0.027848293 0.215435 0.991028 4.6476626 0.9998575 1.1582677 1.0133897 5 0 0 0 0.12284881 0 1 1 13605 4 0.78101712 0.78101712 0.78101712 0.78101712
"I.15.10.csv"	2	4.2005389e-05
2 1 0.78101712 0.027848293 0.215435 0.991028 4.6476626 0.9998575 1.1582677 1.0133897 5 0 0 0 0.12284881 0 1 1 13605 4 0.78101712 0.78101712 0.78101712 0.78101712
"I.15.10.csv"	4	-7.9285658e-06
2 1 0.78101712 0.027848293 0.215435 0.991028 4.6476626 0.9998575 1.1582677 1.0133897 5 0 0 0 0.12284881 0 1 1 13605 4 0.78101712 0.78101712 0.78101712 0.78101712
"I.15.10.csv"	3	-7.9285658e-06
2 1 0.78101712 0.027848293 0.215435 0.991028 4.6476626 0.9998575 1.1582677 1.0133897 5 0 0 0 0.12284881 0 1 1 13605 4 0.78101712 0.78101712 0.78101712 0.78101712
"I.15.10.csv"	1	-7.9285658e-06
2 1 0.78101712 0.027848293 0.215435 0.991028 4.6476626 0.9998575 1.1582677 1.0133897 5 0 0 0 0.12284881 0 1 1 13605 4 0.78101712 0.78101712 0.78101712 0.78101712
"I.15.10.csv"	2	-7.9285658e-06
2 1 0.78101712 0.027848293 0.215435 0.991028 4.6476626 0.9998575 1.1582677 1.0133897 5 0 0 0 0.12284881 0 1 1 13605 4 0.78101712 0.78101712 0.78101712 0.78101712
"I.15.10.csv"	17	-7.9285658e-06
2 1 0.78101712 0.027848293 0.215435 0.991028 4.6476626 0.9998575 1.1582677 1.0133897 5 0 0 0 0.12284881 0 1 1 13605 4 0.78101712 0.78101712 0.78101712 0.78101712
"I.15.10.csv"	17	-7.9285658e-06
2 1 0.78101712 0.027848293 0.215435 0.991028 4.6476626 0.9998575 1.1582677 1.0133897 5 0 0 0 0.12284881 0 1 1 13605 4 0.78101712 0.78101712 0.78101712 0.78101712
"I.15.10.csv"	4	3.8217122e-07
2 1 0.78101712 0.027848293 0.215435 0.991028 4.6476626 0.9998575 1.1582677 1.0133897 5 0 0 0 0.12284881 0 1 1 13605 4 0.78101712 0.78101712 0.78101712 0.78101712
"I.15.10.csv"	21	1.8878924e-07
2 1 0.78101712 0.027848293 0.215435 0.991028 4.6476626 0.9998575 1.1582677 1.0133897 5 0 0 0 0.12284881 0 1 1 13605 4 0.78101712 0.78101712 0.78101712 0.78101712
"I.15.10.csv"	1	-7.2234845e-06
2 1 0.78101712 0.027848293 0.215435 0.991028 4.6476626 0.9998575 1.1582677 1.0133897 5 0 0 0 0.12284881 0 1 1 13605 4 0.78101712 0.78101712 0.78101712 0.78101712
"I.15.10.csv"	12	-7.2234845e-06
2 1 0.78101712 0.027848293 0.215435 0.991028 4.6476626 0.9998575 1.1582677 1.0133897 5 0 0 0 0.12284881 0 1 1 13605 4 0.78101712 0.78101712 0.78101712 0.78101712
"I.15.10.csv"	2	-7.2234845e-06
2 1 0.78101712 0.027848293 0.215435 0.991028 4.6476626 0.9998575 1.1582677 1.0133897 5 0 0 0 0.12284881 0 1 1 13605 4 0.78101712 0.78101712 0.78101712 0.78101712
"I.15.10.csv"	17	-7.2234845e-06
2 1 0.78101712 0.027848293 0.215435 0.991028 4.6476626 0.9998575 1.1582677 1.0133897 5 0 0 0 0.12284881 0 1 1 13605 4 0.78101712 0.78101712 0.78101712 0.78101712
"I.18.4.csv"	4	-0.5626951
3 1 3.8015529 8.7668641 0.363061 17.795525 5.8875775 0.97290362 1.8422569 0.53597282 6 0 0 0 0.054931186 0 1 1 171682.8 4 3.8015529 3.8015529 3.8015529 3.8015529
"I.18.4.csv"	21	0.017054583
3 1 3.8015529 8.7668641 0.363061 17.795525 5.8875775 0.97290362 1.8422569 0.53597282 6 0 0 0 0.054931186 0 1 1 171682.8 4 3.8015529 3.8015529 3.8015529 3.8015529
"I.18.4.csv"	1	-0.5626951
3 1 3.8015529 8.7668641 0.363061 17.795525 5.8875775 0.97290362 1.8422569 0.53597282 6 0 0 0 0.054931186 0 1 1 171682.8 4 3.8015529 3.8015529 3.8015529 3.8015529
"I.18.4.csv"	12	-0.5626951
3 1 3.8015529 8.7668641 0.363061 17.795525 5.8875775 0.97290362 1.8422569 0.53597282 6 0 0 0 0.054931186 0 1 1 171682.8 4 3.8015529 3.8015529 3.8015529 3.8015529
"I.18.4.csv"	4	-0.0036487299
3 1 3.8015529 8.7668641 0.363061 17.795525 5.8875775 0.97290362 1.8422569 0.53597282 6 0 0 0 0.054931186 0 1 1 171682.8 4 3.8015529 3.8015529 3.8015529 3.8015529
"I.18.4.csv"	21	-0.0036487299
3 1 3.8015529 8.7668641 0.363061 17.795525 5.8875775 0.97290362 1.8422569 0.53597282 6 0 0 0 0.054931186 0 1 1 171682.8 4 3.8015529 3.8015529 3.8015529 3.8015529
"I.18.4.csv"	3	-0.0036487299
3 1 3.8015529 8.7668641 0.363061 17.795525 5.8875775 0.97290362 1.8422569 0.53597282 6 0 0 0 0.054931186 0 1 1 171682.8 4 3.8015529 3.8015529 3.8015529 3.8015529
"I.18.4.csv"	1	-0.0036487299
3 1 3.8015529 8.7668641 0.363061 17.795525 5.8875775 0.97290362 1.8422569 0.53597282 6 0 0 0 0.054931186 0 1 1 171682.8 4 3.8015529 3.8015529 3.8015529 3.8015529
"I.18.4.csv"	12	-0.0036487299
3 1 3.8015529 8.7668641 0.363061 17.795525 5.8875775 0.97290362 1.8422569 0.53597282 6 0 0 0 0.054931186 0 1 1 171682.8 4 3.8015529 3.8015529 3.8015529 3.8015529
"I.18.4.csv"	17	-0.0036487299
3 1 3.8015529 8.7668641 0.363061 17.795525 5.8875775 0.97290362 1.8422569 0.53597282 6 0 0 0 0.054931186 0 1 1 171682.8 4 3.8015529 3.8015529 3.8015529 3.8015529
"I.18.4.csv"	17	-0.0036487299
3 1 3.8015529 8.7668641 0.363061 17.795525 5.8875775 0.97290362 1.8422569 0.53597282 6 0 0 0 0.054931186 0 1 1 171682.8 4 3.8015529 3.8015529 3.8015529 3.8015529
"I.18.4.csv"	19	-0.0036487299
3 1 3.8015529 8.7668641 0.363061 17.795525 5.8875775 0.97290362 1.8422569 0.53597282 6 0 0 0 0.054931186 0 1 1 171682.8 4 3.8015529 3.8015529 3.8015529 3.8015529
"I.18.4.csv"	19	-0.0036487299
3 1 3.8015529 8.7668641 0.363061 17.795525 5.8875775 0.97290362 1.8422569 0.53597282 6 0 0 0 0.054931186 0 1 1 171682.8 4 3.8015529 3.8015529 3.8015529 3.8015529
"I.18.4.csv"	19	-0.0036487299
3 1 3.8015529 8.7668641 0.363061 17.795525 5.8875775 0.97290362 1.8422569 0.53597282 6 0 0 0 0.054931186 0 1 1 171682.8 4 3.8015529 3.8015529 3.8015529 3.8015529
"I.18.4.csv"	1	-0.49659028
3 1 3.8898177 8.3569575 0.27381 15.572249 5.2920388 0.97302998 2.0332923 0.57136964 6 0 0 0 0.10575565 0 1 1 240239.67 4 3.8898177 3.8898177 3.8898177 3.8898177
"I.18.4.csv"	12	-0.49659028
3 1 3.8898177 8.3569575 0.27381 15.572249 5.2920388 0.97302998 2.0332923 0.57136964 6 0 0 0 0.10575565 0 1 1 240239.67 4 3.8898177 3.8898177 3.8898177 3.8898177
"I.18.4.csv"	14	-0.0014749384
3 1 3.8898177 8.3569575 0.27381 15.572249 5.2920388 0.97302998 2.0332923 0.57136964 6 0 0 0 0.10575565 0 1 1 240239.67 4 3.8898177 3.8898177 3.8898177 3.8898177
"I.18.4.csv"	21	-0.0014749384
3 1 3.8898177 8.3569575 0.27381 15.572249 5.2920388 0.97302998 2.0332923 0.57136964 6 0 0 0 0.10575565 0 1 1 240239.67 4 3.8898177 3.8898177 3.8898177 3.8898177
"I.18.4.csv"	3	-0.0014749384
3 1 3.8898177 8.3569575 0.27381 15.572249 5.2920388 0.97302998 2.0332923 0.57136964 6 0 0 0 0.10575565 0 1 1 240239.67 4 3.8898177 3.8898177 3.8898177 3.8898177
"I.18.4.csv"	1	-0.0014749384
3 1 3.8898177 8.3569575 0.27381 15.572249 5.2920388 0.97302998 2.0332923 0.57136964 6 0 0 0 0.10575565 0 1 1 240239.67 4 3.8898177 3.8898177 3.8898177 3.8898177
"I.18.4.csv"	12	-0.0014749384
3 1 3.8898177 8.3569575 0.27381 15.572249 5.2920388 0.97302998 2.0332923 0.57136964 6 0 0 0 0.10575565 0 1 1 240239.67 4 3.8898177 3.8898177 3.8898177 3.8898177
"I.18.4.csv"	4	-0.0014749384
3 1 3.8898177 8.3569575 0.27381 15.572249 5.2920388 0.97302998 2.0332923 0.57136964 6 0 0 0 0.10575565 0 1 1 240239.67 4 3.8898177 3.8898177 3.8898177 3.8898177
"I.18.4.csv"	2	-0.0014749384
3 1 3.8898177 8.3569575 0.27381 15.572249 5.2920388 0.97302998 2.0332923 0.57136964 6 0 0 0 0.10575565 0 1 1 240239.67 4 3.8898177 3.8898177 3.8898177 3.8898177
"I.18.4.csv"	14	0.00043364279
3 1 3.8898177 8.3569575 0.27381 15.572249 5.2920388 0.97302998 2.0332923 0.57136964 6 0 0 0 0.10575565 0 1 1 240239.67 4 3.8898177 3.8898177 3.8898177 3.8898177
"I.18.4.csv"	21	-0.0017696861
3 1 3.8898177 8.3569575 0.27381 15.572249 5.2920388 0.97302998 2.0332923 0.57136964 6 0 0 0 0.10575565 0 1 1 240239.67 4 3.8898177 3.8898177 3.8898177 3.8898177
"I.18.4.csv"	3	-0.0017696861
3 1 3.8898177 8.3569575 0.27381 15.572249 5.2920388 0.97302998 2.0332923 0.57136964 6 0 0 0 0.10575565 0 1 1 240239.67 4 3.8898177 3.8898177 3.8898177 3.8898177
"I.18.4.csv"	12	-0.0017696861
3 1 3.8898177 8.3569575 0.27381 15.572249 5.2920388 0.97302998 2.0332923 0.57136964 6 0 0 0 0.10575565 0 1 1 240239.67 4 3.8898177 3.8898177 3.8898177 3.8898177
"I.18.4.csv"	4	-0.0017696861
3 1 3.8898177 8.3569575 0.27381 15.572249 5.2920388 0.97302998 2.0332923 0.57136964 6 0 0 0 0.10575565 0 1 1 240239.67 4 3.8898177 3.8898177 3.8898177 3.8898177
"I.18.4.csv"	2	-0.0017696861
3 1 3.8898177 8.3569575 0.27381 15.572249 5.2920388 0.97302998 2.0332923 0.57136964 6 0 0 0 0.10575565 0 1 1 240239.67 4 3.8898177 3.8898177 3.8898177 3.8898177
"I.18.4.csv"	21	-0.0022602541
3 1 3.8898177 8.3569575 0.27381 15.572249 5.2920388 0.97302998 2.0332923 0.57136964 6 0 0 0 0.10575565 0 1 1 240239.67 4 3.8898177 3.8898177 3.8898177 3.8898177
"I.18.4.csv"	3	-0.0022602541
3 1 3.8898177 8.3569575 0.27381 15.572249 5.2920388 0.97302998 2.0332923 0.57136964 6 0 0 0 0.10575565 0 1 1 240239.67 4 3.8898177 3.8898177 3.8898177 3.8898177
"I.18.4.csv"	12	-0.0022602541
3 1 3.8898177 8.3569575 0.27381 15.572249 5.2920388 0.97302998 2.0332923 0.57136964 6 0 0 0 0.10575565 0 1 1 240239.67 4 3.8898177 3.8898177 3.8898177 3.8898177
"I.18.4.csv"	4	-0.0022602541
3 1 3.8898177 8.3569575 0.27381 15.572249 5.2920388 0.97302998 2.0332923 0.57136964 6 0 0 0 0.10575565 0 1 1 240239.67 4 3.8898177 3.8898177 3.8898177 3.8898177
"I.18.4.csv"	2	-0.0022602541
3 1 3.8898177 8.3569575 0.27381 15.572249 5.2920388 0.97302998 2.0332923 0.57136964 6 0 0 0 0.10575565 0 1 1 240239.67 4 3.8898177 3.8898177 3.8898177 3.8898177
"I.18.4.csv"	14	-0.0022350149
3 1 3.8898177 8.3569575 0.27381 15.572249 5.2920388 0.97302998 2.0332923 0.57136964 6 0 0 0 0.10575565 0 1 1 240239.67 4 3.8898177 3.8898177 3.8898177 3.8898177
"I.18.4.csv"	21	-0.0022350149
3 1 3.8898177 8.3569575 0.27381 15.572249 5.2920388 0.97302998 2.0332923 0.57136964 6 0 0 0 0.10575565 0 1 1 240239.67 4 3.8898177 3.8898177 3.8898177 3.8898177
"I.18.4.csv"	3	-0.0022350149
3 1 3.8898177 8.3569575 0.27381 15.572249 5.2920388 0.97302998 2.0332923 0.57136964 6 0 0 0 0.10575565 0 1 1 240239.67 4 3.8898177 3.8898177 3.8898177 3.8898177
"I.18.4.csv"	1	-0.0022350149
3 1 3.8898177 8.3569575 0.27381 15.572249 5.2920388 0.97302998 2.0332923 0.57136964 6 0 0 0 0.10575565 0 1 1 240239.67 4 3.8898177 3.8898177 3.8898177 3.8898177
"I.18.4.csv"	12	-0.0022350149
3 1 3.8898177 8.3569575 0.27381 15.572249 5.2920388 0.97302998 2.0332923 0.57136964 6 0 0 0 0.10575565 0 1 1 240239.67 4 3.8898177 3.8898177 3.8898177 3.8898177
"I.18.4.csv"	4	-0.0022350149
3 1 3.8898177 8.3569575 0.27381 15.572249 5.2920388 0.97302998 2.0332923 0.57136964 6 0 0 0 0.10575565 0 1 1 240239.67 4 3.8898177 3.8898177 3.8898177 3.8898177
"I.18.4.csv"	2	-0.0022350149
3 1 3.8898177 8.3569575 0.27381 15.572249 5.2920388 0.97302998 2.0332923 0.57136964 6 0 0 0 0.10575565 0 1 1 240239.67 4 3.8898177 3.8898177 3.8898177 3.8898177
"I.18.4.csv"	14	0.0018177286
3 1 3.8898177 8.3569575 0.27381 15.572249 5.2920388 0.97302998 2.0332923 0.57136964 6 0 0 0 0.10575565 0 1 1 240239.67 4 3.8898177 3.8898177 3.8898177 3.8898177
"I.18.4.csv"	21	-0.0034646332
3 1 3.8898177 8.3569575 0.27381 15.572249 5.2920388 0.97302998 2.0332923 0.57136964 6 0 0 0 0.10575565 0 1 1 240239.67 4 3.8898177 3.8898177 3.8898177 3.8898177
"I.18.4.csv"	3	-0.0034646332
3 1 3.8898177 8.3569575 0.27381 15.572249 5.2920388 0.97302998 2.0332923 0.57136964 6 0 0 0 0.10575565 0 1 1 240239.67 4 3.8898177 3.8898177 3.8898177 3.8898177
"I.18.4.csv"	1	-0.0034646332
3 1 3.8898177 8.3569575 0.27381 15.572249 5.2920388 0.97302998 2.0332923 0.57136964 6 0 0 0 0.10575565 0 1 1 240239.67 4 3.8898177 3.8898177 3.8898177 3.8898177
"I.18.4.csv"	12	-0.0034646332
3 1 3.8898177 8.3569575 0.27381 15.572249 5.2920388 0.97302998 2.0332923 0.57136964 6 0 0 0 0.10575565 0 1 1 240239.67 4 3.8898177 3.8898177 3.8898177 3.8898177
"I.18.4.csv"	4	-0.0034646332
3 1 3.8898177 8.3569575 0.27381 15.572249 5.2920388 0.97302998 2.0332923 0.57136964 6 0 0 0 0.10575565 0 1 1 240239.67 4 3.8898177 3.8898177 3.8898177 3.8898177
"I.18.4.csv"	2	-0.0034646332
3 1 3.8898177 8.3569575 0.27381 15.572249 5.2920388 0.97302998 2.0332923 0.57136964 6 0 0 0 0.10575565 0 1 1 240239.67 4 3.8898177 3.8898177 3.8898177 3.8898177
"I.18.4.csv"	14	-0.0039194971
3 1 3.8898177 8.3569575 0.27381 15.572249 5.2920388 0.97302998 2.0332923 0.57136964 6 0 0 0 0.10575565 0 1 1 240239.67 4 3.8898177 3.8898177 3.8898177 3.8898177
"I.18.4.csv"	21	-0.0039194971
3 1 3.8898177 8.3569575 0.27381 15.572249 5.2920388 0.97302998 2.0332923 0.57136964 6 0 0 0 0.10575565 0 1 1 240239.67 4 3.8898177 3.8898177 3.8898177 3.8898177
"I.18.4.csv"	2	-0.0039194971
3 1 3.8898177 8.3569575 0.27381 15.572249 5.2920388 0.97302998 2.0332923 0.57136964 6 0 0 0 0.10575565 0 1 1 240239.67 4 3.8898177 3.8898177 3.8898177 3.8898177
"I.18.4.csv"	12	-0.0039194971
3 1 3.8898177 8.3569575 0.27381 15.572249 5.2920388 0.97302998 2.0332923 0.57136964 6 0 0 0 0.10575565 0 1 1 240239.67 4 3.8898177 3.8898177 3.8898177 3.8898177
"I.18.4.csv"	4	-0.0039194971
3 1 3.8898177 8.3569575 0.27381 15.572249 5.2920388 0.97302998 2.0332923 0.57136964 6 0 0 0 0.10575565 0 1 1 240239.67 4 3.8898177 3.8898177 3.8898177 3.8898177
"I.18.4.csv"	3	-0.0039194971
3 1 3.8898177 8.3569575 0.27381 15.572249 5.2920388 0.97302998 2.0332923 0.57136964 6 0 0 0 0.10575565 0 1 1 240239.67 4 3.8898177 3.8898177 3.8898177 3.8898177
"I.18.4.csv"	14	0.0018511988
3 1 3.8898177 8.3569575 0.27381 15.572249 5.2920388 0.97302998 2.0332923 0.57136964 6 0 0 0 0.10575565 0 1 1 240239.67 4 3.8898177 3.8898177 3.8898177 3.8898177
"I.18.4.csv"	21	-0.0040666285
3 1 3.8898177 8.3569575 0.27381 15.572249 5.2920388 0.97302998 2.0332923 0.57136964 6 0 0 0 0.10575565 0 1 1 240239.67 4 3.8898177 3.8898177 3.8898177 3.8898177
"I.18.4.csv"	3	-0.0040666285
3 1 3.8898177 8.3569575 0.27381 15.572249 5.2920388 0.97302998 2.0332923 0.57136964 6 0 0 0 0.10575565 0 1 1 240239.67 4 3.8898177 3.8898177 3.8898177 3.8898177
"I.18.4.csv"	1	-0.0040666285
3 1 3.8898177 8.3569575 0.27381 15.572249 5.2920388 0.97302998 2.0332923 0.57136964 6 0 0 0 0.10575565 0 1 1 240239.67 4 3.8898177 3.8898177 3.8898177 3.8898177
"I.18.4.csv"	12	-0.0040666285
3 1 3.8898177 8.3569575 0.27381 15.572249 5.2920388 0.97302998 2.0332923 0.57136964 6 0 0 0 0.10575565 0 1 1 240239.67 4 3.8898177 3.8898177 3.8898177 3.8898177
"I.18.4.csv"	4	-0.0040666285
3 1 3.8898177 8.3569575 0.27381 15.572249 5.2920388 0.97302998 2.0332923 0.57136964 6 0 0 0 0.10575565 0 1 1 240239.67 4 3.8898177 3.8898177 3.8898177 3.8898177
"I.18.4.csv"	2	-0.0040666285
3 1 3.8898177 8.3569575 0.27381 15.572249 5.2920388 0.97302998 2.0332923 0.57136964 6 0 0 0 0.10575565 0 1 1 240239.67 4 3.8898177 3.8898177 3.8898177 3.8898177
"I.18.4.csv"	14	-0.0041376405
3 1 3.8898177 8.3569575 0.27381 15.572249 5.2920388 0.97302998 2.0332923 0.57136964 6 0 0 0 0.10575565 0 1 1 240239.67 4 3.8898177 3.8898177 3.8898177 3.8898177
"I.18.4.csv"	21	-0.0041376405
3 1 3.8898177 8.3569575 0.27381 15.572249 5.2920388 0.97302998 2.0332923 0.57136964 6 0 0 0 0.10575565 0 1 1 240239.67 4 3.8898177 3.8898177 3.8898177 3.8898177
"I.18.4.csv"	2	-0.0041376405
3 1 3.8898177 8.3569575 0.27381 15.572249 5.2920388 0.97302998 2.0332923 0.57136964 6 0 0 0 0.10575565 0 1 1 240239.67 4 3.8898177 3.8898177 3.8898177 3.8898177
"I.18.4.csv"	12	-0.0041376405
3 1 3.8898177 8.3569575 0.27381 15.572249 5.2920388 0.97302998 2.0332923 0.57136964 6 0 0 0 0.10575565 0 1 1 240239.67 4 3.8898177 3.8898177 3.8898177 3.8898177
"I.18.4.csv"	4	-0.0041376405
3 1 3.8898177 8.3569575 0.27381 15.572249 5.2920388 0.97302998 2.0332923 0.57136964 6 0 0 0 0.10575565 0 1 1 240239.67 4 3.8898177 3.8898177 3.8898177 3.8898177
"I.18.4.csv"	3	-0.0041376405
3 1 3.8898177 8.3569575 0.27381 15.572249 5.2920388 0.97302998 2.0332923 0.57136964 6 0 0 0 0.10575565 0 1 1 240239.67 4 3.8898177 3.8898177 3.8898177 3.8898177
"I.18.4.csv"	14	-0.0043200532
3 1 3.8898177 8.3569575 0.27381 15.572249 5.2920388 0.97302998 2.0332923 0.57136964 6 0 0 0 0.10575565 0 1 1 240239.67 4 3.8898177 3.8898177 3.8898177 3.8898177
"I.18.4.csv"	21	-0.0043200532
3 1 3.8898177 8.3569575 0.27381 15.572249 5.2920388 0.97302998 2.0332923 0.57136964 6 0 0 0 0.10575565 0 1 1 240239.67 4 3.8898177 3.8898177 3.8898177 3.8898177
"I.18.4.csv"	3	-0.0043200532
3 1 3.8898177 8.3569575 0.27381 15.572249 5.2920388 0.97302998 2.0332923 0.57136964 6 0 0 0 0.10575565 0 1 1 240239.67 4 3.8898177 3.8898177 3.8898177 3.8898177
"I.18.4.csv"	1	-0.0043200532
3 1 3.8898177 8.3569575 0.27381 15.572249 5.2920388 0.97302998 2.0332923 0.57136964 6 0 0 0 0.10575565 0 1 1 240239.67 4 3.8898177 3.8898177 3.8898177 3.8898177
"I.18.4.csv"	12	-0.0043200532
3 1 3.8898177 8.3569575 0.27381 15.572249 5.2920388 0.97302998 2.0332923 0.57136964 6 0 0 0 0.10575565 0 1 1 240239.67 4 3.8898177 3.8898177 3.8898177 3.8898177
"I.18.4.csv"	4	-0.0043200532
3 1 3.8898177 8.3569575 0.27381 15.572249 5.2920388 0.97302998 2.0332923 0.57136964 6 0 0 0 0.10575565 0 1 1 240239.67 4 3.8898177 3.8898177 3.8898177 3.8898177
"I.18.4.csv"	2	-0.0043200532
3 1 3.8898177 8.3569575 0.27381 15.572249 5.2920388 0.97302998 2.0332923 0.57136964 6 0 0 0 0.10575565 0 1 1 240239.67 4 3.8898177 3.8898177 3.8898177 3.8898177
"I.18.14.csv"	19	-15.525858
3 1 16.249432 26.752155 2.634911 20 3.3573578 0.92150229 11.138443 0.90922277 8 0 0 0 0.10543857 1 1 1 198346.63 4 16.249432 16.249432 16.249432 16.249432
"I.18.14.csv"	19	-15.525858
3 1 16.249432 26.752155 2.634911 20 3.3573578 0.92150229 11.138443 0.90922277 8 0 0 0 0.10543857 1 1 1 198346.63 4 16.249432 16.249432 16.249432 16.249432
"I.18.14.csv"	19	2.1428305
3 1 16.249432 26.752155 2.634911 20 3.3573578 0.92150229 11.138443 0.90922277 8 0 0 0 0.10543857 1 1 1 198346.63 4 16.249432 16.249432 16.249432 16.249432
"I.18.14.csv"	14	-15.525858
3 1 16.249432 26.752155 2.634911 20 3.3573578 0.92150229 11.138443 0.90922277 8 0 0 0 0.10543857 1 1 1 198346.63 4 16.249432 16.249432 16.249432 16.249432
"I.18.14.csv"	19	-0.047074875
3 1 16.249432 26.752155 2.634911 20 3.3573578 0.92150229 11.138443 0.90922277 8 0 0 0 0.10543857 1 1 1 198346.63 4 16.249432 16.249432 16.249432 16.249432
"I.18.14.csv"	19	-0.047074875
3 1 16.249432 26.752155 2.634911 20 3.3573578 0.92150229 11.138443 0.90922277 8 0 0 0 0.10543857 1 1 1 198346.63 4 16.249432 16.249432 16.249432 16.249432
"I.18.14.csv"	19	-0.047074875
3 1 16.249432 26.752155 2.634911 20 3.3573578 0.92150229 11.138443 0.90922277 8 0 0 0 0.10543857 1 1 1 198346.63 4 16.249432 16.249432 16.249432 16.249432
"I.18.14.csv"	19	-0.047074875
3 1 16.249432 26.752155 2.634911 20 3.3573578 0.92150229 11.138443 0.90922277 8 0 0 0 0.10543857 1 1 1 198346.63 4 16.249432 16.249432 16.249432 16.249432
"I.18.14.csv"	19	-0.047074875
3 1 16.249432 26.752155 2.634911 20 3.3573578 0.92150229 11.138443 0.90922277 8 0 0 0 0.10543857 1 1 1 198346.63 4 16.249432 16.249432 16.249432 16.249432
"I.18.14.csv"	19	-0.047074875
3 1 16.249432 26.752155 2.634911 20 3.3573578 0.92150229 11.138443 0.90922277 8 0 0 0 0.10543857 1 1 1 198346.63 4 16.249432 16.249432 16.249432 16.249432
"I.18.14.csv"	19	-0.047074875
3 1 16.249432 26.752155 2.634911 20 3.3573578 0.92150229 11.138443 0.90922277 8 0 0 0 0.10543857 1 1 1 198346.63 4 16.249432 16.249432 16.249432 16.249432
"I.18.14.csv"	19	-0.047074875
3 1 16.249432 26.752155 2.634911 20 3.3573578 0.92150229 11.138443 0.90922277 8 0 0 0 0.10543857 1 1 1 198346.63 4 16.249432 16.249432 16.249432 16.249432
"I.18.14.csv"	19	-0.047074875
3 1 16.249432 26.752155 2.634911 20 3.3573578 0.92150229 11.138443 0.90922277 8 0 0 0 0.10543857 1 1 1 198346.63 4 16.249432 16.249432 16.249432 16.249432
"I.18.14.csv"	19	-0.047074875
3 1 16.249432 26.752155 2.634911 20 3.3573578 0.92150229 11.138443 0.90922277 8 0 0 0 0.10543857 1 1 1 198346.63 4 16.249432 16.249432 16.249432 16.249432
"I.18.14.csv"	19	-0.047074875
3 1 16.249432 26.752155 2.634911 20 3.3573578 0.92150229 11.138443 0.90922277 8 0 0 0 0.10543857 1 1 1 198346.63 4 16.249432 16.249432 16.249432 16.249432
"I.18.14.csv"	19	-0.047074875
3 1 16.249432 26.752155 2.634911 20 3.3573578 0.92150229 11.138443 0.90922277 8 0 0 0 0.10543857 1 1 1 198346.63 4 16.249432 16.249432 16.249432 16.249432
"I.18.14.csv"	4	-0.047074875
3 1 16.249432 26.752155 2.634911 20 3.3573578 0.92150229 11.138443 0.90922277 8 0 0 0 0.10543857 1 1 1 198346.63 4 16.249432 16.249432 16.249432 16.249432
"I.18.14.csv"	17	-0.047074875
3 1 16.249432 26.752155 2.634911 20 3.3573578 0.92150229 11.138443 0.90922277 8 0 0 0 0.10543857 1 1 1 198346.63 4 16.249432 16.249432 16.249432 16.249432
"I.18.14.csv"	19	-0.036648607
3 1 16.249432 26.752155 2.634911 20 3.3573578 0.92150229 11.138443 0.90922277 8 0 0 0 0.10543857 1 1 1 198346.63 4 16.249432 16.249432 16.249432 16.249432
"I.18.14.csv"	19	-0.036648607
3 1 16.249432 26.752155 2.634911 20 3.3573578 0.92150229 11.138443 0.90922277 8 0 0 0 0.10543857 1 1 1 198346.63 4 16.249432 16.249432 16.249432 16.249432
"I.18.14.csv"	19	-0.036648607
3 1 16.249432 26.752155 2.634911 20 3.3573578 0.92150229 11.138443 0.90922277 8 0 0 0 0.10543857 1 1 1 198346.63 4 16.249432 16.249432 16.249432 16.249432
"I.18.14.csv"	19	-0.036648607
3 1 16.249432 26.752155 2.634911 20 3.3573578 0.92150229 11.138443 0.90922277 8 0 0 0 0.10543857 1 1 1 198346.63 4 16.249432 16.249432 16.249432 16.249432
"I.18.14.csv"	19	-0.036648607
3 1 16.249432 26.752155 2.634911 20 3.3573578 0.92150229 11.138443 0.90922277 8 0 0 0 0.10543857 1 1 1 198346.63 4 16.249432 16.249432 16.249432 16.249432
"I.18.14.csv"	19	-0.036648607
3 1 16.249432 26.752155 2.634911 20 3.3573578 0.92150229 11.138443 0.90922277 8 0 0 0 0.10543857 1 1 1 198346.63 4 16.249432 16.249432 16.249432 16.249432
"I.18.14.csv"	19	-0.036648607
3 1 16.249432 26.752155 2.634911 20 3.3573578 0.92150229 11.138443 0.90922277 8 0 0 0 0.10543857 1 1 1 198346.63 4 16.249432 16.249432 16.249432 16.249432
"I.18.14.csv"	19	-0.036648607
3 1 16.249432 26.752155 2.634911 20 3.3573578 0.92150229 11.138443 0.90922277 8 0 0 0 0.10543857 1 1 1 198346.63 4 16.249432 16.249432 16.249432 16.249432
"I.18.14.csv"	19	-0.036648607
3 1 16.249432 26.752155 2.634911 20 3.3573578 0.92150229 11.138443 0.90922277 8 0 0 0 0.10543857 1 1 1 198346.63 4 16.249432 16.249432 16.249432 16.249432
"I.18.14.csv"	19	-0.036648607
3 1 16.249432 26.752155 2.634911 20 3.3573578 0.92150229 11.138443 0.90922277 8 0 0 0 0.10543857 1 1 1 198346.63 4 16.249432 16.249432 16.249432 16.249432
"I.18.14.csv"	19	-0.036648607
3 1 16.249432 26.752155 2.634911 20 3.3573578 0.92150229 11.138443 0.90922277 8 0 0 0 0.10543857 1 1 1 198346.63 4 16.249432 16.249432 16.249432 16.249432
"I.18.14.csv"	19	-0.036648607
3 1 16.249432 26.752155 2.634911 20 3.3573578 0.92150229 11.138443 0.90922277 8 0 0 0 0.10543857 1 1 1 198346.63 4 16.249432 16.249432 16.249432 16.249432
"I.18.14.csv"	4	-0.036648607
3 1 16.249432 26.752155 2.634911 20 3.3573578 0.92150229 11.138443 0.90922277 8 0 0 0 0.10543857 1 1 1 198346.63 4 16.249432 16.249432 16.249432 16.249432
"I.18.14.csv"	17	-0.036648607
3 1 16.249432 26.752155 2.634911 20 3.3573578 0.92150229 11.138443 0.90922277 8 0 0 0 0.10543857 1 1 1 198346.63 4 16.249432 16.249432 16.249432 16.249432
"I.18.14.csv"	19	-0.022634838
3 1 16.249432 26.752155 2.634911 20 3.3573578 0.92150229 11.138443 0.90922277 8 0 0 0 0.10543857 1 1 1 198346.63 4 16.249432 16.249432 16.249432 16.249432
"I.18.14.csv"	19	-0.022634838
3 1 16.249432 26.752155 2.634911 20 3.3573578 0.92150229 11.138443 0.90922277 8 0 0 0 0.10543857 1 1 1 198346.63 4 16.249432 16.249432 16.249432 16.249432
"I.18.14.csv"	19	-0.022634838
3 1 16.249432 26.752155 2.634911 20 3.3573578 0.92150229 11.138443 0.90922277 8 0 0 0 0.10543857 1 1 1 198346.63 4 16.249432 16.249432 16.249432 16.249432
"I.18.14.csv"	19	-0.022634838
3 1 16.249432 26.752155 2.634911 20 3.3573578 0.92150229 11.138443 0.90922277 8 0 0 0 0.10543857 1 1 1 198346.63 4 16.249432 16.249432 16.249432 16.249432
"I.18.14.csv"	19	-0.022634838
3 1 16.249432 26.752155 2.634911 20 3.3573578 0.92150229 11.138443 0.90922277 8 0 0 0 0.10543857 1 1 1 198346.63 4 16.249432 16.249432 16.249432 16.249432
"I.18.14.csv"	19	-0.022634838
3 1 16.249432 26.752155 2.634911 20 3.3573578 0.92150229 11.138443 0.90922277 8 0 0 0 0.10543857 1 1 1 198346.63 4 16.249432 16.249432 16.249432 16.249432
"I.18.14.csv"	19	-0.022634838
3 1 16.249432 26.752155 2.634911 20 3.3573578 0.92150229 11.138443 0.90922277 8 0 0 0 0.10543857 1 1 1 198346.63 4 16.249432 16.249432 16.249432 16.249432
"I.18.14.csv"	19	-0.022634838
3 1 16.249432 26.752155 2.634911 20 3.3573578 0.92150229 11.138443 0.90922277 8 0 0 0 0.10543857 1 1 1 198346.63 4 16.249432 16.249432 16.249432 16.249432
"I.18.14.csv"	19	-0.022634838
3 1 16.249432 26.752155 2.634911 20 3.3573578 0.92150229 11.138443 0.90922277 8 0 0 0 0.10543857 1 1 1 198346.63 4 16.249432 16.249432 16.249432 16.249432
"I.18.14.csv"	19	-0.022634838
3 1 16.249432 26.752155 2.634911 20 3.3573578 0.92150229 11.138443 0.90922277 8 0 0 0 0.10543857 1 1 1 198346.63 4 16.249432 16.249432 16.249432 16.249432
"I.18.14.csv"	19	-0.022634838
3 1 16.249432 26.752155 2.634911 20 3.3573578 0.92150229 11.138443 0.90922277 8 0 0 0 0.10543857 1 1 1 198346.63 4 16.249432 16.249432 16.249432 16.249432
"I.18.14.csv"	19	-0.022634838
3 1 16.249432 26.752155 2.634911 20 3.3573578 0.92150229 11.138443 0.90922277 8 0 0 0 0.10543857 1 1 1 198346.63 4 16.249432 16.249432 16.249432 16.249432
"I.18.14.csv"	4	-0.022634838
3 1 16.249432 26.752155 2.634911 20 3.3573578 0.92150229 11.138443 0.90922277 8 0 0 0 0.10543857 1 1 1 198346.63 4 16.249432 16.249432 16.249432 16.249432
"I.18.14.csv"	17	-0.022634838
3 1 16.249432 26.752155 2.634911 20 3.3573578 0.92150229 11.138443 0.90922277 8 0 0 0 0.10543857 1 1 1 198346.63 4 16.249432 16.249432 16.249432 16.249432
"I.18.14.csv"	19	0.44612126
3 1 16.148794 28.171029 2.221924 20 3.3495264 0.92872968 11.543667 0.84994819 8 0 0 0 0.081183181 1 1 1 798535.2 4 16.148794 16.148794 16.148794 16.148794
"I.18.14.csv"	19	0.38315844
3 1 16.148794 28.171029 2.221924 20 3.3495264 0.92872968 11.543667 0.84994819 8 0 0 0 0.081183181 1 1 1 798535.2 4 16.148794 16.148794 16.148794 16.148794
"I.18.14.csv"	19	-17.310742
3 1 16.148794 28.171029 2.221924 20 3.3495264 0.92872968 11.543667 0.84994819 8 0 0 0 0.081183181 1 1 1 798535.2 4 16.148794 16.148794 16.148794 16.148794
"I.18.14.csv"	19	2.5279104
3 1 16.148794 28.171029 2.221924 20 3.3495264 0.92872968 11.543667 0.84994819 8 0 0 0 0.081183181 1 1 1 798535.2 4 16.148794 16.148794 16.148794 16.148794
"I.18.14.csv"	19	-17.310742
3 1 16.148794 28.171029 2.221924 20 3.3495264 0.92872968 11.543667 0.84994819 8 0 0 0 0.081183181 1 1 1 798535.2 4 16.148794 16.148794 16.148794 16.148794
"I.18.14.csv"	19	-17.310742
3 1 16.148794 28.171029 2.221924 20 3.3495264 0.92872968 11.543667 0.84994819 8 0 0 0 0.081183181 1 1 1 798535.2 4 16.148794 16.148794 16.148794 16.148794
"I.18.14.csv"	19	-0.064817892
3 1 16.148794 28.171029 2.221924 20 3.3495264 0.92872968 11.543667 0.84994819 8 0 0 0 0.081183181 1 1 1 798535.2 4 16.148794 16.148794 16.148794 16.148794
"I.18.14.csv"	19	-0.064817892
3 1 16.148794 28.171029 2.221924 20 3.3495264 0.92872968 11.543667 0.84994819 8 0 0 0 0.081183181 1 1 1 798535.2 4 16.148794 16.148794 16.148794 16.148794
"I.18.14.csv"	19	-0.064817892
3 1 16.148794 28.171029 2.221924 20 3.3495264 0.92872968 11.543667 0.84994819 8 0 0 0 0.081183181 1 1 1 798535.2 4 16.148794 16.148794 16.148794 16.148794
"I.18.14.csv"	19	-0.064817892
3 1 16.148794 28.171029 2.221924 20 3.3495264 0.92872968 11.543667 0.84994819 8 0 0 0 0.081183181 1 1 1 798535.2 4 16.148794 16.148794 16.148794 16.148794
"I.18.14.csv"	19	-0.064817892
3 1 16.148794 28.171029 2.221924 20 3.3495264 0.92872968 11.543667 0.84994819 8 0 0 0 0.081183181 1 1 1 798535.2 4 16.148794 16.148794 16.148794 16.148794
"I.18.14.csv"	19	-0.064817892
3 1 16.148794 28.171029 2.221924 20 3.3495264 0.92872968 11.543667 0.84994819 8 0 0 0 0.081183181 1 1 1 798535.2 4 16.148794 16.148794 16.148794 16.148794
"I.18.14.csv"	19	-0.064817892
3 1 16.148794 28.171029 2.221924 20 3.3495264 0.92872968 11.543667 0.84994819 8 0 0 0 0.081183181 1 1 1 798535.2 4 16.148794 16.148794 16.148794 16.148794
"I.18.14.csv"	19	-0.064817892
3 1 16.148794 28.171029 2.221924 20 3.3495264 0.92872968 11.543667 0.84994819 8 0 0 0 0.081183181 1 1 1 798535.2 4 16.148794 16.148794 16.148794 16.148794
"I.18.14.csv"	19	0.0073153702
3 1 16.148794 28.171029 2.221924 20 3.3495264 0.92872968 11.543667 0.84994819 8 0 0 0 0.081183181 1 1 1 798535.2 4 16.148794 16.148794 16.148794 16.148794
"I.18.14.csv"	19	-0.064817892
3 1 16.148794 28.171029 2.221924 20 3.3495264 0.92872968 11.543667 0.84994819 8 0 0 0 0.081183181 1 1 1 798535.2 4 16.148794 16.148794 16.148794 16.148794
"I.18.14.csv"	19	-0.064817892
3 1 16.148794 28.171029 2.221924 20 3.3495264 0.92872968 11.543667 0.84994819 8 0 0 0 0.081183181 1 1 1 798535.2 4 16.148794 16.148794 16.148794 16.148794
"I.18.14.csv"	19	-0.064817892
3 1 16.148794 28.171029 2.221924 20 3.3495264 0.92872968 11.543667 0.84994819 8 0 0 0 0.081183181 1 1 1 798535.2 4 16.148794 16.148794 16.148794 16.148794
"I.18.14.csv"	4	-0.064817892
3 1 16.148794 28.171029 2.221924 20 3.3495264 0.92872968 11.543667 0.84994819 8 0 0 0 0.081183181 1 1 1 798535.2 4 16.148794 16.148794 16.148794 16.148794
"I.18.14.csv"	17	-0.064817892
3 1 16.148794 28.171029 2.221924 20 3.3495264 0.92872968 11.543667 0.84994819 8 0 0 0 0.081183181 1 1 1 798535.2 4 16.148794 16.148794 16.148794 16.148794
"I.18.14.csv"	19	-0.052426372
3 1 16.148794 28.171029 2.221924 20 3.3495264 0.92872968 11.543667 0.84994819 8 0 0 0 0.081183181 1 1 1 798535.2 4 16.148794 16.148794 16.148794 16.148794
"I.18.14.csv"	19	-0.052426372
3 1 16.148794 28.171029 2.221924 20 3.3495264 0.92872968 11.543667 0.84994819 8 0 0 0 0.081183181 1 1 1 798535.2 4 16.148794 16.148794 16.148794 16.148794
"I.18.14.csv"	19	-0.052426372
3 1 16.148794 28.171029 2.221924 20 3.3495264 0.92872968 11.543667 0.84994819 8 0 0 0 0.081183181 1 1 1 798535.2 4 16.148794 16.148794 16.148794 16.148794
"I.18.14.csv"	19	-0.052426372
3 1 16.148794 28.171029 2.221924 20 3.3495264 0.92872968 11.543667 0.84994819 8 0 0 0 0.081183181 1 1 1 798535.2 4 16.148794 16.148794 16.148794 16.148794
"I.18.14.csv"	19	-0.052426372
3 1 16.148794 28.171029 2.221924 20 3.3495264 0.92872968 11.543667 0.84994819 8 0 0 0 0.081183181 1 1 1 798535.2 4 16.148794 16.148794 16.148794 16.148794
"I.18.14.csv"	19	-0.052426372
3 1 16.148794 28.171029 2.221924 20 3.3495264 0.92872968 11.543667 0.84994819 8 0 0 0 0.081183181 1 1 1 798535.2 4 16.148794 16.148794 16.148794 16.148794
"I.18.14.csv"	19	-0.052426372
3 1 16.148794 28.171029 2.221924 20 3.3495264 0.92872968 11.543667 0.84994819 8 0 0 0 0.081183181 1 1 1 798535.2 4 16.148794 16.148794 16.148794 16.148794
"I.18.14.csv"	19	-0.052426372
3 1 16.148794 28.171029 2.221924 20 3.3495264 0.92872968 11.543667 0.84994819 8 0 0 0 0.081183181 1 1 1 798535.2 4 16.148794 16.148794 16.148794 16.148794
"I.18.14.csv"	19	-0.052426372
3 1 16.148794 28.171029 2.221924 20 3.3495264 0.92872968 11.543667 0.84994819 8 0 0 0 0.081183181 1 1 1 798535.2 4 16.148794 16.148794 16.148794 16.148794
"I.18.14.csv"	19	-0.052426372
3 1 16.148794 28.171029 2.221924 20 3.3495264 0.92872968 11.543667 0.84994819 8 0 0 0 0.081183181 1 1 1 798535.2 4 16.148794 16.148794 16.148794 16.148794
"I.18.14.csv"	19	-0.052426372
3 1 16.148794 28.171029 2.221924 20 3.3495264 0.92872968 11.543667 0.84994819 8 0 0 0 0.081183181 1 1 1 798535.2 4 16.148794 16.148794 16.148794 16.148794
"I.18.14.csv"	19	-0.052426372
3 1 16.148794 28.171029 2.221924 20 3.3495264 0.92872968 11.543667 0.84994819 8 0 0 0 0.081183181 1 1 1 798535.2 4 16.148794 16.148794 16.148794 16.148794
"I.18.14.csv"	4	-0.052426372
3 1 16.148794 28.171029 2.221924 20 3.3495264 0.92872968 11.543667 0.84994819 8 0 0 0 0.081183181 1 1 1 798535.2 4 16.148794 16.148794 16.148794 16.148794
"I.18.14.csv"	14	-0.052426372
3 1 16.148794 28.171029 2.221924 20 3.3495264 0.92872968 11.543667 0.84994819 8 0 0 0 0.081183181 1 1 1 798535.2 4 16.148794 16.148794 16.148794 16.148794
"I.18.14.csv"	17	-0.052426372
3 1 16.148794 28.171029 2.221924 20 3.3495264 0.92872968 11.543667 0.84994819 8 0 0 0 0.081183181 1 1 1 798535.2 4 16.148794 16.148794 16.148794 16.148794
"I.18.14.csv"	19	-0.052715574
3 1 16.148794 28.171029 2.221924 20 3.3495264 0.92872968 11.543667 0.84994819 8 0 0 0 0.081183181 1 1 1 798535.2 4 16.148794 16.148794 16.148794 16.148794
"I.18.14.csv"	19	-0.052715574
3 1 16.148794 28.171029 2.221924 20 3.3495264 0.92872968 11.543667 0.84994819 8 0 0 0 0.081183181 1 1 1 798535.2 4 16.148794 16.148794 16.148794 16.148794
"I.18.14.csv"	19	-0.052715574
3 1 16.148794 28.171029 2.221924 20 3.3495264 0.92872968 11.543667 0.84994819 8 0 0 0 0.081183181 1 1 1 798535.2 4 16.148794 16.148794 16.148794 16.148794
"I.18.14.csv"	19	-0.052715574
3 1 16.148794 28.171029 2.221924 20 3.3495264 0.92872968 11.543667 0.84994819 8 0 0 0 0.081183181 1 1 1 798535.2 4 16.148794 16.148794 16.148794 16.148794
"I.18.14.csv"	19	-0.052715574
3 1 16.148794 28.171029 2.221924 20 3.3495264 0.92872968 11.543667 0.84994819 8 0 0 0 0.081183181 1 1 1 798535.2 4 16.148794 16.148794 16.148794 16.148794
"I.18.14.csv"	19	-0.052715574
3 1 16.148794 28.171029 2.221924 20 3.3495264 0.92872968 11.543667 0.84994819 8 0 0 0 0.081183181 1 1 1 798535.2 4 16.148794 16.148794 16.148794 16.148794
"I.18.14.csv"	19	-0.052715574
3 1 16.148794 28.171029 2.221924 20 3.3495264 0.92872968 11.543667 0.84994819 8 0 0 0 0.081183181 1 1 1 798535.2 4 16.148794 16.148794 16.148794 16.148794
"I.18.14.csv"	19	-0.052715574
3 1 16.148794 28.171029 2.221924 20 3.3495264 0.92872968 11.543667 0.84994819 8 0 0 0 0.081183181 1 1 1 798535.2 4 16.148794 16.148794 16.148794 16.148794
"I.18.14.csv"	19	-0.052715574
3 1 16.148794 28.171029 2.221924 20 3.3495264 0.92872968 11.543667 0.84994819 8 0 0 0 0.081183181 1 1 1 798535.2 4 16.148794 16.148794 16.148794 16.148794
"I.18.14.csv"	19	-0.052715574
3 1 16.148794 28.171029 2.221924 20 3.3495264 0.92872968 11.543667 0.84994819 8 0 0 0 0.081183181 1 1 1 798535.2 4 16.148794 16.148794 16.148794 16.148794
"I.18.14.csv"	19	-0.052715574
3 1 16.148794 28.171029 2.221924 20 3.3495264 0.92872968 11.543667 0.84994819 8 0 0 0 0.081183181 1 1 1 798535.2 4 16.148794 16.148794 16.148794 16.148794
"I.18.14.csv"	19	-0.052715574
3 1 16.148794 28.171029 2.221924 20 3.3495264 0.92872968 11.543667 0.84994819 8 0 0 0 0.081183181 1 1 1 798535.2 4 16.148794 16.148794 16.148794 16.148794
"I.18.14.csv"	4	-0.052715574
3 1 16.148794 28.171029 2.221924 20 3.3495264 0.92872968 11.543667 0.84994819 8 0 0 0 0.081183181 1 1 1 798535.2 4 16.148794 16.148794 16.148794 16.148794
"I.18.14.csv"	14	-0.052715574
3 1 16.148794 28.171029 2.221924 20 3.3495264 0.92872968 11.543667 0.84994819 8 0 0 0 0.081183181 1 1 1 798535.2 4 16.148794 16.148794 16.148794 16.148794
"I.18.14.csv"	17	-0.052715574
3 1 16.148794 28.171029 2.221924 20 3.3495264 0.92872968 11.543667 0.84994819 8 0 0 0 0.081183181 1 1 1 798535.2 4 16.148794 16.148794 16.148794 16.148794
"I.18.14.csv"	19	-0.052781527
3 1 16.148794 28.171029 2.221924 20 3.3495264 0.92872968 11.543667 0.84994819 8 0 0 0 0.081183181 1 1 1 798535.2 4 16.148794 16.148794 16.148794 16.148794
"I.18.14.csv"	19	-0.052781527
3 1 16.148794 28.171029 2.221924 20 3.3495264 0.92872968 11.543667 0.84994819 8 0 0 0 0.081183181 1 1 1 798535.2 4 16.148794 16.148794 16.148794 16.148794
"I.18.14.csv"	19	-0.052781527
3 1 16.148794 28.171029 2.221924 20 3.3495264 0.92872968 11.543667 0.84994819 8 0 0 0 0.081183181 1 1 1 798535.2 4 16.148794 16.148794 16.148794 16.148794
"I.18.14.csv"	19	-0.052781527
3 1 16.148794 28.171029 2.221924 20 3.3495264 0.92872968 11.543667 0.84994819 8 0 0 0 0.081183181 1 1 1 798535.2 4 16.148794 16.148794 16.148794 16.148794
"I.18.14.csv"	19	-0.052781527
3 1 16.148794 28.171029 2.221924 20 3.3495264 0.92872968 11.543667 0.84994819 8 0 0 0 0.081183181 1 1 1 798535.2 4 16.148794 16.148794 16.148794 16.148794
"I.18.14.csv"	19	-0.052781527
3 1 16.148794 28.171029 2.221924 20 3.3495264 0.92872968 11.543667 0.84994819 8 0 0 0 0.081183181 1 1 1 798535.2 4 16.148794 16.148794 16.148794 16.148794
"I.18.14.csv"	19	-0.052781527
3 1 16.148794 28.171029 2.221924 20 3.3495264 0.92872968 11.543667 0.84994819 8 0 0 0 0.081183181 1 1 1 798535.2 4 16.148794 16.148794 16.148794 16.148794
"I.18.14.csv"	19	-0.052781527
3 1 16.148794 28.171029 2.221924 20 3.3495264 0.92872968 11.543667 0.84994819 8 0 0 0 0.081183181 1 1 1 798535.2 4 16.148794 16.148794 16.148794 16.148794
"I.18.14.csv"	19	-0.052781527
3 1 16.148794 28.171029 2.221924 20 3.3495264 0.92872968 11.543667 0.84994819 8 0 0 0 0.081183181 1 1 1 798535.2 4 16.148794 16.148794 16.148794 16.148794
"I.18.14.csv"	19	-0.052781527
3 1 16.148794 28.171029 2.221924 20 3.3495264 0.92872968 11.543667 0.84994819 8 0 0 0 0.081183181 1 1 1 798535.2 4 16.148794 16.148794 16.148794 16.148794
"I.18.14.csv"	19	-0.052781527
3 1 16.148794 28.171029 2.221924 20 3.3495264 0.92872968 11.543667 0.84994819 8 0 0 0 0.081183181 1 1 1 798535.2 4 16.148794 16.148794 16.148794 16.148794
"I.18.14.csv"	19	-0.052781527
3 1 16.148794 28.171029 2.221924 20 3.3495264 0.92872968 11.543667 0.84994819 8 0 0 0 0.081183181 1 1 1 798535.2 4 16.148794 16.148794 16.148794 16.148794
"I.18.14.csv"	4	-0.052781527
3 1 16.148794 28.171029 2.221924 20 3.3495264 0.92872968 11.543667 0.84994819 8 0 0 0 0.081183181 1 1 1 798535.2 4 16.148794 16.148794 16.148794 16.148794
"I.18.14.csv"	14	-0.052781527
3 1 16.148794 28.171029 2.221924 20 3.3495264 0.92872968 11.543667 0.84994819 8 0 0 0 0.081183181 1 1 1 798535.2 4 16.148794 16.148794 16.148794 16.148794
"I.18.14.csv"	17	-0.052781527
3 1 16.148794 28.171029 2.221924 20 3.3495264 0.92872968 11.543667 0.84994819 8 0 0 0 0.081183181 1 1 1 798535.2 4 16.148794 16.148794 16.148794 16.148794
"I.18.14.csv"	19	-0.052846465
3 1 16.148794 28.171029 2.221924 20 3.3495264 0.92872968 11.543667 0.84994819 8 0 0 0 0.081183181 1 1 1 798535.2 4 16.148794 16.148794 16.148794 16.148794
"I.18.14.csv"	19	-0.052846465
3 1 16.148794 28.171029 2.221924 20 3.3495264 0.92872968 11.543667 0.84994819 8 0 0 0 0.081183181 1 1 1 798535.2 4 16.148794 16.148794 16.148794 16.148794
"I.18.14.csv"	19	-0.052846465
3 1 16.148794 28.171029 2.221924 20 3.3495264 0.92872968 11.543667 0.84994819 8 0 0 0 0.081183181 1 1 1 798535.2 4 16.148794 16.148794 16.148794 16.148794
"I.18.14.csv"	19	-0.052846465
3 1 16.148794 28.171029 2.221924 20 3.3495264 0.92872968 11.543667 0.84994819 8 0 0 0 0.081183181 1 1 1 798535.2 4 16.148794 16.148794 16.148794 16.148794
"I.18.14.csv"	19	-0.052846465
3 1 16.148794 28.171029 2.221924 20 3.3495264 0.92872968 11.543667 0.84994819 8 0 0 0 0.081183181 1 1 1 798535.2 4 16.148794 16.148794 16.148794 16.148794
"I.18.14.csv"	19	-0.052846465
3 1 16.148794 28.171029 2.221924 20 3.3495264 0.92872968 11.543667 0.84994819 8 0 0 0 0.081183181 1 1 1 798535.2 4 16.148794 16.148794 16.148794 16.148794
"I.18.14.csv"	19	-0.052846465
3 1 16.148794 28.171029 2.221924 20 3.3495264 0.92872968 11.543667 0.84994819 8 0 0 0 0.081183181 1 1 1 798535.2 4 16.148794 16.148794 16.148794 16.148794
"I.18.14.csv"	19	-0.052846465
3 1 16.148794 28.171029 2.221924 20 3.3495264 0.92872968 11.543667 0.84994819 8 0 0 0 0.081183181 1 1 1 798535.2 4 16.148794 16.148794 16.148794 16.148794
"I.18.14.csv"	19	-0.052846465
3 1 16.148794 28.171029 2.221924 20 3.3495264 0.92872968 11.543667 0.84994819 8 0 0 0 0.081183181 1 1 1 798535.2 4 16.148794 16.148794 16.148794 16.148794
"I.18.14.csv"	19	-0.052846465
3 1 16.148794 28.171029 2.221924 20 3.3495264 0.92872968 11.543667 0.84994819 8 0 0 0 0.081183181 1 1 1 798535.2 4 16.148794 16.148794 16.148794 16.148794
"I.18.14.csv"	19	-0.052846465
3 1 16.148794 28.171029 2.221924 20 3.3495264 0.92872968 11.543667 0.84994819 8 0 0 0 0.081183181 1 1 1 798535.2 4 16.148794 16.148794 16.148794 16.148794
"I.18.14.csv"	19	-0.052846465
3 1 16.148794 28.171029 2.221924 20 3.3495264 0.92872968 11.543667 0.84994819 8 0 0 0 0.081183181 1 1 1 798535.2 4 16.148794 16.148794 16.148794 16.148794
"I.18.14.csv"	4	-0.052846465
3 1 16.148794 28.171029 2.221924 20 3.3495264 0.92872968 11.543667 0.84994819 8 0 0 0 0.081183181 1 1 1 798535.2 4 16.148794 16.148794 16.148794 16.148794
"I.18.14.csv"	14	-0.052846465
3 1 16.148794 28.171029 2.221924 20 3.3495264 0.92872968 11.543667 0.84994819 8 0 0 0 0.081183181 1 1 1 798535.2 4 16.148794 16.148794 16.148794 16.148794
"I.18.14.csv"	17	-0.052846465
3 1 16.148794 28.171029 2.221924 20 3.3495264 0.92872968 11.543667 0.84994819 8 0 0 0 0.081183181 1 1 1 798535.2 4 16.148794 16.148794 16.148794 16.148794
"I.18.14.csv"	19	-0.052901153
3 1 16.148794 28.171029 2.221924 20 3.3495264 0.92872968 11.543667 0.84994819 8 0 0 0 0.081183181 1 1 1 798535.2 4 16.148794 16.148794 16.148794 16.148794
"I.18.14.csv"	19	-0.052901153
3 1 16.148794 28.171029 2.221924 20 3.3495264 0.92872968 11.543667 0.84994819 8 0 0 0 0.081183181 1 1 1 798535.2 4 16.148794 16.148794 16.148794 16.148794
"I.18.14.csv"	19	-0.052901153
3 1 16.148794 28.171029 2.221924 20 3.3495264 0.92872968 11.543667 0.84994819 8 0 0 0 0.081183181 1 1 1 798535.2 4 16.148794 16.148794 16.148794 16.148794
"I.18.14.csv"	19	-0.052901153
3 1 16.148794 28.171029 2.221924 20 3.3495264 0.92872968 11.543667 0.84994819 8 0 0 0 0.081183181 1 1 1 798535.2 4 16.148794 16.148794 16.148794 16.148794
"I.18.14.csv"	19	-0.052901153
3 1 16.148794 28.171029 2.221924 20 3.3495264 0.92872968 11.543667 0.84994819 8 0 0 0 0.081183181 1 1 1 798535.2 4 16.148794 16.148794 16.148794 16.148794
"I.18.14.csv"	19	-0.052901153
3 1 16.148794 28.171029 2.221924 20 3.3495264 0.92872968 11.543667 0.84994819 8 0 0 0 0.081183181 1 1 1 798535.2 4 16.148794 16.148794 16.148794 16.148794
"I.18.14.csv"	19	-0.052901153
3 1 16.148794 28.171029 2.221924 20 3.3495264 0.92872968 11.543667 0.84994819 8 0 0 0 0.081183181 1 1 1 798535.2 4 16.148794 16.148794 16.148794 16.148794
"I.18.14.csv"	19	-0.052901153
3 1 16.148794 28.171029 2.221924 20 3.3495264 0.92872968 11.543667 0.84994819 8 0 0 0 0.081183181 1 1 1 798535.2 4 16.148794 16.148794 16.148794 16.148794
"I.18.14.csv"	19	-0.052901153
3 1 16.148794 28.171029 2.221924 20 3.3495264 0.92872968 11.543667 0.84994819 8 0 0 0 0.081183181 1 1 1 798535.2 4 16.148794 16.148794 16.148794 16.148794
"I.18.14.csv"	19	-0.052901153
3 1 16.148794 28.171029 2.221924 20 3.3495264 0.92872968 11.543667 0.84994819 8 0 0 0 0.081183181 1 1 1 798535.2 4 16.148794 16.148794 16.148794 16.148794
"I.18.14.csv"	19	-0.052901153
3 1 16.148794 28.171029 2.221924 20 3.3495264 0.92872968 11.543667 0.84994819 8 0 0 0 0.081183181 1 1 1 798535.2 4 16.148794 16.148794 16.148794 16.148794
"I.18.14.csv"	19	-0.052901153
3 1 16.148794 28.171029 2.221924 20 3.3495264 0.92872968 11.543667 0.84994819 8 0 0 0 0.081183181 1 1 1 798535.2 4 16.148794 16.148794 16.148794 16.148794
"I.18.14.csv"	4	-0.052901153
3 1 16.148794 28.171029 2.221924 20 3.3495264 0.92872968 11.543667 0.84994819 8 0 0 0 0.081183181 1 1 1 798535.2 4 16.148794 16.148794 16.148794 16.148794
"I.18.14.csv"	14	-0.052901153
3 1 16.148794 28.171029 2.221924 20 3.3495264 0.92872968 11.543667 0.84994819 8 0 0 0 0.081183181 1 1 1 798535.2 4 16.148794 16.148794 16.148794 16.148794
"I.18.14.csv"	17	-0.052901153
3 1 16.148794 28.171029 2.221924 20 3.3495264 0.92872968 11.543667 0.84994819 8 0 0 0 0.081183181 1 1 1 798535.2 4 16.148794 16.148794 16.148794 16.148794
"I.24.6.csv"	3	8.5198548e-05
2 1 2.4228393 1.203977 0.398689 4.843929 4.0512226 0.99420281 2.5043698 2.5924898 4 1 1 1 -0.039363036 0 1 1 1372371 4 2.4228393 2.4228393 2.4228393 2.4228393
"I.24.6.csv"	1	-0.066714275
2 1 2.4228393 1.203977 0.398689 4.843929 4.0512226 0.99420281 2.5043698 2.5924898 4 1 1 1 -0.039363036 0 1 1 1372371 4 2.4228393 2.4228393 2.4228393 2.4228393
"I.24.6.csv"	12	-0.066714275
2 1 2.4228393 1.203977 0.398689 4.843929 4.0512226 0.99420281 2.5043698 2.5924898 4 1 1 1 -0.039363036 0 1 1 1372371 4 2.4228393 2.4228393 2.4228393 2.4228393
"I.24.6.csv"	21	-0.0017119854
2 1 2.4228393 1.203977 0.398689 4.843929 4.0512226 0.99420281 2.5043698 2.5924898 4 1 1 1 -0.039363036 0 1 1 1372371 4 2.4228393 2.4228393 2.4228393 2.4228393
"I.24.6.csv"	3	0.00099616587
2 1 2.4228393 1.203977 0.398689 4.843929 4.0512226 0.99420281 2.5043698 2.5924898 4 1 1 1 -0.039363036 0 1 1 1372371 4 2.4228393 2.4228393 2.4228393 2.4228393
"I.24.6.csv"	1	-0.0017119854
2 1 2.4228393 1.203977 0.398689 4.843929 4.0512226 0.99420281 2.5043698 2.5924898 4 1 1 1 -0.039363036 0 1 1 1372371 4 2.4228393 2.4228393 2.4228393 2.4228393
"I.24.6.csv"	12	-0.0017119854
2 1 2.4228393 1.203977 0.398689 4.843929 4.0512226 0.99420281 2.5043698 2.5924898 4 1 1 1 -0.039363036 0 1 1 1372371 4 2.4228393 2.4228393 2.4228393 2.4228393
"I.24.6.csv"	4	-0.0017119854
2 1 2.4228393 1.203977 0.398689 4.843929 4.0512226 0.99420281 2.5043698 2.5924898 4 1 1 1 -0.039363036 0 1 1 1372371 4 2.4228393 2.4228393 2.4228393 2.4228393
"I.24.6.csv"	2	-0.0017119854
2 1 2.4228393 1.203977 0.398689 4.843929 4.0512226 0.99420281 2.5043698 2.5924898 4 1 1 1 -0.039363036 0 1 1 1372371 4 2.4228393 2.4228393 2.4228393 2.4228393
"I.24.6.csv"	12	-0.00079654894
2 1 2.4228393 1.203977 0.398689 4.843929 4.0512226 0.99420281 2.5043698 2.5924898 4 1 1 1 -0.039363036 0 1 1 1372371 4 2.4228393 2.4228393 2.4228393 2.4228393
"I.24.6.csv"	14	2.761182e-05
2 1 2.4228393 1.203977 0.398689 4.843929 4.0512226 0.99420281 2.5043698 2.5924898 4 1 1 1 -0.039363036 0 1 1 1372371 4 2.4228393 2.4228393 2.4228393 2.4228393
"I.24.6.csv"	21	-0.00059855906
2 1 2.4228393 1.203977 0.398689 4.843929 4.0512226 0.99420281 2.5043698 2.5924898 4 1 1 1 -0.039363036 0 1 1 1372371 4 2.4228393 2.4228393 2.4228393 2.4228393
"I.24.6.csv"	3	-0.00059855906
2 1 2.4228393 1.203977 0.398689 4.843929 4.0512226 0.99420281 2.5043698 2.5924898 4 1 1 1 -0.039363036 0 1 1 1372371 4 2.4228393 2.4228393 2.4228393 2.4228393
"I.24.6.csv"	12	-0.00059855906
2 1 2.4228393 1.203977 0.398689 4.843929 4.0512226 0.99420281 2.5043698 2.5924898 4 1 1 1 -0.039363036 0 1 1 1372371 4 2.4228393 2.4228393 2.4228393 2.4228393
"I.24.6.csv"	4	-0.00059855906
2 1 2.4228393 1.203977 0.398689 4.843929 4.0512226 0.99420281 2.5043698 2.5924898 4 1 1 1 -0.039363036 0 1 1 1372371 4 2.4228393 2.4228393 2.4228393 2.4228393
"I.24.6.csv"	2	-0.00059855906
2 1 2.4228393 1.203977 0.398689 4.843929 4.0512226 0.99420281 2.5043698 2.5924898 4 1 1 1 -0.039363036 0 1 1 1372371 4 2.4228393 2.4228393 2.4228393 2.4228393
"I.24.6.csv"	14	2.755841e-05
2 1 2.4228393 1.203977 0.398689 4.843929 4.0512226 0.99420281 2.5043698 2.5924898 4 1 1 1 -0.039363036 0 1 1 1372371 4 2.4228393 2.4228393 2.4228393 2.4228393
"I.24.6.csv"	21	-0.00059855906
2 1 2.4228393 1.203977 0.398689 4.843929 4.0512226 0.99420281 2.5043698 2.5924898 4 1 1 1 -0.039363036 0 1 1 1372371 4 2.4228393 2.4228393 2.4228393 2.4228393
"I.24.6.csv"	3	-0.00059855906
2 1 2.4228393 1.203977 0.398689 4.843929 4.0512226 0.99420281 2.5043698 2.5924898 4 1 1 1 -0.039363036 0 1 1 1372371 4 2.4228393 2.4228393 2.4228393 2.4228393
"I.24.6.csv"	3	-0.0011586181
2 1 2.4228393 1.203977 0.398689 4.843929 4.0512226 0.99420281 2.5043698 2.5924898 4 1 1 1 -0.039363036 0 1 1 1372371 4 2.4228393 2.4228393 2.4228393 2.4228393
"I.24.6.csv"	4	-0.0011586181
2 1 2.4228393 1.203977 0.398689 4.843929 4.0512226 0.99420281 2.5043698 2.5924898 4 1 1 1 -0.039363036 0 1 1 1372371 4 2.4228393 2.4228393 2.4228393 2.4228393
"I.24.6.csv"	2	-0.0011586181
2 1 2.4228393 1.203977 0.398689 4.843929 4.0512226 0.99420281 2.5043698 2.5924898 4 1 1 1 -0.039363036 0 1 1 1372371 4 2.4228393 2.4228393 2.4228393 2.4228393
"I.24.6.csv"	21	-0.0011586181
2 1 2.4228393 1.203977 0.398689 4.843929 4.0512226 0.99420281 2.5043698 2.5924898 4 1 1 1 -0.039363036 0 1 1 1372371 4 2.4228393 2.4228393 2.4228393 2.4228393
"I.24.6.csv"	3	-0.0011586181
2 1 2.4228393 1.203977 0.398689 4.843929 4.0512226 0.99420281 2.5043698 2.5924898 4 1 1 1 -0.039363036 0 1 1 1372371 4 2.4228393 2.4228393 2.4228393 2.4228393
"I.24.6.csv"	12	-0.0011586181
2 1 2.4228393 1.203977 0.398689 4.843929 4.0512226 0.99420281 2.5043698 2.5924898 4 1 1 1 -0.039363036 0 1 1 1372371 4 2.4228393 2.4228393 2.4228393 2.4228393
"I.24.6.csv"	4	-0.0011586181
2 1 2.4228393 1.203977 0.398689 4.843929 4.0512226 0.99420281 2.5043698 2.5924898 4 1 1 1 -0.039363036 0 1 1 1372371 4 2.4228393 2.4228393 2.4228393 2.4228393
"I.24.6.csv"	2	-0.0011586181
2 1 2.4228393 1.203977 0.398689 4.843929 4.0512226 0.99420281 2.5043698 2.5924898 4 1 1 1 -0.039363036 0 1 1 1372371 4 2.4228393 2.4228393 2.4228393 2.4228393
"I.24.6.csv"	12	-0.0005969487
2 1 2.4228393 1.203977 0.398689 4.843929 4.0512226 0.99420281 2.5043698 2.5924898 4 1 1 1 -0.039363036 0 1 1 1372371 4 2.4228393 2.4228393 2.4228393 2.4228393
"I.24.6.csv"	21	-0.00087958468
2 1 2.4228393 1.203977 0.398689 4.843929 4.0512226 0.99420281 2.5043698 2.5924898 4 1 1 1 -0.039363036 0 1 1 1372371 4 2.4228393 2.4228393 2.4228393 2.4228393
"I.24.6.csv"	3	-0.00087958468
2 1 2.4228393 1.203977 0.398689 4.843929 4.0512226 0.99420281 2.5043698 2.5924898 4 1 1 1 -0.039363036 0 1 1 1372371 4 2.4228393 2.4228393 2.4228393 2.4228393
"I.24.6.csv"	1	-0.00087958468
2 1 2.4228393 1.203977 0.398689 4.843929 4.0512226 0.99420281 2.5043698 2.5924898 4 1 1 1 -0.039363036 0 1 1 1372371 4 2.4228393 2.4228393 2.4228393 2.4228393
"I.24.6.csv"	12	-0.00087958468
2 1 2.4228393 1.203977 0.398689 4.843929 4.0512226 0.99420281 2.5043698 2.5924898 4 1 1 1 -0.039363036 0 1 1 1372371 4 2.4228393 2.4228393 2.4228393 2.4228393
"I.24.6.csv"	4	-0.00087958468
2 1 2.4228393 1.203977 0.398689 4.843929 4.0512226 0.99420281 2.5043698 2.5924898 4 1 1 1 -0.039363036 0 1 1 1372371 4 2.4228393 2.4228393 2.4228393 2.4228393
"I.24.6.csv"	2	-0.00087958468
2 1 2.4228393 1.203977 0.398689 4.843929 4.0512226 0.99420281 2.5043698 2.5924898 4 1 1 1 -0.039363036 0 1 1 1372371 4 2.4228393 2.4228393 2.4228393 2.4228393
"I.25.9.csv"	1	-0.019264572
2 1 1.3753652 0.22168981 0.607371 2.444098 3.9009622 0.99809271 0.26456261 0.084168347 5 0 0 0 0.035550894 1 1 1 522838.5 4 1.3753652 1.3753652 1.3753652 1.3753652
"I.25.9.csv"	12	-0.019264572
2 1 1.3753652 0.22168981 0.607371 2.444098 3.9009622 0.99809271 0.26456261 0.084168347 5 0 0 0 0.035550894 1 1 1 522838.5 4 1.3753652 1.3753652 1.3753652 1.3753652
"I.25.9.csv"	2	3.516291e-05
2 1 1.3753652 0.22168981 0.607371 2.444098 3.9009622 0.99809271 0.26456261 0.084168347 5 0 0 0 0.035550894 1 1 1 522838.5 4 1.3753652 1.3753652 1.3753652 1.3753652
"I.25.9.csv"	12	-5.5009929e-05
2 1 1.3753652 0.22168981 0.607371 2.444098 3.9009622 0.99809271 0.26456261 0.084168347 5 0 0 0 0.035550894 1 1 1 522838.5 4 1.3753652 1.3753652 1.3753652 1.3753652
"I.25.9.csv"	1	-5.5009929e-05
2 1 1.3753652 0.22168981 0.607371 2.444098 3.9009622 0.99809271 0.26456261 0.084168347 5 0 0 0 0.035550894 1 1 1 522838.5 4 1.3753652 1.3753652 1.3753652 1.3753652
"I.24.6.csv"	3	5.7555446e-05
2 1 2.4294909 1.3008119 0.429653 4.723354 3.7646495 0.99385545 3.0054967 2.8975548 4 0 0 0 -0.025228243 1 1 1 1372371 4 2.4294909 2.4294909 2.4294909 2.4294909
"I.24.6.csv"	1	-0.070156876
2 1 2.4294909 1.3008119 0.429653 4.723354 3.7646495 0.99385545 3.0054967 2.8975548 4 0 0 0 -0.025228243 1 1 1 1372371 4 2.4294909 2.4294909 2.4294909 2.4294909
"I.24.6.csv"	12	-0.070156876
2 1 2.4294909 1.3008119 0.429653 4.723354 3.7646495 0.99385545 3.0054967 2.8975548 4 0 0 0 -0.025228243 1 1 1 1372371 4 2.4294909 2.4294909 2.4294909 2.4294909
"I.24.6.csv"	2	0.00085254586
2 1 2.4294909 1.3008119 0.429653 4.723354 3.7646495 0.99385545 3.0054967 2.8975548 4 0 0 0 -0.025228243 1 1 1 1372371 4 2.4294909 2.4294909 2.4294909 2.4294909
"I.24.6.csv"	17	-0.070156876
2 1 2.4294909 1.3008119 0.429653 4.723354 3.7646495 0.99385545 3.0054967 2.8975548 4 0 0 0 -0.025228243 1 1 1 1372371 4 2.4294909 2.4294909 2.4294909 2.4294909
"I.24.6.csv"	12	-0.0025782027
2 1 2.4294909 1.3008119 0.429653 4.723354 3.7646495 0.99385545 3.0054967 2.8975548 4 0 0 0 -0.025228243 1 1 1 1372371 4 2.4294909 2.4294909 2.4294909 2.4294909
"I.24.6.csv"	21	-0.0010187092
2 1 2.4294909 1.3008119 0.429653 4.723354 3.7646495 0.99385545 3.0054967 2.8975548 4 0 0 0 -0.025228243 1 1 1 1372371 4 2.4294909 2.4294909 2.4294909 2.4294909
"I.24.6.csv"	3	-0.0010187092
2 1 2.4294909 1.3008119 0.429653 4.723354 3.7646495 0.99385545 3.0054967 2.8975548 4 0 0 0 -0.025228243 1 1 1 1372371 4 2.4294909 2.4294909 2.4294909 2.4294909
"I.24.6.csv"	12	-0.0010187092
2 1 2.4294909 1.3008119 0.429653 4.723354 3.7646495 0.99385545 3.0054967 2.8975548 4 0 0 0 -0.025228243 1 1 1 1372371 4 2.4294909 2.4294909 2.4294909 2.4294909
"I.24.6.csv"	4	-0.0010187092
2 1 2.4294909 1.3008119 0.429653 4.723354 3.7646495 0.99385545 3.0054967 2.8975548 4 0 0 0 -0.025228243 1 1 1 1372371 4 2.4294909 2.4294909 2.4294909 2.4294909
"I.24.6.csv"	2	-0.0010187092
2 1 2.4294909 1.3008119 0.429653 4.723354 3.7646495 0.99385545 3.0054967 2.8975548 4 0 0 0 -0.025228243 1 1 1 1372371 4 2.4294909 2.4294909 2.4294909 2.4294909
"I.24.6.csv"	21	-0.00088968188
2 1 2.4294909 1.3008119 0.429653 4.723354 3.7646495 0.99385545 3.0054967 2.8975548 4 0 0 0 -0.025228243 1 1 1 1372371 4 2.4294909 2.4294909 2.4294909 2.4294909
"I.24.6.csv"	14	1.809591e-05
2 1 2.4294909 1.3008119 0.429653 4.723354 3.7646495 0.99385545 3.0054967 2.8975548 4 0 0 0 -0.025228243 1 1 1 1372371 4 2.4294909 2.4294909 2.4294909 2.4294909
"I.24.6.csv"	4	-0.00071432795
2 1 2.4294909 1.3008119 0.429653 4.723354 3.7646495 0.99385545 3.0054967 2.8975548 4 0 0 0 -0.025228243 1 1 1 1372371 4 2.4294909 2.4294909 2.4294909 2.4294909
"I.24.6.csv"	21	-0.00071432795
2 1 2.4294909 1.3008119 0.429653 4.723354 3.7646495 0.99385545 3.0054967 2.8975548 4 0 0 0 -0.025228243 1 1 1 1372371 4 2.4294909 2.4294909 2.4294909 2.4294909
"I.24.6.csv"	3	-0.00071432795
2 1 2.4294909 1.3008119 0.429653 4.723354 3.7646495 0.99385545 3.0054967 2.8975548 4 0 0 0 -0.025228243 1 1 1 1372371 4 2.4294909 2.4294909 2.4294909 2.4294909
"I.24.6.csv"	12	-0.00071432795
2 1 2.4294909 1.3008119 0.429653 4.723354 3.7646495 0.99385545 3.0054967 2.8975548 4 0 0 0 -0.025228243 1 1 1 1372371 4 2.4294909 2.4294909 2.4294909 2.4294909
"I.24.6.csv"	2	-0.00071432795
2 1 2.4294909 1.3008119 0.429653 4.723354 3.7646495 0.99385545 3.0054967 2.8975548 4 0 0 0 -0.025228243 1 1 1 1372371 4 2.4294909 2.4294909 2.4294909 2.4294909
"I.24.6.csv"	17	-0.00071432795
2 1 2.4294909 1.3008119 0.429653 4.723354 3.7646495 0.99385545 3.0054967 2.8975548 4 0 0 0 -0.025228243 1 1 1 1372371 4 2.4294909 2.4294909 2.4294909 2.4294909
"I.24.6.csv"	4	-0.00071571752
2 1 2.4294909 1.3008119 0.429653 4.723354 3.7646495 0.99385545 3.0054967 2.8975548 4 0 0 0 -0.025228243 1 1 1 1372371 4 2.4294909 2.4294909 2.4294909 2.4294909
"I.24.6.csv"	21	-0.00071571752
2 1 2.4294909 1.3008119 0.429653 4.723354 3.7646495 0.99385545 3.0054967 2.8975548 4 0 0 0 -0.025228243 1 1 1 1372371 4 2.4294909 2.4294909 2.4294909 2.4294909
"I.24.6.csv"	3	-0.00071571752
2 1 2.4294909 1.3008119 0.429653 4.723354 3.7646495 0.99385545 3.0054967 2.8975548 4 0 0 0 -0.025228243 1 1 1 1372371 4 2.4294909 2.4294909 2.4294909 2.4294909
"I.24.6.csv"	1	-0.00071571752
2 1 2.4294909 1.3008119 0.429653 4.723354 3.7646495 0.99385545 3.0054967 2.8975548 4 0 0 0 -0.025228243 1 1 1 1372371 4 2.4294909 2.4294909 2.4294909 2.4294909
"I.24.6.csv"	12	-0.00071571752
2 1 2.4294909 1.3008119 0.429653 4.723354 3.7646495 0.99385545 3.0054967 2.8975548 4 0 0 0 -0.025228243 1 1 1 1372371 4 2.4294909 2.4294909 2.4294909 2.4294909
"I.24.6.csv"	2	-0.00071571752
2 1 2.4294909 1.3008119 0.429653 4.723354 3.7646495 0.99385545 3.0054967 2.8975548 4 0 0 0 -0.025228243 1 1 1 1372371 4 2.4294909 2.4294909 2.4294909 2.4294909
"I.24.6.csv"	17	-0.00071571752
2 1 2.4294909 1.3008119 0.429653 4.723354 3.7646495 0.99385545 3.0054967 2.8975548 4 0 0 0 -0.025228243 1 1 1 1372371 4 2.4294909 2.4294909 2.4294909 2.4294909
"I.24.6.csv"	14	-0.00069335551
2 1 2.4294909 1.3008119 0.429653 4.723354 3.7646495 0.99385545 3.0054967 2.8975548 4 0 0 0 -0.025228243 1 1 1 1372371 4 2.4294909 2.4294909 2.4294909 2.4294909
"I.24.6.csv"	21	-0.00069335551
2 1 2.4294909 1.3008119 0.429653 4.723354 3.7646495 0.99385545 3.0054967 2.8975548 4 0 0 0 -0.025228243 1 1 1 1372371 4 2.4294909 2.4294909 2.4294909 2.4294909
"I.24.6.csv"	3	-0.00069335551
2 1 2.4294909 1.3008119 0.429653 4.723354 3.7646495 0.99385545 3.0054967 2.8975548 4 0 0 0 -0.025228243 1 1 1 1372371 4 2.4294909 2.4294909 2.4294909 2.4294909
"I.24.6.csv"	1	-0.00069335551
2 1 2.4294909 1.3008119 0.429653 4.723354 3.7646495 0.99385545 3.0054967 2.8975548 4 0 0 0 -0.025228243 1 1 1 1372371 4 2.4294909 2.4294909 2.4294909 2.4294909
"I.24.6.csv"	12	-0.00069335551
2 1 2.4294909 1.3008119 0.429653 4.723354 3.7646495 0.99385545 3.0054967 2.8975548 4 0 0 0 -0.025228243 1 1 1 1372371 4 2.4294909 2.4294909 2.4294909 2.4294909
"I.24.6.csv"	17	-0.00069335551
2 1 2.4294909 1.3008119 0.429653 4.723354 3.7646495 0.99385545 3.0054967 2.8975548 4 0 0 0 -0.025228243 1 1 1 1372371 4 2.4294909 2.4294909 2.4294909 2.4294909
"I.24.6.csv"	4	0.00015964666
2 1 2.4294909 1.3008119 0.429653 4.723354 3.7646495 0.99385545 3.0054967 2.8975548 4 0 0 0 -0.025228243 1 1 1 1372371 4 2.4294909 2.4294909 2.4294909 2.4294909
"I.24.6.csv"	21	0.00022479622
2 1 2.4294909 1.3008119 0.429653 4.723354 3.7646495 0.99385545 3.0054967 2.8975548 4 0 0 0 -0.025228243 1 1 1 1372371 4 2.4294909 2.4294909 2.4294909 2.4294909
"I.24.6.csv"	12	-0.00070801827
2 1 2.4294909 1.3008119 0.429653 4.723354 3.7646495 0.99385545 3.0054967 2.8975548 4 0 0 0 -0.025228243 1 1 1 1372371 4 2.4294909 2.4294909 2.4294909 2.4294909
"I.24.6.csv"	2	7.1638e-05
2 1 2.4294909 1.3008119 0.429653 4.723354 3.7646495 0.99385545 3.0054967 2.8975548 4 0 0 0 -0.025228243 1 1 1 1372371 4 2.4294909 2.4294909 2.4294909 2.4294909
"I.29.16.csv"	19	0.026260697
3 1 0.56533056 2.3955166 -2.877677 2.870823 3.7141115 0.51286016 3.7231024 0.83003132 8 0 0 0 0.41447171 1 1 0 1816652 4 0.56533056 0.56533056 0.56533056 0.56533056
"I.29.16.csv"	21	0.016082162
3 1 0.56533056 2.3955166 -2.877677 2.870823 3.7141115 0.51286016 3.7231024 0.83003132 8 0 0 0 0.41447171 1 1 0 1816652 4 0.56533056 0.56533056 0.56533056 0.56533056
"I.29.16.csv"	3	0.017615785
3 1 0.56533056 2.3955166 -2.877677 2.870823 3.7141115 0.51286016 3.7231024 0.83003132 8 0 0 0 0.41447171 1 1 0 1816652 4 0.56533056 0.56533056 0.56533056 0.56533056
"I.29.16.csv"	12	-0.18405838
3 1 0.56533056 2.3955166 -2.877677 2.870823 3.7141115 0.51286016 3.7231024 0.83003132 8 0 0 0 0.41447171 1 1 0 1816652 4 0.56533056 0.56533056 0.56533056 0.56533056
"I.29.16.csv"	4	0.015299325
3 1 0.56533056 2.3955166 -2.877677 2.870823 3.7141115 0.51286016 3.7231024 0.83003132 8 0 0 0 0.41447171 1 1 0 1816652 4 0.56533056 0.56533056 0.56533056 0.56533056
"I.29.16.csv"	2	0.011651463
3 1 0.56533056 2.3955166 -2.877677 2.870823 3.7141115 0.51286016 3.7231024 0.83003132 8 0 0 0 0.41447171 1 1 0 1816652 4 0.56533056 0.56533056 0.56533056 0.56533056
"I.29.16.csv"	21	0.019239773
3 1 0.56533056 2.3955166 -2.877677 2.870823 3.7141115 0.51286016 3.7231024 0.83003132 8 0 0 0 0.41447171 1 1 0 1816652 4 0.56533056 0.56533056 0.56533056 0.56533056
"I.29.16.csv"	3	0.019454283
3 1 0.56533056 2.3955166 -2.877677 2.870823 3.7141115 0.51286016 3.7231024 0.83003132 8 0 0 0 0.41447171 1 1 0 1816652 4 0.56533056 0.56533056 0.56533056 0.56533056
"I.29.16.csv"	12	-0.18527169
3 1 0.56533056 2.3955166 -2.877677 2.870823 3.7141115 0.51286016 3.7231024 0.83003132 8 0 0 0 0.41447171 1 1 0 1816652 4 0.56533056 0.56533056 0.56533056 0.56533056
"I.29.16.csv"	4	0.019412811
3 1 0.56533056 2.3955166 -2.877677 2.870823 3.7141115 0.51286016 3.7231024 0.83003132 8 0 0 0 0.41447171 1 1 0 1816652 4 0.56533056 0.56533056 0.56533056 0.56533056
"I.29.16.csv"	2	0.019450311
3 1 0.56533056 2.3955166 -2.877677 2.870823 3.7141115 0.51286016 3.7231024 0.83003132 8 0 0 0 0.41447171 1 1 0 1816652 4 0.56533056 0.56533056 0.56533056 0.56533056
"I.32.8.csv"	19	-5.6690521
3 1 5.2208607 43.643478 0.051101 20 3.0196684 0.9364675 9.997737 2.808119 6 0 0 0 0.065999286 1 1 1 1177684.4 4 5.2208607 5.2208607 5.2208607 5.2208607
"I.32.8.csv"	19	-5.6690521
3 1 5.2208607 43.643478 0.051101 20 3.0196684 0.9364675 9.997737 2.808119 6 0 0 0 0.065999286 1 1 1 1177684.4 4 5.2208607 5.2208607 5.2208607 5.2208607
"I.32.8.csv"	19	-5.6690521
3 1 5.2208607 43.643478 0.051101 20 3.0196684 0.9364675 9.997737 2.808119 6 0 0 0 0.065999286 1 1 1 1177684.4 4 5.2208607 5.2208607 5.2208607 5.2208607
"I.32.8.csv"	19	-5.6690521
3 1 5.2208607 43.643478 0.051101 20 3.0196684 0.9364675 9.997737 2.808119 6 0 0 0 0.065999286 1 1 1 1177684.4 4 5.2208607 5.2208607 5.2208607 5.2208607
"I.34.6.csv"	-1	1.8899279e-05
1 1 0.59944817 0.04867178 0.230261 0.993115 3.4578234 0.99923413 0.80971589 0.010409662 2 0 0 0 0 1 0 1 1.200931 0
"I.34.6.csv"	3	1.0117672e-05
1 1 0.59944817 0.04867178 0.230261 0.993115 3.4578234 0.99923413 0.80971589 0.010409662 2 0 0 0 0 1 0 1 1.200931 0
"I.34.6.csv"	12	-6.0567687e-05
1 1 0.59944817 0.04867178 0.230261 0.993115 3.4578234 0.99923413 0.80971589 0.010409662 2 0 0 0 0 1 0 1 1.200931 0
"I.34.6.csv"	1	-6.0567687e-05
1 1 0.59944817 0.04867178 0.230261 0.993115 3.4578234 0.99923413 0.80971589 0.010409662 2 0 0 0 0 1 0 1 1.200931 0
"I.34.6.csv"	4	3.2046505e-06
1 1 0.59944817 0.04867178 0.230261 0.993115 3.4578234 0.99923413 0.80971589 0.010409662 2 0 0 0 0 1 0 1 1.200931 0
"I.43.27.csv"	19	0.001801685
3 1 0.32244684 0.13223162 0.023461 2.081689 5.6601225 0.93035387 1.1341789 0.17363026 5 0 0 0 0.1221127 0 1 1 30088.75 4 0.32244684 0.32244684 0.32244684 0.32244684
"I.43.27.csv"	19	0.00013295478
3 1 0.32244684 0.13223162 0.023461 2.081689 5.6601225 0.93035387 1.1341789 0.17363026 5 0 0 0 0.1221127 0 1 1 30088.75 4 0.32244684 0.32244684 0.32244684 0.32244684
"I.43.27.csv"	4	0.00015499452
3 1 0.32244684 0.13223162 0.023461 2.081689 5.6601225 0.93035387 1.1341789 0.17363026 5 0 0 0 0.1221127 0 1 1 30088.75 4 0.32244684 0.32244684 0.32244684 0.32244684
"I.43.27.csv"	19	9.2205035e-05
3 1 0.32244684 0.13223162 0.023461 2.081689 5.6601225 0.93035387 1.1341789 0.17363026 5 0 0 0 0.1221127 0 1 1 30088.75 4 0.32244684 0.32244684 0.32244684 0.32244684
"I.43.27.csv"	19	-0.00020488293
3 1 0.32244684 0.13223162 0.023461 2.081689 5.6601225 0.93035387 1.1341789 0.17363026 5 0 0 0 0.1221127 0 1 1 30088.75 4 0.32244684 0.32244684 0.32244684 0.32244684
"I.47.23.csv"	3	0.00010814626
2 1 1.0381841 0.11173876 0.472179 2.08782 4.8332909 0.99229898 0.43291467 0.055661812 4 0 0 0 0.043725647 0 1 1 77803.8 4 1.0381841 1.0381841 1.0381841 1.0381841
"I.47.23.csv"	1	-0.0038592204
2 1 1.0381841 0.11173876 0.472179 2.08782 4.8332909 0.99229898 0.43291467 0.055661812 4 0 0 0 0.043725647 0 1 1 77803.8 4 1.0381841 1.0381841 1.0381841 1.0381841
"I.47.23.csv"	12	-0.0038592204
2 1 1.0381841 0.11173876 0.472179 2.08782 4.8332909 0.99229898 0.43291467 0.055661812 4 0 0 0 0.043725647 0 1 1 77803.8 4 1.0381841 1.0381841 1.0381841 1.0381841
"I.47.23.csv"	1	-1.1353712e-05
2 1 1.0381841 0.11173876 0.472179 2.08782 4.8332909 0.99229898 0.43291467 0.055661812 4 0 0 0 0.043725647 0 1 1 77803.8 4 1.0381841 1.0381841 1.0381841 1.0381841
"I.47.23.csv"	4	4.4108759e-08
2 1 1.0381841 0.11173876 0.472179 2.08782 4.8332909 0.99229898 0.43291467 0.055661812 4 0 0 0 0.043725647 0 1 1 77803.8 4 1.0381841 1.0381841 1.0381841 1.0381841
"I.47.23.csv"	2	-1.1353712e-05
2 1 1.0381841 0.11173876 0.472179 2.08782 4.8332909 0.99229898 0.43291467 0.055661812 4 0 0 0 0.043725647 0 1 1 77803.8 4 1.0381841 1.0381841 1.0381841 1.0381841
"II.11.27.csv"	4	-1.3640812
3 1 5.2457093 16.355152 0.367316 20 4.8545881 0.98791937 9.2665215 2.9638506 6 0 0 0 0.13800945 0 1 1 153975.82 4 5.2457093 5.2457093 5.2457093 5.2457093
"II.11.27.csv"	21	0.069905345
3 1 5.2457093 16.355152 0.367316 20 4.8545881 0.98791937 9.2665215 2.9638506 6 0 0 0 0.13800945 0 1 1 153975.82 4 5.2457093 5.2457093 5.2457093 5.2457093
"II.11.27.csv"	1	-1.3640812
3 1 5.2457093 16.355152 0.367316 20 4.8545881 0.98791937 9.2665215 2.9638506 6 0 0 0 0.13800945 0 1 1 153975.82 4 5.2457093 5.2457093 5.2457093 5.2457093
"II.11.27.csv"	12	-1.3640812
3 1 5.2457093 16.355152 0.367316 20 4.8545881 0.98791937 9.2665215 2.9638506 6 0 0 0 0.13800945 0 1 1 153975.82 4 5.2457093 5.2457093 5.2457093 5.2457093
"II.11.27.csv"	2	-1.3640812
3 1 5.2457093 16.355152 0.367316 20 4.8545881 0.98791937 9.2665215 2.9638506 6 0 0 0 0.13800945 0 1 1 153975.82 4 5.2457093 5.2457093 5.2457093 5.2457093
"II.11.27.csv"	21	0.025283719
3 1 5.2457093 16.355152 0.367316 20 4.8545881 0.98791937 9.2665215 2.9638506 6 0 0 0 0.13800945 0 1 1 153975.82 4 5.2457093 5.2457093 5.2457093 5.2457093
"II.11.27.csv"	3	-0.040326715
3 1 5.2457093 16.355152 0.367316 20 4.8545881 0.98791937 9.2665215 2.9638506 6 0 0 0 0.13800945 0 1 1 153975.82 4 5.2457093 5.2457093 5.2457093 5.2457093
"II.11.27.csv"	1	-0.040326715
3 1 5.2457093 16.355152 0.367316 20 4.8545881 0.98791937 9.2665215 2.9638506 6 0 0 0 0.13800945 0 1 1 153975.82 4 5.2457093 5.2457093 5.2457093 5.2457093
"II.11.27.csv"	12	-0.040326715
3 1 5.2457093 16.355152 0.367316 20 4.8545881 0.98791937 9.2665215 2.9638506 6 0 0 0 0.13800945 0 1 1 153975.82 4 5.2457093 5.2457093 5.2457093 5.2457093
"II.11.27.csv"	17	-0.040326715
3 1 5.2457093 16.355152 0.367316 20 4.8545881 0.98791937 9.2665215 2.9638506 6 0 0 0 0.13800945 0 1 1 153975.82 4 5.2457093 5.2457093 5.2457093 5.2457093
"II.11.27.csv"	17	-0.040326715
3 1 5.2457093 16.355152 0.367316 20 4.8545881 0.98791937 9.2665215 2.9638506 6 0 0 0 0.13800945 0 1 1 153975.82 4 5.2457093 5.2457093 5.2457093 5.2457093
"II.11.27.csv"	19	0.014265068
3 1 5.2457093 16.355152 0.367316 20 4.8545881 0.98791937 9.2665215 2.9638506 6 0 0 0 0.13800945 0 1 1 153975.82 4 5.2457093 5.2457093 5.2457093 5.2457093
"II.11.27.csv"	19	-0.040326715
3 1 5.2457093 16.355152 0.367316 20 4.8545881 0.98791937 9.2665215 2.9638506 6 0 0 0 0.13800945 0 1 1 153975.82 4 5.2457093 5.2457093 5.2457093 5.2457093
"II.11.27.csv"	4	0.0014052116
3 1 5.2457093 16.355152 0.367316 20 4.8545881 0.98791937 9.2665215 2.9638506 6 0 0 0 0.13800945 0 1 1 153975.82 4 5.2457093 5.2457093 5.2457093 5.2457093
"II.11.27.csv"	21	-0.01595418
3 1 5.2457093 16.355152 0.367316 20 4.8545881 0.98791937 9.2665215 2.9638506 6 0 0 0 0.13800945 0 1 1 153975.82 4 5.2457093 5.2457093 5.2457093 5.2457093
"II.11.27.csv"	3	0.0061848591
3 1 5.2457093 16.355152 0.367316 20 4.8545881 0.98791937 9.2665215 2.9638506 6 0 0 0 0.13800945 0 1 1 153975.82 4 5.2457093 5.2457093 5.2457093 5.2457093
"II.11.27.csv"	1	-0.01595418
3 1 5.2457093 16.355152 0.367316 20 4.8545881 0.98791937 9.2665215 2.9638506 6 0 0 0 0.13800945 0 1 1 153975.82 4 5.2457093 5.2457093 5.2457093 5.2457093
"II.11.27.csv"	12	-0.01595418
3 1 5.2457093 16.355152 0.367316 20 4.8545881 0.98791937 9.2665215 2.9638506 6 0 0 0 0.13800945 0 1 1 153975.82 4 5.2457093 5.2457093 5.2457093 5.2457093
"II.11.27.csv"	2	-0.01595418
3 1 5.2457093 16.355152 0.367316 20 4.8545881 0.98791937 9.2665215 2.9638506 6 0 0 0 0.13800945 0 1 1 153975.82 4 5.2457093 5.2457093 5.2457093 5.2457093
"II.11.27.csv"	17	-0.01595418
3 1 5.2457093 16.355152 0.367316 20 4.8545881 0.98791937 9.2665215 2.9638506 6 0 0 0 0.13800945 0 1 1 153975.82 4 5.2457093 5.2457093 5.2457093 5.2457093
"II.11.27.csv"	17	-0.01595418
3 1 5.2457093 16.355152 0.367316 20 4.8545881 0.98791937 9.2665215 2.9638506 6 0 0 0 0.13800945 0 1 1 153975.82 4 5.2457093 5.2457093 5.2457093 5.2457093
"II.11.27.csv"	19	-0.01595418
3 1 5.2457093 16.355152 0.367316 20 4.8545881 0.98791937 9.2665215 2.9638506 6 0 0 0 0.13800945 0 1 1 153975.82 4 5.2457093 5.2457093 5.2457093 5.2457093
"I.25.9.csv"	1	-0.014700221
2 1 1.3957913 0.21579972 0.544137 2.444098 4.0899618 0.99815224 0.27184204 0.084389163 5 0 0 0 0.050447945 0 1 1 14860 4 1.3957913 1.3957913 1.3957913 1.3957913
"I.25.9.csv"	12	-0.014700221
2 1 1.3957913 0.21579972 0.544137 2.444098 4.0899618 0.99815224 0.27184204 0.084389163 5 0 0 0 0.050447945 0 1 1 14860 4 1.3957913 1.3957913 1.3957913 1.3957913
"I.25.9.csv"	14	1.740476e-05
2 1 1.3957913 0.21579972 0.544137 2.444098 4.0899618 0.99815224 0.27184204 0.084389163 5 0 0 0 0.050447945 0 1 1 14860 4 1.3957913 1.3957913 1.3957913 1.3957913
"I.25.9.csv"	21	-3.1275057e-05
2 1 1.3957913 0.21579972 0.544137 2.444098 4.0899618 0.99815224 0.27184204 0.084389163 5 0 0 0 0.050447945 0 1 1 14860 4 1.3957913 1.3957913 1.3957913 1.3957913
"I.25.9.csv"	3	-3.1275057e-05
2 1 1.3957913 0.21579972 0.544137 2.444098 4.0899618 0.99815224 0.27184204 0.084389163 5 0 0 0 0.050447945 0 1 1 14860 4 1.3957913 1.3957913 1.3957913 1.3957913
"I.25.9.csv"	1	-3.1275057e-05
2 1 1.3957913 0.21579972 0.544137 2.444098 4.0899618 0.99815224 0.27184204 0.084389163 5 0 0 0 0.050447945 0 1 1 14860 4 1.3957913 1.3957913 1.3957913 1.3957913
"I.25.9.csv"	12	-3.1275057e-05
2 1 1.3957913 0.21579972 0.544137 2.444098 4.0899618 0.99815224 0.27184204 0.084389163 5 0 0 0 0.050447945 0 1 1 14860 4 1.3957913 1.3957913 1.3957913 1.3957913
"I.25.9.csv"	4	-3.1275057e-05
2 1 1.3957913 0.21579972 0.544137 2.444098 4.0899618 0.99815224 0.27184204 0.084389163 5 0 0 0 0.050447945 0 1 1 14860 4 1.3957913 1.3957913 1.3957913 1.3957913
"I.25.9.csv"	2	-3.1275057e-05
2 1 1.3957913 0.21579972 0.544137 2.444098 4.0899618 0.99815224 0.27184204 0.084389163 5 0 0 0 0.050447945 0 1 1 14860 4 1.3957913 1.3957913 1.3957913 1.3957913
"I.25.9.csv"	14	7.2045484e-06
2 1 1.3957913 0.21579972 0.544137 2.444098 4.0899618 0.99815224 0.27184204 0.084389163 5 0 0 0 0.050447945 0 1 1 14860 4 1.3957913 1.3957913 1.3957913 1.3957913
"I.25.9.csv"	21	-3.3151864e-05
2 1 1.3957913 0.21579972 0.544137 2.444098 4.0899618 0.99815224 0.27184204 0.084389163 5 0 0 0 0.050447945 0 1 1 14860 4 1.3957913 1.3957913 1.3957913 1.3957913
"I.25.9.csv"	3	-3.3151864e-05
2 1 1.3957913 0.21579972 0.544137 2.444098 4.0899618 0.99815224 0.27184204 0.084389163 5 0 0 0 0.050447945 0 1 1 14860 4 1.3957913 1.3957913 1.3957913 1.3957913
"I.25.9.csv"	1	-3.3151864e-05
2 1 1.3957913 0.21579972 0.544137 2.444098 4.0899618 0.99815224 0.27184204 0.084389163 5 0 0 0 0.050447945 0 1 1 14860 4 1.3957913 1.3957913 1.3957913 1.3957913
"I.25.9.csv"	12	-3.3151864e-05
2 1 1.3957913 0.21579972 0.544137 2.444098 4.0899618 0.99815224 0.27184204 0.084389163 5 0 0 0 0.050447945 0 1 1 14860 4 1.3957913 1.3957913 1.3957913 1.3957913
"I.25.9.csv"	4	-3.3151864e-05
2 1 1.3957913 0.21579972 0.544137 2.444098 4.0899618 0.99815224 0.27184204 0.084389163 5 0 0 0 0.050447945 0 1 1 14860 4 1.3957913 1.3957913 1.3957913 1.3957913
"I.25.9.csv"	2	-3.3151864e-05
2 1 1.3957913 0.21579972 0.544137 2.444098 4.0899618 0.99815224 0.27184204 0.084389163 5 0 0 0 0.050447945 0 1 1 14860 4 1.3957913 1.3957913 1.3957913 1.3957913
"I.25.9.csv"	14	2.9638794e-06
2 1 1.3957913 0.21579972 0.544137 2.444098 4.0899618 0.99815224 0.27184204 0.084389163 5 0 0 0 0.050447945 0 1 1 14860 4 1.3957913 1.3957913 1.3957913 1.3957913
"I.25.9.csv"	21	-3.5236728e-05
2 1 1.3957913 0.21579972 0.544137 2.444098 4.0899618 0.99815224 0.27184204 0.084389163 5 0 0 0 0.050447945 0 1 1 14860 4 1.3957913 1.3957913 1.3957913 1.3957913
"I.25.9.csv"	3	-3.5236728e-05
2 1 1.3957913 0.21579972 0.544137 2.444098 4.0899618 0.99815224 0.27184204 0.084389163 5 0 0 0 0.050447945 0 1 1 14860 4 1.3957913 1.3957913 1.3957913 1.3957913
"I.25.9.csv"	1	-3.5236728e-05
2 1 1.3957913 0.21579972 0.544137 2.444098 4.0899618 0.99815224 0.27184204 0.084389163 5 0 0 0 0.050447945 0 1 1 14860 4 1.3957913 1.3957913 1.3957913 1.3957913
"I.25.9.csv"	12	-3.5236728e-05
2 1 1.3957913 0.21579972 0.544137 2.444098 4.0899618 0.99815224 0.27184204 0.084389163 5 0 0 0 0.050447945 0 1 1 14860 4 1.3957913 1.3957913 1.3957913 1.3957913
"I.25.9.csv"	4	-3.5236728e-05
2 1 1.3957913 0.21579972 0.544137 2.444098 4.0899618 0.99815224 0.27184204 0.084389163 5 0 0 0 0.050447945 0 1 1 14860 4 1.3957913 1.3957913 1.3957913 1.3957913
"I.25.9.csv"	2	-3.5236728e-05
2 1 1.3957913 0.21579972 0.544137 2.444098 4.0899618 0.99815224 0.27184204 0.084389163 5 0 0 0 0.050447945 0 1 1 14860 4 1.3957913 1.3957913 1.3957913 1.3957913
"I.25.9.csv"	21	-3.6957578e-05
2 1 1.3957913 0.21579972 0.544137 2.444098 4.0899618 0.99815224 0.27184204 0.084389163 5 0 0 0 0.050447945 0 1 1 14860 4 1.3957913 1.3957913 1.3957913 1.3957913
"I.25.9.csv"	3	-3.6957578e-05
2 1 1.3957913 0.21579972 0.544137 2.444098 4.0899618 0.99815224 0.27184204 0.084389163 5 0 0 0 0.050447945 0 1 1 14860 4 1.3957913 1.3957913 1.3957913 1.3957913
"I.25.9.csv"	1	-3.6957578e-05
2 1 1.3957913 0.21579972 0.544137 2.444098 4.0899618 0.99815224 0.27184204 0.084389163 5 0 0 0 0.050447945 0 1 1 14860 4 1.3957913 1.3957913 1.3957913 1.3957913
"I.25.9.csv"	12	-3.6957578e-05
2 1 1.3957913 0.21579972 0.544137 2.444098 4.0899618 0.99815224 0.27184204 0.084389163 5 0 0 0 0.050447945 0 1 1 14860 4 1.3957913 1.3957913 1.3957913 1.3957913
"I.25.9.csv"	4	-3.6957578e-05
2 1 1.3957913 0.21579972 0.544137 2.444098 4.0899618 0.99815224 0.27184204 0.084389163 5 0 0 0 0.050447945 0 1 1 14860 4 1.3957913 1.3957913 1.3957913 1.3957913
"I.13.12.csv"	17	-198.6034
2 1 16.446919 30.836773 1.025948 20 3.4168477 0.88875518 15.856198 1.4637444 5 0 0 0 0.15007262 1 1 1 4236411.7 4 16.446919 16.446919 16.446919 16.446919
"I.13.12.csv"	17	-198.6034
2 1 16.446919 30.836773 1.025948 20 3.4168477 0.88875518 15.856198 1.4637444 5 0 0 0 0.15007262 1 1 1 4236411.7 4 16.446919 16.446919 16.446919 16.446919
"I.13.12.csv"	3	-198.6034
2 1 16.446919 30.836773 1.025948 20 3.4168477 0.88875518 15.856198 1.4637444 5 0 0 0 0.15007262 1 1 1 4236411.7 4 16.446919 16.446919 16.446919 16.446919
"I.13.12.csv"	1	-198.6034
2 1 16.446919 30.836773 1.025948 20 3.4168477 0.88875518 15.856198 1.4637444 5 0 0 0 0.15007262 1 1 1 4236411.7 4 16.446919 16.446919 16.446919 16.446919
"I.13.12.csv"	12	-198.6034
2 1 16.446919 30.836773 1.025948 20 3.4168477 0.88875518 15.856198 1.4637444 5 0 0 0 0.15007262 1 1 1 4236411.7 4 16.446919 16.446919 16.446919 16.446919
"I.13.12.csv"	14	-0.8890643
2 1 16.446919 30.836773 1.025948 20 3.4168477 0.88875518 15.856198 1.4637444 5 0 0 0 0.15007262 1 1 1 4236411.7 4 16.446919 16.446919 16.446919 16.446919
"I.13.12.csv"	2	-0.8890643
2 1 16.446919 30.836773 1.025948 20 3.4168477 0.88875518 15.856198 1.4637444 5 0 0 0 0.15007262 1 1 1 4236411.7 4 16.446919 16.446919 16.446919 16.446919
"I.13.12.csv"	12	-0.8890643
2 1 16.446919 30.836773 1.025948 20 3.4168477 0.88875518 15.856198 1.4637444 5 0 0 0 0.15007262 1 1 1 4236411.7 4 16.446919 16.446919 16.446919 16.446919
"I.13.12.csv"	3	-0.8890643
2 1 16.446919 30.836773 1.025948 20 3.4168477 0.88875518 15.856198 1.4637444 5 0 0 0 0.15007262 1 1 1 4236411.7 4 16.446919 16.446919 16.446919 16.446919
"I.13.12.csv"	21	-0.82427014
2 1 16.446919 30.836773 1.025948 20 3.4168477 0.88875518 15.856198 1.4637444 5 0 0 0 0.15007262 1 1 1 4236411.7 4 16.446919 16.446919 16.446919 16.446919
"I.13.12.csv"	14	-0.82427014
2 1 16.446919 30.836773 1.025948 20 3.4168477 0.88875518 15.856198 1.4637444 5 0 0 0 0.15007262 1 1 1 4236411.7 4 16.446919 16.446919 16.446919 16.446919
"I.13.12.csv"	2	-0.82427014
2 1 16.446919 30.836773 1.025948 20 3.4168477 0.88875518 15.856198 1.4637444 5 0 0 0 0.15007262 1 1 1 4236411.7 4 16.446919 16.446919 16.446919 16.446919
"I.13.12.csv"	12	-0.82427014
2 1 16.446919 30.836773 1.025948 20 3.4168477 0.88875518 15.856198 1.4637444 5 0 0 0 0.15007262 1 1 1 4236411.7 4 16.446919 16.446919 16.446919 16.446919
"I.13.12.csv"	3	-0.82427014
2 1 16.446919 30.836773 1.025948 20 3.4168477 0.88875518 15.856198 1.4637444 5 0 0 0 0.15007262 1 1 1 4236411.7 4 16.446919 16.446919 16.446919 16.446919
"I.13.12.csv"	2	-0.62689184
2 1 16.446919 30.836773 1.025948 20 3.4168477 0.88875518 15.856198 1.4637444 5 0 0 0 0.15007262 1 1 1 4236411.7 4 16.446919 16.446919 16.446919 16.446919
"I.13.12.csv"	12	-0.62689184
2 1 16.446919 30.836773 1.025948 20 3.4168477 0.88875518 15.856198 1.4637444 5 0 0 0 0.15007262 1 1 1 4236411.7 4 16.446919 16.446919 16.446919 16.446919
"I.13.12.csv"	21	-0.33504988
2 1 16.446919 30.836773 1.025948 20 3.4168477 0.88875518 15.856198 1.4637444 5 0 0 0 0.15007262 1 1 1 4236411.7 4 16.446919 16.446919 16.446919 16.446919
"I.13.12.csv"	14	-0.33504988
2 1 16.446919 30.836773 1.025948 20 3.4168477 0.88875518 15.856198 1.4637444 5 0 0 0 0.15007262 1 1 1 4236411.7 4 16.446919 16.446919 16.446919 16.446919
"I.13.12.csv"	2	-0.33504988
2 1 16.446919 30.836773 1.025948 20 3.4168477 0.88875518 15.856198 1.4637444 5 0 0 0 0.15007262 1 1 1 4236411.7 4 16.446919 16.446919 16.446919 16.446919
"I.13.12.csv"	12	-0.33504988
2 1 16.446919 30.836773 1.025948 20 3.4168477 0.88875518 15.856198 1.4637444 5 0 0 0 0.15007262 1 1 1 4236411.7 4 16.446919 16.446919 16.446919 16.446919
"I.13.12.csv"	4	-0.33504988
2 1 16.446919 30.836773 1.025948 20 3.4168477 0.88875518 15.856198 1.4637444 5 0 0 0 0.15007262 1 1 1 4236411.7 4 16.446919 16.446919 16.446919 16.446919
"I.13.12.csv"	3	-0.33504988
2 1 16.446919 30.836773 1.025948 20 3.4168477 0.88875518 15.856198 1.4637444 5 0 0 0 0.15007262 1 1 1 4236411.7 4 16.446919 16.446919 16.446919 16.446919
"I.13.12.csv"	14	-0.3465199
2 1 16.446919 30.836773 1.025948 20 3.4168477 0.88875518 15.856198 1.4637444 5 0 0 0 0.15007262 1 1 1 4236411.7 4 16.446919 16.446919 16.446919 16.446919
"I.13.12.csv"	12	-0.3465199
2 1 16.446919 30.836773 1.025948 20 3.4168477 0.88875518 15.856198 1.4637444 5 0 0 0 0.15007262 1 1 1 4236411.7 4 16.446919 16.446919 16.446919 16.446919
"I.13.12.csv"	3	-0.3465199
2 1 16.446919 30.836773 1.025948 20 3.4168477 0.88875518 15.856198 1.4637444 5 0 0 0 0.15007262 1 1 1 4236411.7 4 16.446919 16.446919 16.446919 16.446919
"I.13.12.csv"	21	-0.25986409
2 1 16.446919 30.836773 1.025948 20 3.4168477 0.88875518 15.856198 1.4637444 5 0 0 0 0.15007262 1 1 1 4236411.7 4 16.446919 16.446919 16.446919 16.446919
"I.13.12.csv"	14	-0.25986409
2 1 16.446919 30.836773 1.025948 20 3.4168477 0.88875518 15.856198 1.4637444 5 0 0 0 0.15007262 1 1 1 4236411.7 4 16.446919 16.446919 16.446919 16.446919
"I.13.12.csv"	2	-0.25986409
2 1 16.446919 30.836773 1.025948 20 3.4168477 0.88875518 15.856198 1.4637444 5 0 0 0 0.15007262 1 1 1 4236411.7 4 16.446919 16.446919 16.446919 16.446919
"I.13.12.csv"	12	-0.25986409
2 1 16.446919 30.836773 1.025948 20 3.4168477 0.88875518 15.856198 1.4637444 5 0 0 0 0.15007262 1 1 1 4236411.7 4 16.446919 16.446919 16.446919 16.446919
"I.13.12.csv"	4	-0.25986409
2 1 16.446919 30.836773 1.025948 20 3.4168477 0.88875518 15.856198 1.4637444 5 0 0 0 0.15007262 1 1 1 4236411.7 4 16.446919 16.446919 16.446919 16.446919
"I.13.12.csv"	3	-0.25986409
2 1 16.446919 30.836773 1.025948 20 3.4168477 0.88875518 15.856198 1.4637444 5 0 0 0 0.15007262 1 1 1 4236411.7 4 16.446919 16.446919 16.446919 16.446919
"I.13.12.csv"	21	-0.25986409
2 1 16.446919 30.836773 1.025948 20 3.4168477 0.88875518 15.856198 1.4637444 5 0 0 0 0.15007262 1 1 1 4236411.7 4 16.446919 16.446919 16.446919 16.446919
"I.13.12.csv"	14	-0.25986409
2 1 16.446919 30.836773 1.025948 20 3.4168477 0.88875518 15.856198 1.4637444 5 0 0 0 0.15007262 1 1 1 4236411.7 4 16.446919 16.446919 16.446919 16.446919
"I.13.12.csv"	2	-0.25986409
2 1 16.446919 30.836773 1.025948 20 3.4168477 0.88875518 15.856198 1.4637444 5 0 0 0 0.15007262 1 1 1 4236411.7 4 16.446919 16.446919 16.446919 16.446919
"I.13.12.csv"	2	-0.41811704
2 1 16.446919 30.836773 1.025948 20 3.4168477 0.88875518 15.856198 1.4637444 5 0 0 0 0.15007262 1 1 1 4236411.7 4 16.446919 16.446919 16.446919 16.446919
"I.13.12.csv"	12	-0.41811704
2 1 16.446919 30.836773 1.025948 20 3.4168477 0.88875518 15.856198 1.4637444 5 0 0 0 0.15007262 1 1 1 4236411.7 4 16.446919 16.446919 16.446919 16.446919
"I.13.12.csv"	21	-0.28834321
2 1 16.446919 30.836773 1.025948 20 3.4168477 0.88875518 15.856198 1.4637444 5 0 0 0 0.15007262 1 1 1 4236411.7 4 16.446919 16.446919 16.446919 16.446919
"I.13.12.csv"	14	-0.28834321
2 1 16.446919 30.836773 1.025948 20 3.4168477 0.88875518 15.856198 1.4637444 5 0 0 0 0.15007262 1 1 1 4236411.7 4 16.446919 16.446919 16.446919 16.446919
"I.13.12.csv"	2	-0.28834321
2 1 16.446919 30.836773 1.025948 20 3.4168477 0.88875518 15.856198 1.4637444 5 0 0 0 0.15007262 1 1 1 4236411.7 4 16.446919 16.446919 16.446919 16.446919
"I.13.12.csv"	12	-0.28834321
2 1 16.446919 30.836773 1.025948 20 3.4168477 0.88875518 15.856198 1.4637444 5 0 0 0 0.15007262 1 1 1 4236411.7 4 16.446919 16.446919 16.446919 16.446919
"I.13.12.csv"	3	-0.28834321
2 1 16.446919 30.836773 1.025948 20 3.4168477 0.88875518 15.856198 1.4637444 5 0 0 0 0.15007262 1 1 1 4236411.7 4 16.446919 16.446919 16.446919 16.446919
"II.34.29a.csv"	1	-2.6697234
2 1 11.691659 44.571673 0.640203 20 2.8998219 0.92985298 8.7787677 0.73691696 4 0 0 0 0.082829967 1 1 1 151234.53 4 11.691659 11.691659 11.691659 11.691659
"II.34.29a.csv"	12	-2.6697234
2 1 11.691659 44.571673 0.640203 20 2.8998219 0.92985298 8.7787677 0.73691696 4 0 0 0 0.082829967 1 1 1 151234.53 4 11.691659 11.691659 11.691659 11.691659
"I.14.3.csv"	1	-0.060148983
4 1 2.9192513 0.76044632 1.109107 4.942306 4.3956903 0.99775854 0.51785419 0.085823356 9 0 0 0 0.062973923 0 1 1 24184.5 4 2.9192513 2.9192513 2.9192513 2.9192513
"I.14.3.csv"	12	-0.060148983
4 1 2.9192513 0.76044632 1.109107 4.942306 4.3956903 0.99775854 0.51785419 0.085823356 9 0 0 0 0.062973923 0 1 1 24184.5 4 2.9192513 2.9192513 2.9192513 2.9192513
"I.14.3.csv"	21	-0.00065580289
4 1 2.9192513 0.76044632 1.109107 4.942306 4.3956903 0.99775854 0.51785419 0.085823356 9 0 0 0 0.062973923 0 1 1 24184.5 4 2.9192513 2.9192513 2.9192513 2.9192513
"I.14.3.csv"	3	-0.00065580289
4 1 2.9192513 0.76044632 1.109107 4.942306 4.3956903 0.99775854 0.51785419 0.085823356 9 0 0 0 0.062973923 0 1 1 24184.5 4 2.9192513 2.9192513 2.9192513 2.9192513
"I.14.3.csv"	1	-0.00065580289
4 1 2.9192513 0.76044632 1.109107 4.942306 4.3956903 0.99775854 0.51785419 0.085823356 9 0 0 0 0.062973923 0 1 1 24184.5 4 2.9192513 2.9192513 2.9192513 2.9192513
"I.14.3.csv"	12	-0.00065580289
4 1 2.9192513 0.76044632 1.109107 4.942306 4.3956903 0.99775854 0.51785419 0.085823356 9 0 0 0 0.062973923 0 1 1 24184.5 4 2.9192513 2.9192513 2.9192513 2.9192513
"I.14.3.csv"	17	-0.00065580289
4 1 2.9192513 0.76044632 1.109107 4.942306 4.3956903 0.99775854 0.51785419 0.085823356 9 0 0 0 0.062973923 0 1 1 24184.5 4 2.9192513 2.9192513 2.9192513 2.9192513
"I.14.3.csv"	17	3.887431e-05
4 1 2.9192513 0.76044632 1.109107 4.942306 4.3956903 0.99775854 0.51785419 0.085823356 9 0 0 0 0.062973923 0 1 1 24184.5 4 2.9192513 2.9192513 2.9192513 2.9192513
"I.14.3.csv"	19	-0.00065580289
4 1 2.9192513 0.76044632 1.109107 4.942306 4.3956903 0.99775854 0.51785419 0.085823356 9 0 0 0 0.062973923 0 1 1 24184.5 4 2.9192513 2.9192513 2.9192513 2.9192513
"I.14.3.csv"	19	-0.00065580289
4 1 2.9192513 0.76044632 1.109107 4.942306 4.3956903 0.99775854 0.51785419 0.085823356 9 0 0 0 0.062973923 0 1 1 24184.5 4 2.9192513 2.9192513 2.9192513 2.9192513
"I.14.3.csv"	19	-0.00065580289
4 1 2.9192513 0.76044632 1.109107 4.942306 4.3956903 0.99775854 0.51785419 0.085823356 9 0 0 0 0.062973923 0 1 1 24184.5 4 2.9192513 2.9192513 2.9192513 2.9192513
"I.14.3.csv"	19	-0.00065580289
4 1 2.9192513 0.76044632 1.109107 4.942306 4.3956903 0.99775854 0.51785419 0.085823356 9 0 0 0 0.062973923 0 1 1 24184.5 4 2.9192513 2.9192513 2.9192513 2.9192513
"I.14.3.csv"	19	-0.00065580289
4 1 2.9192513 0.76044632 1.109107 4.942306 4.3956903 0.99775854 0.51785419 0.085823356 9 0 0 0 0.062973923 0 1 1 24184.5 4 2.9192513 2.9192513 2.9192513 2.9192513
"I.14.3.csv"	19	-0.00065580289
4 1 2.9192513 0.76044632 1.109107 4.942306 4.3956903 0.99775854 0.51785419 0.085823356 9 0 0 0 0.062973923 0 1 1 24184.5 4 2.9192513 2.9192513 2.9192513 2.9192513
"I.14.3.csv"	19	-0.00065580289
4 1 2.9192513 0.76044632 1.109107 4.942306 4.3956903 0.99775854 0.51785419 0.085823356 9 0 0 0 0.062973923 0 1 1 24184.5 4 2.9192513 2.9192513 2.9192513 2.9192513
"I.14.3.csv"	4	-0.00049662827
4 1 2.9192513 0.76044632 1.109107 4.942306 4.3956903 0.99775854 0.51785419 0.085823356 9 0 0 0 0.062973923 0 1 1 24184.5 4 2.9192513 2.9192513 2.9192513 2.9192513
"I.14.3.csv"	21	-0.00049662827
4 1 2.9192513 0.76044632 1.109107 4.942306 4.3956903 0.99775854 0.51785419 0.085823356 9 0 0 0 0.062973923 0 1 1 24184.5 4 2.9192513 2.9192513 2.9192513 2.9192513
"I.14.3.csv"	3	5.8908909e-05
4 1 2.9192513 0.76044632 1.109107 4.942306 4.3956903 0.99775854 0.51785419 0.085823356 9 0 0 0 0.062973923 0 1 1 24184.5 4 2.9192513 2.9192513 2.9192513 2.9192513
"I.14.3.csv"	1	-0.00049662827
4 1 2.9192513 0.76044632 1.109107 4.942306 4.3956903 0.99775854 0.51785419 0.085823356 9 0 0 0 0.062973923 0 1 1 24184.5 4 2.9192513 2.9192513 2.9192513 2.9192513
"I.14.3.csv"	12	-0.00049662827
4 1 2.9192513 0.76044632 1.109107 4.942306 4.3956903 0.99775854 0.51785419 0.085823356 9 0 0 0 0.062973923 0 1 1 24184.5 4 2.9192513 2.9192513 2.9192513 2.9192513
"I.14.3.csv"	17	-0.00049662827
4 1 2.9192513 0.76044632 1.109107 4.942306 4.3956903 0.99775854 0.51785419 0.085823356 9 0 0 0 0.062973923 0 1 1 24184.5 4 2.9192513 2.9192513 2.9192513 2.9192513
"I.14.3.csv"	17	-0.00049662827
4 1 2.9192513 0.76044632 1.109107 4.942306 4.3956903 0.99775854 0.51785419 0.085823356 9 0 0 0 0.062973923 0 1 1 24184.5 4 2.9192513 2.9192513 2.9192513 2.9192513
"I.14.3.csv"	19	-0.00049662827
4 1 2.9192513 0.76044632 1.109107 4.942306 4.3956903 0.99775854 0.51785419 0.085823356 9 0 0 0 0.062973923 0 1 1 24184.5 4 2.9192513 2.9192513 2.9192513 2.9192513
"I.14.3.csv"	19	-0.00049662827
4 1 2.9192513 0.76044632 1.109107 4.942306 4.3956903 0.99775854 0.51785419 0.085823356 9 0 0 0 0.062973923 0 1 1 24184.5 4 2.9192513 2.9192513 2.9192513 2.9192513
"I.14.3.csv"	19	-0.00049662827
4 1 2.9192513 0.76044632 1.109107 4.942306 4.3956903 0.99775854 0.51785419 0.085823356 9 0 0 0 0.062973923 0 1 1 24184.5 4 2.9192513 2.9192513 2.9192513 2.9192513
"I.14.3.csv"	19	2.8262212e-05
4 1 2.9192513 0.76044632 1.109107 4.942306 4.3956903 0.99775854 0.51785419 0.085823356 9 0 0 0 0.062973923 0 1 1 24184.5 4 2.9192513 2.9192513 2.9192513 2.9192513
"I.14.3.csv"	19	-0.00049662827
4 1 2.9192513 0.76044632 1.109107 4.942306 4.3956903 0.99775854 0.51785419 0.085823356 9 0 0 0 0.062973923 0 1 1 24184.5 4 2.9192513 2.9192513 2.9192513 2.9192513
"I.14.3.csv"	19	-0.00049662827
4 1 2.9192513 0.76044632 1.109107 4.942306 4.3956903 0.99775854 0.51785419 0.085823356 9 0 0 0 0.062973923 0 1 1 24184.5 4 2.9192513 2.9192513 2.9192513 2.9192513
"I.14.3.csv"	19	-0.00049662827
4 1 2.9192513 0.76044632 1.109107 4.942306 4.3956903 0.99775854 0.51785419 0.085823356 9 0 0 0 0.062973923 0 1 1 24184.5 4 2.9192513 2.9192513 2.9192513 2.9192513
"I.15.3.csv"	1	-0.0044661424
2 1 -0.0019820075 0.16579351 -0.809486 0.853437 4.0840249 0.99080615 0.33933553 1.0311273 4 1 1 1 0.076192937 0 1 0 614765 4 -0.0019820075 -0.0019820075 -0.0019820075 -0.0019820075
"I.15.3.csv"	12	-0.0044661424
2 1 -0.0019820075 0.16579351 -0.809486 0.853437 4.0840249 0.99080615 0.33933553 1.0311273 4 1 1 1 0.076192937 0 1 0 614765 4 -0.0019820075 -0.0019820075 -0.0019820075 -0.0019820075
"I.15.3.csv"	2	0.00012252414
2 1 -0.0019820075 0.16579351 -0.809486 0.853437 4.0840249 0.99080615 0.33933553 1.0311273 4 1 1 1 0.076192937 0 1 0 614765 4 -0.0019820075 -0.0019820075 -0.0019820075 -0.0019820075
"I.15.3.csv"	4	1.9218065e-05
2 1 -0.0019820075 0.16579351 -0.809486 0.853437 4.0840249 0.99080615 0.33933553 1.0311273 4 1 1 1 0.076192937 0 1 0 614765 4 -0.0019820075 -0.0019820075 -0.0019820075 -0.0019820075
"I.15.3.csv"	21	1.5655231e-05
2 1 -0.0019820075 0.16579351 -0.809486 0.853437 4.0840249 0.99080615 0.33933553 1.0311273 4 1 1 1 0.076192937 0 1 0 614765 4 -0.0019820075 -0.0019820075 -0.0019820075 -0.0019820075
"I.15.3.csv"	3	-6.4116368e-05
2 1 -0.0019820075 0.16579351 -0.809486 0.853437 4.0840249 0.99080615 0.33933553 1.0311273 4 1 1 1 0.076192937 0 1 0 614765 4 -0.0019820075 -0.0019820075 -0.0019820075 -0.0019820075
"I.15.3.csv"	1	-6.4116368e-05
2 1 -0.0019820075 0.16579351 -0.809486 0.853437 4.0840249 0.99080615 0.33933553 1.0311273 4 1 1 1 0.076192937 0 1 0 614765 4 -0.0019820075 -0.0019820075 -0.0019820075 -0.0019820075
"I.15.3.csv"	12	-6.4116368e-05
2 1 -0.0019820075 0.16579351 -0.809486 0.853437 4.0840249 0.99080615 0.33933553 1.0311273 4 1 1 1 0.076192937 0 1 0 614765 4 -0.0019820075 -0.0019820075 -0.0019820075 -0.0019820075
"I.15.3.csv"	2	-6.4116368e-05
2 1 -0.0019820075 0.16579351 -0.809486 0.853437 4.0840249 0.99080615 0.33933553 1.0311273 4 1 1 1 0.076192937 0 1 0 614765 4 -0.0019820075 -0.0019820075 -0.0019820075 -0.0019820075
"I.15.3.csv"	17	9.6573655e-06
2 1 -0.0019820075 0.16579351 -0.809486 0.853437 4.0840249 0.99080615 0.33933553 1.0311273 4 1 1 1 0.076192937 0 1 0 614765 4 -0.0019820075 -0.0019820075 -0.0019820075 -0.0019820075
"I.15.3.csv"	17	-6.4116368e-05
2 1 -0.0019820075 0.16579351 -0.809486 0.853437 4.0840249 0.99080615 0.33933553 1.0311273 4 1 1 1 0.076192937 0 1 0 614765 4 -0.0019820075 -0.0019820075 -0.0019820075 -0.0019820075
"I.15.10.csv"	12	-0.00047550329
2 1 0.78101712 0.027848293 0.215435 0.991028 4.6476626 0.9998575 1.1582677 1.0133897 5 0 0 0 0.12284881 0 1 1 13605 4 0.78101712 0.78101712 0.78101712 0.78101712
"I.15.10.csv"	1	-0.00047550329
2 1 0.78101712 0.027848293 0.215435 0.991028 4.6476626 0.9998575 1.1582677 1.0133897 5 0 0 0 0.12284881 0 1 1 13605 4 0.78101712 0.78101712 0.78101712 0.78101712
"I.15.10.csv"	2	4.2542875e-05
2 1 0.78101712 0.027848293 0.215435 0.991028 4.6476626 0.9998575 1.1582677 1.0133897 5 0 0 0 0.12284881 0 1 1 13605 4 0.78101712 0.78101712 0.78101712 0.78101712
"I.15.10.csv"	21	-7.3131481e-06
2 1 0.78101712 0.027848293 0.215435 0.991028 4.6476626 0.9998575 1.1582677 1.0133897 5 0 0 0 0.12284881 0 1 1 13605 4 0.78101712 0.78101712 0.78101712 0.78101712
"I.15.10.csv"	4	-7.3131481e-06
2 1 0.78101712 0.027848293 0.215435 0.991028 4.6476626 0.9998575 1.1582677 1.0133897 5 0 0 0 0.12284881 0 1 1 13605 4 0.78101712 0.78101712 0.78101712 0.78101712
"I.15.10.csv"	3	-7.3131481e-06
2 1 0.78101712 0.027848293 0.215435 0.991028 4.6476626 0.9998575 1.1582677 1.0133897 5 0 0 0 0.12284881 0 1 1 13605 4 0.78101712 0.78101712 0.78101712 0.78101712
"I.15.10.csv"	12	-7.3131481e-06
2 1 0.78101712 0.027848293 0.215435 0.991028 4.6476626 0.9998575 1.1582677 1.0133897 5 0 0 0 0.12284881 0 1 1 13605 4 0.78101712 0.78101712 0.78101712 0.78101712
"I.15.10.csv"	1	-7.3131481e-06
2 1 0.78101712 0.027848293 0.215435 0.991028 4.6476626 0.9998575 1.1582677 1.0133897 5 0 0 0 0.12284881 0 1 1 13605 4 0.78101712 0.78101712 0.78101712 0.78101712
"I.15.10.csv"	2	-7.3131481e-06
2 1 0.78101712 0.027848293 0.215435 0.991028 4.6476626 0.9998575 1.1582677 1.0133897 5 0 0 0 0.12284881 0 1 1 13605 4 0.78101712 0.78101712 0.78101712 0.78101712
"I.15.10.csv"	17	5.886848e-07
2 1 0.78101712 0.027848293 0.215435 0.991028 4.6476626 0.9998575 1.1582677 1.0133897 5 0 0 0 0.12284881 0 1 1 13605 4 0.78101712 0.78101712 0.78101712 0.78101712
"I.15.10.csv"	17	-7.3131481e-06
2 1 0.78101712 0.027848293 0.215435 0.991028 4.6476626 0.9998575 1.1582677 1.0133897 5 0 0 0 0.12284881 0 1 1 13605 4 0.78101712 0.78101712 0.78101712 0.78101712
"III.4.33.csv"	4	0.0098006209
2 1 2.2755705 3.806557 0.116787 9.814019 4.9702887 0.97164378 1.5049883 0.45181698 5 0 0 0 0.09428832 0 1 1 29561.532 4 2.2755705 2.2755705 2.2755705 2.2755705
"III.4.33.csv"	1	-0.13947239
2 1 2.2755705 3.806557 0.116787 9.814019 4.9702887 0.97164378 1.5049883 0.45181698 5 0 0 0 0.09428832 0 1 1 29561.532 4 2.2755705 2.2755705 2.2755705 2.2755705
"III.4.33.csv"	12	-0.13947239
2 1 2.2755705 3.806557 0.116787 9.814019 4.9702887 0.97164378 1.5049883 0.45181698 5 0 0 0 0.09428832 0 1 1 29561.532 4 2.2755705 2.2755705 2.2755705 2.2755705
"III.4.33.csv"	21	-0.00033714603
2 1 2.2755705 3.806557 0.116787 9.814019 4.9702887 0.97164378 1.5049883 0.45181698 5 0 0 0 0.09428832 0 1 1 29561.532 4 2.2755705 2.2755705 2.2755705 2.2755705
"III.4.33.csv"	3	-0.00033714603
2 1 2.2755705 3.806557 0.116787 9.814019 4.9702887 0.97164378 1.5049883 0.45181698 5 0 0 0 0.09428832 0 1 1 29561.532 4 2.2755705 2.2755705 2.2755705 2.2755705
"III.4.33.csv"	12	-0.00033714603
2 1 2.2755705 3.806557 0.116787 9.814019 4.9702887 0.97164378 1.5049883 0.45181698 5 0 0 0 0.09428832 0 1 1 29561.532 4 2.2755705 2.2755705 2.2755705 2.2755705
"III.4.33.csv"	4	-0.00033714603
2 1 2.2755705 3.806557 0.116787 9.814019 4.9702887 0.97164378 1.5049883 0.45181698 5 0 0 0 0.09428832 0 1 1 29561.532 4 2.2755705 2.2755705 2.2755705 2.2755705
"III.4.33.csv"	21	-8.8064892e-05
2 1 2.2755705 3.806557 0.116787 9.814019 4.9702887 0.97164378 1.5049883 0.45181698 5 0 0 0 0.09428832 0 1 1 29561.532 4 2.2755705 2.2755705 2.2755705 2.2755705
"III.4.33.csv"	3	-8.8064892e-05
2 1 2.2755705 3.806557 0.116787 9.814019 4.9702887 0.97164378 1.5049883 0.45181698 5 0 0 0 0.09428832 0 1 1 29561.532 4 2.2755705 2.2755705 2.2755705 2.2755705
"III.4.33.csv"	1	-8.8064892e-05
2 1 2.2755705 3.806557 0.116787 9.814019 4.9702887 0.97164378 1.5049883 0.45181698 5 0 0 0 0.09428832 0 1 1 29561.532 4 2.2755705 2.2755705 2.2755705 2.2755705
"III.4.33.csv"	12	-8.8064892e-05
2 1 2.2755705 3.806557 0.116787 9.814019 4.9702887 0.97164378 1.5049883 0.45181698 5 0 0 0 0.09428832 0 1 1 29561.532 4 2.2755705 2.2755705 2.2755705 2.2755705
"III.4.33.csv"	4	-8.8064892e-05
2 1 2.2755705 3.806557 0.116787 9.814019 4.9702887 0.97164378 1.5049883 0.45181698 5 0 0 0 0.09428832 0 1 1 29561.532 4 2.2755705 2.2755705 2.2755705 2.2755705
"III.4.33.csv"	2	-8.8064892e-05
2 1 2.2755705 3.806557 0.116787 9.814019 4.9702887 0.97164378 1.5049883 0.45181698 5 0 0 0 0.09428832 0 1 1 29561.532 4 2.2755705 2.2755705 2.2755705 2.2755705
"III.4.33.csv"	21	-8.6154164e-05
2 1 2.2755705 3.806557 0.116787 9.814019 4.9702887 0.97164378 1.5049883 0.45181698 5 0 0 0 0.09428832 0 1 1 29561.532 4 2.2755705 2.2755705 2.2755705 2.2755705
"III.10.19.csv"	3	0.0023182822
2 1 4.3370695 1.2220848 1.717497 6.895726 4.6841477 0.99954884 0.70940823 0.11131171 5 0 0 0 0.054891033 0 1 1 20285.376 4 4.3370695 4.3370695 4.3370695 4.3370695
"III.10.19.csv"	1	-0.024517274
2 1 4.3370695 1.2220848 1.717497 6.895726 4.6841477 0.99954884 0.70940823 0.11131171 5 0 0 0 0.054891033 0 1 1 20285.376 4 4.3370695 4.3370695 4.3370695 4.3370695
"III.10.19.csv"	12	-0.024517274
2 1 4.3370695 1.2220848 1.717497 6.895726 4.6841477 0.99954884 0.70940823 0.11131171 5 0 0 0 0.054891033 0 1 1 20285.376 4 4.3370695 4.3370695 4.3370695 4.3370695
"III.10.19.csv"	21	-0.0002311949
2 1 4.3370695 1.2220848 1.717497 6.895726 4.6841477 0.99954884 0.70940823 0.11131171 5 0 0 0 0.054891033 0 1 1 20285.376 4 4.3370695 4.3370695 4.3370695 4.3370695
"III.10.19.csv"	2	-0.0002311949
2 1 4.3370695 1.2220848 1.717497 6.895726 4.6841477 0.99954884 0.70940823 0.11131171 5 0 0 0 0.054891033 0 1 1 20285.376 4 4.3370695 4.3370695 4.3370695 4.3370695
"III.10.19.csv"	12	-0.0002311949
2 1 4.3370695 1.2220848 1.717497 6.895726 4.6841477 0.99954884 0.70940823 0.11131171 5 0 0 0 0.054891033 0 1 1 20285.376 4 4.3370695 4.3370695 4.3370695 4.3370695
"III.10.19.csv"	4	-0.0002311949
2 1 4.3370695 1.2220848 1.717497 6.895726 4.6841477 0.99954884 0.70940823 0.11131171 5 0 0 0 0.054891033 0 1 1 20285.376 4 4.3370695 4.3370695 4.3370695 4.3370695
"III.10.19.csv"	1	-0.0002311949
2 1 4.3370695 1.2220848 1.717497 6.895726 4.6841477 0.99954884 0.70940823 0.11131171 5 0 0 0 0.054891033 0 1 1 20285.376 4 4.3370695 4.3370695 4.3370695 4.3370695
"III.10.19.csv"	3	-0.0002311949
2 1 4.3370695 1.2220848 1.717497 6.895726 4.6841477 0.99954884 0.70940823 0.11131171 5 0 0 0 0.054891033 0 1 1 20285.376 4 4.3370695 4.3370695 4.3370695 4.3370695
"I.48.20.csv"	3	0.0053701726
3 1 7.1178725 9.6424435 2.156104 15.293954 4.2308804 0.99980702 0.73649373 1.0424792 7 1 0 1 0.050828983 0 1 1 378863.91 4 7.1178725 7.1178725 7.1178725 7.1178725
"I.48.20.csv"	1	-0.18221218
3 1 7.1178725 9.6424435 2.156104 15.293954 4.2308804 0.99980702 0.73649373 1.0424792 7 1 0 1 0.050828983 0 1 1 378863.91 4 7.1178725 7.1178725 7.1178725 7.1178725
"I.48.20.csv"	12	-0.18221218
3 1 7.1178725 9.6424435 2.156104 15.293954 4.2308804 0.99980702 0.73649373 1.0424792 7 1 0 1 0.050828983 0 1 1 378863.91 4 7.1178725 7.1178725 7.1178725 7.1178725
"I.48.20.csv"	19	0.015752569
3 1 7.1178725 9.6424435 2.156104 15.293954 4.2308804 0.99980702 0.73649373 1.0424792 7 1 0 1 0.050828983 0 1 1 378863.91 4 7.1178725 7.1178725 7.1178725 7.1178725
"I.48.20.csv"	19	-0.18221218
3 1 7.1178725 9.6424435 2.156104 15.293954 4.2308804 0.99980702 0.73649373 1.0424792 7 1 0 1 0.050828983 0 1 1 378863.91 4 7.1178725 7.1178725 7.1178725 7.1178725
"I.48.20.csv"	19	0.0039161163
3 1 7.1178725 9.6424435 2.156104 15.293954 4.2308804 0.99980702 0.73649373 1.0424792 7 1 0 1 0.050828983 0 1 1 378863.91 4 7.1178725 7.1178725 7.1178725 7.1178725
"I.48.20.csv"	14	0.00028671302
3 1 7.1178725 9.6424435 2.156104 15.293954 4.2308804 0.99980702 0.73649373 1.0424792 7 1 0 1 0.050828983 0 1 1 378863.91 4 7.1178725 7.1178725 7.1178725 7.1178725
"I.48.20.csv"	4	-0.0017404375
3 1 7.1178725 9.6424435 2.156104 15.293954 4.2308804 0.99980702 0.73649373 1.0424792 7 1 0 1 0.050828983 0 1 1 378863.91 4 7.1178725 7.1178725 7.1178725 7.1178725
"I.48.20.csv"	21	-0.0017404375
3 1 7.1178725 9.6424435 2.156104 15.293954 4.2308804 0.99980702 0.73649373 1.0424792 7 1 0 1 0.050828983 0 1 1 378863.91 4 7.1178725 7.1178725 7.1178725 7.1178725
"I.48.20.csv"	3	-0.0017404375
3 1 7.1178725 9.6424435 2.156104 15.293954 4.2308804 0.99980702 0.73649373 1.0424792 7 1 0 1 0.050828983 0 1 1 378863.91 4 7.1178725 7.1178725 7.1178725 7.1178725
"I.48.20.csv"	1	-0.0017404375
3 1 7.1178725 9.6424435 2.156104 15.293954 4.2308804 0.99980702 0.73649373 1.0424792 7 1 0 1 0.050828983 0 1 1 378863.91 4 7.1178725 7.1178725 7.1178725 7.1178725
"I.48.20.csv"	12	-0.0017404375
3 1 7.1178725 9.6424435 2.156104 15.293954 4.2308804 0.99980702 0.73649373 1.0424792 7 1 0 1 0.050828983 0 1 1 378863.91 4 7.1178725 7.1178725 7.1178725 7.1178725
"I.48.20.csv"	2	-0.0017404375
3 1 7.1178725 9.6424435 2.156104 15.293954 4.2308804 0.99980702 0.73649373 1.0424792 7 1 0 1 0.050828983 0 1 1 378863.91 4 7.1178725 7.1178725 7.1178725 7.1178725
"I.48.20.csv"	17	-0.0017404375
3 1 7.1178725 9.6424435 2.156104 15.293954 4.2308804 0.99980702 0.73649373 1.0424792 7 1 0 1 0.050828983 0 1 1 378863.91 4 7.1178725 7.1178725 7.1178725 7.1178725
"I.48.20.csv"	17	-0.0017404375
3 1 7.1178725 9.6424435 2.156104 15.293954 4.2308804 0.99980702 0.73649373 1.0424792 7 1 0 1 0.050828983 0 1 1 378863.91 4 7.1178725 7.1178725 7.1178725 7.1178725
"I.48.20.csv"	19	0.00023953406
3 1 7.1178725 9.6424435 2.156104 15.293954 4.2308804 0.99980702 0.73649373 1.0424792 7 1 0 1 0.050828983 0 1 1 378863.91 4 7.1178725 7.1178725 7.1178725 7.1178725
"I.48.20.csv"	19	-0.0017404375
3 1 7.1178725 9.6424435 2.156104 15.293954 4.2308804 0.99980702 0.73649373 1.0424792 7 1 0 1 0.050828983 0 1 1 378863.91 4 7.1178725 7.1178725 7.1178725 7.1178725
"I.48.20.csv"	19	-0.0017404375
3 1 7.1178725 9.6424435 2.156104 15.293954 4.2308804 0.99980702 0.73649373 1.0424792 7 1 0 1 0.050828983 0 1 1 378863.91 4 7.1178725 7.1178725 7.1178725 7.1178725
"I.48.20.csv"	21	0.00017967359
3 1 7.1178725 9.6424435 2.156104 15.293954 4.2308804 0.99980702 0.73649373 1.0424792 7 1 0 1 0.050828983 0 1 1 378863.91 4 7.1178725 7.1178725 7.1178725 7.1178725
"I.48.20.csv"	3	0.00010781586
3 1 7.1178725 9.6424435 2.156104 15.293954 4.2308804 0.99980702 0.73649373 1.0424792 7 1 0 1 0.050828983 0 1 1 378863.91 4 7.1178725 7.1178725 7.1178725 7.1178725
"I.48.20.csv"	1	0.00027473018
3 1 7.1178725 9.6424435 2.156104 15.293954 4.2308804 0.99980702 0.73649373 1.0424792 7 1 0 1 0.050828983 0 1 1 378863.91 4 7.1178725 7.1178725 7.1178725 7.1178725
"I.48.20.csv"	12	-0.0019038603
3 1 7.1178725 9.6424435 2.156104 15.293954 4.2308804 0.99980702 0.73649373 1.0424792 7 1 0 1 0.050828983 0 1 1 378863.91 4 7.1178725 7.1178725 7.1178725 7.1178725
"I.48.20.csv"	2	0.00014769281
3 1 7.1178725 9.6424435 2.156104 15.293954 4.2308804 0.99980702 0.73649373 1.0424792 7 1 0 1 0.050828983 0 1 1 378863.91 4 7.1178725 7.1178725 7.1178725 7.1178725
"I.48.20.csv"	17	0.0002062564
3 1 7.1178725 9.6424435 2.156104 15.293954 4.2308804 0.99980702 0.73649373 1.0424792 7 1 0 1 0.050828983 0 1 1 378863.91 4 7.1178725 7.1178725 7.1178725 7.1178725
"I.48.20.csv"	19	-0.0019038603
3 1 7.1178725 9.6424435 2.156104 15.293954 4.2308804 0.99980702 0.73649373 1.0424792 7 1 0 1 0.050828983 0 1 1 378863.91 4 7.1178725 7.1178725 7.1178725 7.1178725
"I.48.20.csv"	19	-0.0019038603
3 1 7.1178725 9.6424435 2.156104 15.293954 4.2308804 0.99980702 0.73649373 1.0424792 7 1 0 1 0.050828983 0 1 1 378863.91 4 7.1178725 7.1178725 7.1178725 7.1178725
"I.48.20.csv"	19	-0.0019038603
3 1 7.1178725 9.6424435 2.156104 15.293954 4.2308804 0.99980702 0.73649373 1.0424792 7 1 0 1 0.050828983 0 1 1 378863.91 4 7.1178725 7.1178725 7.1178725 7.1178725
"I.48.20.csv"	14	-0.001239002
3 1 7.1178725 9.6424435 2.156104 15.293954 4.2308804 0.99980702 0.73649373 1.0424792 7 1 0 1 0.050828983 0 1 1 378863.91 4 7.1178725 7.1178725 7.1178725 7.1178725
"I.48.20.csv"	4	0.00034335923
3 1 7.1178725 9.6424435 2.156104 15.293954 4.2308804 0.99980702 0.73649373 1.0424792 7 1 0 1 0.050828983 0 1 1 378863.91 4 7.1178725 7.1178725 7.1178725 7.1178725
"I.48.20.csv"	3	-0.001239002
3 1 7.1178725 9.6424435 2.156104 15.293954 4.2308804 0.99980702 0.73649373 1.0424792 7 1 0 1 0.050828983 0 1 1 378863.91 4 7.1178725 7.1178725 7.1178725 7.1178725
"I.48.20.csv"	1	-0.001239002
3 1 7.1178725 9.6424435 2.156104 15.293954 4.2308804 0.99980702 0.73649373 1.0424792 7 1 0 1 0.050828983 0 1 1 378863.91 4 7.1178725 7.1178725 7.1178725 7.1178725
"I.48.20.csv"	12	-0.001239002
3 1 7.1178725 9.6424435 2.156104 15.293954 4.2308804 0.99980702 0.73649373 1.0424792 7 1 0 1 0.050828983 0 1 1 378863.91 4 7.1178725 7.1178725 7.1178725 7.1178725
"I.48.20.csv"	2	-0.001239002
3 1 7.1178725 9.6424435 2.156104 15.293954 4.2308804 0.99980702 0.73649373 1.0424792 7 1 0 1 0.050828983 0 1 1 378863.91 4 7.1178725 7.1178725 7.1178725 7.1178725
"I.48.20.csv"	17	-0.001239002
3 1 7.1178725 9.6424435 2.156104 15.293954 4.2308804 0.99980702 0.73649373 1.0424792 7 1 0 1 0.050828983 0 1 1 378863.91 4 7.1178725 7.1178725 7.1178725 7.1178725
"I.48.20.csv"	17	-0.001239002
3 1 7.1178725 9.6424435 2.156104 15.293954 4.2308804 0.99980702 0.73649373 1.0424792 7 1 0 1 0.050828983 0 1 1 378863.91 4 7.1178725 7.1178725 7.1178725 7.1178725
"I.48.20.csv"	19	-0.001239002
3 1 7.1178725 9.6424435 2.156104 15.293954 4.2308804 0.99980702 0.73649373 1.0424792 7 1 0 1 0.050828983 0 1 1 378863.91 4 7.1178725 7.1178725 7.1178725 7.1178725
"I.48.20.csv"	19	-0.001239002
3 1 7.1178725 9.6424435 2.156104 15.293954 4.2308804 0.99980702 0.73649373 1.0424792 7 1 0 1 0.050828983 0 1 1 378863.91 4 7.1178725 7.1178725 7.1178725 7.1178725
"I.48.20.csv"	19	-0.001239002
3 1 7.1178725 9.6424435 2.156104 15.293954 4.2308804 0.99980702 0.73649373 1.0424792 7 1 0 1 0.050828983 0 1 1 378863.91 4 7.1178725 7.1178725 7.1178725 7.1178725
"I.48.20.csv"	4	0.00013793337
3 1 7.1178725 9.6424435 2.156104 15.293954 4.2308804 0.99980702 0.73649373 1.0424792 7 1 0 1 0.050828983 0 1 1 378863.91 4 7.1178725 7.1178725 7.1178725 7.1178725
"I.48.20.csv"	21	-0.0014528661
3 1 7.1178725 9.6424435 2.156104 15.293954 4.2308804 0.99980702 0.73649373 1.0424792 7 1 0 1 0.050828983 0 1 1 378863.91 4 7.1178725 7.1178725 7.1178725 7.1178725
"I.48.20.csv"	3	-0.0014528661
3 1 7.1178725 9.6424435 2.156104 15.293954 4.2308804 0.99980702 0.73649373 1.0424792 7 1 0 1 0.050828983 0 1 1 378863.91 4 7.1178725 7.1178725 7.1178725 7.1178725
"I.48.20.csv"	12	-0.0014528661
3 1 7.1178725 9.6424435 2.156104 15.293954 4.2308804 0.99980702 0.73649373 1.0424792 7 1 0 1 0.050828983 0 1 1 378863.91 4 7.1178725 7.1178725 7.1178725 7.1178725
"I.48.20.csv"	17	-0.0014528661
3 1 7.1178725 9.6424435 2.156104 15.293954 4.2308804 0.99980702 0.73649373 1.0424792 7 1 0 1 0.050828983 0 1 1 378863.91 4 7.1178725 7.1178725 7.1178725 7.1178725
"I.48.20.csv"	17	-0.0014528661
3 1 7.1178725 9.6424435 2.156104 15.293954 4.2308804 0.99980702 0.73649373 1.0424792 7 1 0 1 0.050828983 0 1 1 378863.91 4 7.1178725 7.1178725 7.1178725 7.1178725
"I.48.20.csv"	19	-0.0014528661
3 1 7.1178725 9.6424435 2.156104 15.293954 4.2308804 0.99980702 0.73649373 1.0424792 7 1 0 1 0.050828983 0 1 1 378863.91 4 7.1178725 7.1178725 7.1178725 7.1178725
"I.48.20.csv"	19	-0.0014528661
3 1 7.1178725 9.6424435 2.156104 15.293954 4.2308804 0.99980702 0.73649373 1.0424792 7 1 0 1 0.050828983 0 1 1 378863.91 4 7.1178725 7.1178725 7.1178725 7.1178725
"I.48.20.csv"	19	-0.0014528661
3 1 7.1178725 9.6424435 2.156104 15.293954 4.2308804 0.99980702 0.73649373 1.0424792 7 1 0 1 0.050828983 0 1 1 378863.91 4 7.1178725 7.1178725 7.1178725 7.1178725
"I.48.20.csv"	19	-0.0020579445
3 1 7.1178725 9.6424435 2.156104 15.293954 4.2308804 0.99980702 0.73649373 1.0424792 7 1 0 1 0.050828983 0 1 1 378863.91 4 7.1178725 7.1178725 7.1178725 7.1178725
"I.48.20.csv"	19	-0.0020579445
3 1 7.1178725 9.6424435 2.156104 15.293954 4.2308804 0.99980702 0.73649373 1.0424792 7 1 0 1 0.050828983 0 1 1 378863.91 4 7.1178725 7.1178725 7.1178725 7.1178725
"I.48.20.csv"	19	-0.0020579445
3 1 7.1178725 9.6424435 2.156104 15.293954 4.2308804 0.99980702 0.73649373 1.0424792 7 1 0 1 0.050828983 0 1 1 378863.91 4 7.1178725 7.1178725 7.1178725 7.1178725
"I.48.20.csv"	4	-0.0020579445
3 1 7.1178725 9.6424435 2.156104 15.293954 4.2308804 0.99980702 0.73649373 1.0424792 7 1 0 1 0.050828983 0 1 1 378863.91 4 7.1178725 7.1178725 7.1178725 7.1178725
"I.48.20.csv"	17	-0.0020579445
3 1 7.1178725 9.6424435 2.156104 15.293954 4.2308804 0.99980702 0.73649373 1.0424792 7 1 0 1 0.050828983 0 1 1 378863.91 4 7.1178725 7.1178725 7.1178725 7.1178725
"I.48.20.csv"	17	-0.0020579445
3 1 7.1178725 9.6424435 2.156104 15.293954 4.2308804 0.99980702 0.73649373 1.0424792 7 1 0 1 0.050828983 0 1 1 378863.91 4 7.1178725 7.1178725 7.1178725 7.1178725
"I.48.20.csv"	2	0.00013931259
3 1 7.1178725 9.6424435 2.156104 15.293954 4.2308804 0.99980702 0.73649373 1.0424792 7 1 0 1 0.050828983 0 1 1 378863.91 4 7.1178725 7.1178725 7.1178725 7.1178725
"I.48.20.csv"	3	8.8085362e-06
3 1 7.1178725 9.6424435 2.156104 15.293954 4.2308804 0.99980702 0.73649373 1.0424792 7 1 0 1 0.050828983 0 1 1 378863.91 4 7.1178725 7.1178725 7.1178725 7.1178725
"I.48.20.csv"	21	-0.0023940591
3 1 7.1178725 9.6424435 2.156104 15.293954 4.2308804 0.99980702 0.73649373 1.0424792 7 1 0 1 0.050828983 0 1 1 378863.91 4 7.1178725 7.1178725 7.1178725 7.1178725
"I.48.20.csv"	3	-0.0023940591
3 1 7.1178725 9.6424435 2.156104 15.293954 4.2308804 0.99980702 0.73649373 1.0424792 7 1 0 1 0.050828983 0 1 1 378863.91 4 7.1178725 7.1178725 7.1178725 7.1178725
"I.48.20.csv"	12	-0.0023940591
3 1 7.1178725 9.6424435 2.156104 15.293954 4.2308804 0.99980702 0.73649373 1.0424792 7 1 0 1 0.050828983 0 1 1 378863.91 4 7.1178725 7.1178725 7.1178725 7.1178725
"I.48.20.csv"	17	-0.0023940591
3 1 7.1178725 9.6424435 2.156104 15.293954 4.2308804 0.99980702 0.73649373 1.0424792 7 1 0 1 0.050828983 0 1 1 378863.91 4 7.1178725 7.1178725 7.1178725 7.1178725
"I.48.20.csv"	17	-0.0023940591
3 1 7.1178725 9.6424435 2.156104 15.293954 4.2308804 0.99980702 0.73649373 1.0424792 7 1 0 1 0.050828983 0 1 1 378863.91 4 7.1178725 7.1178725 7.1178725 7.1178725
"I.48.20.csv"	19	-0.0023940591
3 1 7.1178725 9.6424435 2.156104 15.293954 4.2308804 0.99980702 0.73649373 1.0424792 7 1 0 1 0.050828983 0 1 1 378863.91 4 7.1178725 7.1178725 7.1178725 7.1178725
"I.48.20.csv"	19	-0.0023940591
3 1 7.1178725 9.6424435 2.156104 15.293954 4.2308804 0.99980702 0.73649373 1.0424792 7 1 0 1 0.050828983 0 1 1 378863.91 4 7.1178725 7.1178725 7.1178725 7.1178725
"I.48.20.csv"	19	0.00076256086
3 1 7.1178725 9.6424435 2.156104 15.293954 4.2308804 0.99980702 0.73649373 1.0424792 7 1 0 1 0.050828983 0 1 1 378863.91 4 7.1178725 7.1178725 7.1178725 7.1178725
"I.18.4.csv"	4	-0.5626951
3 1 3.8015529 8.7668641 0.363061 17.795525 5.8875775 0.97290362 1.8422569 0.53597282 6 0 0 0 0.054931186 0 1 1 171682.8 4 3.8015529 3.8015529 3.8015529 3.8015529
"I.18.4.csv"	21	0.017054583
3 1 3.8015529 8.7668641 0.363061 17.795525 5.8875775 0.97290362 1.8422569 0.53597282 6 0 0 0 0.054931186 0 1 1 171682.8 4 3.8015529 3.8015529 3.8015529 3.8015529
"I.18.4.csv"	1	-0.5626951
3 1 3.8015529 8.7668641 0.363061 17.795525 5.8875775 0.97290362 1.8422569 0.53597282 6 0 0 0 0.054931186 0 1 1 171682.8 4 3.8015529 3.8015529 3.8015529 3.8015529
"I.18.4.csv"	12	-0.5626951
3 1 3.8015529 8.7668641 0.363061 17.795525 5.8875775 0.97290362 1.8422569 0.53597282 6 0 0 0 0.054931186 0 1 1 171682.8 4 3.8015529 3.8015529 3.8015529 3.8015529
"I.18.4.csv"	3	-0.0092887253
3 1 3.8015529 8.7668641 0.363061 17.795525 5.8875775 0.97290362 1.8422569 0.53597282 6 0 0 0 0.054931186 0 1 1 171682.8 4 3.8015529 3.8015529 3.8015529 3.8015529
"I.18.4.csv"	21	0.0016538535
3 1 3.8015529 8.7668641 0.363061 17.795525 5.8875775 0.97290362 1.8422569 0.53597282 6 0 0 0 0.054931186 0 1 1 171682.8 4 3.8015529 3.8015529 3.8015529 3.8015529
"I.18.4.csv"	12	-0.0092887253
3 1 3.8015529 8.7668641 0.363061 17.795525 5.8875775 0.97290362 1.8422569 0.53597282 6 0 0 0 0.054931186 0 1 1 171682.8 4 3.8015529 3.8015529 3.8015529 3.8015529
"I.18.4.csv"	4	-0.0092887253
3 1 3.8015529 8.7668641 0.363061 17.795525 5.8875775 0.97290362 1.8422569 0.53597282 6 0 0 0 0.054931186 0 1 1 171682.8 4 3.8015529 3.8015529 3.8015529 3.8015529
"I.18.4.csv"	2	-0.0092887253
3 1 3.8015529 8.7668641 0.363061 17.795525 5.8875775 0.97290362 1.8422569 0.53597282 6 0 0 0 0.054931186 0 1 1 171682.8 4 3.8015529 3.8015529 3.8015529 3.8015529
"I.18.4.csv"	14	0.00031028132
3 1 3.8015529 8.7668641 0.363061 17.795525 5.8875775 0.97290362 1.8422569 0.53597282 6 0 0 0 0.054931186 0 1 1 171682.8 4 3.8015529 3.8015529 3.8015529 3.8015529
"I.18.4.csv"	21	-0.0072357225
3 1 3.8015529 8.7668641 0.363061 17.795525 5.8875775 0.97290362 1.8422569 0.53597282 6 0 0 0 0.054931186 0 1 1 171682.8 4 3.8015529 3.8015529 3.8015529 3.8015529
"I.18.4.csv"	2	0.0034711992
3 1 3.8015529 8.7668641 0.363061 17.795525 5.8875775 0.97290362 1.8422569 0.53597282 6 0 0 0 0.054931186 0 1 1 171682.8 4 3.8015529 3.8015529 3.8015529 3.8015529
"I.18.4.csv"	12	-0.0072357225
3 1 3.8015529 8.7668641 0.363061 17.795525 5.8875775 0.97290362 1.8422569 0.53597282 6 0 0 0 0.054931186 0 1 1 171682.8 4 3.8015529 3.8015529 3.8015529 3.8015529
"I.18.4.csv"	4	-0.0072357225
3 1 3.8015529 8.7668641 0.363061 17.795525 5.8875775 0.97290362 1.8422569 0.53597282 6 0 0 0 0.054931186 0 1 1 171682.8 4 3.8015529 3.8015529 3.8015529 3.8015529
"I.18.4.csv"	3	-0.0072357225
3 1 3.8015529 8.7668641 0.363061 17.795525 5.8875775 0.97290362 1.8422569 0.53597282 6 0 0 0 0.054931186 0 1 1 171682.8 4 3.8015529 3.8015529 3.8015529 3.8015529
"I.18.4.csv"	14	0.0010625905
3 1 3.8015529 8.7668641 0.363061 17.795525 5.8875775 0.97290362 1.8422569 0.53597282 6 0 0 0 0.054931186 0 1 1 171682.8 4 3.8015529 3.8015529 3.8015529 3.8015529
"I.18.4.csv"	21	-0.0061887808
3 1 3.8015529 8.7668641 0.363061 17.795525 5.8875775 0.97290362 1.8422569 0.53597282 6 0 0 0 0.054931186 0 1 1 171682.8 4 3.8015529 3.8015529 3.8015529 3.8015529
"I.18.4.csv"	2	-0.0061887808
3 1 3.8015529 8.7668641 0.363061 17.795525 5.8875775 0.97290362 1.8422569 0.53597282 6 0 0 0 0.054931186 0 1 1 171682.8 4 3.8015529 3.8015529 3.8015529 3.8015529
"I.18.4.csv"	12	-0.0061887808
3 1 3.8015529 8.7668641 0.363061 17.795525 5.8875775 0.97290362 1.8422569 0.53597282 6 0 0 0 0.054931186 0 1 1 171682.8 4 3.8015529 3.8015529 3.8015529 3.8015529
"I.18.4.csv"	4	-0.0061887808
3 1 3.8015529 8.7668641 0.363061 17.795525 5.8875775 0.97290362 1.8422569 0.53597282 6 0 0 0 0.054931186 0 1 1 171682.8 4 3.8015529 3.8015529 3.8015529 3.8015529
"I.18.4.csv"	3	-0.0061887808
3 1 3.8015529 8.7668641 0.363061 17.795525 5.8875775 0.97290362 1.8422569 0.53597282 6 0 0 0 0.054931186 0 1 1 171682.8 4 3.8015529 3.8015529 3.8015529 3.8015529
"I.18.4.csv"	14	0.0010102317
3 1 3.8015529 8.7668641 0.363061 17.795525 5.8875775 0.97290362 1.8422569 0.53597282 6 0 0 0 0.054931186 0 1 1 171682.8 4 3.8015529 3.8015529 3.8015529 3.8015529
"I.18.4.csv"	21	-0.0061887808
3 1 3.8015529 8.7668641 0.363061 17.795525 5.8875775 0.97290362 1.8422569 0.53597282 6 0 0 0 0.054931186 0 1 1 171682.8 4 3.8015529 3.8015529 3.8015529 3.8015529
"I.18.4.csv"	2	-0.0061887808
3 1 3.8015529 8.7668641 0.363061 17.795525 5.8875775 0.97290362 1.8422569 0.53597282 6 0 0 0 0.054931186 0 1 1 171682.8 4 3.8015529 3.8015529 3.8015529 3.8015529
"I.18.4.csv"	12	-0.0061887808
3 1 3.8015529 8.7668641 0.363061 17.795525 5.8875775 0.97290362 1.8422569 0.53597282 6 0 0 0 0.054931186 0 1 1 171682.8 4 3.8015529 3.8015529 3.8015529 3.8015529
"I.18.4.csv"	4	-0.0061887808
3 1 3.8015529 8.7668641 0.363061 17.795525 5.8875775 0.97290362 1.8422569 0.53597282 6 0 0 0 0.054931186 0 1 1 171682.8 4 3.8015529 3.8015529 3.8015529 3.8015529
"I.18.4.csv"	3	-0.0061887808
3 1 3.8015529 8.7668641 0.363061 17.795525 5.8875775 0.97290362 1.8422569 0.53597282 6 0 0 0 0.054931186 0 1 1 171682.8 4 3.8015529 3.8015529 3.8015529 3.8015529
"I.18.4.csv"	3	-0.012750906
3 1 3.8015529 8.7668641 0.363061 17.795525 5.8875775 0.97290362 1.8422569 0.53597282 6 0 0 0 0.054931186 0 1 1 171682.8 4 3.8015529 3.8015529 3.8015529 3.8015529
"I.18.4.csv"	1	-0.012750906
3 1 3.8015529 8.7668641 0.363061 17.795525 5.8875775 0.97290362 1.8422569 0.53597282 6 0 0 0 0.054931186 0 1 1 171682.8 4 3.8015529 3.8015529 3.8015529 3.8015529
"I.18.4.csv"	12	-0.012750906
3 1 3.8015529 8.7668641 0.363061 17.795525 5.8875775 0.97290362 1.8422569 0.53597282 6 0 0 0 0.054931186 0 1 1 171682.8 4 3.8015529 3.8015529 3.8015529 3.8015529
"I.18.4.csv"	4	-0.012750906
3 1 3.8015529 8.7668641 0.363061 17.795525 5.8875775 0.97290362 1.8422569 0.53597282 6 0 0 0 0.054931186 0 1 1 171682.8 4 3.8015529 3.8015529 3.8015529 3.8015529
"I.18.4.csv"	14	0.0008272263
3 1 3.8015529 8.7668641 0.363061 17.795525 5.8875775 0.97290362 1.8422569 0.53597282 6 0 0 0 0.054931186 0 1 1 171682.8 4 3.8015529 3.8015529 3.8015529 3.8015529
"I.18.4.csv"	21	-0.0067880544
3 1 3.8015529 8.7668641 0.363061 17.795525 5.8875775 0.97290362 1.8422569 0.53597282 6 0 0 0 0.054931186 0 1 1 171682.8 4 3.8015529 3.8015529 3.8015529 3.8015529
"I.18.4.csv"	2	-0.0067880544
3 1 3.8015529 8.7668641 0.363061 17.795525 5.8875775 0.97290362 1.8422569 0.53597282 6 0 0 0 0.054931186 0 1 1 171682.8 4 3.8015529 3.8015529 3.8015529 3.8015529
"I.18.4.csv"	12	-0.0067880544
3 1 3.8015529 8.7668641 0.363061 17.795525 5.8875775 0.97290362 1.8422569 0.53597282 6 0 0 0 0.054931186 0 1 1 171682.8 4 3.8015529 3.8015529 3.8015529 3.8015529
"I.18.4.csv"	4	-0.0067880544
3 1 3.8015529 8.7668641 0.363061 17.795525 5.8875775 0.97290362 1.8422569 0.53597282 6 0 0 0 0.054931186 0 1 1 171682.8 4 3.8015529 3.8015529 3.8015529 3.8015529
"I.18.4.csv"	3	-0.0067880544
3 1 3.8015529 8.7668641 0.363061 17.795525 5.8875775 0.97290362 1.8422569 0.53597282 6 0 0 0 0.054931186 0 1 1 171682.8 4 3.8015529 3.8015529 3.8015529 3.8015529
"I.18.14.csv"	19	0.44612126
3 1 16.148794 28.171029 2.221924 20 3.3495264 0.92872968 11.543667 0.84994819 8 0 0 0 0.081183181 1 1 1 798535.2 4 16.148794 16.148794 16.148794 16.148794
"I.18.14.csv"	19	0.38315844
3 1 16.148794 28.171029 2.221924 20 3.3495264 0.92872968 11.543667 0.84994819 8 0 0 0 0.081183181 1 1 1 798535.2 4 16.148794 16.148794 16.148794 16.148794
"I.18.14.csv"	19	-17.310742
3 1 16.148794 28.171029 2.221924 20 3.3495264 0.92872968 11.543667 0.84994819 8 0 0 0 0.081183181 1 1 1 798535.2 4 16.148794 16.148794 16.148794 16.148794
"I.18.14.csv"	19	-17.310742
3 1 16.148794 28.171029 2.221924 20 3.3495264 0.92872968 11.543667 0.84994819 8 0 0 0 0.081183181 1 1 1 798535.2 4 16.148794 16.148794 16.148794 16.148794
"I.18.14.csv"	19	2.5279104
3 1 16.148794 28.171029 2.221924 20 3.3495264 0.92872968 11.543667 0.84994819 8 0 0 0 0.081183181 1 1 1 798535.2 4 16.148794 16.148794 16.148794 16.148794
"I.18.14.csv"	19	-17.310742
3 1 16.148794 28.171029 2.221924 20 3.3495264 0.92872968 11.543667 0.84994819 8 0 0 0 0.081183181 1 1 1 798535.2 4 16.148794 16.148794 16.148794 16.148794
"I.18.14.csv"	1	-17.310742
3 1 16.148794 28.171029 2.221924 20 3.3495264 0.92872968 11.543667 0.84994819 8 0 0 0 0.081183181 1 1 1 798535.2 4 16.148794 16.148794 16.148794 16.148794
"I.18.14.csv"	21	-0.069843335
3 1 16.148794 28.171029 2.221924 20 3.3495264 0.92872968 11.543667 0.84994819 8 0 0 0 0.081183181 1 1 1 798535.2 4 16.148794 16.148794 16.148794 16.148794
"I.18.14.csv"	3	0.0015971588
3 1 16.148794 28.171029 2.221924 20 3.3495264 0.92872968 11.543667 0.84994819 8 0 0 0 0.081183181 1 1 1 798535.2 4 16.148794 16.148794 16.148794 16.148794
"I.18.14.csv"	19	-0.069843335
3 1 16.148794 28.171029 2.221924 20 3.3495264 0.92872968 11.543667 0.84994819 8 0 0 0 0.081183181 1 1 1 798535.2 4 16.148794 16.148794 16.148794 16.148794
"I.18.14.csv"	19	0.017700577
3 1 16.148794 28.171029 2.221924 20 3.3495264 0.92872968 11.543667 0.84994819 8 0 0 0 0.081183181 1 1 1 798535.2 4 16.148794 16.148794 16.148794 16.148794
"I.18.14.csv"	19	0.025687644
3 1 16.148794 28.171029 2.221924 20 3.3495264 0.92872968 11.543667 0.84994819 8 0 0 0 0.081183181 1 1 1 798535.2 4 16.148794 16.148794 16.148794 16.148794
"I.18.14.csv"	19	-0.069843335
3 1 16.148794 28.171029 2.221924 20 3.3495264 0.92872968 11.543667 0.84994819 8 0 0 0 0.081183181 1 1 1 798535.2 4 16.148794 16.148794 16.148794 16.148794
"I.18.14.csv"	19	0.032875269
3 1 16.148794 28.171029 2.221924 20 3.3495264 0.92872968 11.543667 0.84994819 8 0 0 0 0.081183181 1 1 1 798535.2 4 16.148794 16.148794 16.148794 16.148794
"I.18.14.csv"	19	-0.069843335
3 1 16.148794 28.171029 2.221924 20 3.3495264 0.92872968 11.543667 0.84994819 8 0 0 0 0.081183181 1 1 1 798535.2 4 16.148794 16.148794 16.148794 16.148794
"I.18.14.csv"	19	-0.069843335
3 1 16.148794 28.171029 2.221924 20 3.3495264 0.92872968 11.543667 0.84994819 8 0 0 0 0.081183181 1 1 1 798535.2 4 16.148794 16.148794 16.148794 16.148794
"I.18.14.csv"	19	-0.069843335
3 1 16.148794 28.171029 2.221924 20 3.3495264 0.92872968 11.543667 0.84994819 8 0 0 0 0.081183181 1 1 1 798535.2 4 16.148794 16.148794 16.148794 16.148794
"I.18.14.csv"	19	0.037878105
3 1 16.148794 28.171029 2.221924 20 3.3495264 0.92872968 11.543667 0.84994819 8 0 0 0 0.081183181 1 1 1 798535.2 4 16.148794 16.148794 16.148794 16.148794
"I.18.14.csv"	19	0.026563734
3 1 16.148794 28.171029 2.221924 20 3.3495264 0.92872968 11.543667 0.84994819 8 0 0 0 0.081183181 1 1 1 798535.2 4 16.148794 16.148794 16.148794 16.148794
"I.18.14.csv"	19	-0.069843335
3 1 16.148794 28.171029 2.221924 20 3.3495264 0.92872968 11.543667 0.84994819 8 0 0 0 0.081183181 1 1 1 798535.2 4 16.148794 16.148794 16.148794 16.148794
"I.18.14.csv"	19	-0.069843335
3 1 16.148794 28.171029 2.221924 20 3.3495264 0.92872968 11.543667 0.84994819 8 0 0 0 0.081183181 1 1 1 798535.2 4 16.148794 16.148794 16.148794 16.148794
"I.18.14.csv"	4	-0.069843335
3 1 16.148794 28.171029 2.221924 20 3.3495264 0.92872968 11.543667 0.84994819 8 0 0 0 0.081183181 1 1 1 798535.2 4 16.148794 16.148794 16.148794 16.148794
"I.18.14.csv"	21	-0.07783758
3 1 16.148794 28.171029 2.221924 20 3.3495264 0.92872968 11.543667 0.84994819 8 0 0 0 0.081183181 1 1 1 798535.2 4 16.148794 16.148794 16.148794 16.148794
"I.18.14.csv"	3	0.0065310211
3 1 16.148794 28.171029 2.221924 20 3.3495264 0.92872968 11.543667 0.84994819 8 0 0 0 0.081183181 1 1 1 798535.2 4 16.148794 16.148794 16.148794 16.148794
"I.18.14.csv"	19	-0.07783758
3 1 16.148794 28.171029 2.221924 20 3.3495264 0.92872968 11.543667 0.84994819 8 0 0 0 0.081183181 1 1 1 798535.2 4 16.148794 16.148794 16.148794 16.148794
"I.18.14.csv"	19	-0.07783758
3 1 16.148794 28.171029 2.221924 20 3.3495264 0.92872968 11.543667 0.84994819 8 0 0 0 0.081183181 1 1 1 798535.2 4 16.148794 16.148794 16.148794 16.148794
"I.18.14.csv"	19	-0.07783758
3 1 16.148794 28.171029 2.221924 20 3.3495264 0.92872968 11.543667 0.84994819 8 0 0 0 0.081183181 1 1 1 798535.2 4 16.148794 16.148794 16.148794 16.148794
"I.18.14.csv"	19	-0.07783758
3 1 16.148794 28.171029 2.221924 20 3.3495264 0.92872968 11.543667 0.84994819 8 0 0 0 0.081183181 1 1 1 798535.2 4 16.148794 16.148794 16.148794 16.148794
"I.18.14.csv"	19	-0.07783758
3 1 16.148794 28.171029 2.221924 20 3.3495264 0.92872968 11.543667 0.84994819 8 0 0 0 0.081183181 1 1 1 798535.2 4 16.148794 16.148794 16.148794 16.148794
"I.18.14.csv"	19	-0.07783758
3 1 16.148794 28.171029 2.221924 20 3.3495264 0.92872968 11.543667 0.84994819 8 0 0 0 0.081183181 1 1 1 798535.2 4 16.148794 16.148794 16.148794 16.148794
"I.18.14.csv"	19	-0.07783758
3 1 16.148794 28.171029 2.221924 20 3.3495264 0.92872968 11.543667 0.84994819 8 0 0 0 0.081183181 1 1 1 798535.2 4 16.148794 16.148794 16.148794 16.148794
"I.18.14.csv"	19	0.030119611
3 1 16.148794 28.171029 2.221924 20 3.3495264 0.92872968 11.543667 0.84994819 8 0 0 0 0.081183181 1 1 1 798535.2 4 16.148794 16.148794 16.148794 16.148794
"I.18.14.csv"	19	-0.07783758
3 1 16.148794 28.171029 2.221924 20 3.3495264 0.92872968 11.543667 0.84994819 8 0 0 0 0.081183181 1 1 1 798535.2 4 16.148794 16.148794 16.148794 16.148794
"I.18.14.csv"	19	-0.07783758
3 1 16.148794 28.171029 2.221924 20 3.3495264 0.92872968 11.543667 0.84994819 8 0 0 0 0.081183181 1 1 1 798535.2 4 16.148794 16.148794 16.148794 16.148794
"I.18.14.csv"	19	0.033391215
3 1 16.148794 28.171029 2.221924 20 3.3495264 0.92872968 11.543667 0.84994819 8 0 0 0 0.081183181 1 1 1 798535.2 4 16.148794 16.148794 16.148794 16.148794
"I.18.14.csv"	19	-0.07783758
3 1 16.148794 28.171029 2.221924 20 3.3495264 0.92872968 11.543667 0.84994819 8 0 0 0 0.081183181 1 1 1 798535.2 4 16.148794 16.148794 16.148794 16.148794
"I.18.14.csv"	4	0.0063600062
3 1 16.148794 28.171029 2.221924 20 3.3495264 0.92872968 11.543667 0.84994819 8 0 0 0 0.081183181 1 1 1 798535.2 4 16.148794 16.148794 16.148794 16.148794
"I.18.14.csv"	21	0.010696715
3 1 16.148794 28.171029 2.221924 20 3.3495264 0.92872968 11.543667 0.84994819 8 0 0 0 0.081183181 1 1 1 798535.2 4 16.148794 16.148794 16.148794 16.148794
"I.18.14.csv"	3	-0.067076281
3 1 16.148794 28.171029 2.221924 20 3.3495264 0.92872968 11.543667 0.84994819 8 0 0 0 0.081183181 1 1 1 798535.2 4 16.148794 16.148794 16.148794 16.148794
"I.18.14.csv"	19	-0.067076281
3 1 16.148794 28.171029 2.221924 20 3.3495264 0.92872968 11.543667 0.84994819 8 0 0 0 0.081183181 1 1 1 798535.2 4 16.148794 16.148794 16.148794 16.148794
"I.18.14.csv"	19	-0.067076281
3 1 16.148794 28.171029 2.221924 20 3.3495264 0.92872968 11.543667 0.84994819 8 0 0 0 0.081183181 1 1 1 798535.2 4 16.148794 16.148794 16.148794 16.148794
"I.18.14.csv"	19	-0.067076281
3 1 16.148794 28.171029 2.221924 20 3.3495264 0.92872968 11.543667 0.84994819 8 0 0 0 0.081183181 1 1 1 798535.2 4 16.148794 16.148794 16.148794 16.148794
"I.18.14.csv"	19	-0.067076281
3 1 16.148794 28.171029 2.221924 20 3.3495264 0.92872968 11.543667 0.84994819 8 0 0 0 0.081183181 1 1 1 798535.2 4 16.148794 16.148794 16.148794 16.148794
"I.18.14.csv"	19	-0.067076281
3 1 16.148794 28.171029 2.221924 20 3.3495264 0.92872968 11.543667 0.84994819 8 0 0 0 0.081183181 1 1 1 798535.2 4 16.148794 16.148794 16.148794 16.148794
"I.18.14.csv"	19	-0.067076281
3 1 16.148794 28.171029 2.221924 20 3.3495264 0.92872968 11.543667 0.84994819 8 0 0 0 0.081183181 1 1 1 798535.2 4 16.148794 16.148794 16.148794 16.148794
"I.18.14.csv"	19	-0.067076281
3 1 16.148794 28.171029 2.221924 20 3.3495264 0.92872968 11.543667 0.84994819 8 0 0 0 0.081183181 1 1 1 798535.2 4 16.148794 16.148794 16.148794 16.148794
"I.18.14.csv"	19	-0.067076281
3 1 16.148794 28.171029 2.221924 20 3.3495264 0.92872968 11.543667 0.84994819 8 0 0 0 0.081183181 1 1 1 798535.2 4 16.148794 16.148794 16.148794 16.148794
"I.18.14.csv"	19	-0.067076281
3 1 16.148794 28.171029 2.221924 20 3.3495264 0.92872968 11.543667 0.84994819 8 0 0 0 0.081183181 1 1 1 798535.2 4 16.148794 16.148794 16.148794 16.148794
"I.18.14.csv"	19	-0.067076281
3 1 16.148794 28.171029 2.221924 20 3.3495264 0.92872968 11.543667 0.84994819 8 0 0 0 0.081183181 1 1 1 798535.2 4 16.148794 16.148794 16.148794 16.148794
"I.18.14.csv"	19	-0.067076281
3 1 16.148794 28.171029 2.221924 20 3.3495264 0.92872968 11.543667 0.84994819 8 0 0 0 0.081183181 1 1 1 798535.2 4 16.148794 16.148794 16.148794 16.148794
"I.18.14.csv"	19	-0.067076281
3 1 16.148794 28.171029 2.221924 20 3.3495264 0.92872968 11.543667 0.84994819 8 0 0 0 0.081183181 1 1 1 798535.2 4 16.148794 16.148794 16.148794 16.148794
"I.18.14.csv"	4	-0.067076281
3 1 16.148794 28.171029 2.221924 20 3.3495264 0.92872968 11.543667 0.84994819 8 0 0 0 0.081183181 1 1 1 798535.2 4 16.148794 16.148794 16.148794 16.148794
"I.18.14.csv"	21	-0.067877139
3 1 16.148794 28.171029 2.221924 20 3.3495264 0.92872968 11.543667 0.84994819 8 0 0 0 0.081183181 1 1 1 798535.2 4 16.148794 16.148794 16.148794 16.148794
"I.18.14.csv"	3	-0.067877139
3 1 16.148794 28.171029 2.221924 20 3.3495264 0.92872968 11.543667 0.84994819 8 0 0 0 0.081183181 1 1 1 798535.2 4 16.148794 16.148794 16.148794 16.148794
"I.18.14.csv"	19	-0.067877139
3 1 16.148794 28.171029 2.221924 20 3.3495264 0.92872968 11.543667 0.84994819 8 0 0 0 0.081183181 1 1 1 798535.2 4 16.148794 16.148794 16.148794 16.148794
"I.18.14.csv"	19	-0.067877139
3 1 16.148794 28.171029 2.221924 20 3.3495264 0.92872968 11.543667 0.84994819 8 0 0 0 0.081183181 1 1 1 798535.2 4 16.148794 16.148794 16.148794 16.148794
"I.18.14.csv"	19	-0.067877139
3 1 16.148794 28.171029 2.221924 20 3.3495264 0.92872968 11.543667 0.84994819 8 0 0 0 0.081183181 1 1 1 798535.2 4 16.148794 16.148794 16.148794 16.148794
"I.18.14.csv"	19	-0.067877139
3 1 16.148794 28.171029 2.221924 20 3.3495264 0.92872968 11.543667 0.84994819 8 0 0 0 0.081183181 1 1 1 798535.2 4 16.148794 16.148794 16.148794 16.148794
"I.18.14.csv"	19	-0.067877139
3 1 16.148794 28.171029 2.221924 20 3.3495264 0.92872968 11.543667 0.84994819 8 0 0 0 0.081183181 1 1 1 798535.2 4 16.148794 16.148794 16.148794 16.148794
"I.18.14.csv"	19	-0.067877139
3 1 16.148794 28.171029 2.221924 20 3.3495264 0.92872968 11.543667 0.84994819 8 0 0 0 0.081183181 1 1 1 798535.2 4 16.148794 16.148794 16.148794 16.148794
"I.18.14.csv"	19	-0.067877139
3 1 16.148794 28.171029 2.221924 20 3.3495264 0.92872968 11.543667 0.84994819 8 0 0 0 0.081183181 1 1 1 798535.2 4 16.148794 16.148794 16.148794 16.148794
"I.18.14.csv"	19	-0.067877139
3 1 16.148794 28.171029 2.221924 20 3.3495264 0.92872968 11.543667 0.84994819 8 0 0 0 0.081183181 1 1 1 798535.2 4 16.148794 16.148794 16.148794 16.148794
"I.18.14.csv"	19	-0.067877139
3 1 16.148794 28.171029 2.221924 20 3.3495264 0.92872968 11.543667 0.84994819 8 0 0 0 0.081183181 1 1 1 798535.2 4 16.148794 16.148794 16.148794 16.148794
"I.18.14.csv"	19	-0.067877139
3 1 16.148794 28.171029 2.221924 20 3.3495264 0.92872968 11.543667 0.84994819 8 0 0 0 0.081183181 1 1 1 798535.2 4 16.148794 16.148794 16.148794 16.148794
"I.18.14.csv"	19	-0.067877139
3 1 16.148794 28.171029 2.221924 20 3.3495264 0.92872968 11.543667 0.84994819 8 0 0 0 0.081183181 1 1 1 798535.2 4 16.148794 16.148794 16.148794 16.148794
"I.18.14.csv"	19	-0.067877139
3 1 16.148794 28.171029 2.221924 20 3.3495264 0.92872968 11.543667 0.84994819 8 0 0 0 0.081183181 1 1 1 798535.2 4 16.148794 16.148794 16.148794 16.148794
"I.18.14.csv"	4	-0.067877139
3 1 16.148794 28.171029 2.221924 20 3.3495264 0.92872968 11.543667 0.84994819 8 0 0 0 0.081183181 1 1 1 798535.2 4 16.148794 16.148794 16.148794 16.148794
"I.18.14.csv"	21	-0.068573606
3 1 16.148794 28.171029 2.221924 20 3.3495264 0.92872968 11.543667 0.84994819 8 0 0 0 0.081183181 1 1 1 798535.2 4 16.148794 16.148794 16.148794 16.148794
"I.18.14.csv"	3	0.015223916
3 1 16.148794 28.171029 2.221924 20 3.3495264 0.92872968 11.543667 0.84994819 8 0 0 0 0.081183181 1 1 1 798535.2 4 16.148794 16.148794 16.148794 16.148794
"I.18.14.csv"	19	-0.068573606
3 1 16.148794 28.171029 2.221924 20 3.3495264 0.92872968 11.543667 0.84994819 8 0 0 0 0.081183181 1 1 1 798535.2 4 16.148794 16.148794 16.148794 16.148794
"I.18.14.csv"	19	-0.068573606
3 1 16.148794 28.171029 2.221924 20 3.3495264 0.92872968 11.543667 0.84994819 8 0 0 0 0.081183181 1 1 1 798535.2 4 16.148794 16.148794 16.148794 16.148794
"I.18.14.csv"	19	-0.068573606
3 1 16.148794 28.171029 2.221924 20 3.3495264 0.92872968 11.543667 0.84994819 8 0 0 0 0.081183181 1 1 1 798535.2 4 16.148794 16.148794 16.148794 16.148794
"I.18.14.csv"	19	-0.068573606
3 1 16.148794 28.171029 2.221924 20 3.3495264 0.92872968 11.543667 0.84994819 8 0 0 0 0.081183181 1 1 1 798535.2 4 16.148794 16.148794 16.148794 16.148794
"I.18.14.csv"	19	-0.068573606
3 1 16.148794 28.171029 2.221924 20 3.3495264 0.92872968 11.543667 0.84994819 8 0 0 0 0.081183181 1 1 1 798535.2 4 16.148794 16.148794 16.148794 16.148794
"I.18.14.csv"	19	-0.068573606
3 1 16.148794 28.171029 2.221924 20 3.3495264 0.92872968 11.543667 0.84994819 8 0 0 0 0.081183181 1 1 1 798535.2 4 16.148794 16.148794 16.148794 16.148794
"I.18.14.csv"	19	-0.068573606
3 1 16.148794 28.171029 2.221924 20 3.3495264 0.92872968 11.543667 0.84994819 8 0 0 0 0.081183181 1 1 1 798535.2 4 16.148794 16.148794 16.148794 16.148794
"I.18.14.csv"	19	-0.068573606
3 1 16.148794 28.171029 2.221924 20 3.3495264 0.92872968 11.543667 0.84994819 8 0 0 0 0.081183181 1 1 1 798535.2 4 16.148794 16.148794 16.148794 16.148794
"I.18.14.csv"	19	-0.068573606
3 1 16.148794 28.171029 2.221924 20 3.3495264 0.92872968 11.543667 0.84994819 8 0 0 0 0.081183181 1 1 1 798535.2 4 16.148794 16.148794 16.148794 16.148794
"I.18.14.csv"	19	-0.068573606
3 1 16.148794 28.171029 2.221924 20 3.3495264 0.92872968 11.543667 0.84994819 8 0 0 0 0.081183181 1 1 1 798535.2 4 16.148794 16.148794 16.148794 16.148794
"I.18.14.csv"	19	-0.068573606
3 1 16.148794 28.171029 2.221924 20 3.3495264 0.92872968 11.543667 0.84994819 8 0 0 0 0.081183181 1 1 1 798535.2 4 16.148794 16.148794 16.148794 16.148794
"I.18.14.csv"	19	-0.068573606
3 1 16.148794 28.171029 2.221924 20 3.3495264 0.92872968 11.543667 0.84994819 8 0 0 0 0.081183181 1 1 1 798535.2 4 16.148794 16.148794 16.148794 16.148794
"I.18.14.csv"	4	0.014811581
3 1 16.148794 28.171029 2.221924 20 3.3495264 0.92872968 11.543667 0.84994819 8 0 0 0 0.081183181 1 1 1 798535.2 4 16.148794 16.148794 16.148794 16.148794
"I.24.6.csv"	3	5.7555446e-05
2 1 2.4294909 1.3008119 0.429653 4.723354 3.7646495 0.99385545 3.0054967 2.8975548 4 0 0 0 -0.025228243 1 1 1 1372371 4 2.4294909 2.4294909 2.4294909 2.4294909
"I.24.6.csv"	1	-0.070156876
2 1 2.4294909 1.3008119 0.429653 4.723354 3.7646495 0.99385545 3.0054967 2.8975548 4 0 0 0 -0.025228243 1 1 1 1372371 4 2.4294909 2.4294909 2.4294909 2.4294909
"I.24.6.csv"	12	-0.070156876
2 1 2.4294909 1.3008119 0.429653 4.723354 3.7646495 0.99385545 3.0054967 2.8975548 4 0 0 0 -0.025228243 1 1 1 1372371 4 2.4294909 2.4294909 2.4294909 2.4294909
"I.24.6.csv"	2	0.001411891
2 1 2.4294909 1.3008119 0.429653 4.723354 3.7646495 0.99385545 3.0054967 2.8975548 4 0 0 0 -0.025228243 1 1 1 1372371 4 2.4294909 2.4294909 2.4294909 2.4294909
"I.24.6.csv"	17	-0.070156876
2 1 2.4294909 1.3008119 0.429653 4.723354 3.7646495 0.99385545 3.0054967 2.8975548 4 0 0 0 -0.025228243 1 1 1 1372371 4 2.4294909 2.4294909 2.4294909 2.4294909
"I.24.6.csv"	21	-0.00076086478
2 1 2.4294909 1.3008119 0.429653 4.723354 3.7646495 0.99385545 3.0054967 2.8975548 4 0 0 0 -0.025228243 1 1 1 1372371 4 2.4294909 2.4294909 2.4294909 2.4294909
"I.24.6.csv"	3	-0.00076086478
2 1 2.4294909 1.3008119 0.429653 4.723354 3.7646495 0.99385545 3.0054967 2.8975548 4 0 0 0 -0.025228243 1 1 1 1372371 4 2.4294909 2.4294909 2.4294909 2.4294909
"I.24.6.csv"	4	-0.00076086478
2 1 2.4294909 1.3008119 0.429653 4.723354 3.7646495 0.99385545 3.0054967 2.8975548 4 0 0 0 -0.025228243 1 1 1 1372371 4 2.4294909 2.4294909 2.4294909 2.4294909
"I.24.6.csv"	12	-0.00076086478
2 1 2.4294909 1.3008119 0.429653 4.723354 3.7646495 0.99385545 3.0054967 2.8975548 4 0 0 0 -0.025228243 1 1 1 1372371 4 2.4294909 2.4294909 2.4294909 2.4294909
"I.24.6.csv"	2	-0.00076086478
2 1 2.4294909 1.3008119 0.429653 4.723354 3.7646495 0.99385545 3.0054967 2.8975548 4 0 0 0 -0.025228243 1 1 1 1372371 4 2.4294909 2.4294909 2.4294909 2.4294909
"I.24.6.csv"	21	-0.00034450101
2 1 2.4294909 1.3008119 0.429653 4.723354 3.7646495 0.99385545 3.0054967 2.8975548 4 0 0 0 -0.025228243 1 1 1 1372371 4 2.4294909 2.4294909 2.4294909 2.4294909
"I.24.6.csv"	3	-0.00034450101
2 1 2.4294909 1.3008119 0.429653 4.723354 3.7646495 0.99385545 3.0054967 2.8975548 4 0 0 0 -0.025228243 1 1 1 1372371 4 2.4294909 2.4294909 2.4294909 2.4294909
"I.24.6.csv"	4	-0.00034450101
2 1 2.4294909 1.3008119 0.429653 4.723354 3.7646495 0.99385545 3.0054967 2.8975548 4 0 0 0 -0.025228243 1 1 1 1372371 4 2.4294909 2.4294909 2.4294909 2.4294909
"I.24.6.csv"	12	-0.00034450101
2 1 2.4294909 1.3008119 0.429653 4.723354 3.7646495 0.99385545 3.0054967 2.8975548 4 0 0 0 -0.025228243 1 1 1 1372371 4 2.4294909 2.4294909 2.4294909 2.4294909
"I.24.6.csv"	2	-0.00034450101
2 1 2.4294909 1.3008119 0.429653 4.723354 3.7646495 0.99385545 3.0054967 2.8975548 4 0 0 0 -0.025228243 1 1 1 1372371 4 2.4294909 2.4294909 2.4294909 2.4294909
"I.25.9.csv"	1	-0.014700221
2 1 1.3957913 0.21579972 0.544137 2.444098 4.0899618 0.99815224 0.27184204 0.084389163 5 0 0 0 0.050447945 0 1 1 14860 4 1.3957913 1.3957913 1.3957913 1.3957913
"I.25.9.csv"	12	-0.014700221
2 1 1.3957913 0.21579972 0.544137 2.444098 4.0899618 0.99815224 0.27184204 0.084389163 5 0 0 0 0.050447945 0 1 1 14860 4 1.3957913 1.3957913 1.3957913 1.3957913
"I.29.16.csv"	4	-0.22108835
3 1 0.62464224 2.1274332 -2.969392 2.871856 4.004771 0.41377933 2.2282854 0.65264926 5 0 0 0 0.36396474 0 1 0 53927.542 4 0.62464224 0.62464224 0.62464224 0.62464224
"I.29.16.csv"	8	-0.22108835
3 1 0.62464224 2.1274332 -2.969392 2.871856 4.004771 0.41377933 2.2282854 0.65264926 5 0 0 0 0.36396474 0 1 0 53927.542 4 0.62464224 0.62464224 0.62464224 0.62464224
"I.29.16.csv"	2	-0.22108835
3 1 0.62464224 2.1274332 -2.969392 2.871856 4.004771 0.41377933 2.2282854 0.65264926 5 0 0 0 0.36396474 0 1 0 53927.542 4 0.62464224 0.62464224 0.62464224 0.62464224
"I.29.16.csv"	1	-0.22108835
3 1 0.62464224 2.1274332 -2.969392 2.871856 4.004771 0.41377933 2.2282854 0.65264926 5 0 0 0 0.36396474 0 1 0 53927.542 4 0.62464224 0.62464224 0.62464224 0.62464224
"I.29.16.csv"	3	-0.22108835
3 1 0.62464224 2.1274332 -2.969392 2.871856 4.004771 0.41377933 2.2282854 0.65264926 5 0 0 0 0.36396474 0 1 0 53927.542 4 0.62464224 0.62464224 0.62464224 0.62464224
"I.29.16.csv"	14	-0.22108835
3 1 0.62464224 2.1274332 -2.969392 2.871856 4.004771 0.41377933 2.2282854 0.65264926 5 0 0 0 0.36396474 0 1 0 53927.542 4 0.62464224 0.62464224 0.62464224 0.62464224
"I.29.16.csv"	4	-0.22108835
3 1 0.62464224 2.1274332 -2.969392 2.871856 4.004771 0.41377933 2.2282854 0.65264926 5 0 0 0 0.36396474 0 1 0 53927.542 4 0.62464224 0.62464224 0.62464224 0.62464224
"I.29.16.csv"	8	-0.22108835
3 1 0.62464224 2.1274332 -2.969392 2.871856 4.004771 0.41377933 2.2282854 0.65264926 5 0 0 0 0.36396474 0 1 0 53927.542 4 0.62464224 0.62464224 0.62464224 0.62464224
"I.29.16.csv"	21	-0.22108835
3 1 0.62464224 2.1274332 -2.969392 2.871856 4.004771 0.41377933 2.2282854 0.65264926 5 0 0 0 0.36396474 0 1 0 53927.542 4 0.62464224 0.62464224 0.62464224 0.62464224
"I.29.16.csv"	2	-0.22108835
3 1 0.62464224 2.1274332 -2.969392 2.871856 4.004771 0.41377933 2.2282854 0.65264926 5 0 0 0 0.36396474 0 1 0 53927.542 4 0.62464224 0.62464224 0.62464224 0.62464224
"I.29.16.csv"	12	-0.22108835
3 1 0.62464224 2.1274332 -2.969392 2.871856 4.004771 0.41377933 2.2282854 0.65264926 5 0 0 0 0.36396474 0 1 0 53927.542 4 0.62464224 0.62464224 0.62464224 0.62464224
"I.29.16.csv"	1	-0.22108835
3 1 0.62464224 2.1274332 -2.969392 2.871856 4.004771 0.41377933 2.2282854 0.65264926 5 0 0 0 0.36396474 0 1 0 53927.542 4 0.62464224 0.62464224 0.62464224 0.62464224
"I.29.16.csv"	3	-0.22108835
3 1 0.62464224 2.1274332 -2.969392 2.871856 4.004771 0.41377933 2.2282854 0.65264926 5 0 0 0 0.36396474 0 1 0 53927.542 4 0.62464224 0.62464224 0.62464224 0.62464224
"I.29.16.csv"	14	-0.22108835
3 1 0.62464224 2.1274332 -2.969392 2.871856 4.004771 0.41377933 2.2282854 0.65264926 5 0 0 0 0.36396474 0 1 0 53927.542 4 0.62464224 0.62464224 0.62464224 0.62464224
"I.29.16.csv"	4	-0.22108835
3 1 0.62464224 2.1274332 -2.969392 2.871856 4.004771 0.41377933 2.2282854 0.65264926 5 0 0 0 0.36396474 0 1 0 53927.542 4 0.62464224 0.62464224 0.62464224 0.62464224
"I.29.16.csv"	14	-0.22092974
3 1 0.62464224 2.1274332 -2.969392 2.871856 4.004771 0.41377933 2.2282854 0.65264926 5 0 0 0 0.36396474 0 1 0 53927.542 4 0.62464224 0.62464224 0.62464224 0.62464224
"I.29.16.csv"	4	-0.22092974
3 1 0.62464224 2.1274332 -2.969392 2.871856 4.004771 0.41377933 2.2282854 0.65264926 5 0 0 0 0.36396474 0 1 0 53927.542 4 0.62464224 0.62464224 0.62464224 0.62464224
"I.29.16.csv"	8	-0.22092974
3 1 0.62464224 2.1274332 -2.969392 2.871856 4.004771 0.41377933 2.2282854 0.65264926 5 0 0 0 0.36396474 0 1 0 53927.542 4 0.62464224 0.62464224 0.62464224 0.62464224
"I.29.16.csv"	21	-0.22092974
3 1 0.62464224 2.1274332 -2.969392 2.871856 4.004771 0.41377933 2.2282854 0.65264926 5 0 0 0 0.36396474 0 1 0 53927.542 4 0.62464224 0.62464224 0.62464224 0.62464224
"I.29.16.csv"	2	-0.22092974
3 1 0.62464224 2.1274332 -2.969392 2.871856 4.004771 0.41377933 2.2282854 0.65264926 5 0 0 0 0.36396474 0 1 0 53927.542 4 0.62464224 0.62464224 0.62464224 0.62464224
"I.29.16.csv"	12	-0.22092974
3 1 0.62464224 2.1274332 -2.969392 2.871856 4.004771 0.41377933 2.2282854 0.65264926 5 0 0 0 0.36396474 0 1 0 53927.542 4 0.62464224 0.62464224 0.62464224 0.62464224
"I.29.16.csv"	1	-0.22092974
3 1 0.62464224 2.1274332 -2.969392 2.871856 4.004771 0.41377933 2.2282854 0.65264926 5 0 0 0 0.36396474 0 1 0 53927.542 4 0.62464224 0.62464224 0.62464224 0.62464224
"I.29.16.csv"	3	-0.22092974
3 1 0.62464224 2.1274332 -2.969392 2.871856 4.004771 0.41377933 2.2282854 0.65264926 5 0 0 0 0.36396474 0 1 0 53927.542 4 0.62464224 0.62464224 0.62464224 0.62464224
"I.29.16.csv"	14	-0.22092974
3 1 0.62464224 2.1274332 -2.969392 2.871856 4.004771 0.41377933 2.2282854 0.65264926 5 0 0 0 0.36396474 0 1 0 53927.542 4 0.62464224 0.62464224 0.62464224 0.62464224
"I.29.16.csv"	4	-0.22092974
3 1 0.62464224 2.1274332 -2.969392 2.871856 4.004771 0.41377933 2.2282854 0.65264926 5 0 0 0 0.36396474 0 1 0 53927.542 4 0.62464224 0.62464224 0.62464224 0.62464224
"I.29.16.csv"	8	-0.22092974
3 1 0.62464224 2.1274332 -2.969392 2.871856 4.004771 0.41377933 2.2282854 0.65264926 5 0 0 0 0.36396474 0 1 0 53927.542 4 0.62464224 0.62464224 0.62464224 0.62464224
"I.29.16.csv"	21	-0.22092974
3 1 0.62464224 2.1274332 -2.969392 2.871856 4.004771 0.41377933 2.2282854 0.65264926 5 0 0 0 0.36396474 0 1 0 53927.542 4 0.62464224 0.62464224 0.62464224 0.62464224
"I.29.16.csv"	2	-0.22092974
3 1 0.62464224 2.1274332 -2.969392 2.871856 4.004771 0.41377933 2.2282854 0.65264926 5 0 0 0 0.36396474 0 1 0 53927.542 4 0.62464224 0.62464224 0.62464224 0.62464224
"I.29.16.csv"	12	-0.22092974
3 1 0.62464224 2.1274332 -2.969392 2.871856 4.004771 0.41377933 2.2282854 0.65264926 5 0 0 0 0.36396474 0 1 0 53927.542 4 0.62464224 0.62464224 0.62464224 0.62464224
"I.29.16.csv"	1	-0.22092974
3 1 0.62464224 2.1274332 -2.969392 2.871856 4.004771 0.41377933 2.2282854 0.65264926 5 0 0 0 0.36396474 0 1 0 53927.542 4 0.62464224 0.62464224 0.62464224 0.62464224
"I.29.16.csv"	4	-0.22127897
3 1 0.62464224 2.1274332 -2.969392 2.871856 4.004771 0.41377933 2.2282854 0.65264926 5 0 0 0 0.36396474 0 1 0 53927.542 4 0.62464224 0.62464224 0.62464224 0.62464224
"I.29.16.csv"	8	-0.22127897
3 1 0.62464224 2.1274332 -2.969392 2.871856 4.004771 0.41377933 2.2282854 0.65264926 5 0 0 0 0.36396474 0 1 0 53927.542 4 0.62464224 0.62464224 0.62464224 0.62464224
"I.29.16.csv"	2	-0.22127897
3 1 0.62464224 2.1274332 -2.969392 2.871856 4.004771 0.41377933 2.2282854 0.65264926 5 0 0 0 0.36396474 0 1 0 53927.542 4 0.62464224 0.62464224 0.62464224 0.62464224
"I.29.16.csv"	1	-0.22127897
3 1 0.62464224 2.1274332 -2.969392 2.871856 4.004771 0.41377933 2.2282854 0.65264926 5 0 0 0 0.36396474 0 1 0 53927.542 4 0.62464224 0.62464224 0.62464224 0.62464224
"I.29.16.csv"	3	-0.22127897
3 1 0.62464224 2.1274332 -2.969392 2.871856 4.004771 0.41377933 2.2282854 0.65264926 5 0 0 0 0.36396474 0 1 0 53927.542 4 0.62464224 0.62464224 0.62464224 0.62464224
"I.29.16.csv"	14	-0.22127897
3 1 0.62464224 2.1274332 -2.969392 2.871856 4.004771 0.41377933 2.2282854 0.65264926 5 0 0 0 0.36396474 0 1 0 53927.542 4 0.62464224 0.62464224 0.62464224 0.62464224
"I.29.16.csv"	4	-0.22127897
3 1 0.62464224 2.1274332 -2.969392 2.871856 4.004771 0.41377933 2.2282854 0.65264926 5 0 0 0 0.36396474 0 1 0 53927.542 4 0.62464224 0.62464224 0.62464224 0.62464224
"I.29.16.csv"	8	-0.22127897
3 1 0.62464224 2.1274332 -2.969392 2.871856 4.004771 0.41377933 2.2282854 0.65264926 5 0 0 0 0.36396474 0 1 0 53927.542 4 0.62464224 0.62464224 0.62464224 0.62464224
"I.29.16.csv"	21	-0.22127897
3 1 0.62464224 2.1274332 -2.969392 2.871856 4.004771 0.41377933 2.2282854 0.65264926 5 0 0 0 0.36396474 0 1 0 53927.542 4 0.62464224 0.62464224 0.62464224 0.62464224
"I.29.16.csv"	2	-0.22127897
3 1 0.62464224 2.1274332 -2.969392 2.871856 4.004771 0.41377933 2.2282854 0.65264926 5 0 0 0 0.36396474 0 1 0 53927.542 4 0.62464224 0.62464224 0.62464224 0.62464224
"I.29.16.csv"	12	-0.22127897
3 1 0.62464224 2.1274332 -2.969392 2.871856 4.004771 0.41377933 2.2282854 0.65264926 5 0 0 0 0.36396474 0 1 0 53927.542 4 0.62464224 0.62464224 0.62464224 0.62464224
"I.29.16.csv"	1	-0.22127897
3 1 0.62464224 2.1274332 -2.969392 2.871856 4.004771 0.41377933 2.2282854 0.65264926 5 0 0 0 0.36396474 0 1 0 53927.542 4 0.62464224 0.62464224 0.62464224 0.62464224
"I.29.16.csv"	3	-0.22127897
3 1 0.62464224 2.1274332 -2.969392 2.871856 4.004771 0.41377933 2.2282854 0.65264926 5 0 0 0 0.36396474 0 1 0 53927.542 4 0.62464224 0.62464224 0.62464224 0.62464224
"I.29.16.csv"	14	-0.22127897
3 1 0.62464224 2.1274332 -2.969392 2.871856 4.004771 0.41377933 2.2282854 0.65264926 5 0 0 0 0.36396474 0 1 0 53927.542 4 0.62464224 0.62464224 0.62464224 0.62464224
"I.29.16.csv"	4	-0.22127897
3 1 0.62464224 2.1274332 -2.969392 2.871856 4.004771 0.41377933 2.2282854 0.65264926 5 0 0 0 0.36396474 0 1 0 53927.542 4 0.62464224 0.62464224 0.62464224 0.62464224
"I.29.16.csv"	4	-0.22117648
3 1 0.62464224 2.1274332 -2.969392 2.871856 4.004771 0.41377933 2.2282854 0.65264926 5 0 0 0 0.36396474 0 1 0 53927.542 4 0.62464224 0.62464224 0.62464224 0.62464224
"I.29.16.csv"	8	-0.22117648
3 1 0.62464224 2.1274332 -2.969392 2.871856 4.004771 0.41377933 2.2282854 0.65264926 5 0 0 0 0.36396474 0 1 0 53927.542 4 0.62464224 0.62464224 0.62464224 0.62464224
"I.29.16.csv"	2	-0.22117648
3 1 0.62464224 2.1274332 -2.969392 2.871856 4.004771 0.41377933 2.2282854 0.65264926 5 0 0 0 0.36396474 0 1 0 53927.542 4 0.62464224 0.62464224 0.62464224 0.62464224
"I.29.16.csv"	1	-0.22117648
3 1 0.62464224 2.1274332 -2.969392 2.871856 4.004771 0.41377933 2.2282854 0.65264926 5 0 0 0 0.36396474 0 1 0 53927.542 4 0.62464224 0.62464224 0.62464224 0.62464224
"I.29.16.csv"	3	-0.22117648
3 1 0.62464224 2.1274332 -2.969392 2.871856 4.004771 0.41377933 2.2282854 0.65264926 5 0 0 0 0.36396474 0 1 0 53927.542 4 0.62464224 0.62464224 0.62464224 0.62464224
"I.29.16.csv"	14	-0.22117648
3 1 0.62464224 2.1274332 -2.969392 2.871856 4.004771 0.41377933 2.2282854 0.65264926 5 0 0 0 0.36396474 0 1 0 53927.542 4 0.62464224 0.62464224 0.62464224 0.62464224
"I.29.16.csv"	4	-0.22117648
3 1 0.62464224 2.1274332 -2.969392 2.871856 4.004771 0.41377933 2.2282854 0.65264926 5 0 0 0 0.36396474 0 1 0 53927.542 4 0.62464224 0.62464224 0.62464224 0.62464224
"I.29.16.csv"	8	-0.22117648
3 1 0.62464224 2.1274332 -2.969392 2.871856 4.004771 0.41377933 2.2282854 0.65264926 5 0 0 0 0.36396474 0 1 0 53927.542 4 0.62464224 0.62464224 0.62464224 0.62464224
"I.29.16.csv"	21	-0.22117648
3 1 0.62464224 2.1274332 -2.969392 2.871856 4.004771 0.41377933 2.2282854 0.65264926 5 0 0 0 0.36396474 0 1 0 53927.542 4 0.62464224 0.62464224 0.62464224 0.62464224
"I.29.16.csv"	2	-0.22117648
3 1 0.62464224 2.1274332 -2.969392 2.871856 4.004771 0.41377933 2.2282854 0.65264926 5 0 0 0 0.36396474 0 1 0 53927.542 4 0.62464224 0.62464224 0.62464224 0.62464224
"I.29.16.csv"	12	-0.22117648
3 1 0.62464224 2.1274332 -2.969392 2.871856 4.004771 0.41377933 2.2282854 0.65264926 5 0 0 0 0.36396474 0 1 0 53927.542 4 0.62464224 0.62464224 0.62464224 0.62464224
"I.29.16.csv"	1	-0.22117648
3 1 0.62464224 2.1274332 -2.969392 2.871856 4.004771 0.41377933 2.2282854 0.65264926 5 0 0 0 0.36396474 0 1 0 53927.542 4 0.62464224 0.62464224 0.62464224 0.62464224
"I.29.16.csv"	3	-0.22117648
3 1 0.62464224 2.1274332 -2.969392 2.871856 4.004771 0.41377933 2.2282854 0.65264926 5 0 0 0 0.36396474 0 1 0 53927.542 4 0.62464224 0.62464224 0.62464224 0.62464224
"I.29.16.csv"	14	-0.22117648
3 1 0.62464224 2.1274332 -2.969392 2.871856 4.004771 0.41377933 2.2282854 0.65264926 5 0 0 0 0.36396474 0 1 0 53927.542 4 0.62464224 0.62464224 0.62464224 0.62464224
"I.29.16.csv"	4	-0.22117648
3 1 0.62464224 2.1274332 -2.969392 2.871856 4.004771 0.41377933 2.2282854 0.65264926 5 0 0 0 0.36396474 0 1 0 53927.542 4 0.62464224 0.62464224 0.62464224 0.62464224
"I.29.16.csv"	4	-0.22134891
3 1 0.62464224 2.1274332 -2.969392 2.871856 4.004771 0.41377933 2.2282854 0.65264926 5 0 0 0 0.36396474 0 1 0 53927.542 4 0.62464224 0.62464224 0.62464224 0.62464224
"I.29.16.csv"	8	-0.22134891
3 1 0.62464224 2.1274332 -2.969392 2.871856 4.004771 0.41377933 2.2282854 0.65264926 5 0 0 0 0.36396474 0 1 0 53927.542 4 0.62464224 0.62464224 0.62464224 0.62464224
"I.29.16.csv"	2	-0.22134891
3 1 0.62464224 2.1274332 -2.969392 2.871856 4.004771 0.41377933 2.2282854 0.65264926 5 0 0 0 0.36396474 0 1 0 53927.542 4 0.62464224 0.62464224 0.62464224 0.62464224
"I.29.16.csv"	1	-0.22134891
3 1 0.62464224 2.1274332 -2.969392 2.871856 4.004771 0.41377933 2.2282854 0.65264926 5 0 0 0 0.36396474 0 1 0 53927.542 4 0.62464224 0.62464224 0.62464224 0.62464224
"I.29.16.csv"	3	-0.22134891
3 1 0.62464224 2.1274332 -2.969392 2.871856 4.004771 0.41377933 2.2282854 0.65264926 5 0 0 0 0.36396474 0 1 0 53927.542 4 0.62464224 0.62464224 0.62464224 0.62464224
"I.29.16.csv"	14	-0.22134891
3 1 0.62464224 2.1274332 -2.969392 2.871856 4.004771 0.41377933 2.2282854 0.65264926 5 0 0 0 0.36396474 0 1 0 53927.542 4 0.62464224 0.62464224 0.62464224 0.62464224
"I.29.16.csv"	4	-0.22134891
3 1 0.62464224 2.1274332 -2.969392 2.871856 4.004771 0.41377933 2.2282854 0.65264926 5 0 0 0 0.36396474 0 1 0 53927.542 4 0.62464224 0.62464224 0.62464224 0.62464224
"I.29.16.csv"	8	-0.22134891
3 1 0.62464224 2.1274332 -2.969392 2.871856 4.004771 0.41377933 2.2282854 0.65264926 5 0 0 0 0.36396474 0 1 0 53927.542 4 0.62464224 0.62464224 0.62464224 0.62464224
"I.29.16.csv"	21	-0.22134891
3 1 0.62464224 2.1274332 -2.969392 2.871856 4.004771 0.41377933 2.2282854 0.65264926 5 0 0 0 0.36396474 0 1 0 53927.542 4 0.62464224 0.62464224 0.62464224 0.62464224
"I.29.16.csv"	2	-0.22134891
3 1 0.62464224 2.1274332 -2.969392 2.871856 4.004771 0.41377933 2.2282854 0.65264926 5 0 0 0 0.36396474 0 1 0 53927.542 4 0.62464224 0.62464224 0.62464224 0.62464224
"I.29.16.csv"	12	-0.22134891
3 1 0.62464224 2.1274332 -2.969392 2.871856 4.004771 0.41377933 2.2282854 0.65264926 5 0 0 0 0.36396474 0 1 0 53927.542 4 0.62464224 0.62464224 0.62464224 0.62464224
"I.29.16.csv"	1	-0.22134891
3 1 0.62464224 2.1274332 -2.969392 2.871856 4.004771 0.41377933 2.2282854 0.65264926 5 0 0 0 0.36396474 0 1 0 53927.542 4 0.62464224 0.62464224 0.62464224 0.62464224
"I.29.16.csv"	3	-0.22134891
3 1 0.62464224 2.1274332 -2.969392 2.871856 4.004771 0.41377933 2.2282854 0.65264926 5 0 0 0 0.36396474 0 1 0 53927.542 4 0.62464224 0.62464224 0.62464224 0.62464224
"I.29.16.csv"	14	-0.22134891
3 1 0.62464224 2.1274332 -2.969392 2.871856 4.004771 0.41377933 2.2282854 0.65264926 5 0 0 0 0.36396474 0 1 0 53927.542 4 0.62464224 0.62464224 0.62464224 0.62464224
"I.29.16.csv"	4	-0.22134891
3 1 0.62464224 2.1274332 -2.969392 2.871856 4.004771 0.41377933 2.2282854 0.65264926 5 0 0 0 0.36396474 0 1 0 53927.542 4 0.62464224 0.62464224 0.62464224 0.62464224
"I.29.16.csv"	4	-0.22199268
3 1 0.62464224 2.1274332 -2.969392 2.871856 4.004771 0.41377933 2.2282854 0.65264926 5 0 0 0 0.36396474 0 1 0 53927.542 4 0.62464224 0.62464224 0.62464224 0.62464224
"I.29.16.csv"	8	-0.22199268
3 1 0.62464224 2.1274332 -2.969392 2.871856 4.004771 0.41377933 2.2282854 0.65264926 5 0 0 0 0.36396474 0 1 0 53927.542 4 0.62464224 0.62464224 0.62464224 0.62464224
"I.29.16.csv"	2	-0.22199268
3 1 0.62464224 2.1274332 -2.969392 2.871856 4.004771 0.41377933 2.2282854 0.65264926 5 0 0 0 0.36396474 0 1 0 53927.542 4 0.62464224 0.62464224 0.62464224 0.62464224
"I.29.16.csv"	1	-0.22199268
3 1 0.62464224 2.1274332 -2.969392 2.871856 4.004771 0.41377933 2.2282854 0.65264926 5 0 0 0 0.36396474 0 1 0 53927.542 4 0.62464224 0.62464224 0.62464224 0.62464224
"I.29.16.csv"	3	-0.22199268
3 1 0.62464224 2.1274332 -2.969392 2.871856 4.004771 0.41377933 2.2282854 0.65264926 5 0 0 0 0.36396474 0 1 0 53927.542 4 0.62464224 0.62464224 0.62464224 0.62464224
"I.29.16.csv"	14	-0.22199268
3 1 0.62464224 2.1274332 -2.969392 2.871856 4.004771 0.41377933 2.2282854 0.65264926 5 0 0 0 0.36396474 0 1 0 53927.542 4 0.62464224 0.62464224 0.62464224 0.62464224
"I.29.16.csv"	4	-0.22199268
3 1 0.62464224 2.1274332 -2.969392 2.871856 4.004771 0.41377933 2.2282854 0.65264926 5 0 0 0 0.36396474 0 1 0 53927.542 4 0.62464224 0.62464224 0.62464224 0.62464224
"I.29.16.csv"	8	-0.22199268
3 1 0.62464224 2.1274332 -2.969392 2.871856 4.004771 0.41377933 2.2282854 0.65264926 5 0 0 0 0.36396474 0 1 0 53927.542 4 0.62464224 0.62464224 0.62464224 0.62464224
"I.29.16.csv"	21	-0.22199268
3 1 0.62464224 2.1274332 -2.969392 2.871856 4.004771 0.41377933 2.2282854 0.65264926 5 0 0 0 0.36396474 0 1 0 53927.542 4 0.62464224 0.62464224 0.62464224 0.62464224
"I.29.16.csv"	2	-0.22199268
3 1 0.62464224 2.1274332 -2.969392 2.871856 4.004771 0.41377933 2.2282854 0.65264926 5 0 0 0 0.36396474 0 1 0 53927.542 4 0.62464224 0.62464224 0.62464224 0.62464224
"I.29.16.csv"	12	-0.22199268
3 1 0.62464224 2.1274332 -2.969392 2.871856 4.004771 0.41377933 2.2282854 0.65264926 5 0 0 0 0.36396474 0 1 0 53927.542 4 0.62464224 0.62464224 0.62464224 0.62464224
"I.29.16.csv"	1	-0.22199268
3 1 0.62464224 2.1274332 -2.969392 2.871856 4.004771 0.41377933 2.2282854 0.65264926 5 0 0 0 0.36396474 0 1 0 53927.542 4 0.62464224 0.62464224 0.62464224 0.62464224
"I.29.16.csv"	3	-0.22199268
3 1 0.62464224 2.1274332 -2.969392 2.871856 4.004771 0.41377933 2.2282854 0.65264926 5 0 0 0 0.36396474 0 1 0 53927.542 4 0.62464224 0.62464224 0.62464224 0.62464224
"I.29.16.csv"	14	-0.22199268
3 1 0.62464224 2.1274332 -2.969392 2.871856 4.004771 0.41377933 2.2282854 0.65264926 5 0 0 0 0.36396474 0 1 0 53927.542 4 0.62464224 0.62464224 0.62464224 0.62464224
"I.29.16.csv"	4	-0.22199268
3 1 0.62464224 2.1274332 -2.969392 2.871856 4.004771 0.41377933 2.2282854 0.65264926 5 0 0 0 0.36396474 0 1 0 53927.542 4 0.62464224 0.62464224 0.62464224 0.62464224
"I.29.16.csv"	4	-0.22182867
3 1 0.62464224 2.1274332 -2.969392 2.871856 4.004771 0.41377933 2.2282854 0.65264926 5 0 0 0 0.36396474 0 1 0 53927.542 4 0.62464224 0.62464224 0.62464224 0.62464224
"I.29.16.csv"	8	-0.22182867
3 1 0.62464224 2.1274332 -2.969392 2.871856 4.004771 0.41377933 2.2282854 0.65264926 5 0 0 0 0.36396474 0 1 0 53927.542 4 0.62464224 0.62464224 0.62464224 0.62464224
"I.29.16.csv"	2	-0.22182867
3 1 0.62464224 2.1274332 -2.969392 2.871856 4.004771 0.41377933 2.2282854 0.65264926 5 0 0 0 0.36396474 0 1 0 53927.542 4 0.62464224 0.62464224 0.62464224 0.62464224
"I.29.16.csv"	1	-0.22182867
3 1 0.62464224 2.1274332 -2.969392 2.871856 4.004771 0.41377933 2.2282854 0.65264926 5 0 0 0 0.36396474 0 1 0 53927.542 4 0.62464224 0.62464224 0.62464224 0.62464224
"I.29.16.csv"	3	-0.22182867
3 1 0.62464224 2.1274332 -2.969392 2.871856 4.004771 0.41377933 2.2282854 0.65264926 5 0 0 0 0.36396474 0 1 0 53927.542 4 0.62464224 0.62464224 0.62464224 0.62464224
"I.29.16.csv"	14	-0.22182867
3 1 0.62464224 2.1274332 -2.969392 2.871856 4.004771 0.41377933 2.2282854 0.65264926 5 0 0 0 0.36396474 0 1 0 53927.542 4 0.62464224 0.62464224 0.62464224 0.62464224
"I.29.16.csv"	4	-0.22182867
3 1 0.62464224 2.1274332 -2.969392 2.871856 4.004771 0.41377933 2.2282854 0.65264926 5 0 0 0 0.36396474 0 1 0 53927.542 4 0.62464224 0.62464224 0.62464224 0.62464224
"I.29.16.csv"	8	-0.22182867
3 1 0.62464224 2.1274332 -2.969392 2.871856 4.004771 0.41377933 2.2282854 0.65264926 5 0 0 0 0.36396474 0 1 0 53927.542 4 0.62464224 0.62464224 0.62464224 0.62464224
"I.29.16.csv"	21	-0.22182867
3 1 0.62464224 2.1274332 -2.969392 2.871856 4.004771 0.41377933 2.2282854 0.65264926 5 0 0 0 0.36396474 0 1 0 53927.542 4 0.62464224 0.62464224 0.62464224 0.62464224
"I.29.16.csv"	2	-0.22182867
3 1 0.62464224 2.1274332 -2.969392 2.871856 4.004771 0.41377933 2.2282854 0.65264926 5 0 0 0 0.36396474 0 1 0 53927.542 4 0.62464224 0.62464224 0.62464224 0.62464224
"I.29.16.csv"	12	-0.22182867
3 1 0.62464224 2.1274332 -2.969392 2.871856 4.004771 0.41377933 2.2282854 0.65264926 5 0 0 0 0.36396474 0 1 0 53927.542 4 0.62464224 0.62464224 0.62464224 0.62464224
"I.29.16.csv"	1	-0.22182867
3 1 0.62464224 2.1274332 -2.969392 2.871856 4.004771 0.41377933 2.2282854 0.65264926 5 0 0 0 0.36396474 0 1 0 53927.542 4 0.62464224 0.62464224 0.62464224 0.62464224
"I.29.16.csv"	3	-0.22182867
3 1 0.62464224 2.1274332 -2.969392 2.871856 4.004771 0.41377933 2.2282854 0.65264926 5 0 0 0 0.36396474 0 1 0 53927.542 4 0.62464224 0.62464224 0.62464224 0.62464224
"I.29.16.csv"	14	-0.22182867
3 1 0.62464224 2.1274332 -2.969392 2.871856 4.004771 0.41377933 2.2282854 0.65264926 5 0 0 0 0.36396474 0 1 0 53927.542 4 0.62464224 0.62464224 0.62464224 0.62464224
"I.29.16.csv"	4	-0.22182867
3 1 0.62464224 2.1274332 -2.969392 2.871856 4.004771 0.41377933 2.2282854 0.65264926 5 0 0 0 0.36396474 0 1 0 53927.542 4 0.62464224 0.62464224 0.62464224 0.62464224
"I.29.16.csv"	14	-0.22210372
3 1 0.62464224 2.1274332 -2.969392 2.871856 4.004771 0.41377933 2.2282854 0.65264926 5 0 0 0 0.36396474 0 1 0 53927.542 4 0.62464224 0.62464224 0.62464224 0.62464224
"I.29.16.csv"	4	-0.22210372
3 1 0.62464224 2.1274332 -2.969392 2.871856 4.004771 0.41377933 2.2282854 0.65264926 5 0 0 0 0.36396474 0 1 0 53927.542 4 0.62464224 0.62464224 0.62464224 0.62464224
"I.29.16.csv"	8	-0.22210372
3 1 0.62464224 2.1274332 -2.969392 2.871856 4.004771 0.41377933 2.2282854 0.65264926 5 0 0 0 0.36396474 0 1 0 53927.542 4 0.62464224 0.62464224 0.62464224 0.62464224
"I.29.16.csv"	21	-0.22210372
3 1 0.62464224 2.1274332 -2.969392 2.871856 4.004771 0.41377933 2.2282854 0.65264926 5 0 0 0 0.36396474 0 1 0 53927.542 4 0.62464224 0.62464224 0.62464224 0.62464224
"I.29.16.csv"	2	-0.22210372
3 1 0.62464224 2.1274332 -2.969392 2.871856 4.004771 0.41377933 2.2282854 0.65264926 5 0 0 0 0.36396474 0 1 0 53927.542 4 0.62464224 0.62464224 0.62464224 0.62464224
"I.29.16.csv"	12	-0.22210372
3 1 0.62464224 2.1274332 -2.969392 2.871856 4.004771 0.41377933 2.2282854 0.65264926 5 0 0 0 0.36396474 0 1 0 53927.542 4 0.62464224 0.62464224 0.62464224 0.62464224
"I.29.16.csv"	1	-0.22210372
3 1 0.62464224 2.1274332 -2.969392 2.871856 4.004771 0.41377933 2.2282854 0.65264926 5 0 0 0 0.36396474 0 1 0 53927.542 4 0.62464224 0.62464224 0.62464224 0.62464224
"I.29.16.csv"	3	-0.22210372
3 1 0.62464224 2.1274332 -2.969392 2.871856 4.004771 0.41377933 2.2282854 0.65264926 5 0 0 0 0.36396474 0 1 0 53927.542 4 0.62464224 0.62464224 0.62464224 0.62464224
"I.29.16.csv"	14	-0.22210372
3 1 0.62464224 2.1274332 -2.969392 2.871856 4.004771 0.41377933 2.2282854 0.65264926 5 0 0 0 0.36396474 0 1 0 53927.542 4 0.62464224 0.62464224 0.62464224 0.62464224
"I.29.16.csv"	4	-0.22210372
3 1 0.62464224 2.1274332 -2.969392 2.871856 4.004771 0.41377933 2.2282854 0.65264926 5 0 0 0 0.36396474 0 1 0 53927.542 4 0.62464224 0.62464224 0.62464224 0.62464224
"I.29.16.csv"	8	-0.22210372
3 1 0.62464224 2.1274332 -2.969392 2.871856 4.004771 0.41377933 2.2282854 0.65264926 5 0 0 0 0.36396474 0 1 0 53927.542 4 0.62464224 0.62464224 0.62464224 0.62464224
"I.29.16.csv"	21	-0.22210372
3 1 0.62464224 2.1274332 -2.969392 2.871856 4.004771 0.41377933 2.2282854 0.65264926 5 0 0 0 0.36396474 0 1 0 53927.542 4 0.62464224 0.62464224 0.62464224 0.62464224
"I.29.16.csv"	2	-0.22210372
3 1 0.62464224 2.1274332 -2.969392 2.871856 4.004771 0.41377933 2.2282854 0.65264926 5 0 0 0 0.36396474 0 1 0 53927.542 4 0.62464224 0.62464224 0.62464224 0.62464224
"I.29.16.csv"	12	-0.22210372
3 1 0.62464224 2.1274332 -2.969392 2.871856 4.004771 0.41377933 2.2282854 0.65264926 5 0 0 0 0.36396474 0 1 0 53927.542 4 0.62464224 0.62464224 0.62464224 0.62464224
"I.29.16.csv"	1	-0.22210372
3 1 0.62464224 2.1274332 -2.969392 2.871856 4.004771 0.41377933 2.2282854 0.65264926 5 0 0 0 0.36396474 0 1 0 53927.542 4 0.62464224 0.62464224 0.62464224 0.62464224
"I.29.16.csv"	14	-0.22189328
3 1 0.62464224 2.1274332 -2.969392 2.871856 4.004771 0.41377933 2.2282854 0.65264926 5 0 0 0 0.36396474 0 1 0 53927.542 4 0.62464224 0.62464224 0.62464224 0.62464224
"I.29.16.csv"	4	-0.22189328
3 1 0.62464224 2.1274332 -2.969392 2.871856 4.004771 0.41377933 2.2282854 0.65264926 5 0 0 0 0.36396474 0 1 0 53927.542 4 0.62464224 0.62464224 0.62464224 0.62464224
"I.29.16.csv"	8	-0.22189328
3 1 0.62464224 2.1274332 -2.969392 2.871856 4.004771 0.41377933 2.2282854 0.65264926 5 0 0 0 0.36396474 0 1 0 53927.542 4 0.62464224 0.62464224 0.62464224 0.62464224
"I.29.16.csv"	21	-0.22189328
3 1 0.62464224 2.1274332 -2.969392 2.871856 4.004771 0.41377933 2.2282854 0.65264926 5 0 0 0 0.36396474 0 1 0 53927.542 4 0.62464224 0.62464224 0.62464224 0.62464224
"I.29.16.csv"	2	-0.22189328
3 1 0.62464224 2.1274332 -2.969392 2.871856 4.004771 0.41377933 2.2282854 0.65264926 5 0 0 0 0.36396474 0 1 0 53927.542 4 0.62464224 0.62464224 0.62464224 0.62464224
"I.29.16.csv"	12	-0.22189328
3 1 0.62464224 2.1274332 -2.969392 2.871856 4.004771 0.41377933 2.2282854 0.65264926 5 0 0 0 0.36396474 0 1 0 53927.542 4 0.62464224 0.62464224 0.62464224 0.62464224
"I.29.16.csv"	1	-0.22189328
3 1 0.62464224 2.1274332 -2.969392 2.871856 4.004771 0.41377933 2.2282854 0.65264926 5 0 0 0 0.36396474 0 1 0 53927.542 4 0.62464224 0.62464224 0.62464224 0.62464224
"I.29.16.csv"	3	-0.22189328
3 1 0.62464224 2.1274332 -2.969392 2.871856 4.004771 0.41377933 2.2282854 0.65264926 5 0 0 0 0.36396474 0 1 0 53927.542 4 0.62464224 0.62464224 0.62464224 0.62464224
"I.29.16.csv"	14	-0.22189328
3 1 0.62464224 2.1274332 -2.969392 2.871856 4.004771 0.41377933 2.2282854 0.65264926 5 0 0 0 0.36396474 0 1 0 53927.542 4 0.62464224 0.62464224 0.62464224 0.62464224
"I.29.16.csv"	4	-0.22189328
3 1 0.62464224 2.1274332 -2.969392 2.871856 4.004771 0.41377933 2.2282854 0.65264926 5 0 0 0 0.36396474 0 1 0 53927.542 4 0.62464224 0.62464224 0.62464224 0.62464224
"I.29.16.csv"	8	-0.22189328
3 1 0.62464224 2.1274332 -2.969392 2.871856 4.004771 0.41377933 2.2282854 0.65264926 5 0 0 0 0.36396474 0 1 0 53927.542 4 0.62464224 0.62464224 0.62464224 0.62464224
"I.29.16.csv"	21	-0.22189328
3 1 0.62464224 2.1274332 -2.969392 2.871856 4.004771 0.41377933 2.2282854 0.65264926 5 0 0 0 0.36396474 0 1 0 53927.542 4 0.62464224 0.62464224 0.62464224 0.62464224
"I.29.16.csv"	2	-0.22189328
3 1 0.62464224 2.1274332 -2.969392 2.871856 4.004771 0.41377933 2.2282854 0.65264926 5 0 0 0 0.36396474 0 1 0 53927.542 4 0.62464224 0.62464224 0.62464224 0.62464224
"I.29.16.csv"	12	-0.22189328
3 1 0.62464224 2.1274332 -2.969392 2.871856 4.004771 0.41377933 2.2282854 0.65264926 5 0 0 0 0.36396474 0 1 0 53927.542 4 0.62464224 0.62464224 0.62464224 0.62464224
"I.29.16.csv"	1	-0.22189328
3 1 0.62464224 2.1274332 -2.969392 2.871856 4.004771 0.41377933 2.2282854 0.65264926 5 0 0 0 0.36396474 0 1 0 53927.542 4 0.62464224 0.62464224 0.62464224 0.62464224
"I.29.16.csv"	14	-0.22175643
3 1 0.62464224 2.1274332 -2.969392 2.871856 4.004771 0.41377933 2.2282854 0.65264926 5 0 0 0 0.36396474 0 1 0 53927.542 4 0.62464224 0.62464224 0.62464224 0.62464224
"I.29.16.csv"	4	-0.22175643
3 1 0.62464224 2.1274332 -2.969392 2.871856 4.004771 0.41377933 2.2282854 0.65264926 5 0 0 0 0.36396474 0 1 0 53927.542 4 0.62464224 0.62464224 0.62464224 0.62464224
"I.29.16.csv"	8	-0.22175643
3 1 0.62464224 2.1274332 -2.969392 2.871856 4.004771 0.41377933 2.2282854 0.65264926 5 0 0 0 0.36396474 0 1 0 53927.542 4 0.62464224 0.62464224 0.62464224 0.62464224
"I.29.16.csv"	21	-0.22175643
3 1 0.62464224 2.1274332 -2.969392 2.871856 4.004771 0.41377933 2.2282854 0.65264926 5 0 0 0 0.36396474 0 1 0 53927.542 4 0.62464224 0.62464224 0.62464224 0.62464224
"I.29.16.csv"	2	-0.22175643
3 1 0.62464224 2.1274332 -2.969392 2.871856 4.004771 0.41377933 2.2282854 0.65264926 5 0 0 0 0.36396474 0 1 0 53927.542 4 0.62464224 0.62464224 0.62464224 0.62464224
"I.29.16.csv"	12	-0.22175643
3 1 0.62464224 2.1274332 -2.969392 2.871856 4.004771 0.41377933 2.2282854 0.65264926 5 0 0 0 0.36396474 0 1 0 53927.542 4 0.62464224 0.62464224 0.62464224 0.62464224
"I.29.16.csv"	1	-0.22175643
3 1 0.62464224 2.1274332 -2.969392 2.871856 4.004771 0.41377933 2.2282854 0.65264926 5 0 0 0 0.36396474 0 1 0 53927.542 4 0.62464224 0.62464224 0.62464224 0.62464224
"I.29.16.csv"	3	-0.22175643
3 1 0.62464224 2.1274332 -2.969392 2.871856 4.004771 0.41377933 2.2282854 0.65264926 5 0 0 0 0.36396474 0 1 0 53927.542 4 0.62464224 0.62464224 0.62464224 0.62464224
"I.29.16.csv"	4	-0.22175643
3 1 0.62464224 2.1274332 -2.969392 2.871856 4.004771 0.41377933 2.2282854 0.65264926 5 0 0 0 0.36396474 0 1 0 53927.542 4 0.62464224 0.62464224 0.62464224 0.62464224
"I.29.16.csv"	8	-0.22175643
3 1 0.62464224 2.1274332 -2.969392 2.871856 4.004771 0.41377933 2.2282854 0.65264926 5 0 0 0 0.36396474 0 1 0 53927.542 4 0.62464224 0.62464224 0.62464224 0.62464224
"I.29.16.csv"	2	-0.22175643
3 1 0.62464224 2.1274332 -2.969392 2.871856 4.004771 0.41377933 2.2282854 0.65264926 5 0 0 0 0.36396474 0 1 0 53927.542 4 0.62464224 0.62464224 0.62464224 0.62464224
"I.29.16.csv"	1	-0.22175643
3 1 0.62464224 2.1274332 -2.969392 2.871856 4.004771 0.41377933 2.2282854 0.65264926 5 0 0 0 0.36396474 0 1 0 53927.542 4 0.62464224 0.62464224 0.62464224 0.62464224
"I.29.16.csv"	3	-0.22175643
3 1 0.62464224 2.1274332 -2.969392 2.871856 4.004771 0.41377933 2.2282854 0.65264926 5 0 0 0 0.36396474 0 1 0 53927.542 4 0.62464224 0.62464224 0.62464224 0.62464224
"I.29.16.csv"	14	-0.22175643
3 1 0.62464224 2.1274332 -2.969392 2.871856 4.004771 0.41377933 2.2282854 0.65264926 5 0 0 0 0.36396474 0 1 0 53927.542 4 0.62464224 0.62464224 0.62464224 0.62464224
"I.29.16.csv"	4	-0.22175643
3 1 0.62464224 2.1274332 -2.969392 2.871856 4.004771 0.41377933 2.2282854 0.65264926 5 0 0 0 0.36396474 0 1 0 53927.542 4 0.62464224 0.62464224 0.62464224 0.62464224
"I.29.16.csv"	14	-0.22004842
3 1 0.62464224 2.1274332 -2.969392 2.871856 4.004771 0.41377933 2.2282854 0.65264926 5 0 0 0 0.36396474 0 1 0 53927.542 4 0.62464224 0.62464224 0.62464224 0.62464224
"I.29.16.csv"	4	-0.22004842
3 1 0.62464224 2.1274332 -2.969392 2.871856 4.004771 0.41377933 2.2282854 0.65264926 5 0 0 0 0.36396474 0 1 0 53927.542 4 0.62464224 0.62464224 0.62464224 0.62464224
"I.29.16.csv"	8	-0.22004842
3 1 0.62464224 2.1274332 -2.969392 2.871856 4.004771 0.41377933 2.2282854 0.65264926 5 0 0 0 0.36396474 0 1 0 53927.542 4 0.62464224 0.62464224 0.62464224 0.62464224
"I.29.16.csv"	21	-0.22004842
3 1 0.62464224 2.1274332 -2.969392 2.871856 4.004771 0.41377933 2.2282854 0.65264926 5 0 0 0 0.36396474 0 1 0 53927.542 4 0.62464224 0.62464224 0.62464224 0.62464224
"I.29.16.csv"	2	-0.22004842
3 1 0.62464224 2.1274332 -2.969392 2.871856 4.004771 0.41377933 2.2282854 0.65264926 5 0 0 0 0.36396474 0 1 0 53927.542 4 0.62464224 0.62464224 0.62464224 0.62464224
"I.29.16.csv"	12	-0.22004842
3 1 0.62464224 2.1274332 -2.969392 2.871856 4.004771 0.41377933 2.2282854 0.65264926 5 0 0 0 0.36396474 0 1 0 53927.542 4 0.62464224 0.62464224 0.62464224 0.62464224
"I.29.16.csv"	1	-0.22004842
3 1 0.62464224 2.1274332 -2.969392 2.871856 4.004771 0.41377933 2.2282854 0.65264926 5 0 0 0 0.36396474 0 1 0 53927.542 4 0.62464224 0.62464224 0.62464224 0.62464224
"I.29.16.csv"	3	-0.22004842
3 1 0.62464224 2.1274332 -2.969392 2.871856 4.004771 0.41377933 2.2282854 0.65264926 5 0 0 0 0.36396474 0 1 0 53927.542 4 0.62464224 0.62464224 0.62464224 0.62464224
"I.29.16.csv"	4	-0.22004842
3 1 0.62464224 2.1274332 -2.969392 2.871856 4.004771 0.41377933 2.2282854 0.65264926 5 0 0 0 0.36396474 0 1 0 53927.542 4 0.62464224 0.62464224 0.62464224 0.62464224
"I.29.16.csv"	8	-0.22004842
3 1 0.62464224 2.1274332 -2.969392 2.871856 4.004771 0.41377933 2.2282854 0.65264926 5 0 0 0 0.36396474 0 1 0 53927.542 4 0.62464224 0.62464224 0.62464224 0.62464224
"I.29.16.csv"	2	-0.22004842
3 1 0.62464224 2.1274332 -2.969392 2.871856 4.004771 0.41377933 2.2282854 0.65264926 5 0 0 0 0.36396474 0 1 0 53927.542 4 0.62464224 0.62464224 0.62464224 0.62464224
"I.29.16.csv"	1	-0.22004842
3 1 0.62464224 2.1274332 -2.969392 2.871856 4.004771 0.41377933 2.2282854 0.65264926 5 0 0 0 0.36396474 0 1 0 53927.542 4 0.62464224 0.62464224 0.62464224 0.62464224
"I.29.16.csv"	3	-0.22004842
3 1 0.62464224 2.1274332 -2.969392 2.871856 4.004771 0.41377933 2.2282854 0.65264926 5 0 0 0 0.36396474 0 1 0 53927.542 4 0.62464224 0.62464224 0.62464224 0.62464224
"I.29.16.csv"	14	-0.22004842
3 1 0.62464224 2.1274332 -2.969392 2.871856 4.004771 0.41377933 2.2282854 0.65264926 5 0 0 0 0.36396474 0 1 0 53927.542 4 0.62464224 0.62464224 0.62464224 0.62464224
"I.29.16.csv"	4	-0.22004842
3 1 0.62464224 2.1274332 -2.969392 2.871856 4.004771 0.41377933 2.2282854 0.65264926 5 0 0 0 0.36396474 0 1 0 53927.542 4 0.62464224 0.62464224 0.62464224 0.62464224
"I.29.16.csv"	14	-0.22007509
3 1 0.62464224 2.1274332 -2.969392 2.871856 4.004771 0.41377933 2.2282854 0.65264926 5 0 0 0 0.36396474 0 1 0 53927.542 4 0.62464224 0.62464224 0.62464224 0.62464224
"I.29.16.csv"	4	-0.22007509
3 1 0.62464224 2.1274332 -2.969392 2.871856 4.004771 0.41377933 2.2282854 0.65264926 5 0 0 0 0.36396474 0 1 0 53927.542 4 0.62464224 0.62464224 0.62464224 0.62464224
"I.29.16.csv"	8	-0.22007509
3 1 0.62464224 2.1274332 -2.969392 2.871856 4.004771 0.41377933 2.2282854 0.65264926 5 0 0 0 0.36396474 0 1 0 53927.542 4 0.62464224 0.62464224 0.62464224 0.62464224
"I.29.16.csv"	21	-0.22007509
3 1 0.62464224 2.1274332 -2.969392 2.871856 4.004771 0.41377933 2.2282854 0.65264926 5 0 0 0 0.36396474 0 1 0 53927.542 4 0.62464224 0.62464224 0.62464224 0.62464224
"I.29.16.csv"	2	-0.22007509
3 1 0.62464224 2.1274332 -2.969392 2.871856 4.004771 0.41377933 2.2282854 0.65264926 5 0 0 0 0.36396474 0 1 0 53927.542 4 0.62464224 0.62464224 0.62464224 0.62464224
"I.29.16.csv"	12	-0.22007509
3 1 0.62464224 2.1274332 -2.969392 2.871856 4.004771 0.41377933 2.2282854 0.65264926 5 0 0 0 0.36396474 0 1 0 53927.542 4 0.62464224 0.62464224 0.62464224 0.62464224
"I.29.16.csv"	1	-0.22007509
3 1 0.62464224 2.1274332 -2.969392 2.871856 4.004771 0.41377933 2.2282854 0.65264926 5 0 0 0 0.36396474 0 1 0 53927.542 4 0.62464224 0.62464224 0.62464224 0.62464224
"I.29.16.csv"	3	-0.22007509
3 1 0.62464224 2.1274332 -2.969392 2.871856 4.004771 0.41377933 2.2282854 0.65264926 5 0 0 0 0.36396474 0 1 0 53927.542 4 0.62464224 0.62464224 0.62464224 0.62464224
"I.29.16.csv"	14	-0.22007509
3 1 0.62464224 2.1274332 -2.969392 2.871856 4.004771 0.41377933 2.2282854 0.65264926 5 0 0 0 0.36396474 0 1 0 53927.542 4 0.62464224 0.62464224 0.62464224 0.62464224
"I.29.16.csv"	4	-0.22007509
3 1 0.62464224 2.1274332 -2.969392 2.871856 4.004771 0.41377933 2.2282854 0.65264926 5 0 0 0 0.36396474 0 1 0 53927.542 4 0.62464224 0.62464224 0.62464224 0.62464224
"I.29.16.csv"	8	-0.22007509
3 1 0.62464224 2.1274332 -2.969392 2.871856 4.004771 0.41377933 2.2282854 0.65264926 5 0 0 0 0.36396474 0 1 0 53927.542 4 0.62464224 0.62464224 0.62464224 0.62464224
"I.29.16.csv"	21	-0.22007509
3 1 0.62464224 2.1274332 -2.969392 2.871856 4.004771 0.41377933 2.2282854 0.65264926 5 0 0 0 0.36396474 0 1 0 53927.542 4 0.62464224 0.62464224 0.62464224 0.62464224
"I.29.16.csv"	2	-0.22007509
3 1 0.62464224 2.1274332 -2.969392 2.871856 4.004771 0.41377933 2.2282854 0.65264926 5 0 0 0 0.36396474 0 1 0 53927.542 4 0.62464224 0.62464224 0.62464224 0.62464224
"I.29.16.csv"	12	-0.22007509
3 1 0.62464224 2.1274332 -2.969392 2.871856 4.004771 0.41377933 2.2282854 0.65264926 5 0 0 0 0.36396474 0 1 0 53927.542 4 0.62464224 0.62464224 0.62464224 0.62464224
"I.29.16.csv"	1	-0.22007509
3 1 0.62464224 2.1274332 -2.969392 2.871856 4.004771 0.41377933 2.2282854 0.65264926 5 0 0 0 0.36396474 0 1 0 53927.542 4 0.62464224 0.62464224 0.62464224 0.62464224
"I.29.16.csv"	14	-0.21994511
3 1 0.62464224 2.1274332 -2.969392 2.871856 4.004771 0.41377933 2.2282854 0.65264926 5 0 0 0 0.36396474 0 1 0 53927.542 4 0.62464224 0.62464224 0.62464224 0.62464224
"I.29.16.csv"	4	-0.21994511
3 1 0.62464224 2.1274332 -2.969392 2.871856 4.004771 0.41377933 2.2282854 0.65264926 5 0 0 0 0.36396474 0 1 0 53927.542 4 0.62464224 0.62464224 0.62464224 0.62464224
"I.29.16.csv"	8	-0.21994511
3 1 0.62464224 2.1274332 -2.969392 2.871856 4.004771 0.41377933 2.2282854 0.65264926 5 0 0 0 0.36396474 0 1 0 53927.542 4 0.62464224 0.62464224 0.62464224 0.62464224
"I.29.16.csv"	21	-0.21994511
3 1 0.62464224 2.1274332 -2.969392 2.871856 4.004771 0.41377933 2.2282854 0.65264926 5 0 0 0 0.36396474 0 1 0 53927.542 4 0.62464224 0.62464224 0.62464224 0.62464224
"I.29.16.csv"	2	-0.21994511
3 1 0.62464224 2.1274332 -2.969392 2.871856 4.004771 0.41377933 2.2282854 0.65264926 5 0 0 0 0.36396474 0 1 0 53927.542 4 0.62464224 0.62464224 0.62464224 0.62464224
"I.29.16.csv"	12	-0.21994511
3 1 0.62464224 2.1274332 -2.969392 2.871856 4.004771 0.41377933 2.2282854 0.65264926 5 0 0 0 0.36396474 0 1 0 53927.542 4 0.62464224 0.62464224 0.62464224 0.62464224
"I.29.16.csv"	1	-0.21994511
3 1 0.62464224 2.1274332 -2.969392 2.871856 4.004771 0.41377933 2.2282854 0.65264926 5 0 0 0 0.36396474 0 1 0 53927.542 4 0.62464224 0.62464224 0.62464224 0.62464224
"I.29.16.csv"	3	-0.21994511
3 1 0.62464224 2.1274332 -2.969392 2.871856 4.004771 0.41377933 2.2282854 0.65264926 5 0 0 0 0.36396474 0 1 0 53927.542 4 0.62464224 0.62464224 0.62464224 0.62464224
"I.29.16.csv"	4	-0.21994511
3 1 0.62464224 2.1274332 -2.969392 2.871856 4.004771 0.41377933 2.2282854 0.65264926 5 0 0 0 0.36396474 0 1 0 53927.542 4 0.62464224 0.62464224 0.62464224 0.62464224
"I.29.16.csv"	8	-0.21994511
3 1 0.62464224 2.1274332 -2.969392 2.871856 4.004771 0.41377933 2.2282854 0.65264926 5 0 0 0 0.36396474 0 1 0 53927.542 4 0.62464224 0.62464224 0.62464224 0.62464224
"I.29.16.csv"	2	-0.21994511
3 1 0.62464224 2.1274332 -2.969392 2.871856 4.004771 0.41377933 2.2282854 0.65264926 5 0 0 0 0.36396474 0 1 0 53927.542 4 0.62464224 0.62464224 0.62464224 0.62464224
"I.29.16.csv"	1	-0.21994511
3 1 0.62464224 2.1274332 -2.969392 2.871856 4.004771 0.41377933 2.2282854 0.65264926 5 0 0 0 0.36396474 0 1 0 53927.542 4 0.62464224 0.62464224 0.62464224 0.62464224
"I.29.16.csv"	3	-0.21994511
3 1 0.62464224 2.1274332 -2.969392 2.871856 4.004771 0.41377933 2.2282854 0.65264926 5 0 0 0 0.36396474 0 1 0 53927.542 4 0.62464224 0.62464224 0.62464224 0.62464224
"I.29.16.csv"	14	-0.21994511
3 1 0.62464224 2.1274332 -2.969392 2.871856 4.004771 0.41377933 2.2282854 0.65264926 5 0 0 0 0.36396474 0 1 0 53927.542 4 0.62464224 0.62464224 0.62464224 0.62464224
"I.29.16.csv"	4	-0.21994511
3 1 0.62464224 2.1274332 -2.969392 2.871856 4.004771 0.41377933 2.2282854 0.65264926 5 0 0 0 0.36396474 0 1 0 53927.542 4 0.62464224 0.62464224 0.62464224 0.62464224
"I.29.16.csv"	14	-0.21966336
3 1 0.62464224 2.1274332 -2.969392 2.871856 4.004771 0.41377933 2.2282854 0.65264926 5 0 0 0 0.36396474 0 1 0 53927.542 4 0.62464224 0.62464224 0.62464224 0.62464224
"I.29.16.csv"	4	-0.21966336
3 1 0.62464224 2.1274332 -2.969392 2.871856 4.004771 0.41377933 2.2282854 0.65264926 5 0 0 0 0.36396474 0 1 0 53927.542 4 0.62464224 0.62464224 0.62464224 0.62464224
"I.29.16.csv"	8	-0.21966336
3 1 0.62464224 2.1274332 -2.969392 2.871856 4.004771 0.41377933 2.2282854 0.65264926 5 0 0 0 0.36396474 0 1 0 53927.542 4 0.62464224 0.62464224 0.62464224 0.62464224
"I.29.16.csv"	21	-0.21966336
3 1 0.62464224 2.1274332 -2.969392 2.871856 4.004771 0.41377933 2.2282854 0.65264926 5 0 0 0 0.36396474 0 1 0 53927.542 4 0.62464224 0.62464224 0.62464224 0.62464224
"I.29.16.csv"	2	-0.21966336
3 1 0.62464224 2.1274332 -2.969392 2.871856 4.004771 0.41377933 2.2282854 0.65264926 5 0 0 0 0.36396474 0 1 0 53927.542 4 0.62464224 0.62464224 0.62464224 0.62464224
"I.29.16.csv"	12	-0.21966336
3 1 0.62464224 2.1274332 -2.969392 2.871856 4.004771 0.41377933 2.2282854 0.65264926 5 0 0 0 0.36396474 0 1 0 53927.542 4 0.62464224 0.62464224 0.62464224 0.62464224
"I.29.16.csv"	1	-0.21966336
3 1 0.62464224 2.1274332 -2.969392 2.871856 4.004771 0.41377933 2.2282854 0.65264926 5 0 0 0 0.36396474 0 1 0 53927.542 4 0.62464224 0.62464224 0.62464224 0.62464224
"I.29.16.csv"	3	-0.21966336
3 1 0.62464224 2.1274332 -2.969392 2.871856 4.004771 0.41377933 2.2282854 0.65264926 5 0 0 0 0.36396474 0 1 0 53927.542 4 0.62464224 0.62464224 0.62464224 0.62464224
"I.29.16.csv"	4	-0.21966336
3 1 0.62464224 2.1274332 -2.969392 2.871856 4.004771 0.41377933 2.2282854 0.65264926 5 0 0 0 0.36396474 0 1 0 53927.542 4 0.62464224 0.62464224 0.62464224 0.62464224
"I.29.16.csv"	8	-0.21966336
3 1 0.62464224 2.1274332 -2.969392 2.871856 4.004771 0.41377933 2.2282854 0.65264926 5 0 0 0 0.36396474 0 1 0 53927.542 4 0.62464224 0.62464224 0.62464224 0.62464224
"I.29.16.csv"	2	-0.21966336
3 1 0.62464224 2.1274332 -2.969392 2.871856 4.004771 0.41377933 2.2282854 0.65264926 5 0 0 0 0.36396474 0 1 0 53927.542 4 0.62464224 0.62464224 0.62464224 0.62464224
"I.29.16.csv"	1	-0.21966336
3 1 0.62464224 2.1274332 -2.969392 2.871856 4.004771 0.41377933 2.2282854 0.65264926 5 0 0 0 0.36396474 0 1 0 53927.542 4 0.62464224 0.62464224 0.62464224 0.62464224
"I.29.16.csv"	3	-0.21966336
3 1 0.62464224 2.1274332 -2.969392 2.871856 4.004771 0.41377933 2.2282854 0.65264926 5 0 0 0 0.36396474 0 1 0 53927.542 4 0.62464224 0.62464224 0.62464224 0.62464224
"I.29.16.csv"	14	-0.21966336
3 1 0.62464224 2.1274332 -2.969392 2.871856 4.004771 0.41377933 2.2282854 0.65264926 5 0 0 0 0.36396474 0 1 0 53927.542 4 0.62464224 0.62464224 0.62464224 0.62464224
"I.29.16.csv"	4	-0.21966336
3 1 0.62464224 2.1274332 -2.969392 2.871856 4.004771 0.41377933 2.2282854 0.65264926 5 0 0 0 0.36396474 0 1 0 53927.542 4 0.62464224 0.62464224 0.62464224 0.62464224
"I.29.16.csv"	14	-0.21952731
3 1 0.62464224 2.1274332 -2.969392 2.871856 4.004771 0.41377933 2.2282854 0.65264926 5 0 0 0 0.36396474 0 1 0 53927.542 4 0.62464224 0.62464224 0.62464224 0.62464224
"I.29.16.csv"	4	-0.21952731
3 1 0.62464224 2.1274332 -2.969392 2.871856 4.004771 0.41377933 2.2282854 0.65264926 5 0 0 0 0.36396474 0 1 0 53927.542 4 0.62464224 0.62464224 0.62464224 0.62464224
"I.29.16.csv"	8	-0.21952731
3 1 0.62464224 2.1274332 -2.969392 2.871856 4.004771 0.41377933 2.2282854 0.65264926 5 0 0 0 0.36396474 0 1 0 53927.542 4 0.62464224 0.62464224 0.62464224 0.62464224
"I.29.16.csv"	21	-0.21952731
3 1 0.62464224 2.1274332 -2.969392 2.871856 4.004771 0.41377933 2.2282854 0.65264926 5 0 0 0 0.36396474 0 1 0 53927.542 4 0.62464224 0.62464224 0.62464224 0.62464224
"I.29.16.csv"	2	-0.21952731
3 1 0.62464224 2.1274332 -2.969392 2.871856 4.004771 0.41377933 2.2282854 0.65264926 5 0 0 0 0.36396474 0 1 0 53927.542 4 0.62464224 0.62464224 0.62464224 0.62464224
"I.29.16.csv"	12	-0.21952731
3 1 0.62464224 2.1274332 -2.969392 2.871856 4.004771 0.41377933 2.2282854 0.65264926 5 0 0 0 0.36396474 0 1 0 53927.542 4 0.62464224 0.62464224 0.62464224 0.62464224
"I.29.16.csv"	1	-0.21952731
3 1 0.62464224 2.1274332 -2.969392 2.871856 4.004771 0.41377933 2.2282854 0.65264926 5 0 0 0 0.36396474 0 1 0 53927.542 4 0.62464224 0.62464224 0.62464224 0.62464224
"I.29.16.csv"	3	-0.21952731
3 1 0.62464224 2.1274332 -2.969392 2.871856 4.004771 0.41377933 2.2282854 0.65264926 5 0 0 0 0.36396474 0 1 0 53927.542 4 0.62464224 0.62464224 0.62464224 0.62464224
"I.29.16.csv"	14	-0.21952731
3 1 0.62464224 2.1274332 -2.969392 2.871856 4.004771 0.41377933 2.2282854 0.65264926 5 0 0 0 0.36396474 0 1 0 53927.542 4 0.62464224 0.62464224 0.62464224 0.62464224
"I.29.16.csv"	4	-0.21952731
3 1 0.62464224 2.1274332 -2.969392 2.871856 4.004771 0.41377933 2.2282854 0.65264926 5 0 0 0 0.36396474 0 1 0 53927.542 4 0.62464224 0.62464224 0.62464224 0.62464224
"I.29.16.csv"	8	-0.21952731
3 1 0.62464224 2.1274332 -2.969392 2.871856 4.004771 0.41377933 2.2282854 0.65264926 5 0 0 0 0.36396474 0 1 0 53927.542 4 0.62464224 0.62464224 0.62464224 0.62464224
"I.29.16.csv"	21	-0.21952731
3 1 0.62464224 2.1274332 -2.969392 2.871856 4.004771 0.41377933 2.2282854 0.65264926 5 0 0 0 0.36396474 0 1 0 53927.542 4 0.62464224 0.62464224 0.62464224 0.62464224
"I.29.16.csv"	2	-0.21952731
3 1 0.62464224 2.1274332 -2.969392 2.871856 4.004771 0.41377933 2.2282854 0.65264926 5 0 0 0 0.36396474 0 1 0 53927.542 4 0.62464224 0.62464224 0.62464224 0.62464224
"I.29.16.csv"	12	-0.21952731
3 1 0.62464224 2.1274332 -2.969392 2.871856 4.004771 0.41377933 2.2282854 0.65264926 5 0 0 0 0.36396474 0 1 0 53927.542 4 0.62464224 0.62464224 0.62464224 0.62464224
"I.29.16.csv"	1	-0.21952731
3 1 0.62464224 2.1274332 -2.969392 2.871856 4.004771 0.41377933 2.2282854 0.65264926 5 0 0 0 0.36396474 0 1 0 53927.542 4 0.62464224 0.62464224 0.62464224 0.62464224
"I.32.8.csv"	19	-5.6620939
3 1 5.5704457 43.811357 0.054279 20 3.0133973 0.93574798 7.483322 2.4336583 6 0 0 0 0.06705425 1 1 1 3786370.6 4 5.5704457 5.5704457 5.5704457 5.5704457
"I.32.8.csv"	19	-5.6620939
3 1 5.5704457 43.811357 0.054279 20 3.0133973 0.93574798 7.483322 2.4336583 6 0 0 0 0.06705425 1 1 1 3786370.6 4 5.5704457 5.5704457 5.5704457 5.5704457
"I.32.8.csv"	19	-5.6620939
3 1 5.5704457 43.811357 0.054279 20 3.0133973 0.93574798 7.483322 2.4336583 6 0 0 0 0.06705425 1 1 1 3786370.6 4 5.5704457 5.5704457 5.5704457 5.5704457
"I.32.8.csv"	19	-5.6620939
3 1 5.5704457 43.811357 0.054279 20 3.0133973 0.93574798 7.483322 2.4336583 6 0 0 0 0.06705425 1 1 1 3786370.6 4 5.5704457 5.5704457 5.5704457 5.5704457
"I.32.8.csv"	19	-5.6620939
3 1 5.5704457 43.811357 0.054279 20 3.0133973 0.93574798 7.483322 2.4336583 6 0 0 0 0.06705425 1 1 1 3786370.6 4 5.5704457 5.5704457 5.5704457 5.5704457
"I.32.8.csv"	19	-5.6620939
3 1 5.5704457 43.811357 0.054279 20 3.0133973 0.93574798 7.483322 2.4336583 6 0 0 0 0.06705425 1 1 1 3786370.6 4 5.5704457 5.5704457 5.5704457 5.5704457
"I.32.8.csv"	19	-5.6620939
3 1 5.5704457 43.811357 0.054279 20 3.0133973 0.93574798 7.483322 2.4336583 6 0 0 0 0.06705425 1 1 1 3786370.6 4 5.5704457 5.5704457 5.5704457 5.5704457
"I.32.8.csv"	19	-5.6620939
3 1 5.5704457 43.811357 0.054279 20 3.0133973 0.93574798 7.483322 2.4336583 6 0 0 0 0.06705425 1 1 1 3786370.6 4 5.5704457 5.5704457 5.5704457 5.5704457
"I.32.8.csv"	4	-5.6620939
3 1 5.5704457 43.811357 0.054279 20 3.0133973 0.93574798 7.483322 2.4336583 6 0 0 0 0.06705425 1 1 1 3786370.6 4 5.5704457 5.5704457 5.5704457 5.5704457
"I.32.8.csv"	17	-5.6620939
3 1 5.5704457 43.811357 0.054279 20 3.0133973 0.93574798 7.483322 2.4336583 6 0 0 0 0.06705425 1 1 1 3786370.6 4 5.5704457 5.5704457 5.5704457 5.5704457
"I.32.8.csv"	19	-0.19387562
3 1 5.5704457 43.811357 0.054279 20 3.0133973 0.93574798 7.483322 2.4336583 6 0 0 0 0.06705425 1 1 1 3786370.6 4 5.5704457 5.5704457 5.5704457 5.5704457
"I.32.8.csv"	19	-0.19387562
3 1 5.5704457 43.811357 0.054279 20 3.0133973 0.93574798 7.483322 2.4336583 6 0 0 0 0.06705425 1 1 1 3786370.6 4 5.5704457 5.5704457 5.5704457 5.5704457
"I.32.8.csv"	19	-0.19387562
3 1 5.5704457 43.811357 0.054279 20 3.0133973 0.93574798 7.483322 2.4336583 6 0 0 0 0.06705425 1 1 1 3786370.6 4 5.5704457 5.5704457 5.5704457 5.5704457
"I.32.8.csv"	19	-0.19387562
3 1 5.5704457 43.811357 0.054279 20 3.0133973 0.93574798 7.483322 2.4336583 6 0 0 0 0.06705425 1 1 1 3786370.6 4 5.5704457 5.5704457 5.5704457 5.5704457
"I.32.8.csv"	19	-0.19387562
3 1 5.5704457 43.811357 0.054279 20 3.0133973 0.93574798 7.483322 2.4336583 6 0 0 0 0.06705425 1 1 1 3786370.6 4 5.5704457 5.5704457 5.5704457 5.5704457
"I.32.8.csv"	19	-0.19387562
3 1 5.5704457 43.811357 0.054279 20 3.0133973 0.93574798 7.483322 2.4336583 6 0 0 0 0.06705425 1 1 1 3786370.6 4 5.5704457 5.5704457 5.5704457 5.5704457
"I.32.8.csv"	19	-0.19387562
3 1 5.5704457 43.811357 0.054279 20 3.0133973 0.93574798 7.483322 2.4336583 6 0 0 0 0.06705425 1 1 1 3786370.6 4 5.5704457 5.5704457 5.5704457 5.5704457
"I.32.8.csv"	19	-0.19387562
3 1 5.5704457 43.811357 0.054279 20 3.0133973 0.93574798 7.483322 2.4336583 6 0 0 0 0.06705425 1 1 1 3786370.6 4 5.5704457 5.5704457 5.5704457 5.5704457
"I.32.8.csv"	19	-0.19387562
3 1 5.5704457 43.811357 0.054279 20 3.0133973 0.93574798 7.483322 2.4336583 6 0 0 0 0.06705425 1 1 1 3786370.6 4 5.5704457 5.5704457 5.5704457 5.5704457
"I.32.8.csv"	19	-0.19387562
3 1 5.5704457 43.811357 0.054279 20 3.0133973 0.93574798 7.483322 2.4336583 6 0 0 0 0.06705425 1 1 1 3786370.6 4 5.5704457 5.5704457 5.5704457 5.5704457
"I.32.8.csv"	19	-0.19387562
3 1 5.5704457 43.811357 0.054279 20 3.0133973 0.93574798 7.483322 2.4336583 6 0 0 0 0.06705425 1 1 1 3786370.6 4 5.5704457 5.5704457 5.5704457 5.5704457
"I.32.8.csv"	19	-0.19387562
3 1 5.5704457 43.811357 0.054279 20 3.0133973 0.93574798 7.483322 2.4336583 6 0 0 0 0.06705425 1 1 1 3786370.6 4 5.5704457 5.5704457 5.5704457 5.5704457
"I.32.8.csv"	4	-0.19387562
3 1 5.5704457 43.811357 0.054279 20 3.0133973 0.93574798 7.483322 2.4336583 6 0 0 0 0.06705425 1 1 1 3786370.6 4 5.5704457 5.5704457 5.5704457 5.5704457
"I.32.8.csv"	17	-0.19387562
3 1 5.5704457 43.811357 0.054279 20 3.0133973 0.93574798 7.483322 2.4336583 6 0 0 0 0.06705425 1 1 1 3786370.6 4 5.5704457 5.5704457 5.5704457 5.5704457
"I.32.8.csv"	17	-0.19387562
3 1 5.5704457 43.811357 0.054279 20 3.0133973 0.93574798 7.483322 2.4336583 6 0 0 0 0.06705425 1 1 1 3786370.6 4 5.5704457 5.5704457 5.5704457 5.5704457
"I.32.8.csv"	19	-0.19654778
3 1 5.5704457 43.811357 0.054279 20 3.0133973 0.93574798 7.483322 2.4336583 6 0 0 0 0.06705425 1 1 1 3786370.6 4 5.5704457 5.5704457 5.5704457 5.5704457
"I.32.8.csv"	19	-0.19654778
3 1 5.5704457 43.811357 0.054279 20 3.0133973 0.93574798 7.483322 2.4336583 6 0 0 0 0.06705425 1 1 1 3786370.6 4 5.5704457 5.5704457 5.5704457 5.5704457
"I.32.8.csv"	19	-0.19654778
3 1 5.5704457 43.811357 0.054279 20 3.0133973 0.93574798 7.483322 2.4336583 6 0 0 0 0.06705425 1 1 1 3786370.6 4 5.5704457 5.5704457 5.5704457 5.5704457
"I.32.8.csv"	19	-0.19654778
3 1 5.5704457 43.811357 0.054279 20 3.0133973 0.93574798 7.483322 2.4336583 6 0 0 0 0.06705425 1 1 1 3786370.6 4 5.5704457 5.5704457 5.5704457 5.5704457
"I.32.8.csv"	19	-0.19654778
3 1 5.5704457 43.811357 0.054279 20 3.0133973 0.93574798 7.483322 2.4336583 6 0 0 0 0.06705425 1 1 1 3786370.6 4 5.5704457 5.5704457 5.5704457 5.5704457
"I.32.8.csv"	19	-0.19654778
3 1 5.5704457 43.811357 0.054279 20 3.0133973 0.93574798 7.483322 2.4336583 6 0 0 0 0.06705425 1 1 1 3786370.6 4 5.5704457 5.5704457 5.5704457 5.5704457
"I.32.8.csv"	19	-0.19654778
3 1 5.5704457 43.811357 0.054279 20 3.0133973 0.93574798 7.483322 2.4336583 6 0 0 0 0.06705425 1 1 1 3786370.6 4 5.5704457 5.5704457 5.5704457 5.5704457
"I.32.8.csv"	19	-0.19654778
3 1 5.5704457 43.811357 0.054279 20 3.0133973 0.93574798 7.483322 2.4336583 6 0 0 0 0.06705425 1 1 1 3786370.6 4 5.5704457 5.5704457 5.5704457 5.5704457
"I.32.8.csv"	19	-0.19654778
3 1 5.5704457 43.811357 0.054279 20 3.0133973 0.93574798 7.483322 2.4336583 6 0 0 0 0.06705425 1 1 1 3786370.6 4 5.5704457 5.5704457 5.5704457 5.5704457
"I.32.8.csv"	19	-0.19654778
3 1 5.5704457 43.811357 0.054279 20 3.0133973 0.93574798 7.483322 2.4336583 6 0 0 0 0.06705425 1 1 1 3786370.6 4 5.5704457 5.5704457 5.5704457 5.5704457
"I.32.8.csv"	19	-0.19654778
3 1 5.5704457 43.811357 0.054279 20 3.0133973 0.93574798 7.483322 2.4336583 6 0 0 0 0.06705425 1 1 1 3786370.6 4 5.5704457 5.5704457 5.5704457 5.5704457
"I.32.8.csv"	19	-0.19654778
3 1 5.5704457 43.811357 0.054279 20 3.0133973 0.93574798 7.483322 2.4336583 6 0 0 0 0.06705425 1 1 1 3786370.6 4 5.5704457 5.5704457 5.5704457 5.5704457
"I.32.8.csv"	4	-0.19654778
3 1 5.5704457 43.811357 0.054279 20 3.0133973 0.93574798 7.483322 2.4336583 6 0 0 0 0.06705425 1 1 1 3786370.6 4 5.5704457 5.5704457 5.5704457 5.5704457
"I.32.8.csv"	17	-0.19654778
3 1 5.5704457 43.811357 0.054279 20 3.0133973 0.93574798 7.483322 2.4336583 6 0 0 0 0.06705425 1 1 1 3786370.6 4 5.5704457 5.5704457 5.5704457 5.5704457
"I.32.8.csv"	17	-0.19654778
3 1 5.5704457 43.811357 0.054279 20 3.0133973 0.93574798 7.483322 2.4336583 6 0 0 0 0.06705425 1 1 1 3786370.6 4 5.5704457 5.5704457 5.5704457 5.5704457
"I.32.8.csv"	19	-0.19882318
3 1 5.5704457 43.811357 0.054279 20 3.0133973 0.93574798 7.483322 2.4336583 6 0 0 0 0.06705425 1 1 1 3786370.6 4 5.5704457 5.5704457 5.5704457 5.5704457
"I.32.8.csv"	19	-0.19882318
3 1 5.5704457 43.811357 0.054279 20 3.0133973 0.93574798 7.483322 2.4336583 6 0 0 0 0.06705425 1 1 1 3786370.6 4 5.5704457 5.5704457 5.5704457 5.5704457
"I.32.8.csv"	19	-0.19882318
3 1 5.5704457 43.811357 0.054279 20 3.0133973 0.93574798 7.483322 2.4336583 6 0 0 0 0.06705425 1 1 1 3786370.6 4 5.5704457 5.5704457 5.5704457 5.5704457
"I.32.8.csv"	19	-0.19882318
3 1 5.5704457 43.811357 0.054279 20 3.0133973 0.93574798 7.483322 2.4336583 6 0 0 0 0.06705425 1 1 1 3786370.6 4 5.5704457 5.5704457 5.5704457 5.5704457
"I.32.8.csv"	19	-0.19882318
3 1 5.5704457 43.811357 0.054279 20 3.0133973 0.93574798 7.483322 2.4336583 6 0 0 0 0.06705425 1 1 1 3786370.6 4 5.5704457 5.5704457 5.5704457 5.5704457
"I.32.8.csv"	19	-0.19882318
3 1 5.5704457 43.811357 0.054279 20 3.0133973 0.93574798 7.483322 2.4336583 6 0 0 0 0.06705425 1 1 1 3786370.6 4 5.5704457 5.5704457 5.5704457 5.5704457
"I.32.8.csv"	19	-0.19882318
3 1 5.5704457 43.811357 0.054279 20 3.0133973 0.93574798 7.483322 2.4336583 6 0 0 0 0.06705425 1 1 1 3786370.6 4 5.5704457 5.5704457 5.5704457 5.5704457
"I.32.8.csv"	19	-0.19882318
3 1 5.5704457 43.811357 0.054279 20 3.0133973 0.93574798 7.483322 2.4336583 6 0 0 0 0.06705425 1 1 1 3786370.6 4 5.5704457 5.5704457 5.5704457 5.5704457
"I.32.8.csv"	19	-0.19882318
3 1 5.5704457 43.811357 0.054279 20 3.0133973 0.93574798 7.483322 2.4336583 6 0 0 0 0.06705425 1 1 1 3786370.6 4 5.5704457 5.5704457 5.5704457 5.5704457
"I.32.8.csv"	19	-0.19882318
3 1 5.5704457 43.811357 0.054279 20 3.0133973 0.93574798 7.483322 2.4336583 6 0 0 0 0.06705425 1 1 1 3786370.6 4 5.5704457 5.5704457 5.5704457 5.5704457
"I.32.8.csv"	19	-0.19882318
3 1 5.5704457 43.811357 0.054279 20 3.0133973 0.93574798 7.483322 2.4336583 6 0 0 0 0.06705425 1 1 1 3786370.6 4 5.5704457 5.5704457 5.5704457 5.5704457
"I.32.8.csv"	19	-0.19882318
3 1 5.5704457 43.811357 0.054279 20 3.0133973 0.93574798 7.483322 2.4336583 6 0 0 0 0.06705425 1 1 1 3786370.6 4 5.5704457 5.5704457 5.5704457 5.5704457
"I.32.8.csv"	4	-0.19882318
3 1 5.5704457 43.811357 0.054279 20 3.0133973 0.93574798 7.483322 2.4336583 6 0 0 0 0.06705425 1 1 1 3786370.6 4 5.5704457 5.5704457 5.5704457 5.5704457
"I.32.8.csv"	17	-0.19882318
3 1 5.5704457 43.811357 0.054279 20 3.0133973 0.93574798 7.483322 2.4336583 6 0 0 0 0.06705425 1 1 1 3786370.6 4 5.5704457 5.5704457 5.5704457 5.5704457
"I.32.8.csv"	17	-0.19882318
3 1 5.5704457 43.811357 0.054279 20 3.0133973 0.93574798 7.483322 2.4336583 6 0 0 0 0.06705425 1 1 1 3786370.6 4 5.5704457 5.5704457 5.5704457 5.5704457
"I.32.8.csv"	19	-0.20074057
3 1 5.5704457 43.811357 0.054279 20 3.0133973 0.93574798 7.483322 2.4336583 6 0 0 0 0.06705425 1 1 1 3786370.6 4 5.5704457 5.5704457 5.5704457 5.5704457
"I.32.8.csv"	19	-0.20074057
3 1 5.5704457 43.811357 0.054279 20 3.0133973 0.93574798 7.483322 2.4336583 6 0 0 0 0.06705425 1 1 1 3786370.6 4 5.5704457 5.5704457 5.5704457 5.5704457
"I.32.8.csv"	19	-0.20074057
3 1 5.5704457 43.811357 0.054279 20 3.0133973 0.93574798 7.483322 2.4336583 6 0 0 0 0.06705425 1 1 1 3786370.6 4 5.5704457 5.5704457 5.5704457 5.5704457
"I.32.8.csv"	19	-0.20074057
3 1 5.5704457 43.811357 0.054279 20 3.0133973 0.93574798 7.483322 2.4336583 6 0 0 0 0.06705425 1 1 1 3786370.6 4 5.5704457 5.5704457 5.5704457 5.5704457
"I.32.8.csv"	19	-0.20074057
3 1 5.5704457 43.811357 0.054279 20 3.0133973 0.93574798 7.483322 2.4336583 6 0 0 0 0.06705425 1 1 1 3786370.6 4 5.5704457 5.5704457 5.5704457 5.5704457
"I.32.8.csv"	19	-0.20074057
3 1 5.5704457 43.811357 0.054279 20 3.0133973 0.93574798 7.483322 2.4336583 6 0 0 0 0.06705425 1 1 1 3786370.6 4 5.5704457 5.5704457 5.5704457 5.5704457
"I.32.8.csv"	19	-0.20074057
3 1 5.5704457 43.811357 0.054279 20 3.0133973 0.93574798 7.483322 2.4336583 6 0 0 0 0.06705425 1 1 1 3786370.6 4 5.5704457 5.5704457 5.5704457 5.5704457
"I.32.8.csv"	19	-0.20074057
3 1 5.5704457 43.811357 0.054279 20 3.0133973 0.93574798 7.483322 2.4336583 6 0 0 0 0.06705425 1 1 1 3786370.6 4 5.5704457 5.5704457 5.5704457 5.5704457
"I.32.8.csv"	19	-0.20074057
3 1 5.5704457 43.811357 0.054279 20 3.0133973 0.93574798 7.483322 2.4336583 6 0 0 0 0.06705425 1 1 1 3786370.6 4 5.5704457 5.5704457 5.5704457 5.5704457
"I.32.8.csv"	19	-0.20074057
3 1 5.5704457 43.811357 0.054279 20 3.0133973 0.93574798 7.483322 2.4336583 6 0 0 0 0.06705425 1 1 1 3786370.6 4 5.5704457 5.5704457 5.5704457 5.5704457
"I.32.8.csv"	19	-0.20074057
3 1 5.5704457 43.811357 0.054279 20 3.0133973 0.93574798 7.483322 2.4336583 6 0 0 0 0.06705425 1 1 1 3786370.6 4 5.5704457 5.5704457 5.5704457 5.5704457
"I.32.8.csv"	19	-0.20074057
3 1 5.5704457 43.811357 0.054279 20 3.0133973 0.93574798 7.483322 2.4336583 6 0 0 0 0.06705425 1 1 1 3786370.6 4 5.5704457 5.5704457 5.5704457 5.5704457
"I.32.8.csv"	4	-0.20074057
3 1 5.5704457 43.811357 0.054279 20 3.0133973 0.93574798 7.483322 2.4336583 6 0 0 0 0.06705425 1 1 1 3786370.6 4 5.5704457 5.5704457 5.5704457 5.5704457
"I.32.8.csv"	17	-0.20074057
3 1 5.5704457 43.811357 0.054279 20 3.0133973 0.93574798 7.483322 2.4336583 6 0 0 0 0.06705425 1 1 1 3786370.6 4 5.5704457 5.5704457 5.5704457 5.5704457
"I.32.8.csv"	17	-0.20074057
3 1 5.5704457 43.811357 0.054279 20 3.0133973 0.93574798 7.483322 2.4336583 6 0 0 0 0.06705425 1 1 1 3786370.6 4 5.5704457 5.5704457 5.5704457 5.5704457
"I.32.8.csv"	19	-0.20233969
3 1 5.5704457 43.811357 0.054279 20 3.0133973 0.93574798 7.483322 2.4336583 6 0 0 0 0.06705425 1 1 1 3786370.6 4 5.5704457 5.5704457 5.5704457 5.5704457
"I.32.8.csv"	19	-0.20233969
3 1 5.5704457 43.811357 0.054279 20 3.0133973 0.93574798 7.483322 2.4336583 6 0 0 0 0.06705425 1 1 1 3786370.6 4 5.5704457 5.5704457 5.5704457 5.5704457
"I.32.8.csv"	19	-0.20233969
3 1 5.5704457 43.811357 0.054279 20 3.0133973 0.93574798 7.483322 2.4336583 6 0 0 0 0.06705425 1 1 1 3786370.6 4 5.5704457 5.5704457 5.5704457 5.5704457
"I.32.8.csv"	19	-0.20233969
3 1 5.5704457 43.811357 0.054279 20 3.0133973 0.93574798 7.483322 2.4336583 6 0 0 0 0.06705425 1 1 1 3786370.6 4 5.5704457 5.5704457 5.5704457 5.5704457
"I.32.8.csv"	19	-0.20233969
3 1 5.5704457 43.811357 0.054279 20 3.0133973 0.93574798 7.483322 2.4336583 6 0 0 0 0.06705425 1 1 1 3786370.6 4 5.5704457 5.5704457 5.5704457 5.5704457
"I.32.8.csv"	19	-0.20233969
3 1 5.5704457 43.811357 0.054279 20 3.0133973 0.93574798 7.483322 2.4336583 6 0 0 0 0.06705425 1 1 1 3786370.6 4 5.5704457 5.5704457 5.5704457 5.5704457
"I.32.8.csv"	19	-0.20233969
3 1 5.5704457 43.811357 0.054279 20 3.0133973 0.93574798 7.483322 2.4336583 6 0 0 0 0.06705425 1 1 1 3786370.6 4 5.5704457 5.5704457 5.5704457 5.5704457
"I.32.8.csv"	19	-0.20233969
3 1 5.5704457 43.811357 0.054279 20 3.0133973 0.93574798 7.483322 2.4336583 6 0 0 0 0.06705425 1 1 1 3786370.6 4 5.5704457 5.5704457 5.5704457 5.5704457
"I.32.8.csv"	19	-0.20233969
3 1 5.5704457 43.811357 0.054279 20 3.0133973 0.93574798 7.483322 2.4336583 6 0 0 0 0.06705425 1 1 1 3786370.6 4 5.5704457 5.5704457 5.5704457 5.5704457
"I.32.8.csv"	19	-0.20233969
3 1 5.5704457 43.811357 0.054279 20 3.0133973 0.93574798 7.483322 2.4336583 6 0 0 0 0.06705425 1 1 1 3786370.6 4 5.5704457 5.5704457 5.5704457 5.5704457
"I.32.8.csv"	19	-0.20233969
3 1 5.5704457 43.811357 0.054279 20 3.0133973 0.93574798 7.483322 2.4336583 6 0 0 0 0.06705425 1 1 1 3786370.6 4 5.5704457 5.5704457 5.5704457 5.5704457
"I.32.8.csv"	19	-0.20233969
3 1 5.5704457 43.811357 0.054279 20 3.0133973 0.93574798 7.483322 2.4336583 6 0 0 0 0.06705425 1 1 1 3786370.6 4 5.5704457 5.5704457 5.5704457 5.5704457
"I.32.8.csv"	4	-0.20233969
3 1 5.5704457 43.811357 0.054279 20 3.0133973 0.93574798 7.483322 2.4336583 6 0 0 0 0.06705425 1 1 1 3786370.6 4 5.5704457 5.5704457 5.5704457 5.5704457
"I.32.8.csv"	17	-0.20233969
3 1 5.5704457 43.811357 0.054279 20 3.0133973 0.93574798 7.483322 2.4336583 6 0 0 0 0.06705425 1 1 1 3786370.6 4 5.5704457 5.5704457 5.5704457 5.5704457
"I.32.8.csv"	17	-0.20233969
3 1 5.5704457 43.811357 0.054279 20 3.0133973 0.93574798 7.483322 2.4336583 6 0 0 0 0.06705425 1 1 1 3786370.6 4 5.5704457 5.5704457 5.5704457 5.5704457
"I.34.6.csv"	-1	2.8042036e-06
1 1 0.63801972 0.048308391 0.230261 0.991944 3.4654767 0.99926953 0.82745676 0.010046699 2 0 0 0 0 1 0 1 1.2040404 0
"I.34.6.csv"	12	-5.3400535e-05
1 1 0.63801972 0.048308391 0.230261 0.991944 3.4654767 0.99926953 0.82745676 0.010046699 2 0 0 0 0 1 0 1 1.2040404 0
"I.34.6.csv"	1	-5.3400535e-05
1 1 0.63801972 0.048308391 0.230261 0.991944 3.4654767 0.99926953 0.82745676 0.010046699 2 0 0 0 0 1 0 1 1.2040404 0
"I.34.6.csv"	21	-4.788649e-05
1 1 0.63801972 0.048308391 0.230261 0.991944 3.4654767 0.99926953 0.82745676 0.010046699 2 0 0 0 0 1 0 1 1.2040404 0
"I.34.6.csv"	12	-4.788649e-05
1 1 0.63801972 0.048308391 0.230261 0.991944 3.4654767 0.99926953 0.82745676 0.010046699 2 0 0 0 0 1 0 1 1.2040404 0
"I.34.6.csv"	1	-4.788649e-05
1 1 0.63801972 0.048308391 0.230261 0.991944 3.4654767 0.99926953 0.82745676 0.010046699 2 0 0 0 0 1 0 1 1.2040404 0
"I.43.27.csv"	17	0.00010827266
3 1 0.28695799 0.12132774 0.02422 2.081689 5.9068134 0.93312736 1.0877072 0.17051139 5 0 0 0 0.076364687 0 1 1 11863.667 4 0.28695799 0.28695799 0.28695799 0.28695799
"I.43.27.csv"	3	2.8673863e-05
3 1 0.28695799 0.12132774 0.02422 2.081689 5.9068134 0.93312736 1.0877072 0.17051139 5 0 0 0 0.076364687 0 1 1 11863.667 4 0.28695799 0.28695799 0.28695799 0.28695799
"I.43.27.csv"	4	0.0006412782
3 1 0.28695799 0.12132774 0.02422 2.081689 5.9068134 0.93312736 1.0877072 0.17051139 5 0 0 0 0.076364687 0 1 1 11863.667 4 0.28695799 0.28695799 0.28695799 0.28695799
"I.43.27.csv"	19	0.001313201
3 1 0.28695799 0.12132774 0.02422 2.081689 5.9068134 0.93312736 1.0877072 0.17051139 5 0 0 0 0.076364687 0 1 1 11863.667 4 0.28695799 0.28695799 0.28695799 0.28695799
"I.43.27.csv"	19	0.0017090338
3 1 0.28695799 0.12132774 0.02422 2.081689 5.9068134 0.93312736 1.0877072 0.17051139 5 0 0 0 0.076364687 0 1 1 11863.667 4 0.28695799 0.28695799 0.28695799 0.28695799
"I.47.23.csv"	4	0.00019526869
2 1 1.0558931 0.10087994 0.478764 1.998679 4.7853852 0.99313438 0.43915206 0.056495065 4 0 0 0 0.063051572 0 1 1 5789.8351 4 1.0558931 1.0558931 1.0558931 1.0558931
"I.47.23.csv"	1	-0.0046131999
2 1 1.0558931 0.10087994 0.478764 1.998679 4.7853852 0.99313438 0.43915206 0.056495065 4 0 0 0 0.063051572 0 1 1 5789.8351 4 1.0558931 1.0558931 1.0558931 1.0558931
"I.47.23.csv"	12	-0.0046131999
2 1 1.0558931 0.10087994 0.478764 1.998679 4.7853852 0.99313438 0.43915206 0.056495065 4 0 0 0 0.063051572 0 1 1 5789.8351 4 1.0558931 1.0558931 1.0558931 1.0558931
"I.47.23.csv"	3	-1.3714578e-05
2 1 1.0558931 0.10087994 0.478764 1.998679 4.7853852 0.99313438 0.43915206 0.056495065 4 0 0 0 0.063051572 0 1 1 5789.8351 4 1.0558931 1.0558931 1.0558931 1.0558931
"I.47.23.csv"	1	-1.3714578e-05
2 1 1.0558931 0.10087994 0.478764 1.998679 4.7853852 0.99313438 0.43915206 0.056495065 4 0 0 0 0.063051572 0 1 1 5789.8351 4 1.0558931 1.0558931 1.0558931 1.0558931
"I.47.23.csv"	4	-1.3714578e-05
2 1 1.0558931 0.10087994 0.478764 1.998679 4.7853852 0.99313438 0.43915206 0.056495065 4 0 0 0 0.063051572 0 1 1 5789.8351 4 1.0558931 1.0558931 1.0558931 1.0558931
"I.47.23.csv"	2	-1.3714578e-05
2 1 1.0558931 0.10087994 0.478764 1.998679 4.7853852 0.99313438 0.43915206 0.056495065 4 0 0 0 0.063051572 0 1 1 5789.8351 4 1.0558931 1.0558931 1.0558931 1.0558931
"I.47.23.csv"	12	-3.062227e-05
2 1 1.0558931 0.10087994 0.478764 1.998679 4.7853852 0.99313438 0.43915206 0.056495065 4 0 0 0 0.063051572 0 1 1 5789.8351 4 1.0558931 1.0558931 1.0558931 1.0558931
"II.11.27.csv"	4	0.067403059
3 1 5.3694072 17.807336 0.31004 20 4.6660067 0.98628273 9.9986269 3.1636561 6 0 0 0 0.087662851 0 1 1 915234.91 4 5.3694072 5.3694072 5.3694072 5.3694072
"II.11.27.csv"	21	0.18010344
3 1 5.3694072 17.807336 0.31004 20 4.6660067 0.98628273 9.9986269 3.1636561 6 0 0 0 0.087662851 0 1 1 915234.91 4 5.3694072 5.3694072 5.3694072 5.3694072
"II.11.27.csv"	3	0.0020989019
3 1 5.3694072 17.807336 0.31004 20 4.6660067 0.98628273 9.9986269 3.1636561 6 0 0 0 0.087662851 0 1 1 915234.91 4 5.3694072 5.3694072 5.3694072 5.3694072
"II.11.27.csv"	1	-1.3622576
3 1 5.3694072 17.807336 0.31004 20 4.6660067 0.98628273 9.9986269 3.1636561 6 0 0 0 0.087662851 0 1 1 915234.91 4 5.3694072 5.3694072 5.3694072 5.3694072
"II.11.27.csv"	12	-1.3622576
3 1 5.3694072 17.807336 0.31004 20 4.6660067 0.98628273 9.9986269 3.1636561 6 0 0 0 0.087662851 0 1 1 915234.91 4 5.3694072 5.3694072 5.3694072 5.3694072
"II.11.27.csv"	17	0.015951281
3 1 5.3694072 17.807336 0.31004 20 4.6660067 0.98628273 9.9986269 3.1636561 6 0 0 0 0.087662851 0 1 1 915234.91 4 5.3694072 5.3694072 5.3694072 5.3694072
"II.11.27.csv"	19	0.10085018
3 1 5.3694072 17.807336 0.31004 20 4.6660067 0.98628273 9.9986269 3.1636561 6 0 0 0 0.087662851 0 1 1 915234.91 4 5.3694072 5.3694072 5.3694072 5.3694072
"II.11.27.csv"	19	0.11224618
3 1 5.3694072 17.807336 0.31004 20 4.6660067 0.98628273 9.9986269 3.1636561 6 0 0 0 0.087662851 0 1 1 915234.91 4 5.3694072 5.3694072 5.3694072 5.3694072
"II.11.27.csv"	4	-0.029090885
3 1 5.3694072 17.807336 0.31004 20 4.6660067 0.98628273 9.9986269 3.1636561 6 0 0 0 0.087662851 0 1 1 915234.91 4 5.3694072 5.3694072 5.3694072 5.3694072
"II.11.27.csv"	21	-0.029090885
3 1 5.3694072 17.807336 0.31004 20 4.6660067 0.98628273 9.9986269 3.1636561 6 0 0 0 0.087662851 0 1 1 915234.91 4 5.3694072 5.3694072 5.3694072 5.3694072
"II.11.27.csv"	1	-0.029090885
3 1 5.3694072 17.807336 0.31004 20 4.6660067 0.98628273 9.9986269 3.1636561 6 0 0 0 0.087662851 0 1 1 915234.91 4 5.3694072 5.3694072 5.3694072 5.3694072
"II.11.27.csv"	12	-0.029090885
3 1 5.3694072 17.807336 0.31004 20 4.6660067 0.98628273 9.9986269 3.1636561 6 0 0 0 0.087662851 0 1 1 915234.91 4 5.3694072 5.3694072 5.3694072 5.3694072
"II.11.27.csv"	2	0.012034813
3 1 5.3694072 17.807336 0.31004 20 4.6660067 0.98628273 9.9986269 3.1636561 6 0 0 0 0.087662851 0 1 1 915234.91 4 5.3694072 5.3694072 5.3694072 5.3694072
"II.11.27.csv"	19	0.01598512
3 1 5.3694072 17.807336 0.31004 20 4.6660067 0.98628273 9.9986269 3.1636561 6 0 0 0 0.087662851 0 1 1 915234.91 4 5.3694072 5.3694072 5.3694072 5.3694072
"II.11.27.csv"	19	0.0032405519
3 1 5.3694072 17.807336 0.31004 20 4.6660067 0.98628273 9.9986269 3.1636561 6 0 0 0 0.087662851 0 1 1 915234.91 4 5.3694072 5.3694072 5.3694072 5.3694072
"II.34.29a.csv"	1	-2.5952661
2 1 11.985526 43.863516 0.864337 20 2.8892944 0.93225375 9.4927912 0.74193984 3 0 0 0 0.054695317 1 1 1 137554.93 4 11.985526 11.985526 11.985526 11.985526
"II.34.29a.csv"	12	-2.5952661
2 1 11.985526 43.863516 0.864337 20 2.8892944 0.93225375 9.4927912 0.74193984 3 0 0 0 0.054695317 1 1 1 137554.93 4 11.985526 11.985526 11.985526 11.985526
"II.34.29a.csv"	4	-0.012576068
2 1 11.985526 43.863516 0.864337 20 2.8892944 0.93225375 9.4927912 0.74193984 3 0 0 0 0.054695317 1 1 1 137554.93 4 11.985526 11.985526 11.985526 11.985526
"II.34.29a.csv"	17	-0.012576068
2 1 11.985526 43.863516 0.864337 20 2.8892944 0.93225375 9.4927912 0.74193984 3 0 0 0 0.054695317 1 1 1 137554.93 4 11.985526 11.985526 11.985526 11.985526
"II.34.29a.csv"	17	-0.012576068
2 1 11.985526 43.863516 0.864337 20 2.8892944 0.93225375 9.4927912 0.74193984 3 0 0 0 0.054695317 1 1 1 137554.93 4 11.985526 11.985526 11.985526 11.985526
"II.34.29a.csv"	21	-0.012576068
2 1 11.985526 43.863516 0.864337 20 2.8892944 0.93225375 9.4927912 0.74193984 3 0 0 0 0.054695317 1 1 1 137554.93 4 11.985526 11.985526 11.985526 11.985526
"II.34.29a.csv"	3	-0.012576068
2 1 11.985526 43.863516 0.864337 20 2.8892944 0.93225375 9.4927912 0.74193984 3 0 0 0 0.054695317 1 1 1 137554.93 4 11.985526 11.985526 11.985526 11.985526
"II.34.29a.csv"	1	-0.012576068
2 1 11.985526 43.863516 0.864337 20 2.8892944 0.93225375 9.4927912 0.74193984 3 0 0 0 0.054695317 1 1 1 137554.93 4 11.985526 11.985526 11.985526 11.985526
"II.34.29a.csv"	12	-0.012576068
2 1 11.985526 43.863516 0.864337 20 2.8892944 0.93225375 9.4927912 0.74193984 3 0 0 0 0.054695317 1 1 1 137554.93 4 11.985526 11.985526 11.985526 11.985526
"II.34.29a.csv"	2	-0.012576068
2 1 11.985526 43.863516 0.864337 20 2.8892944 0.93225375 9.4927912 0.74193984 3 0 0 0 0.054695317 1 1 1 137554.93 4 11.985526 11.985526 11.985526 11.985526
"III.4.33.csv"	4	0.01142539
2 1 2.3183371 4.2207166 0.113827 10.757312 5.1807276 0.9690539 1.579189 0.46066813 5 0 0 0 0.040090596 0 1 1 290688.2 4 2.3183371 2.3183371 2.3183371 2.3183371
"III.4.33.csv"	1	-0.12554433
2 1 2.3183371 4.2207166 0.113827 10.757312 5.1807276 0.9690539 1.579189 0.46066813 5 0 0 0 0.040090596 0 1 1 290688.2 4 2.3183371 2.3183371 2.3183371 2.3183371
"III.4.33.csv"	12	-0.12554433
2 1 2.3183371 4.2207166 0.113827 10.757312 5.1807276 0.9690539 1.579189 0.46066813 5 0 0 0 0.040090596 0 1 1 290688.2 4 2.3183371 2.3183371 2.3183371 2.3183371
"III.4.33.csv"	14	7.6659982e-05
2 1 2.3183371 4.2207166 0.113827 10.757312 5.1807276 0.9690539 1.579189 0.46066813 5 0 0 0 0.040090596 0 1 1 290688.2 4 2.3183371 2.3183371 2.3183371 2.3183371
"III.4.33.csv"	4	-0.00028302056
2 1 2.3183371 4.2207166 0.113827 10.757312 5.1807276 0.9690539 1.579189 0.46066813 5 0 0 0 0.040090596 0 1 1 290688.2 4 2.3183371 2.3183371 2.3183371 2.3183371
"III.4.33.csv"	21	-0.00028302056
2 1 2.3183371 4.2207166 0.113827 10.757312 5.1807276 0.9690539 1.579189 0.46066813 5 0 0 0 0.040090596 0 1 1 290688.2 4 2.3183371 2.3183371 2.3183371 2.3183371
"III.4.33.csv"	3	-0.00028302056
2 1 2.3183371 4.2207166 0.113827 10.757312 5.1807276 0.9690539 1.579189 0.46066813 5 0 0 0 0.040090596 0 1 1 290688.2 4 2.3183371 2.3183371 2.3183371 2.3183371
"III.4.33.csv"	1	-0.00028302056
2 1 2.3183371 4.2207166 0.113827 10.757312 5.1807276 0.9690539 1.579189 0.46066813 5 0 0 0 0.040090596 0 1 1 290688.2 4 2.3183371 2.3183371 2.3183371 2.3183371
"III.4.33.csv"	12	-0.00028302056
2 1 2.3183371 4.2207166 0.113827 10.757312 5.1807276 0.9690539 1.579189 0.46066813 5 0 0 0 0.040090596 0 1 1 290688.2 4 2.3183371 2.3183371 2.3183371 2.3183371
"III.4.33.csv"	2	-0.00028302056
2 1 2.3183371 4.2207166 0.113827 10.757312 5.1807276 0.9690539 1.579189 0.46066813 5 0 0 0 0.040090596 0 1 1 290688.2 4 2.3183371 2.3183371 2.3183371 2.3183371
"III.4.33.csv"	17	-0.00028302056
2 1 2.3183371 4.2207166 0.113827 10.757312 5.1807276 0.9690539 1.579189 0.46066813 5 0 0 0 0.040090596 0 1 1 290688.2 4 2.3183371 2.3183371 2.3183371 2.3183371
"III.4.33.csv"	17	-0.00028302056
2 1 2.3183371 4.2207166 0.113827 10.757312 5.1807276 0.9690539 1.579189 0.46066813 5 0 0 0 0.040090596 0 1 1 290688.2 4 2.3183371 2.3183371 2.3183371 2.3183371
"III.4.33.csv"	14	6.1439917e-05
2 1 2.3183371 4.2207166 0.113827 10.757312 5.1807276 0.9690539 1.579189 0.46066813 5 0 0 0 0.040090596 0 1 1 290688.2 4 2.3183371 2.3183371 2.3183371 2.3183371
"III.4.33.csv"	4	-0.00029773455
2 1 2.3183371 4.2207166 0.113827 10.757312 5.1807276 0.9690539 1.579189 0.46066813 5 0 0 0 0.040090596 0 1 1 290688.2 4 2.3183371 2.3183371 2.3183371 2.3183371
"III.4.33.csv"	21	-0.00029773455
2 1 2.3183371 4.2207166 0.113827 10.757312 5.1807276 0.9690539 1.579189 0.46066813 5 0 0 0 0.040090596 0 1 1 290688.2 4 2.3183371 2.3183371 2.3183371 2.3183371
"III.4.33.csv"	3	-0.00029773455
2 1 2.3183371 4.2207166 0.113827 10.757312 5.1807276 0.9690539 1.579189 0.46066813 5 0 0 0 0.040090596 0 1 1 290688.2 4 2.3183371 2.3183371 2.3183371 2.3183371
"III.4.33.csv"	1	-0.00029773455
2 1 2.3183371 4.2207166 0.113827 10.757312 5.1807276 0.9690539 1.579189 0.46066813 5 0 0 0 0.040090596 0 1 1 290688.2 4 2.3183371 2.3183371 2.3183371 2.3183371
"III.4.33.csv"	12	-0.00029773455
2 1 2.3183371 4.2207166 0.113827 10.757312 5.1807276 0.9690539 1.579189 0.46066813 5 0 0 0 0.040090596 0 1 1 290688.2 4 2.3183371 2.3183371 2.3183371 2.3183371
"III.4.33.csv"	2	-0.00029773455
2 1 2.3183371 4.2207166 0.113827 10.757312 5.1807276 0.9690539 1.579189 0.46066813 5 0 0 0 0.040090596 0 1 1 290688.2 4 2.3183371 2.3183371 2.3183371 2.3183371
"III.4.33.csv"	17	-0.00029773455
2 1 2.3183371 4.2207166 0.113827 10.757312 5.1807276 0.9690539 1.579189 0.46066813 5 0 0 0 0.040090596 0 1 1 290688.2 4 2.3183371 2.3183371 2.3183371 2.3183371
"III.4.33.csv"	17	-0.00029773455
2 1 2.3183371 4.2207166 0.113827 10.757312 5.1807276 0.9690539 1.579189 0.46066813 5 0 0 0 0.040090596 0 1 1 290688.2 4 2.3183371 2.3183371 2.3183371 2.3183371
"III.4.33.csv"	4	-0.00031213629
2 1 2.3183371 4.2207166 0.113827 10.757312 5.1807276 0.9690539 1.579189 0.46066813 5 0 0 0 0.040090596 0 1 1 290688.2 4 2.3183371 2.3183371 2.3183371 2.3183371
"III.4.33.csv"	21	-0.00031213629
2 1 2.3183371 4.2207166 0.113827 10.757312 5.1807276 0.9690539 1.579189 0.46066813 5 0 0 0 0.040090596 0 1 1 290688.2 4 2.3183371 2.3183371 2.3183371 2.3183371
"III.4.33.csv"	3	-0.00031213629
2 1 2.3183371 4.2207166 0.113827 10.757312 5.1807276 0.9690539 1.579189 0.46066813 5 0 0 0 0.040090596 0 1 1 290688.2 4 2.3183371 2.3183371 2.3183371 2.3183371
"III.4.33.csv"	12	-0.00031213629
2 1 2.3183371 4.2207166 0.113827 10.757312 5.1807276 0.9690539 1.579189 0.46066813 5 0 0 0 0.040090596 0 1 1 290688.2 4 2.3183371 2.3183371 2.3183371 2.3183371
"III.4.33.csv"	2	-0.00031213629
2 1 2.3183371 4.2207166 0.113827 10.757312 5.1807276 0.9690539 1.579189 0.46066813 5 0 0 0 0.040090596 0 1 1 290688.2 4 2.3183371 2.3183371 2.3183371 2.3183371
"III.4.33.csv"	17	-0.00031213629
2 1 2.3183371 4.2207166 0.113827 10.757312 5.1807276 0.9690539 1.579189 0.46066813 5 0 0 0 0.040090596 0 1 1 290688.2 4 2.3183371 2.3183371 2.3183371 2.3183371
"III.4.33.csv"	17	-0.00031213629
2 1 2.3183371 4.2207166 0.113827 10.757312 5.1807276 0.9690539 1.579189 0.46066813 5 0 0 0 0.040090596 0 1 1 290688.2 4 2.3183371 2.3183371 2.3183371 2.3183371
"III.10.19.csv"	1	-0.028666057
2 1 4.2786 1.3407396 1.537582 6.895726 4.6274546 0.99964249 0.70050798 0.11293922 5 0 0 0 -0.057187015 0 1 1 29260.333 4 4.2786 4.2786 4.2786 4.2786
"III.10.19.csv"	12	-0.028666057
2 1 4.2786 1.3407396 1.537582 6.895726 4.6274546 0.99964249 0.70050798 0.11293922 5 0 0 0 -0.057187015 0 1 1 29260.333 4 4.2786 4.2786 4.2786 4.2786
"III.10.19.csv"	2	0.0026874197
2 1 4.2786 1.3407396 1.537582 6.895726 4.6274546 0.99964249 0.70050798 0.11293922 5 0 0 0 -0.057187015 0 1 1 29260.333 4 4.2786 4.2786 4.2786 4.2786
"III.10.19.csv"	21	-0.00022138852
2 1 4.2786 1.3407396 1.537582 6.895726 4.6274546 0.99964249 0.70050798 0.11293922 5 0 0 0 -0.057187015 0 1 1 29260.333 4 4.2786 4.2786 4.2786 4.2786
"III.10.19.csv"	3	-0.00022138852
2 1 4.2786 1.3407396 1.537582 6.895726 4.6274546 0.99964249 0.70050798 0.11293922 5 0 0 0 -0.057187015 0 1 1 29260.333 4 4.2786 4.2786 4.2786 4.2786
"III.10.19.csv"	1	-0.00022138852
2 1 4.2786 1.3407396 1.537582 6.895726 4.6274546 0.99964249 0.70050798 0.11293922 5 0 0 0 -0.057187015 0 1 1 29260.333 4 4.2786 4.2786 4.2786 4.2786
"III.10.19.csv"	12	-0.00022138852
2 1 4.2786 1.3407396 1.537582 6.895726 4.6274546 0.99964249 0.70050798 0.11293922 5 0 0 0 -0.057187015 0 1 1 29260.333 4 4.2786 4.2786 4.2786 4.2786
"III.10.19.csv"	4	-0.00022138852
2 1 4.2786 1.3407396 1.537582 6.895726 4.6274546 0.99964249 0.70050798 0.11293922 5 0 0 0 -0.057187015 0 1 1 29260.333 4 4.2786 4.2786 4.2786 4.2786
"III.10.19.csv"	2	-0.00022138852
2 1 4.2786 1.3407396 1.537582 6.895726 4.6274546 0.99964249 0.70050798 0.11293922 5 0 0 0 -0.057187015 0 1 1 29260.333 4 4.2786 4.2786 4.2786 4.2786
"I.29.16.csv"	4	-0.2226216
3 1 0.62464224 2.1274332 -2.969392 2.871856 4.004771 0.41377933 2.2282854 0.65264926 5 0 0 0 0.36396474 0 1 0 53927.542 4 0.62464224 0.62464224 0.62464224 0.62464224
"I.29.16.csv"	8	-0.2226216
3 1 0.62464224 2.1274332 -2.969392 2.871856 4.004771 0.41377933 2.2282854 0.65264926 5 0 0 0 0.36396474 0 1 0 53927.542 4 0.62464224 0.62464224 0.62464224 0.62464224
"I.29.16.csv"	2	-0.2226216
3 1 0.62464224 2.1274332 -2.969392 2.871856 4.004771 0.41377933 2.2282854 0.65264926 5 0 0 0 0.36396474 0 1 0 53927.542 4 0.62464224 0.62464224 0.62464224 0.62464224
"I.29.16.csv"	1	-0.2226216
3 1 0.62464224 2.1274332 -2.969392 2.871856 4.004771 0.41377933 2.2282854 0.65264926 5 0 0 0 0.36396474 0 1 0 53927.542 4 0.62464224 0.62464224 0.62464224 0.62464224
"I.29.16.csv"	3	-0.2226216
3 1 0.62464224 2.1274332 -2.969392 2.871856 4.004771 0.41377933 2.2282854 0.65264926 5 0 0 0 0.36396474 0 1 0 53927.542 4 0.62464224 0.62464224 0.62464224 0.62464224
"I.29.16.csv"	14	-0.2226216
3 1 0.62464224 2.1274332 -2.969392 2.871856 4.004771 0.41377933 2.2282854 0.65264926 5 0 0 0 0.36396474 0 1 0 53927.542 4 0.62464224 0.62464224 0.62464224 0.62464224
"I.29.16.csv"	4	-0.2226216
3 1 0.62464224 2.1274332 -2.969392 2.871856 4.004771 0.41377933 2.2282854 0.65264926 5 0 0 0 0.36396474 0 1 0 53927.542 4 0.62464224 0.62464224 0.62464224 0.62464224
"I.29.16.csv"	8	-0.2226216
3 1 0.62464224 2.1274332 -2.969392 2.871856 4.004771 0.41377933 2.2282854 0.65264926 5 0 0 0 0.36396474 0 1 0 53927.542 4 0.62464224 0.62464224 0.62464224 0.62464224
"I.29.16.csv"	21	-0.2226216
3 1 0.62464224 2.1274332 -2.969392 2.871856 4.004771 0.41377933 2.2282854 0.65264926 5 0 0 0 0.36396474 0 1 0 53927.542 4 0.62464224 0.62464224 0.62464224 0.62464224
"I.29.16.csv"	2	-0.2226216
3 1 0.62464224 2.1274332 -2.969392 2.871856 4.004771 0.41377933 2.2282854 0.65264926 5 0 0 0 0.36396474 0 1 0 53927.542 4 0.62464224 0.62464224 0.62464224 0.62464224
"I.29.16.csv"	12	-0.2226216
3 1 0.62464224 2.1274332 -2.969392 2.871856 4.004771 0.41377933 2.2282854 0.65264926 5 0 0 0 0.36396474 0 1 0 53927.542 4 0.62464224 0.62464224 0.62464224 0.62464224
"I.29.16.csv"	1	-0.2226216
3 1 0.62464224 2.1274332 -2.969392 2.871856 4.004771 0.41377933 2.2282854 0.65264926 5 0 0 0 0.36396474 0 1 0 53927.542 4 0.62464224 0.62464224 0.62464224 0.62464224
"I.29.16.csv"	3	-0.2226216
3 1 0.62464224 2.1274332 -2.969392 2.871856 4.004771 0.41377933 2.2282854 0.65264926 5 0 0 0 0.36396474 0 1 0 53927.542 4 0.62464224 0.62464224 0.62464224 0.62464224
"I.29.16.csv"	14	-0.2226216
3 1 0.62464224 2.1274332 -2.969392 2.871856 4.004771 0.41377933 2.2282854 0.65264926 5 0 0 0 0.36396474 0 1 0 53927.542 4 0.62464224 0.62464224 0.62464224 0.62464224
"I.29.16.csv"	4	-0.2226216
3 1 0.62464224 2.1274332 -2.969392 2.871856 4.004771 0.41377933 2.2282854 0.65264926 5 0 0 0 0.36396474 0 1 0 53927.542 4 0.62464224 0.62464224 0.62464224 0.62464224
"I.29.16.csv"	14	-0.2221925
3 1 0.62464224 2.1274332 -2.969392 2.871856 4.004771 0.41377933 2.2282854 0.65264926 5 0 0 0 0.36396474 0 1 0 53927.542 4 0.62464224 0.62464224 0.62464224 0.62464224
"I.29.16.csv"	4	-0.2221925
3 1 0.62464224 2.1274332 -2.969392 2.871856 4.004771 0.41377933 2.2282854 0.65264926 5 0 0 0 0.36396474 0 1 0 53927.542 4 0.62464224 0.62464224 0.62464224 0.62464224
"I.29.16.csv"	8	-0.2221925
3 1 0.62464224 2.1274332 -2.969392 2.871856 4.004771 0.41377933 2.2282854 0.65264926 5 0 0 0 0.36396474 0 1 0 53927.542 4 0.62464224 0.62464224 0.62464224 0.62464224
"I.29.16.csv"	21	-0.2221925
3 1 0.62464224 2.1274332 -2.969392 2.871856 4.004771 0.41377933 2.2282854 0.65264926 5 0 0 0 0.36396474 0 1 0 53927.542 4 0.62464224 0.62464224 0.62464224 0.62464224
"I.29.16.csv"	2	-0.2221925
3 1 0.62464224 2.1274332 -2.969392 2.871856 4.004771 0.41377933 2.2282854 0.65264926 5 0 0 0 0.36396474 0 1 0 53927.542 4 0.62464224 0.62464224 0.62464224 0.62464224
"I.29.16.csv"	12	-0.2221925
3 1 0.62464224 2.1274332 -2.969392 2.871856 4.004771 0.41377933 2.2282854 0.65264926 5 0 0 0 0.36396474 0 1 0 53927.542 4 0.62464224 0.62464224 0.62464224 0.62464224
"I.29.16.csv"	1	-0.2221925
3 1 0.62464224 2.1274332 -2.969392 2.871856 4.004771 0.41377933 2.2282854 0.65264926 5 0 0 0 0.36396474 0 1 0 53927.542 4 0.62464224 0.62464224 0.62464224 0.62464224
"I.29.16.csv"	3	-0.2221925
3 1 0.62464224 2.1274332 -2.969392 2.871856 4.004771 0.41377933 2.2282854 0.65264926 5 0 0 0 0.36396474 0 1 0 53927.542 4 0.62464224 0.62464224 0.62464224 0.62464224
"I.29.16.csv"	14	-0.2221925
3 1 0.62464224 2.1274332 -2.969392 2.871856 4.004771 0.41377933 2.2282854 0.65264926 5 0 0 0 0.36396474 0 1 0 53927.542 4 0.62464224 0.62464224 0.62464224 0.62464224
"I.29.16.csv"	4	-0.2221925
3 1 0.62464224 2.1274332 -2.969392 2.871856 4.004771 0.41377933 2.2282854 0.65264926 5 0 0 0 0.36396474 0 1 0 53927.542 4 0.62464224 0.62464224 0.62464224 0.62464224
"I.29.16.csv"	8	-0.2221925
3 1 0.62464224 2.1274332 -2.969392 2.871856 4.004771 0.41377933 2.2282854 0.65264926 5 0 0 0 0.36396474 0 1 0 53927.542 4 0.62464224 0.62464224 0.62464224 0.62464224
"I.29.16.csv"	21	-0.2221925
3 1 0.62464224 2.1274332 -2.969392 2.871856 4.004771 0.41377933 2.2282854 0.65264926 5 0 0 0 0.36396474 0 1 0 53927.542 4 0.62464224 0.62464224 0.62464224 0.62464224
"I.29.16.csv"	2	-0.2221925
3 1 0.62464224 2.1274332 -2.969392 2.871856 4.004771 0.41377933 2.2282854 0.65264926 5 0 0 0 0.36396474 0 1 0 53927.542 4 0.62464224 0.62464224 0.62464224 0.62464224
"I.29.16.csv"	12	-0.2221925
3 1 0.62464224 2.1274332 -2.969392 2.871856 4.004771 0.41377933 2.2282854 0.65264926 5 0 0 0 0.36396474 0 1 0 53927.542 4 0.62464224 0.62464224 0.62464224 0.62464224
"I.29.16.csv"	1	-0.2221925
3 1 0.62464224 2.1274332 -2.969392 2.871856 4.004771 0.41377933 2.2282854 0.65264926 5 0 0 0 0.36396474 0 1 0 53927.542 4 0.62464224 0.62464224 0.62464224 0.62464224
"I.29.16.csv"	14	-0.2220767
3 1 0.62464224 2.1274332 -2.969392 2.871856 4.004771 0.41377933 2.2282854 0.65264926 5 0 0 0 0.36396474 0 1 0 53927.542 4 0.62464224 0.62464224 0.62464224 0.62464224
"I.29.16.csv"	4	-0.2220767
3 1 0.62464224 2.1274332 -2.969392 2.871856 4.004771 0.41377933 2.2282854 0.65264926 5 0 0 0 0.36396474 0 1 0 53927.542 4 0.62464224 0.62464224 0.62464224 0.62464224
"I.29.16.csv"	8	-0.2220767
3 1 0.62464224 2.1274332 -2.969392 2.871856 4.004771 0.41377933 2.2282854 0.65264926 5 0 0 0 0.36396474 0 1 0 53927.542 4 0.62464224 0.62464224 0.62464224 0.62464224
"I.29.16.csv"	21	-0.2220767
3 1 0.62464224 2.1274332 -2.969392 2.871856 4.004771 0.41377933 2.2282854 0.65264926 5 0 0 0 0.36396474 0 1 0 53927.542 4 0.62464224 0.62464224 0.62464224 0.62464224
"I.29.16.csv"	2	-0.2220767
3 1 0.62464224 2.1274332 -2.969392 2.871856 4.004771 0.41377933 2.2282854 0.65264926 5 0 0 0 0.36396474 0 1 0 53927.542 4 0.62464224 0.62464224 0.62464224 0.62464224
"I.29.16.csv"	12	-0.2220767
3 1 0.62464224 2.1274332 -2.969392 2.871856 4.004771 0.41377933 2.2282854 0.65264926 5 0 0 0 0.36396474 0 1 0 53927.542 4 0.62464224 0.62464224 0.62464224 0.62464224
"I.29.16.csv"	1	-0.2220767
3 1 0.62464224 2.1274332 -2.969392 2.871856 4.004771 0.41377933 2.2282854 0.65264926 5 0 0 0 0.36396474 0 1 0 53927.542 4 0.62464224 0.62464224 0.62464224 0.62464224
"I.29.16.csv"	3	-0.2220767
3 1 0.62464224 2.1274332 -2.969392 2.871856 4.004771 0.41377933 2.2282854 0.65264926 5 0 0 0 0.36396474 0 1 0 53927.542 4 0.62464224 0.62464224 0.62464224 0.62464224
"I.29.16.csv"	4	-0.2220767
3 1 0.62464224 2.1274332 -2.969392 2.871856 4.004771 0.41377933 2.2282854 0.65264926 5 0 0 0 0.36396474 0 1 0 53927.542 4 0.62464224 0.62464224 0.62464224 0.62464224
"I.29.16.csv"	8	-0.2220767
3 1 0.62464224 2.1274332 -2.969392 2.871856 4.004771 0.41377933 2.2282854 0.65264926 5 0 0 0 0.36396474 0 1 0 53927.542 4 0.62464224 0.62464224 0.62464224 0.62464224
"I.29.16.csv"	2	-0.2220767
3 1 0.62464224 2.1274332 -2.969392 2.871856 4.004771 0.41377933 2.2282854 0.65264926 5 0 0 0 0.36396474 0 1 0 53927.542 4 0.62464224 0.62464224 0.62464224 0.62464224
"I.29.16.csv"	1	-0.2220767
3 1 0.62464224 2.1274332 -2.969392 2.871856 4.004771 0.41377933 2.2282854 0.65264926 5 0 0 0 0.36396474 0 1 0 53927.542 4 0.62464224 0.62464224 0.62464224 0.62464224
"I.29.16.csv"	3	-0.2220767
3 1 0.62464224 2.1274332 -2.969392 2.871856 4.004771 0.41377933 2.2282854 0.65264926 5 0 0 0 0.36396474 0 1 0 53927.542 4 0.62464224 0.62464224 0.62464224 0.62464224
"I.29.16.csv"	14	-0.2220767
3 1 0.62464224 2.1274332 -2.969392 2.871856 4.004771 0.41377933 2.2282854 0.65264926 5 0 0 0 0.36396474 0 1 0 53927.542 4 0.62464224 0.62464224 0.62464224 0.62464224
"I.29.16.csv"	4	-0.2220767
3 1 0.62464224 2.1274332 -2.969392 2.871856 4.004771 0.41377933 2.2282854 0.65264926 5 0 0 0 0.36396474 0 1 0 53927.542 4 0.62464224 0.62464224 0.62464224 0.62464224
"I.29.16.csv"	14	-0.221766
3 1 0.62464224 2.1274332 -2.969392 2.871856 4.004771 0.41377933 2.2282854 0.65264926 5 0 0 0 0.36396474 0 1 0 53927.542 4 0.62464224 0.62464224 0.62464224 0.62464224
"I.29.16.csv"	4	-0.221766
3 1 0.62464224 2.1274332 -2.969392 2.871856 4.004771 0.41377933 2.2282854 0.65264926 5 0 0 0 0.36396474 0 1 0 53927.542 4 0.62464224 0.62464224 0.62464224 0.62464224
"I.29.16.csv"	8	-0.221766
3 1 0.62464224 2.1274332 -2.969392 2.871856 4.004771 0.41377933 2.2282854 0.65264926 5 0 0 0 0.36396474 0 1 0 53927.542 4 0.62464224 0.62464224 0.62464224 0.62464224
"I.29.16.csv"	21	-0.221766
3 1 0.62464224 2.1274332 -2.969392 2.871856 4.004771 0.41377933 2.2282854 0.65264926 5 0 0 0 0.36396474 0 1 0 53927.542 4 0.62464224 0.62464224 0.62464224 0.62464224
"I.29.16.csv"	2	-0.221766
3 1 0.62464224 2.1274332 -2.969392 2.871856 4.004771 0.41377933 2.2282854 0.65264926 5 0 0 0 0.36396474 0 1 0 53927.542 4 0.62464224 0.62464224 0.62464224 0.62464224
"I.29.16.csv"	12	-0.221766
3 1 0.62464224 2.1274332 -2.969392 2.871856 4.004771 0.41377933 2.2282854 0.65264926 5 0 0 0 0.36396474 0 1 0 53927.542 4 0.62464224 0.62464224 0.62464224 0.62464224
"I.29.16.csv"	1	-0.221766
3 1 0.62464224 2.1274332 -2.969392 2.871856 4.004771 0.41377933 2.2282854 0.65264926 5 0 0 0 0.36396474 0 1 0 53927.542 4 0.62464224 0.62464224 0.62464224 0.62464224
"I.29.16.csv"	3	-0.221766
3 1 0.62464224 2.1274332 -2.969392 2.871856 4.004771 0.41377933 2.2282854 0.65264926 5 0 0 0 0.36396474 0 1 0 53927.542 4 0.62464224 0.62464224 0.62464224 0.62464224
"I.29.16.csv"	4	-0.221766
3 1 0.62464224 2.1274332 -2.969392 2.871856 4.004771 0.41377933 2.2282854 0.65264926 5 0 0 0 0.36396474 0 1 0 53927.542 4 0.62464224 0.62464224 0.62464224 0.62464224
"I.29.16.csv"	8	-0.221766
3 1 0.62464224 2.1274332 -2.969392 2.871856 4.004771 0.41377933 2.2282854 0.65264926 5 0 0 0 0.36396474 0 1 0 53927.542 4 0.62464224 0.62464224 0.62464224 0.62464224
"I.29.16.csv"	2	-0.221766
3 1 0.62464224 2.1274332 -2.969392 2.871856 4.004771 0.41377933 2.2282854 0.65264926 5 0 0 0 0.36396474 0 1 0 53927.542 4 0.62464224 0.62464224 0.62464224 0.62464224
"I.29.16.csv"	1	-0.221766
3 1 0.62464224 2.1274332 -2.969392 2.871856 4.004771 0.41377933 2.2282854 0.65264926 5 0 0 0 0.36396474 0 1 0 53927.542 4 0.62464224 0.62464224 0.62464224 0.62464224
"I.29.16.csv"	3	-0.221766
3 1 0.62464224 2.1274332 -2.969392 2.871856 4.004771 0.41377933 2.2282854 0.65264926 5 0 0 0 0.36396474 0 1 0 53927.542 4 0.62464224 0.62464224 0.62464224 0.62464224
"I.29.16.csv"	14	-0.221766
3 1 0.62464224 2.1274332 -2.969392 2.871856 4.004771 0.41377933 2.2282854 0.65264926 5 0 0 0 0.36396474 0 1 0 53927.542 4 0.62464224 0.62464224 0.62464224 0.62464224
"I.29.16.csv"	4	-0.221766
3 1 0.62464224 2.1274332 -2.969392 2.871856 4.004771 0.41377933 2.2282854 0.65264926 5 0 0 0 0.36396474 0 1 0 53927.542 4 0.62464224 0.62464224 0.62464224 0.62464224
"I.29.16.csv"	14	-0.22158245
3 1 0.62464224 2.1274332 -2.969392 2.871856 4.004771 0.41377933 2.2282854 0.65264926 5 0 0 0 0.36396474 0 1 0 53927.542 4 0.62464224 0.62464224 0.62464224 0.62464224
"I.29.16.csv"	4	-0.22158245
3 1 0.62464224 2.1274332 -2.969392 2.871856 4.004771 0.41377933 2.2282854 0.65264926 5 0 0 0 0.36396474 0 1 0 53927.542 4 0.62464224 0.62464224 0.62464224 0.62464224
"I.29.16.csv"	8	-0.22158245
3 1 0.62464224 2.1274332 -2.969392 2.871856 4.004771 0.41377933 2.2282854 0.65264926 5 0 0 0 0.36396474 0 1 0 53927.542 4 0.62464224 0.62464224 0.62464224 0.62464224
"I.29.16.csv"	21	-0.22158245
3 1 0.62464224 2.1274332 -2.969392 2.871856 4.004771 0.41377933 2.2282854 0.65264926 5 0 0 0 0.36396474 0 1 0 53927.542 4 0.62464224 0.62464224 0.62464224 0.62464224
"I.29.16.csv"	2	-0.22158245
3 1 0.62464224 2.1274332 -2.969392 2.871856 4.004771 0.41377933 2.2282854 0.65264926 5 0 0 0 0.36396474 0 1 0 53927.542 4 0.62464224 0.62464224 0.62464224 0.62464224
"I.29.16.csv"	12	-0.22158245
3 1 0.62464224 2.1274332 -2.969392 2.871856 4.004771 0.41377933 2.2282854 0.65264926 5 0 0 0 0.36396474 0 1 0 53927.542 4 0.62464224 0.62464224 0.62464224 0.62464224
"I.29.16.csv"	1	-0.22158245
3 1 0.62464224 2.1274332 -2.969392 2.871856 4.004771 0.41377933 2.2282854 0.65264926 5 0 0 0 0.36396474 0 1 0 53927.542 4 0.62464224 0.62464224 0.62464224 0.62464224
"I.29.16.csv"	3	-0.22158245
3 1 0.62464224 2.1274332 -2.969392 2.871856 4.004771 0.41377933 2.2282854 0.65264926 5 0 0 0 0.36396474 0 1 0 53927.542 4 0.62464224 0.62464224 0.62464224 0.62464224
"I.29.16.csv"	4	-0.22158245
3 1 0.62464224 2.1274332 -2.969392 2.871856 4.004771 0.41377933 2.2282854 0.65264926 5 0 0 0 0.36396474 0 1 0 53927.542 4 0.62464224 0.62464224 0.62464224 0.62464224
"I.29.16.csv"	8	-0.22158245
3 1 0.62464224 2.1274332 -2.969392 2.871856 4.004771 0.41377933 2.2282854 0.65264926 5 0 0 0 0.36396474 0 1 0 53927.542 4 0.62464224 0.62464224 0.62464224 0.62464224
"I.29.16.csv"	2	-0.22158245
3 1 0.62464224 2.1274332 -2.969392 2.871856 4.004771 0.41377933 2.2282854 0.65264926 5 0 0 0 0.36396474 0 1 0 53927.542 4 0.62464224 0.62464224 0.62464224 0.62464224
"I.29.16.csv"	1	-0.22158245
3 1 0.62464224 2.1274332 -2.969392 2.871856 4.004771 0.41377933 2.2282854 0.65264926 5 0 0 0 0.36396474 0 1 0 53927.542 4 0.62464224 0.62464224 0.62464224 0.62464224
"I.29.16.csv"	3	-0.22158245
3 1 0.62464224 2.1274332 -2.969392 2.871856 4.004771 0.41377933 2.2282854 0.65264926 5 0 0 0 0.36396474 0 1 0 53927.542 4 0.62464224 0.62464224 0.62464224 0.62464224
"I.29.16.csv"	14	-0.22158245
3 1 0.62464224 2.1274332 -2.969392 2.871856 4.004771 0.41377933 2.2282854 0.65264926 5 0 0 0 0.36396474 0 1 0 53927.542 4 0.62464224 0.62464224 0.62464224 0.62464224
"I.29.16.csv"	4	-0.22158245
3 1 0.62464224 2.1274332 -2.969392 2.871856 4.004771 0.41377933 2.2282854 0.65264926 5 0 0 0 0.36396474 0 1 0 53927.542 4 0.62464224 0.62464224 0.62464224 0.62464224
"I.29.16.csv"	14	-0.21963933
3 1 0.62464224 2.1274332 -2.969392 2.871856 4.004771 0.41377933 2.2282854 0.65264926 5 0 0 0 0.36396474 0 1 0 53927.542 4 0.62464224 0.62464224 0.62464224 0.62464224
"I.29.16.csv"	4	-0.21963933
3 1 0.62464224 2.1274332 -2.969392 2.871856 4.004771 0.41377933 2.2282854 0.65264926 5 0 0 0 0.36396474 0 1 0 53927.542 4 0.62464224 0.62464224 0.62464224 0.62464224
"I.29.16.csv"	8	-0.21963933
3 1 0.62464224 2.1274332 -2.969392 2.871856 4.004771 0.41377933 2.2282854 0.65264926 5 0 0 0 0.36396474 0 1 0 53927.542 4 0.62464224 0.62464224 0.62464224 0.62464224
"I.29.16.csv"	21	-0.21963933
3 1 0.62464224 2.1274332 -2.969392 2.871856 4.004771 0.41377933 2.2282854 0.65264926 5 0 0 0 0.36396474 0 1 0 53927.542 4 0.62464224 0.62464224 0.62464224 0.62464224
"I.29.16.csv"	2	-0.21963933
3 1 0.62464224 2.1274332 -2.969392 2.871856 4.004771 0.41377933 2.2282854 0.65264926 5 0 0 0 0.36396474 0 1 0 53927.542 4 0.62464224 0.62464224 0.62464224 0.62464224
"I.29.16.csv"	12	-0.21963933
3 1 0.62464224 2.1274332 -2.969392 2.871856 4.004771 0.41377933 2.2282854 0.65264926 5 0 0 0 0.36396474 0 1 0 53927.542 4 0.62464224 0.62464224 0.62464224 0.62464224
"I.29.16.csv"	1	-0.21963933
3 1 0.62464224 2.1274332 -2.969392 2.871856 4.004771 0.41377933 2.2282854 0.65264926 5 0 0 0 0.36396474 0 1 0 53927.542 4 0.62464224 0.62464224 0.62464224 0.62464224
"I.29.16.csv"	3	-0.21963933
3 1 0.62464224 2.1274332 -2.969392 2.871856 4.004771 0.41377933 2.2282854 0.65264926 5 0 0 0 0.36396474 0 1 0 53927.542 4 0.62464224 0.62464224 0.62464224 0.62464224
"I.29.16.csv"	14	-0.21963933
3 1 0.62464224 2.1274332 -2.969392 2.871856 4.004771 0.41377933 2.2282854 0.65264926 5 0 0 0 0.36396474 0 1 0 53927.542 4 0.62464224 0.62464224 0.62464224 0.62464224
"I.29.16.csv"	4	-0.21963933
3 1 0.62464224 2.1274332 -2.969392 2.871856 4.004771 0.41377933 2.2282854 0.65264926 5 0 0 0 0.36396474 0 1 0 53927.542 4 0.62464224 0.62464224 0.62464224 0.62464224
"I.29.16.csv"	8	-0.21963933
3 1 0.62464224 2.1274332 -2.969392 2.871856 4.004771 0.41377933 2.2282854 0.65264926 5 0 0 0 0.36396474 0 1 0 53927.542 4 0.62464224 0.62464224 0.62464224 0.62464224
"I.29.16.csv"	21	-0.21963933
3 1 0.62464224 2.1274332 -2.969392 2.871856 4.004771 0.41377933 2.2282854 0.65264926 5 0 0 0 0.36396474 0 1 0 53927.542 4 0.62464224 0.62464224 0.62464224 0.62464224
"I.29.16.csv"	2	-0.21963933
3 1 0.62464224 2.1274332 -2.969392 2.871856 4.004771 0.41377933 2.2282854 0.65264926 5 0 0 0 0.36396474 0 1 0 53927.542 4 0.62464224 0.62464224 0.62464224 0.62464224
"I.29.16.csv"	12	-0.21963933
3 1 0.62464224 2.1274332 -2.969392 2.871856 4.004771 0.41377933 2.2282854 0.65264926 5 0 0 0 0.36396474 0 1 0 53927.542 4 0.62464224 0.62464224 0.62464224 0.62464224
"I.29.16.csv"	1	-0.21963933
3 1 0.62464224 2.1274332 -2.969392 2.871856 4.004771 0.41377933 2.2282854 0.65264926 5 0 0 0 0.36396474 0 1 0 53927.542 4 0.62464224 0.62464224 0.62464224 0.62464224
"I.29.16.csv"	14	-0.21938555
3 1 0.62464224 2.1274332 -2.969392 2.871856 4.004771 0.41377933 2.2282854 0.65264926 5 0 0 0 0.36396474 0 1 0 53927.542 4 0.62464224 0.62464224 0.62464224 0.62464224
"I.29.16.csv"	4	-0.21938555
3 1 0.62464224 2.1274332 -2.969392 2.871856 4.004771 0.41377933 2.2282854 0.65264926 5 0 0 0 0.36396474 0 1 0 53927.542 4 0.62464224 0.62464224 0.62464224 0.62464224
"I.29.16.csv"	8	-0.21938555
3 1 0.62464224 2.1274332 -2.969392 2.871856 4.004771 0.41377933 2.2282854 0.65264926 5 0 0 0 0.36396474 0 1 0 53927.542 4 0.62464224 0.62464224 0.62464224 0.62464224
"I.29.16.csv"	21	-0.21938555
3 1 0.62464224 2.1274332 -2.969392 2.871856 4.004771 0.41377933 2.2282854 0.65264926 5 0 0 0 0.36396474 0 1 0 53927.542 4 0.62464224 0.62464224 0.62464224 0.62464224
"I.29.16.csv"	2	-0.21938555
3 1 0.62464224 2.1274332 -2.969392 2.871856 4.004771 0.41377933 2.2282854 0.65264926 5 0 0 0 0.36396474 0 1 0 53927.542 4 0.62464224 0.62464224 0.62464224 0.62464224
"I.29.16.csv"	12	-0.21938555
3 1 0.62464224 2.1274332 -2.969392 2.871856 4.004771 0.41377933 2.2282854 0.65264926 5 0 0 0 0.36396474 0 1 0 53927.542 4 0.62464224 0.62464224 0.62464224 0.62464224
"I.29.16.csv"	1	-0.21938555
3 1 0.62464224 2.1274332 -2.969392 2.871856 4.004771 0.41377933 2.2282854 0.65264926 5 0 0 0 0.36396474 0 1 0 53927.542 4 0.62464224 0.62464224 0.62464224 0.62464224
"I.29.16.csv"	3	-0.21938555
3 1 0.62464224 2.1274332 -2.969392 2.871856 4.004771 0.41377933 2.2282854 0.65264926 5 0 0 0 0.36396474 0 1 0 53927.542 4 0.62464224 0.62464224 0.62464224 0.62464224
"I.29.16.csv"	4	-0.21938555
3 1 0.62464224 2.1274332 -2.969392 2.871856 4.004771 0.41377933 2.2282854 0.65264926 5 0 0 0 0.36396474 0 1 0 53927.542 4 0.62464224 0.62464224 0.62464224 0.62464224
"I.29.16.csv"	8	-0.21938555
3 1 0.62464224 2.1274332 -2.969392 2.871856 4.004771 0.41377933 2.2282854 0.65264926 5 0 0 0 0.36396474 0 1 0 53927.542 4 0.62464224 0.62464224 0.62464224 0.62464224
"I.29.16.csv"	2	-0.21938555
3 1 0.62464224 2.1274332 -2.969392 2.871856 4.004771 0.41377933 2.2282854 0.65264926 5 0 0 0 0.36396474 0 1 0 53927.542 4 0.62464224 0.62464224 0.62464224 0.62464224
"I.29.16.csv"	1	-0.21938555
3 1 0.62464224 2.1274332 -2.969392 2.871856 4.004771 0.41377933 2.2282854 0.65264926 5 0 0 0 0.36396474 0 1 0 53927.542 4 0.62464224 0.62464224 0.62464224 0.62464224
"I.29.16.csv"	3	-0.21938555
3 1 0.62464224 2.1274332 -2.969392 2.871856 4.004771 0.41377933 2.2282854 0.65264926 5 0 0 0 0.36396474 0 1 0 53927.542 4 0.62464224 0.62464224 0.62464224 0.62464224
"I.29.16.csv"	14	-0.21938555
3 1 0.62464224 2.1274332 -2.969392 2.871856 4.004771 0.41377933 2.2282854 0.65264926 5 0 0 0 0.36396474 0 1 0 53927.542 4 0.62464224 0.62464224 0.62464224 0.62464224
"I.29.16.csv"	4	-0.21938555
3 1 0.62464224 2.1274332 -2.969392 2.871856 4.004771 0.41377933 2.2282854 0.65264926 5 0 0 0 0.36396474 0 1 0 53927.542 4 0.62464224 0.62464224 0.62464224 0.62464224
"I.29.16.csv"	14	-0.2194385
3 1 0.62464224 2.1274332 -2.969392 2.871856 4.004771 0.41377933 2.2282854 0.65264926 5 0 0 0 0.36396474 0 1 0 53927.542 4 0.62464224 0.62464224 0.62464224 0.62464224
"I.29.16.csv"	4	-0.2194385
3 1 0.62464224 2.1274332 -2.969392 2.871856 4.004771 0.41377933 2.2282854 0.65264926 5 0 0 0 0.36396474 0 1 0 53927.542 4 0.62464224 0.62464224 0.62464224 0.62464224
"I.29.16.csv"	8	-0.2194385
3 1 0.62464224 2.1274332 -2.969392 2.871856 4.004771 0.41377933 2.2282854 0.65264926 5 0 0 0 0.36396474 0 1 0 53927.542 4 0.62464224 0.62464224 0.62464224 0.62464224
"I.29.16.csv"	21	-0.2194385
3 1 0.62464224 2.1274332 -2.969392 2.871856 4.004771 0.41377933 2.2282854 0.65264926 5 0 0 0 0.36396474 0 1 0 53927.542 4 0.62464224 0.62464224 0.62464224 0.62464224
"I.29.16.csv"	2	-0.2194385
3 1 0.62464224 2.1274332 -2.969392 2.871856 4.004771 0.41377933 2.2282854 0.65264926 5 0 0 0 0.36396474 0 1 0 53927.542 4 0.62464224 0.62464224 0.62464224 0.62464224
"I.29.16.csv"	12	-0.2194385
3 1 0.62464224 2.1274332 -2.969392 2.871856 4.004771 0.41377933 2.2282854 0.65264926 5 0 0 0 0.36396474 0 1 0 53927.542 4 0.62464224 0.62464224 0.62464224 0.62464224
"I.29.16.csv"	1	-0.2194385
3 1 0.62464224 2.1274332 -2.969392 2.871856 4.004771 0.41377933 2.2282854 0.65264926 5 0 0 0 0.36396474 0 1 0 53927.542 4 0.62464224 0.62464224 0.62464224 0.62464224
"I.29.16.csv"	3	-0.2194385
3 1 0.62464224 2.1274332 -2.969392 2.871856 4.004771 0.41377933 2.2282854 0.65264926 5 0 0 0 0.36396474 0 1 0 53927.542 4 0.62464224 0.62464224 0.62464224 0.62464224
"I.29.16.csv"	14	-0.2194385
3 1 0.62464224 2.1274332 -2.969392 2.871856 4.004771 0.41377933 2.2282854 0.65264926 5 0 0 0 0.36396474 0 1 0 53927.542 4 0.62464224 0.62464224 0.62464224 0.62464224
"I.29.16.csv"	4	-0.2194385
3 1 0.62464224 2.1274332 -2.969392 2.871856 4.004771 0.41377933 2.2282854 0.65264926 5 0 0 0 0.36396474 0 1 0 53927.542 4 0.62464224 0.62464224 0.62464224 0.62464224
"I.29.16.csv"	8	-0.2194385
3 1 0.62464224 2.1274332 -2.969392 2.871856 4.004771 0.41377933 2.2282854 0.65264926 5 0 0 0 0.36396474 0 1 0 53927.542 4 0.62464224 0.62464224 0.62464224 0.62464224
"I.29.16.csv"	21	-0.2194385
3 1 0.62464224 2.1274332 -2.969392 2.871856 4.004771 0.41377933 2.2282854 0.65264926 5 0 0 0 0.36396474 0 1 0 53927.542 4 0.62464224 0.62464224 0.62464224 0.62464224
"I.29.16.csv"	2	-0.2194385
3 1 0.62464224 2.1274332 -2.969392 2.871856 4.004771 0.41377933 2.2282854 0.65264926 5 0 0 0 0.36396474 0 1 0 53927.542 4 0.62464224 0.62464224 0.62464224 0.62464224
"I.29.16.csv"	12	-0.2194385
3 1 0.62464224 2.1274332 -2.969392 2.871856 4.004771 0.41377933 2.2282854 0.65264926 5 0 0 0 0.36396474 0 1 0 53927.542 4 0.62464224 0.62464224 0.62464224 0.62464224
"I.29.16.csv"	1	-0.2194385
3 1 0.62464224 2.1274332 -2.969392 2.871856 4.004771 0.41377933 2.2282854 0.65264926 5 0 0 0 0.36396474 0 1 0 53927.542 4 0.62464224 0.62464224 0.62464224 0.62464224
"I.29.16.csv"	14	-0.21921742
3 1 0.62464224 2.1274332 -2.969392 2.871856 4.004771 0.41377933 2.2282854 0.65264926 5 0 0 0 0.36396474 0 1 0 53927.542 4 0.62464224 0.62464224 0.62464224 0.62464224
"I.29.16.csv"	4	-0.21921742
3 1 0.62464224 2.1274332 -2.969392 2.871856 4.004771 0.41377933 2.2282854 0.65264926 5 0 0 0 0.36396474 0 1 0 53927.542 4 0.62464224 0.62464224 0.62464224 0.62464224
"I.29.16.csv"	8	-0.21921742
3 1 0.62464224 2.1274332 -2.969392 2.871856 4.004771 0.41377933 2.2282854 0.65264926 5 0 0 0 0.36396474 0 1 0 53927.542 4 0.62464224 0.62464224 0.62464224 0.62464224
"I.29.16.csv"	21	-0.21921742
3 1 0.62464224 2.1274332 -2.969392 2.871856 4.004771 0.41377933 2.2282854 0.65264926 5 0 0 0 0.36396474 0 1 0 53927.542 4 0.62464224 0.62464224 0.62464224 0.62464224
"I.29.16.csv"	2	-0.21921742
3 1 0.62464224 2.1274332 -2.969392 2.871856 4.004771 0.41377933 2.2282854 0.65264926 5 0 0 0 0.36396474 0 1 0 53927.542 4 0.62464224 0.62464224 0.62464224 0.62464224
"I.29.16.csv"	12	-0.21921742
3 1 0.62464224 2.1274332 -2.969392 2.871856 4.004771 0.41377933 2.2282854 0.65264926 5 0 0 0 0.36396474 0 1 0 53927.542 4 0.62464224 0.62464224 0.62464224 0.62464224
"I.29.16.csv"	1	-0.21921742
3 1 0.62464224 2.1274332 -2.969392 2.871856 4.004771 0.41377933 2.2282854 0.65264926 5 0 0 0 0.36396474 0 1 0 53927.542 4 0.62464224 0.62464224 0.62464224 0.62464224
"I.29.16.csv"	3	-0.21921742
3 1 0.62464224 2.1274332 -2.969392 2.871856 4.004771 0.41377933 2.2282854 0.65264926 5 0 0 0 0.36396474 0 1 0 53927.542 4 0.62464224 0.62464224 0.62464224 0.62464224
"I.29.16.csv"	4	-0.21921742
3 1 0.62464224 2.1274332 -2.969392 2.871856 4.004771 0.41377933 2.2282854 0.65264926 5 0 0 0 0.36396474 0 1 0 53927.542 4 0.62464224 0.62464224 0.62464224 0.62464224
"I.29.16.csv"	8	-0.21921742
3 1 0.62464224 2.1274332 -2.969392 2.871856 4.004771 0.41377933 2.2282854 0.65264926 5 0 0 0 0.36396474 0 1 0 53927.542 4 0.62464224 0.62464224 0.62464224 0.62464224
"I.29.16.csv"	2	-0.21921742
3 1 0.62464224 2.1274332 -2.969392 2.871856 4.004771 0.41377933 2.2282854 0.65264926 5 0 0 0 0.36396474 0 1 0 53927.542 4 0.62464224 0.62464224 0.62464224 0.62464224
"I.29.16.csv"	1	-0.21921742
3 1 0.62464224 2.1274332 -2.969392 2.871856 4.004771 0.41377933 2.2282854 0.65264926 5 0 0 0 0.36396474 0 1 0 53927.542 4 0.62464224 0.62464224 0.62464224 0.62464224
"I.29.16.csv"	3	-0.21921742
3 1 0.62464224 2.1274332 -2.969392 2.871856 4.004771 0.41377933 2.2282854 0.65264926 5 0 0 0 0.36396474 0 1 0 53927.542 4 0.62464224 0.62464224 0.62464224 0.62464224
"I.29.16.csv"	14	-0.21921742
3 1 0.62464224 2.1274332 -2.969392 2.871856 4.004771 0.41377933 2.2282854 0.65264926 5 0 0 0 0.36396474 0 1 0 53927.542 4 0.62464224 0.62464224 0.62464224 0.62464224
"I.29.16.csv"	4	-0.21921742
3 1 0.62464224 2.1274332 -2.969392 2.871856 4.004771 0.41377933 2.2282854 0.65264926 5 0 0 0 0.36396474 0 1 0 53927.542 4 0.62464224 0.62464224 0.62464224 0.62464224
"I.29.16.csv"	14	-0.2188968
3 1 0.62464224 2.1274332 -2.969392 2.871856 4.004771 0.41377933 2.2282854 0.65264926 5 0 0 0 0.36396474 0 1 0 53927.542 4 0.62464224 0.62464224 0.62464224 0.62464224
"I.29.16.csv"	4	-0.2188968
3 1 0.62464224 2.1274332 -2.969392 2.871856 4.004771 0.41377933 2.2282854 0.65264926 5 0 0 0 0.36396474 0 1 0 53927.542 4 0.62464224 0.62464224 0.62464224 0.62464224
"I.29.16.csv"	8	-0.2188968
3 1 0.62464224 2.1274332 -2.969392 2.871856 4.004771 0.41377933 2.2282854 0.65264926 5 0 0 0 0.36396474 0 1 0 53927.542 4 0.62464224 0.62464224 0.62464224 0.62464224
"I.29.16.csv"	21	-0.2188968
3 1 0.62464224 2.1274332 -2.969392 2.871856 4.004771 0.41377933 2.2282854 0.65264926 5 0 0 0 0.36396474 0 1 0 53927.542 4 0.62464224 0.62464224 0.62464224 0.62464224
"I.29.16.csv"	2	-0.2188968
3 1 0.62464224 2.1274332 -2.969392 2.871856 4.004771 0.41377933 2.2282854 0.65264926 5 0 0 0 0.36396474 0 1 0 53927.542 4 0.62464224 0.62464224 0.62464224 0.62464224
"I.29.16.csv"	12	-0.2188968
3 1 0.62464224 2.1274332 -2.969392 2.871856 4.004771 0.41377933 2.2282854 0.65264926 5 0 0 0 0.36396474 0 1 0 53927.542 4 0.62464224 0.62464224 0.62464224 0.62464224
"I.29.16.csv"	1	-0.2188968
3 1 0.62464224 2.1274332 -2.969392 2.871856 4.004771 0.41377933 2.2282854 0.65264926 5 0 0 0 0.36396474 0 1 0 53927.542 4 0.62464224 0.62464224 0.62464224 0.62464224
"I.29.16.csv"	3	-0.2188968
3 1 0.62464224 2.1274332 -2.969392 2.871856 4.004771 0.41377933 2.2282854 0.65264926 5 0 0 0 0.36396474 0 1 0 53927.542 4 0.62464224 0.62464224 0.62464224 0.62464224
"I.29.16.csv"	14	-0.2188968
3 1 0.62464224 2.1274332 -2.969392 2.871856 4.004771 0.41377933 2.2282854 0.65264926 5 0 0 0 0.36396474 0 1 0 53927.542 4 0.62464224 0.62464224 0.62464224 0.62464224
"I.29.16.csv"	4	-0.2188968
3 1 0.62464224 2.1274332 -2.969392 2.871856 4.004771 0.41377933 2.2282854 0.65264926 5 0 0 0 0.36396474 0 1 0 53927.542 4 0.62464224 0.62464224 0.62464224 0.62464224
"I.29.16.csv"	8	-0.2188968
3 1 0.62464224 2.1274332 -2.969392 2.871856 4.004771 0.41377933 2.2282854 0.65264926 5 0 0 0 0.36396474 0 1 0 53927.542 4 0.62464224 0.62464224 0.62464224 0.62464224
"I.29.16.csv"	21	-0.2188968
3 1 0.62464224 2.1274332 -2.969392 2.871856 4.004771 0.41377933 2.2282854 0.65264926 5 0 0 0 0.36396474 0 1 0 53927.542 4 0.62464224 0.62464224 0.62464224 0.62464224
"I.29.16.csv"	2	-0.2188968
3 1 0.62464224 2.1274332 -2.969392 2.871856 4.004771 0.41377933 2.2282854 0.65264926 5 0 0 0 0.36396474 0 1 0 53927.542 4 0.62464224 0.62464224 0.62464224 0.62464224
"I.29.16.csv"	12	-0.2188968
3 1 0.62464224 2.1274332 -2.969392 2.871856 4.004771 0.41377933 2.2282854 0.65264926 5 0 0 0 0.36396474 0 1 0 53927.542 4 0.62464224 0.62464224 0.62464224 0.62464224
"I.29.16.csv"	1	-0.2188968
3 1 0.62464224 2.1274332 -2.969392 2.871856 4.004771 0.41377933 2.2282854 0.65264926 5 0 0 0 0.36396474 0 1 0 53927.542 4 0.62464224 0.62464224 0.62464224 0.62464224
"I.32.8.csv"	21	-5.6620939
3 1 5.5704457 43.811357 0.054279 20 3.0133973 0.93574798 7.483322 2.4336583 6 0 0 0 0.06705425 1 1 1 3786370.6 4 5.5704457 5.5704457 5.5704457 5.5704457
"I.32.8.csv"	3	-5.6620939
3 1 5.5704457 43.811357 0.054279 20 3.0133973 0.93574798 7.483322 2.4336583 6 0 0 0 0.06705425 1 1 1 3786370.6 4 5.5704457 5.5704457 5.5704457 5.5704457
"I.32.8.csv"	19	-5.6620939
3 1 5.5704457 43.811357 0.054279 20 3.0133973 0.93574798 7.483322 2.4336583 6 0 0 0 0.06705425 1 1 1 3786370.6 4 5.5704457 5.5704457 5.5704457 5.5704457
"I.32.8.csv"	19	-5.6620939
3 1 5.5704457 43.811357 0.054279 20 3.0133973 0.93574798 7.483322 2.4336583 6 0 0 0 0.06705425 1 1 1 3786370.6 4 5.5704457 5.5704457 5.5704457 5.5704457
"I.32.8.csv"	19	-5.6620939
3 1 5.5704457 43.811357 0.054279 20 3.0133973 0.93574798 7.483322 2.4336583 6 0 0 0 0.06705425 1 1 1 3786370.6 4 5.5704457 5.5704457 5.5704457 5.5704457
"I.32.8.csv"	19	-5.6620939
3 1 5.5704457 43.811357 0.054279 20 3.0133973 0.93574798 7.483322 2.4336583 6 0 0 0 0.06705425 1 1 1 3786370.6 4 5.5704457 5.5704457 5.5704457 5.5704457
"I.32.8.csv"	19	-5.6620939
3 1 5.5704457 43.811357 0.054279 20 3.0133973 0.93574798 7.483322 2.4336583 6 0 0 0 0.06705425 1 1 1 3786370.6 4 5.5704457 5.5704457 5.5704457 5.5704457
"I.32.8.csv"	19	-5.6620939
3 1 5.5704457 43.811357 0.054279 20 3.0133973 0.93574798 7.483322 2.4336583 6 0 0 0 0.06705425 1 1 1 3786370.6 4 5.5704457 5.5704457 5.5704457 5.5704457
"I.32.8.csv"	19	-5.6620939
3 1 5.5704457 43.811357 0.054279 20 3.0133973 0.93574798 7.483322 2.4336583 6 0 0 0 0.06705425 1 1 1 3786370.6 4 5.5704457 5.5704457 5.5704457 5.5704457
"I.32.8.csv"	19	-5.6620939
3 1 5.5704457 43.811357 0.054279 20 3.0133973 0.93574798 7.483322 2.4336583 6 0 0 0 0.06705425 1 1 1 3786370.6 4 5.5704457 5.5704457 5.5704457 5.5704457
"I.34.6.csv"	1	-5.3400535e-05
1 1 0.63801972 0.048308391 0.230261 0.991944 3.4654767 0.99926953 0.82745676 0.010046699 2 0 0 0 0 1 0 1 1.2040404 0
"I.34.6.csv"	12	-5.3400535e-05
1 1 0.63801972 0.048308391 0.230261 0.991944 3.4654767 0.99926953 0.82745676 0.010046699 2 0 0 0 0 1 0 1 1.2040404 0
"I.34.6.csv"	2	1.8163842e-06
1 1 0.63801972 0.048308391 0.230261 0.991944 3.4654767 0.99926953 0.82745676 0.010046699 2 0 0 0 0 1 0 1 1.2040404 0
"I.34.6.csv"	3	-4.887745e-05
1 1 0.63801972 0.048308391 0.230261 0.991944 3.4654767 0.99926953 0.82745676 0.010046699 2 0 0 0 0 1 0 1 1.2040404 0
"I.34.6.csv"	1	9.6263706e-07
1 1 0.63801972 0.048308391 0.230261 0.991944 3.4654767 0.99926953 0.82745676 0.010046699 2 0 0 0 0 1 0 1 1.2040404 0
"I.34.6.csv"	4	-4.887745e-05
1 1 0.63801972 0.048308391 0.230261 0.991944 3.4654767 0.99926953 0.82745676 0.010046699 2 0 0 0 0 1 0 1 1.2040404 0
"I.34.6.csv"	2	2.1973667e-06
1 1 0.63801972 0.048308391 0.230261 0.991944 3.4654767 0.99926953 0.82745676 0.010046699 2 0 0 0 0 1 0 1 1.2040404 0
"I.43.27.csv"	17	0.00010827266
3 1 0.28695799 0.12132774 0.02422 2.081689 5.9068134 0.93312736 1.0877072 0.17051139 5 0 0 0 0.076364687 0 1 1 11863.667 4 0.28695799 0.28695799 0.28695799 0.28695799
"I.43.27.csv"	3	2.8673863e-05
3 1 0.28695799 0.12132774 0.02422 2.081689 5.9068134 0.93312736 1.0877072 0.17051139 5 0 0 0 0.076364687 0 1 1 11863.667 4 0.28695799 0.28695799 0.28695799 0.28695799
"I.43.27.csv"	4	0.00070054126
3 1 0.28695799 0.12132774 0.02422 2.081689 5.9068134 0.93312736 1.0877072 0.17051139 5 0 0 0 0.076364687 0 1 1 11863.667 4 0.28695799 0.28695799 0.28695799 0.28695799
"I.43.27.csv"	19	0.001313201
3 1 0.28695799 0.12132774 0.02422 2.081689 5.9068134 0.93312736 1.0877072 0.17051139 5 0 0 0 0.076364687 0 1 1 11863.667 4 0.28695799 0.28695799 0.28695799 0.28695799
"I.43.27.csv"	19	0.0017090338
3 1 0.28695799 0.12132774 0.02422 2.081689 5.9068134 0.93312736 1.0877072 0.17051139 5 0 0 0 0.076364687 0 1 1 11863.667 4 0.28695799 0.28695799 0.28695799 0.28695799
"I.47.23.csv"	1	-0.0046131999
2 1 1.0558931 0.10087994 0.478764 1.998679 4.7853852 0.99313438 0.43915206 0.056495065 4 0 0 0 0.063051572 0 1 1 5789.8351 4 1.0558931 1.0558931 1.0558931 1.0558931
"I.47.23.csv"	12	-0.0046131999
2 1 1.0558931 0.10087994 0.478764 1.998679 4.7853852 0.99313438 0.43915206 0.056495065 4 0 0 0 0.063051572 0 1 1 5789.8351 4 1.0558931 1.0558931 1.0558931 1.0558931
"I.47.23.csv"	21	-1.2634275e-05
2 1 1.0558931 0.10087994 0.478764 1.998679 4.7853852 0.99313438 0.43915206 0.056495065 4 0 0 0 0.063051572 0 1 1 5789.8351 4 1.0558931 1.0558931 1.0558931 1.0558931
"I.47.23.csv"	12	-1.2634275e-05
2 1 1.0558931 0.10087994 0.478764 1.998679 4.7853852 0.99313438 0.43915206 0.056495065 4 0 0 0 0.063051572 0 1 1 5789.8351 4 1.0558931 1.0558931 1.0558931 1.0558931
"I.48.20.csv"	1	-0.1769338
3 1 7.0406092 8.1156827 2.582081 15.495294 4.5328546 0.99985446 0.73555611 1.0556342 7 1 0 1 0.065311642 0 1 1 52887.476 4 7.0406092 7.0406092 7.0406092 7.0406092
"I.48.20.csv"	12	-0.1769338
3 1 7.0406092 8.1156827 2.582081 15.495294 4.5328546 0.99985446 0.73555611 1.0556342 7 1 0 1 0.065311642 0 1 1 52887.476 4 7.0406092 7.0406092 7.0406092 7.0406092
"I.48.20.csv"	19	0.0058071941
3 1 7.0406092 8.1156827 2.582081 15.495294 4.5328546 0.99985446 0.73555611 1.0556342 7 1 0 1 0.065311642 0 1 1 52887.476 4 7.0406092 7.0406092 7.0406092 7.0406092
"I.48.20.csv"	19	0.03722698
3 1 7.0406092 8.1156827 2.582081 15.495294 4.5328546 0.99985446 0.73555611 1.0556342 7 1 0 1 0.065311642 0 1 1 52887.476 4 7.0406092 7.0406092 7.0406092 7.0406092
"I.48.20.csv"	19	-0.00081698686
3 1 7.0406092 8.1156827 2.582081 15.495294 4.5328546 0.99985446 0.73555611 1.0556342 7 1 0 1 0.065311642 0 1 1 52887.476 4 7.0406092 7.0406092 7.0406092 7.0406092
"I.48.20.csv"	19	-0.00081698686
3 1 7.0406092 8.1156827 2.582081 15.495294 4.5328546 0.99985446 0.73555611 1.0556342 7 1 0 1 0.065311642 0 1 1 52887.476 4 7.0406092 7.0406092 7.0406092 7.0406092
"I.48.20.csv"	19	-0.00081698686
3 1 7.0406092 8.1156827 2.582081 15.495294 4.5328546 0.99985446 0.73555611 1.0556342 7 1 0 1 0.065311642 0 1 1 52887.476 4 7.0406092 7.0406092 7.0406092 7.0406092
"I.48.20.csv"	17	-0.00081698686
3 1 7.0406092 8.1156827 2.582081 15.495294 4.5328546 0.99985446 0.73555611 1.0556342 7 1 0 1 0.065311642 0 1 1 52887.476 4 7.0406092 7.0406092 7.0406092 7.0406092
"I.48.20.csv"	17	-0.00081698686
3 1 7.0406092 8.1156827 2.582081 15.495294 4.5328546 0.99985446 0.73555611 1.0556342 7 1 0 1 0.065311642 0 1 1 52887.476 4 7.0406092 7.0406092 7.0406092 7.0406092
"I.48.20.csv"	2	-0.00081698686
3 1 7.0406092 8.1156827 2.582081 15.495294 4.5328546 0.99985446 0.73555611 1.0556342 7 1 0 1 0.065311642 0 1 1 52887.476 4 7.0406092 7.0406092 7.0406092 7.0406092
"I.48.20.csv"	4	-0.00081698686
3 1 7.0406092 8.1156827 2.582081 15.495294 4.5328546 0.99985446 0.73555611 1.0556342 7 1 0 1 0.065311642 0 1 1 52887.476 4 7.0406092 7.0406092 7.0406092 7.0406092
"I.48.20.csv"	1	-0.00081698686
3 1 7.0406092 8.1156827 2.582081 15.495294 4.5328546 0.99985446 0.73555611 1.0556342 7 1 0 1 0.065311642 0 1 1 52887.476 4 7.0406092 7.0406092 7.0406092 7.0406092
"I.48.20.csv"	3	-0.00081698686
3 1 7.0406092 8.1156827 2.582081 15.495294 4.5328546 0.99985446 0.73555611 1.0556342 7 1 0 1 0.065311642 0 1 1 52887.476 4 7.0406092 7.0406092 7.0406092 7.0406092
"I.48.20.csv"	19	-0.00089082362
3 1 7.0406092 8.1156827 2.582081 15.495294 4.5328546 0.99985446 0.73555611 1.0556342 7 1 0 1 0.065311642 0 1 1 52887.476 4 7.0406092 7.0406092 7.0406092 7.0406092
"I.48.20.csv"	19	0.00020259838
3 1 7.0406092 8.1156827 2.582081 15.495294 4.5328546 0.99985446 0.73555611 1.0556342 7 1 0 1 0.065311642 0 1 1 52887.476 4 7.0406092 7.0406092 7.0406092 7.0406092
"I.48.20.csv"	19	-0.00089082362
3 1 7.0406092 8.1156827 2.582081 15.495294 4.5328546 0.99985446 0.73555611 1.0556342 7 1 0 1 0.065311642 0 1 1 52887.476 4 7.0406092 7.0406092 7.0406092 7.0406092
"I.48.20.csv"	17	-0.00089082362
3 1 7.0406092 8.1156827 2.582081 15.495294 4.5328546 0.99985446 0.73555611 1.0556342 7 1 0 1 0.065311642 0 1 1 52887.476 4 7.0406092 7.0406092 7.0406092 7.0406092
"I.48.20.csv"	17	-0.00089082362
3 1 7.0406092 8.1156827 2.582081 15.495294 4.5328546 0.99985446 0.73555611 1.0556342 7 1 0 1 0.065311642 0 1 1 52887.476 4 7.0406092 7.0406092 7.0406092 7.0406092
"I.48.20.csv"	2	-0.00089082362
3 1 7.0406092 8.1156827 2.582081 15.495294 4.5328546 0.99985446 0.73555611 1.0556342 7 1 0 1 0.065311642 0 1 1 52887.476 4 7.0406092 7.0406092 7.0406092 7.0406092
"I.48.20.csv"	1	-0.00089082362
3 1 7.0406092 8.1156827 2.582081 15.495294 4.5328546 0.99985446 0.73555611 1.0556342 7 1 0 1 0.065311642 0 1 1 52887.476 4 7.0406092 7.0406092 7.0406092 7.0406092
"I.48.20.csv"	3	-0.00089082362
3 1 7.0406092 8.1156827 2.582081 15.495294 4.5328546 0.99985446 0.73555611 1.0556342 7 1 0 1 0.065311642 0 1 1 52887.476 4 7.0406092 7.0406092 7.0406092 7.0406092
"I.48.20.csv"	12	-0.0021551233
3 1 7.0406092 8.1156827 2.582081 15.495294 4.5328546 0.99985446 0.73555611 1.0556342 7 1 0 1 0.065311642 0 1 1 52887.476 4 7.0406092 7.0406092 7.0406092 7.0406092
"I.48.20.csv"	3	-0.0021551233
3 1 7.0406092 8.1156827 2.582081 15.495294 4.5328546 0.99985446 0.73555611 1.0556342 7 1 0 1 0.065311642 0 1 1 52887.476 4 7.0406092 7.0406092 7.0406092 7.0406092
"I.48.20.csv"	21	-0.00062863832
3 1 7.0406092 8.1156827 2.582081 15.495294 4.5328546 0.99985446 0.73555611 1.0556342 7 1 0 1 0.065311642 0 1 1 52887.476 4 7.0406092 7.0406092 7.0406092 7.0406092
"I.48.20.csv"	2	-0.00062863832
3 1 7.0406092 8.1156827 2.582081 15.495294 4.5328546 0.99985446 0.73555611 1.0556342 7 1 0 1 0.065311642 0 1 1 52887.476 4 7.0406092 7.0406092 7.0406092 7.0406092
"I.48.20.csv"	12	-0.00062863832
3 1 7.0406092 8.1156827 2.582081 15.495294 4.5328546 0.99985446 0.73555611 1.0556342 7 1 0 1 0.065311642 0 1 1 52887.476 4 7.0406092 7.0406092 7.0406092 7.0406092
"I.48.20.csv"	4	6.9006457e-05
3 1 7.0406092 8.1156827 2.582081 15.495294 4.5328546 0.99985446 0.73555611 1.0556342 7 1 0 1 0.065311642 0 1 1 52887.476 4 7.0406092 7.0406092 7.0406092 7.0406092
"I.48.20.csv"	1	-0.00062863832
3 1 7.0406092 8.1156827 2.582081 15.495294 4.5328546 0.99985446 0.73555611 1.0556342 7 1 0 1 0.065311642 0 1 1 52887.476 4 7.0406092 7.0406092 7.0406092 7.0406092
"I.48.20.csv"	3	-0.00062863832
3 1 7.0406092 8.1156827 2.582081 15.495294 4.5328546 0.99985446 0.73555611 1.0556342 7 1 0 1 0.065311642 0 1 1 52887.476 4 7.0406092 7.0406092 7.0406092 7.0406092
"I.48.20.csv"	21	-0.00089528956
3 1 7.0406092 8.1156827 2.582081 15.495294 4.5328546 0.99985446 0.73555611 1.0556342 7 1 0 1 0.065311642 0 1 1 52887.476 4 7.0406092 7.0406092 7.0406092 7.0406092
"I.48.20.csv"	2	-0.00089528956
3 1 7.0406092 8.1156827 2.582081 15.495294 4.5328546 0.99985446 0.73555611 1.0556342 7 1 0 1 0.065311642 0 1 1 52887.476 4 7.0406092 7.0406092 7.0406092 7.0406092
"I.48.20.csv"	12	-0.00089528956
3 1 7.0406092 8.1156827 2.582081 15.495294 4.5328546 0.99985446 0.73555611 1.0556342 7 1 0 1 0.065311642 0 1 1 52887.476 4 7.0406092 7.0406092 7.0406092 7.0406092
"I.48.20.csv"	4	-0.00089528956
3 1 7.0406092 8.1156827 2.582081 15.495294 4.5328546 0.99985446 0.73555611 1.0556342 7 1 0 1 0.065311642 0 1 1 52887.476 4 7.0406092 7.0406092 7.0406092 7.0406092
"I.48.20.csv"	3	-0.00089528956
3 1 7.0406092 8.1156827 2.582081 15.495294 4.5328546 0.99985446 0.73555611 1.0556342 7 1 0 1 0.065311642 0 1 1 52887.476 4 7.0406092 7.0406092 7.0406092 7.0406092
"II.11.27.csv"	3	0.0020989019
3 1 5.3694072 17.807336 0.31004 20 4.6660067 0.98628273 9.9986269 3.1636561 6 0 0 0 0.087662851 0 1 1 915234.91 4 5.3694072 5.3694072 5.3694072 5.3694072
"II.11.27.csv"	21	0.18010344
3 1 5.3694072 17.807336 0.31004 20 4.6660067 0.98628273 9.9986269 3.1636561 6 0 0 0 0.087662851 0 1 1 915234.91 4 5.3694072 5.3694072 5.3694072 5.3694072
"II.11.27.csv"	1	-1.3622576
3 1 5.3694072 17.807336 0.31004 20 4.6660067 0.98628273 9.9986269 3.1636561 6 0 0 0 0.087662851 0 1 1 915234.91 4 5.3694072 5.3694072 5.3694072 5.3694072
"II.11.27.csv"	12	-1.3622576
3 1 5.3694072 17.807336 0.31004 20 4.6660067 0.98628273 9.9986269 3.1636561 6 0 0 0 0.087662851 0 1 1 915234.91 4 5.3694072 5.3694072 5.3694072 5.3694072
"II.11.27.csv"	17	0.015951281
3 1 5.3694072 17.807336 0.31004 20 4.6660067 0.98628273 9.9986269 3.1636561 6 0 0 0 0.087662851 0 1 1 915234.91 4 5.3694072 5.3694072 5.3694072 5.3694072
"II.11.27.csv"	19	0.10085018
3 1 5.3694072 17.807336 0.31004 20 4.6660067 0.98628273 9.9986269 3.1636561 6 0 0 0 0.087662851 0 1 1 915234.91 4 5.3694072 5.3694072 5.3694072 5.3694072
"II.11.27.csv"	19	0.11224618
3 1 5.3694072 17.807336 0.31004 20 4.6660067 0.98628273 9.9986269 3.1636561 6 0 0 0 0.087662851 0 1 1 915234.91 4 5.3694072 5.3694072 5.3694072 5.3694072
"II.11.27.csv"	12	-0.038651025
3 1 5.3694072 17.807336 0.31004 20 4.6660067 0.98628273 9.9986269 3.1636561 6 0 0 0 0.087662851 0 1 1 915234.91 4 5.3694072 5.3694072 5.3694072 5.3694072
"II.11.27.csv"	3	-0.0018504298
3 1 5.3694072 17.807336 0.31004 20 4.6660067 0.98628273 9.9986269 3.1636561 6 0 0 0 0.087662851 0 1 1 915234.91 4 5.3694072 5.3694072 5.3694072 5.3694072
"II.11.27.csv"	21	-0.0018504298
3 1 5.3694072 17.807336 0.31004 20 4.6660067 0.98628273 9.9986269 3.1636561 6 0 0 0 0.087662851 0 1 1 915234.91 4 5.3694072 5.3694072 5.3694072 5.3694072
"II.11.27.csv"	1	-0.0018504298
3 1 5.3694072 17.807336 0.31004 20 4.6660067 0.98628273 9.9986269 3.1636561 6 0 0 0 0.087662851 0 1 1 915234.91 4 5.3694072 5.3694072 5.3694072 5.3694072
"II.11.27.csv"	12	-0.0018504298
3 1 5.3694072 17.807336 0.31004 20 4.6660067 0.98628273 9.9986269 3.1636561 6 0 0 0 0.087662851 0 1 1 915234.91 4 5.3694072 5.3694072 5.3694072 5.3694072
"II.11.27.csv"	4	-0.0018504298
3 1 5.3694072 17.807336 0.31004 20 4.6660067 0.98628273 9.9986269 3.1636561 6 0 0 0 0.087662851 0 1 1 915234.91 4 5.3694072 5.3694072 5.3694072 5.3694072
"II.11.27.csv"	2	-0.0018504298
3 1 5.3694072 17.807336 0.31004 20 4.6660067 0.98628273 9.9986269 3.1636561 6 0 0 0 0.087662851 0 1 1 915234.91 4 5.3694072 5.3694072 5.3694072 5.3694072
"II.11.27.csv"	14	0.00026642877
3 1 5.3694072 17.807336 0.31004 20 4.6660067 0.98628273 9.9986269 3.1636561 6 0 0 0 0.087662851 0 1 1 915234.91 4 5.3694072 5.3694072 5.3694072 5.3694072
"II.11.27.csv"	4	-0.0012536344
3 1 5.3694072 17.807336 0.31004 20 4.6660067 0.98628273 9.9986269 3.1636561 6 0 0 0 0.087662851 0 1 1 915234.91 4 5.3694072 5.3694072 5.3694072 5.3694072
"II.11.27.csv"	3	-0.0012536344
3 1 5.3694072 17.807336 0.31004 20 4.6660067 0.98628273 9.9986269 3.1636561 6 0 0 0 0.087662851 0 1 1 915234.91 4 5.3694072 5.3694072 5.3694072 5.3694072
"II.11.27.csv"	21	-0.0012536344
3 1 5.3694072 17.807336 0.31004 20 4.6660067 0.98628273 9.9986269 3.1636561 6 0 0 0 0.087662851 0 1 1 915234.91 4 5.3694072 5.3694072 5.3694072 5.3694072
"II.11.27.csv"	12	-0.0012536344
3 1 5.3694072 17.807336 0.31004 20 4.6660067 0.98628273 9.9986269 3.1636561 6 0 0 0 0.087662851 0 1 1 915234.91 4 5.3694072 5.3694072 5.3694072 5.3694072
"II.11.27.csv"	2	-0.0012536344
3 1 5.3694072 17.807336 0.31004 20 4.6660067 0.98628273 9.9986269 3.1636561 6 0 0 0 0.087662851 0 1 1 915234.91 4 5.3694072 5.3694072 5.3694072 5.3694072
"II.11.27.csv"	17	-0.0012536344
3 1 5.3694072 17.807336 0.31004 20 4.6660067 0.98628273 9.9986269 3.1636561 6 0 0 0 0.087662851 0 1 1 915234.91 4 5.3694072 5.3694072 5.3694072 5.3694072
"II.11.27.csv"	19	-0.0012536344
3 1 5.3694072 17.807336 0.31004 20 4.6660067 0.98628273 9.9986269 3.1636561 6 0 0 0 0.087662851 0 1 1 915234.91 4 5.3694072 5.3694072 5.3694072 5.3694072
"II.11.27.csv"	19	-0.0012536344
3 1 5.3694072 17.807336 0.31004 20 4.6660067 0.98628273 9.9986269 3.1636561 6 0 0 0 0.087662851 0 1 1 915234.91 4 5.3694072 5.3694072 5.3694072 5.3694072
"II.11.27.csv"	14	0.00029096634
3 1 5.3694072 17.807336 0.31004 20 4.6660067 0.98628273 9.9986269 3.1636561 6 0 0 0 0.087662851 0 1 1 915234.91 4 5.3694072 5.3694072 5.3694072 5.3694072
"II.11.27.csv"	4	-0.0012536344
3 1 5.3694072 17.807336 0.31004 20 4.6660067 0.98628273 9.9986269 3.1636561 6 0 0 0 0.087662851 0 1 1 915234.91 4 5.3694072 5.3694072 5.3694072 5.3694072
"II.11.27.csv"	3	-0.0012536344
3 1 5.3694072 17.807336 0.31004 20 4.6660067 0.98628273 9.9986269 3.1636561 6 0 0 0 0.087662851 0 1 1 915234.91 4 5.3694072 5.3694072 5.3694072 5.3694072
"II.11.27.csv"	21	-0.0012536344
3 1 5.3694072 17.807336 0.31004 20 4.6660067 0.98628273 9.9986269 3.1636561 6 0 0 0 0.087662851 0 1 1 915234.91 4 5.3694072 5.3694072 5.3694072 5.3694072
"II.11.27.csv"	12	-0.0012536344
3 1 5.3694072 17.807336 0.31004 20 4.6660067 0.98628273 9.9986269 3.1636561 6 0 0 0 0.087662851 0 1 1 915234.91 4 5.3694072 5.3694072 5.3694072 5.3694072
"II.11.27.csv"	2	-0.0012536344
3 1 5.3694072 17.807336 0.31004 20 4.6660067 0.98628273 9.9986269 3.1636561 6 0 0 0 0.087662851 0 1 1 915234.91 4 5.3694072 5.3694072 5.3694072 5.3694072
"II.11.27.csv"	14	0.00019575256
3 1 5.3694072 17.807336 0.31004 20 4.6660067 0.98628273 9.9986269 3.1636561 6 0 0 0 0.087662851 0 1 1 915234.91 4 5.3694072 5.3694072 5.3694072 5.3694072
"II.11.27.csv"	4	-0.0013077761
3 1 5.3694072 17.807336 0.31004 20 4.6660067 0.98628273 9.9986269 3.1636561 6 0 0 0 0.087662851 0 1 1 915234.91 4 5.3694072 5.3694072 5.3694072 5.3694072
"II.11.27.csv"	3	-0.0013077761
3 1 5.3694072 17.807336 0.31004 20 4.6660067 0.98628273 9.9986269 3.1636561 6 0 0 0 0.087662851 0 1 1 915234.91 4 5.3694072 5.3694072 5.3694072 5.3694072
"II.11.27.csv"	21	-0.0013077761
3 1 5.3694072 17.807336 0.31004 20 4.6660067 0.98628273 9.9986269 3.1636561 6 0 0 0 0.087662851 0 1 1 915234.91 4 5.3694072 5.3694072 5.3694072 5.3694072
"II.11.27.csv"	12	-0.0013077761
3 1 5.3694072 17.807336 0.31004 20 4.6660067 0.98628273 9.9986269 3.1636561 6 0 0 0 0.087662851 0 1 1 915234.91 4 5.3694072 5.3694072 5.3694072 5.3694072
"II.11.27.csv"	2	-0.0013077761
3 1 5.3694072 17.807336 0.31004 20 4.6660067 0.98628273 9.9986269 3.1636561 6 0 0 0 0.087662851 0 1 1 915234.91 4 5.3694072 5.3694072 5.3694072 5.3694072
"II.11.27.csv"	17	-0.0013077761
3 1 5.3694072 17.807336 0.31004 20 4.6660067 0.98628273 9.9986269 3.1636561 6 0 0 0 0.087662851 0 1 1 915234.91 4 5.3694072 5.3694072 5.3694072 5.3694072
"II.11.27.csv"	19	-0.0013077761
3 1 5.3694072 17.807336 0.31004 20 4.6660067 0.98628273 9.9986269 3.1636561 6 0 0 0 0.087662851 0 1 1 915234.91 4 5.3694072 5.3694072 5.3694072 5.3694072
"II.11.27.csv"	19	-0.0013077761
3 1 5.3694072 17.807336 0.31004 20 4.6660067 0.98628273 9.9986269 3.1636561 6 0 0 0 0.087662851 0 1 1 915234.91 4 5.3694072 5.3694072 5.3694072 5.3694072
"II.11.27.csv"	14	0.00024838287
3 1 5.3694072 17.807336 0.31004 20 4.6660067 0.98628273 9.9986269 3.1636561 6 0 0 0 0.087662851 0 1 1 915234.91 4 5.3694072 5.3694072 5.3694072 5.3694072
"II.11.27.csv"	4	-0.0013077761
3 1 5.3694072 17.807336 0.31004 20 4.6660067 0.98628273 9.9986269 3.1636561 6 0 0 0 0.087662851 0 1 1 915234.91 4 5.3694072 5.3694072 5.3694072 5.3694072
"II.11.27.csv"	3	-0.0013077761
3 1 5.3694072 17.807336 0.31004 20 4.6660067 0.98628273 9.9986269 3.1636561 6 0 0 0 0.087662851 0 1 1 915234.91 4 5.3694072 5.3694072 5.3694072 5.3694072
"II.11.27.csv"	21	-0.0013077761
3 1 5.3694072 17.807336 0.31004 20 4.6660067 0.98628273 9.9986269 3.1636561 6 0 0 0 0.087662851 0 1 1 915234.91 4 5.3694072 5.3694072 5.3694072 5.3694072
"II.11.27.csv"	12	-0.0013077761
3 1 5.3694072 17.807336 0.31004 20 4.6660067 0.98628273 9.9986269 3.1636561 6 0 0 0 0.087662851 0 1 1 915234.91 4 5.3694072 5.3694072 5.3694072 5.3694072
"II.11.27.csv"	2	-0.0013077761
3 1 5.3694072 17.807336 0.31004 20 4.6660067 0.98628273 9.9986269 3.1636561 6 0 0 0 0.087662851 0 1 1 915234.91 4 5.3694072 5.3694072 5.3694072 5.3694072
"II.11.27.csv"	14	0.00017781305
3 1 5.3694072 17.807336 0.31004 20 4.6660067 0.98628273 9.9986269 3.1636561 6 0 0 0 0.087662851 0 1 1 915234.91 4 5.3694072 5.3694072 5.3694072 5.3694072
"II.11.27.csv"	4	-0.0013513992
3 1 5.3694072 17.807336 0.31004 20 4.6660067 0.98628273 9.9986269 3.1636561 6 0 0 0 0.087662851 0 1 1 915234.91 4 5.3694072 5.3694072 5.3694072 5.3694072
"II.11.27.csv"	3	-0.0013513992
3 1 5.3694072 17.807336 0.31004 20 4.6660067 0.98628273 9.9986269 3.1636561 6 0 0 0 0.087662851 0 1 1 915234.91 4 5.3694072 5.3694072 5.3694072 5.3694072
"II.11.27.csv"	21	-0.0013513992
3 1 5.3694072 17.807336 0.31004 20 4.6660067 0.98628273 9.9986269 3.1636561 6 0 0 0 0.087662851 0 1 1 915234.91 4 5.3694072 5.3694072 5.3694072 5.3694072
"II.11.27.csv"	12	-0.0013513992
3 1 5.3694072 17.807336 0.31004 20 4.6660067 0.98628273 9.9986269 3.1636561 6 0 0 0 0.087662851 0 1 1 915234.91 4 5.3694072 5.3694072 5.3694072 5.3694072
"II.11.27.csv"	2	-0.0013513992
3 1 5.3694072 17.807336 0.31004 20 4.6660067 0.98628273 9.9986269 3.1636561 6 0 0 0 0.087662851 0 1 1 915234.91 4 5.3694072 5.3694072 5.3694072 5.3694072
"II.11.27.csv"	17	-0.0013513992
3 1 5.3694072 17.807336 0.31004 20 4.6660067 0.98628273 9.9986269 3.1636561 6 0 0 0 0.087662851 0 1 1 915234.91 4 5.3694072 5.3694072 5.3694072 5.3694072
"II.11.27.csv"	19	-0.0013513992
3 1 5.3694072 17.807336 0.31004 20 4.6660067 0.98628273 9.9986269 3.1636561 6 0 0 0 0.087662851 0 1 1 915234.91 4 5.3694072 5.3694072 5.3694072 5.3694072
"II.11.27.csv"	19	-0.0013513992
3 1 5.3694072 17.807336 0.31004 20 4.6660067 0.98628273 9.9986269 3.1636561 6 0 0 0 0.087662851 0 1 1 915234.91 4 5.3694072 5.3694072 5.3694072 5.3694072
"II.11.27.csv"	14	0.00017140623
3 1 5.3694072 17.807336 0.31004 20 4.6660067 0.98628273 9.9986269 3.1636561 6 0 0 0 0.087662851 0 1 1 915234.91 4 5.3694072 5.3694072 5.3694072 5.3694072
"II.11.27.csv"	4	-0.0013513992
3 1 5.3694072 17.807336 0.31004 20 4.6660067 0.98628273 9.9986269 3.1636561 6 0 0 0 0.087662851 0 1 1 915234.91 4 5.3694072 5.3694072 5.3694072 5.3694072
"II.11.27.csv"	3	-0.0013513992
3 1 5.3694072 17.807336 0.31004 20 4.6660067 0.98628273 9.9986269 3.1636561 6 0 0 0 0.087662851 0 1 1 915234.91 4 5.3694072 5.3694072 5.3694072 5.3694072
"II.11.27.csv"	21	-0.0013513992
3 1 5.3694072 17.807336 0.31004 20 4.6660067 0.98628273 9.9986269 3.1636561 6 0 0 0 0.087662851 0 1 1 915234.91 4 5.3694072 5.3694072 5.3694072 5.3694072
"II.11.27.csv"	12	-0.0013513992
3 1 5.3694072 17.807336 0.31004 20 4.6660067 0.98628273 9.9986269 3.1636561 6 0 0 0 0.087662851 0 1 1 915234.91 4 5.3694072 5.3694072 5.3694072 5.3694072
"II.11.27.csv"	2	-0.0013513992
3 1 5.3694072 17.807336 0.31004 20 4.6660067 0.98628273 9.9986269 3.1636561 6 0 0 0 0.087662851 0 1 1 915234.91 4 5.3694072 5.3694072 5.3694072 5.3694072
"II.11.27.csv"	14	0.00010414076
3 1 5.3694072 17.807336 0.31004 20 4.6660067 0.98628273 9.9986269 3.1636561 6 0 0 0 0.087662851 0 1 1 915234.91 4 5.3694072 5.3694072 5.3694072 5.3694072
"II.11.27.csv"	4	-0.0013995882
3 1 5.3694072 17.807336 0.31004 20 4.6660067 0.98628273 9.9986269 3.1636561 6 0 0 0 0.087662851 0 1 1 915234.91 4 5.3694072 5.3694072 5.3694072 5.3694072
"II.11.27.csv"	3	-0.0013995882
3 1 5.3694072 17.807336 0.31004 20 4.6660067 0.98628273 9.9986269 3.1636561 6 0 0 0 0.087662851 0 1 1 915234.91 4 5.3694072 5.3694072 5.3694072 5.3694072
"II.11.27.csv"	21	-0.0013995882
3 1 5.3694072 17.807336 0.31004 20 4.6660067 0.98628273 9.9986269 3.1636561 6 0 0 0 0.087662851 0 1 1 915234.91 4 5.3694072 5.3694072 5.3694072 5.3694072
"II.11.27.csv"	12	-0.0013995882
3 1 5.3694072 17.807336 0.31004 20 4.6660067 0.98628273 9.9986269 3.1636561 6 0 0 0 0.087662851 0 1 1 915234.91 4 5.3694072 5.3694072 5.3694072 5.3694072
"II.11.27.csv"	2	-0.0013995882
3 1 5.3694072 17.807336 0.31004 20 4.6660067 0.98628273 9.9986269 3.1636561 6 0 0 0 0.087662851 0 1 1 915234.91 4 5.3694072 5.3694072 5.3694072 5.3694072
"II.11.27.csv"	17	-0.0013995882
3 1 5.3694072 17.807336 0.31004 20 4.6660067 0.98628273 9.9986269 3.1636561 6 0 0 0 0.087662851 0 1 1 915234.91 4 5.3694072 5.3694072 5.3694072 5.3694072
"II.11.27.csv"	19	-0.0013995882
3 1 5.3694072 17.807336 0.31004 20 4.6660067 0.98628273 9.9986269 3.1636561 6 0 0 0 0.087662851 0 1 1 915234.91 4 5.3694072 5.3694072 5.3694072 5.3694072
"II.11.27.csv"	19	-0.0013995882
3 1 5.3694072 17.807336 0.31004 20 4.6660067 0.98628273 9.9986269 3.1636561 6 0 0 0 0.087662851 0 1 1 915234.91 4 5.3694072 5.3694072 5.3694072 5.3694072
"II.11.27.csv"	14	0.00012959066
3 1 5.3694072 17.807336 0.31004 20 4.6660067 0.98628273 9.9986269 3.1636561 6 0 0 0 0.087662851 0 1 1 915234.91 4 5.3694072 5.3694072 5.3694072 5.3694072
"II.11.27.csv"	4	-0.0013995882
3 1 5.3694072 17.807336 0.31004 20 4.6660067 0.98628273 9.9986269 3.1636561 6 0 0 0 0.087662851 0 1 1 915234.91 4 5.3694072 5.3694072 5.3694072 5.3694072
"II.11.27.csv"	3	-0.0013995882
3 1 5.3694072 17.807336 0.31004 20 4.6660067 0.98628273 9.9986269 3.1636561 6 0 0 0 0.087662851 0 1 1 915234.91 4 5.3694072 5.3694072 5.3694072 5.3694072
"II.11.27.csv"	21	-0.0013995882
3 1 5.3694072 17.807336 0.31004 20 4.6660067 0.98628273 9.9986269 3.1636561 6 0 0 0 0.087662851 0 1 1 915234.91 4 5.3694072 5.3694072 5.3694072 5.3694072
"II.11.27.csv"	12	-0.0013995882
3 1 5.3694072 17.807336 0.31004 20 4.6660067 0.98628273 9.9986269 3.1636561 6 0 0 0 0.087662851 0 1 1 915234.91 4 5.3694072 5.3694072 5.3694072 5.3694072
"II.11.27.csv"	2	-0.0013995882
3 1 5.3694072 17.807336 0.31004 20 4.6660067 0.98628273 9.9986269 3.1636561 6 0 0 0 0.087662851 0 1 1 915234.91 4 5.3694072 5.3694072 5.3694072 5.3694072
"II.11.27.csv"	14	4.2440895e-05
3 1 5.3694072 17.807336 0.31004 20 4.6660067 0.98628273 9.9986269 3.1636561 6 0 0 0 0.087662851 0 1 1 915234.91 4 5.3694072 5.3694072 5.3694072 5.3694072
"II.11.27.csv"	4	-0.0014451934
3 1 5.3694072 17.807336 0.31004 20 4.6660067 0.98628273 9.9986269 3.1636561 6 0 0 0 0.087662851 0 1 1 915234.91 4 5.3694072 5.3694072 5.3694072 5.3694072
"II.11.27.csv"	3	-0.0014451934
3 1 5.3694072 17.807336 0.31004 20 4.6660067 0.98628273 9.9986269 3.1636561 6 0 0 0 0.087662851 0 1 1 915234.91 4 5.3694072 5.3694072 5.3694072 5.3694072
"II.11.27.csv"	21	-0.0014451934
3 1 5.3694072 17.807336 0.31004 20 4.6660067 0.98628273 9.9986269 3.1636561 6 0 0 0 0.087662851 0 1 1 915234.91 4 5.3694072 5.3694072 5.3694072 5.3694072
"II.11.27.csv"	12	-0.0014451934
3 1 5.3694072 17.807336 0.31004 20 4.6660067 0.98628273 9.9986269 3.1636561 6 0 0 0 0.087662851 0 1 1 915234.91 4 5.3694072 5.3694072 5.3694072 5.3694072
"II.11.27.csv"	2	-0.0014451934
3 1 5.3694072 17.807336 0.31004 20 4.6660067 0.98628273 9.9986269 3.1636561 6 0 0 0 0.087662851 0 1 1 915234.91 4 5.3694072 5.3694072 5.3694072 5.3694072
"II.11.27.csv"	17	-0.0014451934
3 1 5.3694072 17.807336 0.31004 20 4.6660067 0.98628273 9.9986269 3.1636561 6 0 0 0 0.087662851 0 1 1 915234.91 4 5.3694072 5.3694072 5.3694072 5.3694072
"II.11.27.csv"	19	-0.0014451934
3 1 5.3694072 17.807336 0.31004 20 4.6660067 0.98628273 9.9986269 3.1636561 6 0 0 0 0.087662851 0 1 1 915234.91 4 5.3694072 5.3694072 5.3694072 5.3694072
"II.11.27.csv"	19	-0.0014451934
3 1 5.3694072 17.807336 0.31004 20 4.6660067 0.98628273 9.9986269 3.1636561 6 0 0 0 0.087662851 0 1 1 915234.91 4 5.3694072 5.3694072 5.3694072 5.3694072
"II.11.27.csv"	14	7.2763389e-05
3 1 5.3694072 17.807336 0.31004 20 4.6660067 0.98628273 9.9986269 3.1636561 6 0 0 0 0.087662851 0 1 1 915234.91 4 5.3694072 5.3694072 5.3694072 5.3694072
"II.11.27.csv"	4	-0.0014451934
3 1 5.3694072 17.807336 0.31004 20 4.6660067 0.98628273 9.9986269 3.1636561 6 0 0 0 0.087662851 0 1 1 915234.91 4 5.3694072 5.3694072 5.3694072 5.3694072
"II.11.27.csv"	3	-0.0014451934
3 1 5.3694072 17.807336 0.31004 20 4.6660067 0.98628273 9.9986269 3.1636561 6 0 0 0 0.087662851 0 1 1 915234.91 4 5.3694072 5.3694072 5.3694072 5.3694072
"II.11.27.csv"	21	-0.0014451934
3 1 5.3694072 17.807336 0.31004 20 4.6660067 0.98628273 9.9986269 3.1636561 6 0 0 0 0.087662851 0 1 1 915234.91 4 5.3694072 5.3694072 5.3694072 5.3694072
"II.11.27.csv"	12	-0.0014451934
3 1 5.3694072 17.807336 0.31004 20 4.6660067 0.98628273 9.9986269 3.1636561 6 0 0 0 0.087662851 0 1 1 915234.91 4 5.3694072 5.3694072 5.3694072 5.3694072
"II.11.27.csv"	2	-0.0014451934
3 1 5.3694072 17.807336 0.31004 20 4.6660067 0.98628273 9.9986269 3.1636561 6 0 0 0 0.087662851 0 1 1 915234.91 4 5.3694072 5.3694072 5.3694072 5.3694072
"II.34.29a.csv"	1	-2.5952661
2 1 11.985526 43.863516 0.864337 20 2.8892944 0.93225375 9.4927912 0.74193984 3 0 0 0 0.054695317 1 1 1 137554.93 4 11.985526 11.985526 11.985526 11.985526
"II.34.29a.csv"	12	-2.5952661
2 1 11.985526 43.863516 0.864337 20 2.8892944 0.93225375 9.4927912 0.74193984 3 0 0 0 0.054695317 1 1 1 137554.93 4 11.985526 11.985526 11.985526 11.985526
"II.34.29a.csv"	4	0.00095229977
2 1 11.985526 43.863516 0.864337 20 2.8892944 0.93225375 9.4927912 0.74193984 3 0 0 0 0.054695317 1 1 1 137554.93 4 11.985526 11.985526 11.985526 11.985526
"II.34.29a.csv"	21	-0.02123653
2 1 11.985526 43.863516 0.864337 20 2.8892944 0.93225375 9.4927912 0.74193984 3 0 0 0 0.054695317 1 1 1 137554.93 4 11.985526 11.985526 11.985526 11.985526
"II.34.29a.csv"	17	-0.02123653
2 1 11.985526 43.863516 0.864337 20 2.8892944 0.93225375 9.4927912 0.74193984 3 0 0 0 0.054695317 1 1 1 137554.93 4 11.985526 11.985526 11.985526 11.985526
"II.34.29a.csv"	17	-0.02123653
2 1 11.985526 43.863516 0.864337 20 2.8892944 0.93225375 9.4927912 0.74193984 3 0 0 0 0.054695317 1 1 1 137554.93 4 11.985526 11.985526 11.985526 11.985526
"II.34.29a.csv"	12	-0.02123653
2 1 11.985526 43.863516 0.864337 20 2.8892944 0.93225375 9.4927912 0.74193984 3 0 0 0 0.054695317 1 1 1 137554.93 4 11.985526 11.985526 11.985526 11.985526
"II.34.29a.csv"	2	-0.02123653
2 1 11.985526 43.863516 0.864337 20 2.8892944 0.93225375 9.4927912 0.74193984 3 0 0 0 0.054695317 1 1 1 137554.93 4 11.985526 11.985526 11.985526 11.985526
"III.4.33.csv"	4	0.011540089
2 1 2.3183371 4.2207166 0.113827 10.757312 5.1807276 0.9690539 1.579189 0.46066813 5 0 0 0 0.040090596 0 1 1 290688.2 4 2.3183371 2.3183371 2.3183371 2.3183371
"III.4.33.csv"	1	-0.12554433
2 1 2.3183371 4.2207166 0.113827 10.757312 5.1807276 0.9690539 1.579189 0.46066813 5 0 0 0 0.040090596 0 1 1 290688.2 4 2.3183371 2.3183371 2.3183371 2.3183371
"III.4.33.csv"	12	-0.12554433
2 1 2.3183371 4.2207166 0.113827 10.757312 5.1807276 0.9690539 1.579189 0.46066813 5 0 0 0 0.040090596 0 1 1 290688.2 4 2.3183371 2.3183371 2.3183371 2.3183371
"III.4.33.csv"	1	2.2601106e-06
2 1 2.3183371 4.2207166 0.113827 10.757312 5.1807276 0.9690539 1.579189 0.46066813 5 0 0 0 0.040090596 0 1 1 290688.2 4 2.3183371 2.3183371 2.3183371 2.3183371
"III.4.33.csv"	12	-0.00071022994
2 1 2.3183371 4.2207166 0.113827 10.757312 5.1807276 0.9690539 1.579189 0.46066813 5 0 0 0 0.040090596 0 1 1 290688.2 4 2.3183371 2.3183371 2.3183371 2.3183371
"III.10.19.csv"	1	-0.028666057
2 1 4.2786 1.3407396 1.537582 6.895726 4.6274546 0.99964249 0.70050798 0.11293922 5 0 0 0 -0.057187015 0 1 1 29260.333 4 4.2786 4.2786 4.2786 4.2786
"III.10.19.csv"	12	-0.028666057
2 1 4.2786 1.3407396 1.537582 6.895726 4.6274546 0.99964249 0.70050798 0.11293922 5 0 0 0 -0.057187015 0 1 1 29260.333 4 4.2786 4.2786 4.2786 4.2786
"III.10.19.csv"	2	0.0019990316
2 1 4.2786 1.3407396 1.537582 6.895726 4.6274546 0.99964249 0.70050798 0.11293922 5 0 0 0 -0.057187015 0 1 1 29260.333 4 4.2786 4.2786 4.2786 4.2786
"III.10.19.csv"	14	5.2854218e-05
2 1 4.2786 1.3407396 1.537582 6.895726 4.6274546 0.99964249 0.70050798 0.11293922 5 0 0 0 -0.057187015 0 1 1 29260.333 4 4.2786 4.2786 4.2786 4.2786
"III.10.19.csv"	21	-0.00037138997
2 1 4.2786 1.3407396 1.537582 6.895726 4.6274546 0.99964249 0.70050798 0.11293922 5 0 0 0 -0.057187015 0 1 1 29260.333 4 4.2786 4.2786 4.2786 4.2786
"III.10.19.csv"	3	-0.00037138997
2 1 4.2786 1.3407396 1.537582 6.895726 4.6274546 0.99964249 0.70050798 0.11293922 5 0 0 0 -0.057187015 0 1 1 29260.333 4 4.2786 4.2786 4.2786 4.2786
"III.10.19.csv"	1	-0.00037138997
2 1 4.2786 1.3407396 1.537582 6.895726 4.6274546 0.99964249 0.70050798 0.11293922 5 0 0 0 -0.057187015 0 1 1 29260.333 4 4.2786 4.2786 4.2786 4.2786
"III.10.19.csv"	12	-0.00037138997
2 1 4.2786 1.3407396 1.537582 6.895726 4.6274546 0.99964249 0.70050798 0.11293922 5 0 0 0 -0.057187015 0 1 1 29260.333 4 4.2786 4.2786 4.2786 4.2786
"III.10.19.csv"	17	-0.00037138997
2 1 4.2786 1.3407396 1.537582 6.895726 4.6274546 0.99964249 0.70050798 0.11293922 5 0 0 0 -0.057187015 0 1 1 29260.333 4 4.2786 4.2786 4.2786 4.2786
"III.10.19.csv"	2	-0.00037138997
2 1 4.2786 1.3407396 1.537582 6.895726 4.6274546 0.99964249 0.70050798 0.11293922 5 0 0 0 -0.057187015 0 1 1 29260.333 4 4.2786 4.2786 4.2786 4.2786
"III.10.19.csv"	3	0.00061611219
2 1 4.2786 1.3407396 1.537582 6.895726 4.6274546 0.99964249 0.70050798 0.11293922 5 0 0 0 -0.057187015 0 1 1 29260.333 4 4.2786 4.2786 4.2786 4.2786
"III.10.19.csv"	1	-0.00074151436
2 1 4.2786 1.3407396 1.537582 6.895726 4.6274546 0.99964249 0.70050798 0.11293922 5 0 0 0 -0.057187015 0 1 1 29260.333 4 4.2786 4.2786 4.2786 4.2786
"III.10.19.csv"	12	-0.00074151436
2 1 4.2786 1.3407396 1.537582 6.895726 4.6274546 0.99964249 0.70050798 0.11293922 5 0 0 0 -0.057187015 0 1 1 29260.333 4 4.2786 4.2786 4.2786 4.2786
"I.48.20.csv"	1	-0.1769338
3 1 7.0406092 8.1156827 2.582081 15.495294 4.5328546 0.99985446 0.73555611 1.0556342 7 1 0 1 0.065311642 0 1 1 52887.476 4 7.0406092 7.0406092 7.0406092 7.0406092
"I.48.20.csv"	12	-0.1769338
3 1 7.0406092 8.1156827 2.582081 15.495294 4.5328546 0.99985446 0.73555611 1.0556342 7 1 0 1 0.065311642 0 1 1 52887.476 4 7.0406092 7.0406092 7.0406092 7.0406092
"I.48.20.csv"	19	0.0058071941
3 1 7.0406092 8.1156827 2.582081 15.495294 4.5328546 0.99985446 0.73555611 1.0556342 7 1 0 1 0.065311642 0 1 1 52887.476 4 7.0406092 7.0406092 7.0406092 7.0406092
"I.48.20.csv"	19	0.03722698
3 1 7.0406092 8.1156827 2.582081 15.495294 4.5328546 0.99985446 0.73555611 1.0556342 7 1 0 1 0.065311642 0 1 1 52887.476 4 7.0406092 7.0406092 7.0406092 7.0406092
"I.48.20.csv"	21	-0.00051113712
3 1 7.0406092 8.1156827 2.582081 15.495294 4.5328546 0.99985446 0.73555611 1.0556342 7 1 0 1 0.065311642 0 1 1 52887.476 4 7.0406092 7.0406092 7.0406092 7.0406092
"I.48.20.csv"	2	-0.00051113712
3 1 7.0406092 8.1156827 2.582081 15.495294 4.5328546 0.99985446 0.73555611 1.0556342 7 1 0 1 0.065311642 0 1 1 52887.476 4 7.0406092 7.0406092 7.0406092 7.0406092
"I.48.20.csv"	12	-0.00051113712
3 1 7.0406092 8.1156827 2.582081 15.495294 4.5328546 0.99985446 0.73555611 1.0556342 7 1 0 1 0.065311642 0 1 1 52887.476 4 7.0406092 7.0406092 7.0406092 7.0406092
"I.48.20.csv"	4	-0.00051113712
3 1 7.0406092 8.1156827 2.582081 15.495294 4.5328546 0.99985446 0.73555611 1.0556342 7 1 0 1 0.065311642 0 1 1 52887.476 4 7.0406092 7.0406092 7.0406092 7.0406092
"I.48.20.csv"	3	-0.00051113712
3 1 7.0406092 8.1156827 2.582081 15.495294 4.5328546 0.99985446 0.73555611 1.0556342 7 1 0 1 0.065311642 0 1 1 52887.476 4 7.0406092 7.0406092 7.0406092 7.0406092
"I.48.20.csv"	21	-0.00090531676
3 1 7.0406092 8.1156827 2.582081 15.495294 4.5328546 0.99985446 0.73555611 1.0556342 7 1 0 1 0.065311642 0 1 1 52887.476 4 7.0406092 7.0406092 7.0406092 7.0406092
"I.48.20.csv"	4	-0.00090531676
3 1 7.0406092 8.1156827 2.582081 15.495294 4.5328546 0.99985446 0.73555611 1.0556342 7 1 0 1 0.065311642 0 1 1 52887.476 4 7.0406092 7.0406092 7.0406092 7.0406092
"I.48.20.csv"	3	-0.00090531676
3 1 7.0406092 8.1156827 2.582081 15.495294 4.5328546 0.99985446 0.73555611 1.0556342 7 1 0 1 0.065311642 0 1 1 52887.476 4 7.0406092 7.0406092 7.0406092 7.0406092
"I.48.20.csv"	12	-0.00090531676
3 1 7.0406092 8.1156827 2.582081 15.495294 4.5328546 0.99985446 0.73555611 1.0556342 7 1 0 1 0.065311642 0 1 1 52887.476 4 7.0406092 7.0406092 7.0406092 7.0406092
"I.48.20.csv"	2	-0.00090531676
3 1 7.0406092 8.1156827 2.582081 15.495294 4.5328546 0.99985446 0.73555611 1.0556342 7 1 0 1 0.065311642 0 1 1 52887.476 4 7.0406092 7.0406092 7.0406092 7.0406092
"I.6.2.csv"	1	-0.54636949
2 1 9.3680911 25.8566 1.31598 20 3.6743846 0.99602725 0.71345201 0.8991685 5 1 0 1 -0.042569767 1 1 1 136313.56 4 9.3680911 9.3680911 9.3680911 9.3680911
"I.6.2.csv"	12	-0.54636949
2 1 9.3680911 25.8566 1.31598 20 3.6743846 0.99602725 0.71345201 0.8991685 5 1 0 1 -0.042569767 1 1 1 136313.56 4 9.3680911 9.3680911 9.3680911 9.3680911
"I.6.2.csv"	21	-0.0012400085
2 1 9.3680911 25.8566 1.31598 20 3.6743846 0.99602725 0.71345201 0.8991685 5 1 0 1 -0.042569767 1 1 1 136313.56 4 9.3680911 9.3680911 9.3680911 9.3680911
"I.6.2.csv"	14	-0.0012400085
2 1 9.3680911 25.8566 1.31598 20 3.6743846 0.99602725 0.71345201 0.8991685 5 1 0 1 -0.042569767 1 1 1 136313.56 4 9.3680911 9.3680911 9.3680911 9.3680911
"I.6.2.csv"	3	-0.0012400085
2 1 9.3680911 25.8566 1.31598 20 3.6743846 0.99602725 0.71345201 0.8991685 5 1 0 1 -0.042569767 1 1 1 136313.56 4 9.3680911 9.3680911 9.3680911 9.3680911
"I.6.2.csv"	4	0.00032616851
2 1 9.3680911 25.8566 1.31598 20 3.6743846 0.99602725 0.71345201 0.8991685 5 1 0 1 -0.042569767 1 1 1 136313.56 4 9.3680911 9.3680911 9.3680911 9.3680911
"I.6.2.csv"	1	-0.0012400085
2 1 9.3680911 25.8566 1.31598 20 3.6743846 0.99602725 0.71345201 0.8991685 5 1 0 1 -0.042569767 1 1 1 136313.56 4 9.3680911 9.3680911 9.3680911 9.3680911
"I.6.2.csv"	12	-0.0012400085
2 1 9.3680911 25.8566 1.31598 20 3.6743846 0.99602725 0.71345201 0.8991685 5 1 0 1 -0.042569767 1 1 1 136313.56 4 9.3680911 9.3680911 9.3680911 9.3680911
"I.6.2.csv"	2	5.0514725e-05
2 1 9.3680911 25.8566 1.31598 20 3.6743846 0.99602725 0.71345201 0.8991685 5 1 0 1 -0.042569767 1 1 1 136313.56 4 9.3680911 9.3680911 9.3680911 9.3680911
"I.6.2b.csv"	1	-0.028000348
2 1 1.1863847 0.6005199 0.240001 4.069617 4.9418724 0.97730246 1.0419655 0.17809948 4 0 0 0 0.11664451 0 1 1 12186.746 4 1.1863847 1.1863847 1.1863847 1.1863847
"I.6.2b.csv"	12	-0.028000348
2 1 1.1863847 0.6005199 0.240001 4.069617 4.9418724 0.97730246 1.0419655 0.17809948 4 0 0 0 0.11664451 0 1 1 12186.746 4 1.1863847 1.1863847 1.1863847 1.1863847
"I.6.2b.csv"	21	3.8471321e-05
2 1 1.1863847 0.6005199 0.240001 4.069617 4.9418724 0.97730246 1.0419655 0.17809948 4 0 0 0 0.11664451 0 1 1 12186.746 4 1.1863847 1.1863847 1.1863847 1.1863847
"I.6.2b.csv"	3	-5.7737812e-05
2 1 1.1863847 0.6005199 0.240001 4.069617 4.9418724 0.97730246 1.0419655 0.17809948 4 0 0 0 0.11664451 0 1 1 12186.746 4 1.1863847 1.1863847 1.1863847 1.1863847
"I.6.2b.csv"	1	-5.7737812e-05
2 1 1.1863847 0.6005199 0.240001 4.069617 4.9418724 0.97730246 1.0419655 0.17809948 4 0 0 0 0.11664451 0 1 1 12186.746 4 1.1863847 1.1863847 1.1863847 1.1863847
"I.6.2b.csv"	4	6.1993865e-05
2 1 1.1863847 0.6005199 0.240001 4.069617 4.9418724 0.97730246 1.0419655 0.17809948 4 0 0 0 0.11664451 0 1 1 12186.746 4 1.1863847 1.1863847 1.1863847 1.1863847
"I.6.2b.csv"	12	-5.7737812e-05
2 1 1.1863847 0.6005199 0.240001 4.069617 4.9418724 0.97730246 1.0419655 0.17809948 4 0 0 0 0.11664451 0 1 1 12186.746 4 1.1863847 1.1863847 1.1863847 1.1863847
"I.6.2b.csv"	2	-5.7737812e-05
2 1 1.1863847 0.6005199 0.240001 4.069617 4.9418724 0.97730246 1.0419655 0.17809948 4 0 0 0 0.11664451 0 1 1 12186.746 4 1.1863847 1.1863847 1.1863847 1.1863847
"I.7.9.csv"	4	4.8786861e-05
2 1 1.4637148 0.18805793 0.660069 2.998685 5.3927849 0.99131801 0.61602497 0.080268311 4 0 0 0 0.049022705 0 1 1 22430.833 4 1.4637148 1.4637148 1.4637148 1.4637148
"I.7.9.csv"	12	-0.0093440062
2 1 1.4637148 0.18805793 0.660069 2.998685 5.3927849 0.99131801 0.61602497 0.080268311 4 0 0 0 0.049022705 0 1 1 22430.833 4 1.4637148 1.4637148 1.4637148 1.4637148
"I.7.9.csv"	1	-0.0093440062
2 1 1.4637148 0.18805793 0.660069 2.998685 5.3927849 0.99131801 0.61602497 0.080268311 4 0 0 0 0.049022705 0 1 1 22430.833 4 1.4637148 1.4637148 1.4637148 1.4637148
"I.7.9.csv"	12	-4.4142017e-05
2 1 1.4637148 0.18805793 0.660069 2.998685 5.3927849 0.99131801 0.61602497 0.080268311 4 0 0 0 0.049022705 0 1 1 22430.833 4 1.4637148 1.4637148 1.4637148 1.4637148
"I.7.9.csv"	14	5.9800867e-07
2 1 1.4637148 0.18805793 0.660069 2.998685 5.3927849 0.99131801 0.61602497 0.080268311 4 0 0 0 0.049022705 0 1 1 22430.833 4 1.4637148 1.4637148 1.4637148 1.4637148
"I.7.9.csv"	21	-2.1567961e-05
2 1 1.4637148 0.18805793 0.660069 2.998685 5.3927849 0.99131801 0.61602497 0.080268311 4 0 0 0 0.049022705 0 1 1 22430.833 4 1.4637148 1.4637148 1.4637148 1.4637148
"I.7.9.csv"	12	-2.1567961e-05
2 1 1.4637148 0.18805793 0.660069 2.998685 5.3927849 0.99131801 0.61602497 0.080268311 4 0 0 0 0.049022705 0 1 1 22430.833 4 1.4637148 1.4637148 1.4637148 1.4637148
"I.7.9.csv"	14	2.0391652e-06
2 1 1.4637148 0.18805793 0.660069 2.998685 5.3927849 0.99131801 0.61602497 0.080268311 4 0 0 0 0.049022705 0 1 1 22430.833 4 1.4637148 1.4637148 1.4637148 1.4637148
"I.7.9.csv"	21	-1.9157841e-05
2 1 1.4637148 0.18805793 0.660069 2.998685 5.3927849 0.99131801 0.61602497 0.080268311 4 0 0 0 0.049022705 0 1 1 22430.833 4 1.4637148 1.4637148 1.4637148 1.4637148
"I.7.9.csv"	4	-1.9157841e-05
2 1 1.4637148 0.18805793 0.660069 2.998685 5.3927849 0.99131801 0.61602497 0.080268311 4 0 0 0 0.049022705 0 1 1 22430.833 4 1.4637148 1.4637148 1.4637148 1.4637148
"I.8.4.csv"	1	-2.028961
2 1 11.661125 46.070741 0.646239 20 2.8513647 0.93618143 7.9677171 0.60255445 4 0 0 0 0.088942386 1 1 1 427438.62 4 11.661125 11.661125 11.661125 11.661125
"I.8.4.csv"	12	-2.028961
2 1 11.661125 46.070741 0.646239 20 2.8513647 0.93618143 7.9677171 0.60255445 4 0 0 0 0.088942386 1 1 1 427438.62 4 11.661125 11.661125 11.661125 11.661125
"I.8.4.csv"	21	-0.0056818171
2 1 11.661125 46.070741 0.646239 20 2.8513647 0.93618143 7.9677171 0.60255445 4 0 0 0 0.088942386 1 1 1 427438.62 4 11.661125 11.661125 11.661125 11.661125
"I.8.4.csv"	3	0.0061912229
2 1 11.661125 46.070741 0.646239 20 2.8513647 0.93618143 7.9677171 0.60255445 4 0 0 0 0.088942386 1 1 1 427438.62 4 11.661125 11.661125 11.661125 11.661125
"I.8.4.csv"	12	-0.0056818171
2 1 11.661125 46.070741 0.646239 20 2.8513647 0.93618143 7.9677171 0.60255445 4 0 0 0 0.088942386 1 1 1 427438.62 4 11.661125 11.661125 11.661125 11.661125
"I.8.4.csv"	4	-0.0056818171
2 1 11.661125 46.070741 0.646239 20 2.8513647 0.93618143 7.9677171 0.60255445 4 0 0 0 0.088942386 1 1 1 427438.62 4 11.661125 11.661125 11.661125 11.661125
"I.8.4.csv"	2	-0.0056818171
2 1 11.661125 46.070741 0.646239 20 2.8513647 0.93618143 7.9677171 0.60255445 4 0 0 0 0.088942386 1 1 1 427438.62 4 11.661125 11.661125 11.661125 11.661125
"I.8.4.csv"	14	0.00070738894
2 1 11.661125 46.070741 0.646239 20 2.8513647 0.93618143 7.9677171 0.60255445 4 0 0 0 0.088942386 1 1 1 427438.62 4 11.661125 11.661125 11.661125 11.661125
"I.8.4.csv"	21	-0.0013210037
2 1 11.661125 46.070741 0.646239 20 2.8513647 0.93618143 7.9677171 0.60255445 4 0 0 0 0.088942386 1 1 1 427438.62 4 11.661125 11.661125 11.661125 11.661125
"I.8.4.csv"	3	-0.0013210037
2 1 11.661125 46.070741 0.646239 20 2.8513647 0.93618143 7.9677171 0.60255445 4 0 0 0 0.088942386 1 1 1 427438.62 4 11.661125 11.661125 11.661125 11.661125
"I.8.4.csv"	1	-0.0013210037
2 1 11.661125 46.070741 0.646239 20 2.8513647 0.93618143 7.9677171 0.60255445 4 0 0 0 0.088942386 1 1 1 427438.62 4 11.661125 11.661125 11.661125 11.661125
"I.8.4.csv"	12	-0.0013210037
2 1 11.661125 46.070741 0.646239 20 2.8513647 0.93618143 7.9677171 0.60255445 4 0 0 0 0.088942386 1 1 1 427438.62 4 11.661125 11.661125 11.661125 11.661125
"I.8.4.csv"	4	-0.0013210037
2 1 11.661125 46.070741 0.646239 20 2.8513647 0.93618143 7.9677171 0.60255445 4 0 0 0 0.088942386 1 1 1 427438.62 4 11.661125 11.661125 11.661125 11.661125
"I.8.4.csv"	2	-0.0013210037
2 1 11.661125 46.070741 0.646239 20 2.8513647 0.93618143 7.9677171 0.60255445 4 0 0 0 0.088942386 1 1 1 427438.62 4 11.661125 11.661125 11.661125 11.661125
"I.8.4.csv"	21	-0.005632588
2 1 11.661125 46.070741 0.646239 20 2.8513647 0.93618143 7.9677171 0.60255445 4 0 0 0 0.088942386 1 1 1 427438.62 4 11.661125 11.661125 11.661125 11.661125
"I.8.4.csv"	3	-0.005632588
2 1 11.661125 46.070741 0.646239 20 2.8513647 0.93618143 7.9677171 0.60255445 4 0 0 0 0.088942386 1 1 1 427438.62 4 11.661125 11.661125 11.661125 11.661125
"I.8.4.csv"	12	-0.005632588
2 1 11.661125 46.070741 0.646239 20 2.8513647 0.93618143 7.9677171 0.60255445 4 0 0 0 0.088942386 1 1 1 427438.62 4 11.661125 11.661125 11.661125 11.661125
"I.8.4.csv"	4	-0.005632588
2 1 11.661125 46.070741 0.646239 20 2.8513647 0.93618143 7.9677171 0.60255445 4 0 0 0 0.088942386 1 1 1 427438.62 4 11.661125 11.661125 11.661125 11.661125
"I.8.4.csv"	2	-0.005632588
2 1 11.661125 46.070741 0.646239 20 2.8513647 0.93618143 7.9677171 0.60255445 4 0 0 0 0.088942386 1 1 1 427438.62 4 11.661125 11.661125 11.661125 11.661125
"I.8.4.csv"	21	-0.0029843014
2 1 11.661125 46.070741 0.646239 20 2.8513647 0.93618143 7.9677171 0.60255445 4 0 0 0 0.088942386 1 1 1 427438.62 4 11.661125 11.661125 11.661125 11.661125
"I.8.4.csv"	3	-0.0029843014
2 1 11.661125 46.070741 0.646239 20 2.8513647 0.93618143 7.9677171 0.60255445 4 0 0 0 0.088942386 1 1 1 427438.62 4 11.661125 11.661125 11.661125 11.661125
"I.8.4.csv"	12	-0.0029843014
2 1 11.661125 46.070741 0.646239 20 2.8513647 0.93618143 7.9677171 0.60255445 4 0 0 0 0.088942386 1 1 1 427438.62 4 11.661125 11.661125 11.661125 11.661125
"I.8.4.csv"	4	-0.0029843014
2 1 11.661125 46.070741 0.646239 20 2.8513647 0.93618143 7.9677171 0.60255445 4 0 0 0 0.088942386 1 1 1 427438.62 4 11.661125 11.661125 11.661125 11.661125
"I.8.4.csv"	2	-0.0029843014
2 1 11.661125 46.070741 0.646239 20 2.8513647 0.93618143 7.9677171 0.60255445 4 0 0 0 0.088942386 1 1 1 427438.62 4 11.661125 11.661125 11.661125 11.661125
"I.8.4.csv"	14	-0.0027986478
2 1 11.661125 46.070741 0.646239 20 2.8513647 0.93618143 7.9677171 0.60255445 4 0 0 0 0.088942386 1 1 1 427438.62 4 11.661125 11.661125 11.661125 11.661125
"I.8.4.csv"	21	-0.0027986478
2 1 11.661125 46.070741 0.646239 20 2.8513647 0.93618143 7.9677171 0.60255445 4 0 0 0 0.088942386 1 1 1 427438.62 4 11.661125 11.661125 11.661125 11.661125
"I.8.4.csv"	3	-0.0027986478
2 1 11.661125 46.070741 0.646239 20 2.8513647 0.93618143 7.9677171 0.60255445 4 0 0 0 0.088942386 1 1 1 427438.62 4 11.661125 11.661125 11.661125 11.661125
"I.9.5.csv"	21	-0.1779079
3 1 1.77497 5.9489287 0.11042 20 8.154667 0.88671548 2.8985978 0.71072577 6 0 0 0 0.066113185 0 1 1 370263.29 4 1.77497 1.77497 1.77497 1.77497
"I.9.5.csv"	3	-0.1779079
3 1 1.77497 5.9489287 0.11042 20 8.154667 0.88671548 2.8985978 0.71072577 6 0 0 0 0.066113185 0 1 1 370263.29 4 1.77497 1.77497 1.77497 1.77497
"I.9.5.csv"	19	-0.1779079
3 1 1.77497 5.9489287 0.11042 20 8.154667 0.88671548 2.8985978 0.71072577 6 0 0 0 0.066113185 0 1 1 370263.29 4 1.77497 1.77497 1.77497 1.77497
"I.9.5.csv"	19	-0.1779079
3 1 1.77497 5.9489287 0.11042 20 8.154667 0.88671548 2.8985978 0.71072577 6 0 0 0 0.066113185 0 1 1 370263.29 4 1.77497 1.77497 1.77497 1.77497
"I.9.5.csv"	19	-0.1779079
3 1 1.77497 5.9489287 0.11042 20 8.154667 0.88671548 2.8985978 0.71072577 6 0 0 0 0.066113185 0 1 1 370263.29 4 1.77497 1.77497 1.77497 1.77497
"I.9.5.csv"	19	-0.1779079
3 1 1.77497 5.9489287 0.11042 20 8.154667 0.88671548 2.8985978 0.71072577 6 0 0 0 0.066113185 0 1 1 370263.29 4 1.77497 1.77497 1.77497 1.77497
"I.9.5.csv"	19	-0.1779079
3 1 1.77497 5.9489287 0.11042 20 8.154667 0.88671548 2.8985978 0.71072577 6 0 0 0 0.066113185 0 1 1 370263.29 4 1.77497 1.77497 1.77497 1.77497
"I.9.5.csv"	19	-0.1779079
3 1 1.77497 5.9489287 0.11042 20 8.154667 0.88671548 2.8985978 0.71072577 6 0 0 0 0.066113185 0 1 1 370263.29 4 1.77497 1.77497 1.77497 1.77497
"I.9.5.csv"	14	0.0011506305
3 1 1.77497 5.9489287 0.11042 20 8.154667 0.88671548 2.8985978 0.71072577 6 0 0 0 0.066113185 0 1 1 370263.29 4 1.77497 1.77497 1.77497 1.77497
"I.9.5.csv"	18	-0.001781129
3 1 1.77497 5.9489287 0.11042 20 8.154667 0.88671548 2.8985978 0.71072577 6 0 0 0 0.066113185 0 1 1 370263.29 4 1.77497 1.77497 1.77497 1.77497
"I.9.5.csv"	3	-0.001781129
3 1 1.77497 5.9489287 0.11042 20 8.154667 0.88671548 2.8985978 0.71072577 6 0 0 0 0.066113185 0 1 1 370263.29 4 1.77497 1.77497 1.77497 1.77497
"I.9.5.csv"	19	-0.001781129
3 1 1.77497 5.9489287 0.11042 20 8.154667 0.88671548 2.8985978 0.71072577 6 0 0 0 0.066113185 0 1 1 370263.29 4 1.77497 1.77497 1.77497 1.77497
"I.9.5.csv"	19	-0.001781129
3 1 1.77497 5.9489287 0.11042 20 8.154667 0.88671548 2.8985978 0.71072577 6 0 0 0 0.066113185 0 1 1 370263.29 4 1.77497 1.77497 1.77497 1.77497
"I.9.5.csv"	19	-0.001781129
3 1 1.77497 5.9489287 0.11042 20 8.154667 0.88671548 2.8985978 0.71072577 6 0 0 0 0.066113185 0 1 1 370263.29 4 1.77497 1.77497 1.77497 1.77497
"I.9.5.csv"	19	-0.001781129
3 1 1.77497 5.9489287 0.11042 20 8.154667 0.88671548 2.8985978 0.71072577 6 0 0 0 0.066113185 0 1 1 370263.29 4 1.77497 1.77497 1.77497 1.77497
"I.9.5.csv"	19	-0.001781129
3 1 1.77497 5.9489287 0.11042 20 8.154667 0.88671548 2.8985978 0.71072577 6 0 0 0 0.066113185 0 1 1 370263.29 4 1.77497 1.77497 1.77497 1.77497
"I.9.5.csv"	19	-0.001781129
3 1 1.77497 5.9489287 0.11042 20 8.154667 0.88671548 2.8985978 0.71072577 6 0 0 0 0.066113185 0 1 1 370263.29 4 1.77497 1.77497 1.77497 1.77497
"I.9.5.csv"	19	-0.001781129
3 1 1.77497 5.9489287 0.11042 20 8.154667 0.88671548 2.8985978 0.71072577 6 0 0 0 0.066113185 0 1 1 370263.29 4 1.77497 1.77497 1.77497 1.77497
"I.9.5.csv"	19	-0.001781129
3 1 1.77497 5.9489287 0.11042 20 8.154667 0.88671548 2.8985978 0.71072577 6 0 0 0 0.066113185 0 1 1 370263.29 4 1.77497 1.77497 1.77497 1.77497
"I.9.5.csv"	19	0.00010832647
3 1 1.77497 5.9489287 0.11042 20 8.154667 0.88671548 2.8985978 0.71072577 6 0 0 0 0.066113185 0 1 1 370263.29 4 1.77497 1.77497 1.77497 1.77497
"I.9.5.csv"	19	-0.001781129
3 1 1.77497 5.9489287 0.11042 20 8.154667 0.88671548 2.8985978 0.71072577 6 0 0 0 0.066113185 0 1 1 370263.29 4 1.77497 1.77497 1.77497 1.77497
"I.9.5.csv"	19	-0.001781129
3 1 1.77497 5.9489287 0.11042 20 8.154667 0.88671548 2.8985978 0.71072577 6 0 0 0 0.066113185 0 1 1 370263.29 4 1.77497 1.77497 1.77497 1.77497
"I.9.5.csv"	2	-0.0018359251
3 1 1.77497 5.9489287 0.11042 20 8.154667 0.88671548 2.8985978 0.71072577 6 0 0 0 0.066113185 0 1 1 370263.29 4 1.77497 1.77497 1.77497 1.77497
"I.9.5.csv"	19	0.0012215062
3 1 1.77497 5.9489287 0.11042 20 8.154667 0.88671548 2.8985978 0.71072577 6 0 0 0 0.066113185 0 1 1 370263.29 4 1.77497 1.77497 1.77497 1.77497
"I.9.5.csv"	19	-0.0018359251
3 1 1.77497 5.9489287 0.11042 20 8.154667 0.88671548 2.8985978 0.71072577 6 0 0 0 0.066113185 0 1 1 370263.29 4 1.77497 1.77497 1.77497 1.77497
"I.9.5.csv"	19	0.00073490268
3 1 1.77497 5.9489287 0.11042 20 8.154667 0.88671548 2.8985978 0.71072577 6 0 0 0 0.066113185 0 1 1 370263.29 4 1.77497 1.77497 1.77497 1.77497
"I.9.5.csv"	19	-0.0018359251
3 1 1.77497 5.9489287 0.11042 20 8.154667 0.88671548 2.8985978 0.71072577 6 0 0 0 0.066113185 0 1 1 370263.29 4 1.77497 1.77497 1.77497 1.77497
"I.9.5.csv"	19	-0.0018359251
3 1 1.77497 5.9489287 0.11042 20 8.154667 0.88671548 2.8985978 0.71072577 6 0 0 0 0.066113185 0 1 1 370263.29 4 1.77497 1.77497 1.77497 1.77497
"I.9.5.csv"	19	-0.0018359251
3 1 1.77497 5.9489287 0.11042 20 8.154667 0.88671548 2.8985978 0.71072577 6 0 0 0 0.066113185 0 1 1 370263.29 4 1.77497 1.77497 1.77497 1.77497
"I.9.5.csv"	19	-0.0018359251
3 1 1.77497 5.9489287 0.11042 20 8.154667 0.88671548 2.8985978 0.71072577 6 0 0 0 0.066113185 0 1 1 370263.29 4 1.77497 1.77497 1.77497 1.77497
"I.9.5.csv"	19	-0.0018359251
3 1 1.77497 5.9489287 0.11042 20 8.154667 0.88671548 2.8985978 0.71072577 6 0 0 0 0.066113185 0 1 1 370263.29 4 1.77497 1.77497 1.77497 1.77497
"I.9.5.csv"	19	-0.0018359251
3 1 1.77497 5.9489287 0.11042 20 8.154667 0.88671548 2.8985978 0.71072577 6 0 0 0 0.066113185 0 1 1 370263.29 4 1.77497 1.77497 1.77497 1.77497
"I.9.5.csv"	19	-0.0018359251
3 1 1.77497 5.9489287 0.11042 20 8.154667 0.88671548 2.8985978 0.71072577 6 0 0 0 0.066113185 0 1 1 370263.29 4 1.77497 1.77497 1.77497 1.77497
"I.9.5.csv"	19	-0.0018359251
3 1 1.77497 5.9489287 0.11042 20 8.154667 0.88671548 2.8985978 0.71072577 6 0 0 0 0.066113185 0 1 1 370263.29 4 1.77497 1.77497 1.77497 1.77497
"I.9.5.csv"	19	-0.0018359251
3 1 1.77497 5.9489287 0.11042 20 8.154667 0.88671548 2.8985978 0.71072577 6 0 0 0 0.066113185 0 1 1 370263.29 4 1.77497 1.77497 1.77497 1.77497
"I.10.7.csv"	3	0.00095955933
2 1 3.7452638 3.0903853 1.110554 11.208712 5.7442833 0.98198354 6.6523186 6.8712004 4 1 1 1 0.045592345 0 1 1 317520.5 4 3.7452638 3.7452638 3.7452638 3.7452638
"I.10.7.csv"	1	-0.23359687
2 1 3.7452638 3.0903853 1.110554 11.208712 5.7442833 0.98198354 6.6523186 6.8712004 4 1 1 1 0.045592345 0 1 1 317520.5 4 3.7452638 3.7452638 3.7452638 3.7452638
"I.10.7.csv"	12	-0.23359687
2 1 3.7452638 3.0903853 1.110554 11.208712 5.7442833 0.98198354 6.6523186 6.8712004 4 1 1 1 0.045592345 0 1 1 317520.5 4 3.7452638 3.7452638 3.7452638 3.7452638
"I.10.7.csv"	21	-0.0024252835
2 1 3.7452638 3.0903853 1.110554 11.208712 5.7442833 0.98198354 6.6523186 6.8712004 4 1 1 1 0.045592345 0 1 1 317520.5 4 3.7452638 3.7452638 3.7452638 3.7452638
"I.10.7.csv"	3	-0.0024252835
2 1 3.7452638 3.0903853 1.110554 11.208712 5.7442833 0.98198354 6.6523186 6.8712004 4 1 1 1 0.045592345 0 1 1 317520.5 4 3.7452638 3.7452638 3.7452638 3.7452638
"I.10.7.csv"	4	-0.0024252835
2 1 3.7452638 3.0903853 1.110554 11.208712 5.7442833 0.98198354 6.6523186 6.8712004 4 1 1 1 0.045592345 0 1 1 317520.5 4 3.7452638 3.7452638 3.7452638 3.7452638
"I.10.7.csv"	12	-0.0024252835
2 1 3.7452638 3.0903853 1.110554 11.208712 5.7442833 0.98198354 6.6523186 6.8712004 4 1 1 1 0.045592345 0 1 1 317520.5 4 3.7452638 3.7452638 3.7452638 3.7452638
"I.10.7.csv"	2	-0.0024252835
2 1 3.7452638 3.0903853 1.110554 11.208712 5.7442833 0.98198354 6.6523186 6.8712004 4 1 1 1 0.045592345 0 1 1 317520.5 4 3.7452638 3.7452638 3.7452638 3.7452638
"I.12.5.csv"	4	-0.38880253
3 1 -3.5832093 8.3156714 -15.607142 -0.351071 5.2904674 0.96917455 2.1118114 0.55652724 6 0 0 0 0.078299722 0 1 0 277944.52 4 -3.5832093 -3.5832093 -3.5832093 -3.5832093
"I.12.5.csv"	1	-0.38880253
3 1 -3.5832093 8.3156714 -15.607142 -0.351071 5.2904674 0.96917455 2.1118114 0.55652724 6 0 0 0 0.078299722 0 1 0 277944.52 4 -3.5832093 -3.5832093 -3.5832093 -3.5832093
"I.12.5.csv"	12	-0.38880253
3 1 -3.5832093 8.3156714 -15.607142 -0.351071 5.2904674 0.96917455 2.1118114 0.55652724 6 0 0 0 0.078299722 0 1 0 277944.52 4 -3.5832093 -3.5832093 -3.5832093 -3.5832093
"I.12.5.csv"	19	-0.38880253
3 1 -3.5832093 8.3156714 -15.607142 -0.351071 5.2904674 0.96917455 2.1118114 0.55652724 6 0 0 0 0.078299722 0 1 0 277944.52 4 -3.5832093 -3.5832093 -3.5832093 -3.5832093
"I.12.5.csv"	19	0.034968519
3 1 -3.5832093 8.3156714 -15.607142 -0.351071 5.2904674 0.96917455 2.1118114 0.55652724 6 0 0 0 0.078299722 0 1 0 277944.52 4 -3.5832093 -3.5832093 -3.5832093 -3.5832093
"I.12.5.csv"	21	-0.0059716272
3 1 -3.5832093 8.3156714 -15.607142 -0.351071 5.2904674 0.96917455 2.1118114 0.55652724 6 0 0 0 0.078299722 0 1 0 277944.52 4 -3.5832093 -3.5832093 -3.5832093 -3.5832093
"I.12.5.csv"	3	-0.0059716272
3 1 -3.5832093 8.3156714 -15.607142 -0.351071 5.2904674 0.96917455 2.1118114 0.55652724 6 0 0 0 0.078299722 0 1 0 277944.52 4 -3.5832093 -3.5832093 -3.5832093 -3.5832093
"I.12.5.csv"	1	-0.0059716272
3 1 -3.5832093 8.3156714 -15.607142 -0.351071 5.2904674 0.96917455 2.1118114 0.55652724 6 0 0 0 0.078299722 0 1 0 277944.52 4 -3.5832093 -3.5832093 -3.5832093 -3.5832093
"I.12.5.csv"	12	-0.0059716272
3 1 -3.5832093 8.3156714 -15.607142 -0.351071 5.2904674 0.96917455 2.1118114 0.55652724 6 0 0 0 0.078299722 0 1 0 277944.52 4 -3.5832093 -3.5832093 -3.5832093 -3.5832093
"I.12.5.csv"	2	-0.0059716272
3 1 -3.5832093 8.3156714 -15.607142 -0.351071 5.2904674 0.96917455 2.1118114 0.55652724 6 0 0 0 0.078299722 0 1 0 277944.52 4 -3.5832093 -3.5832093 -3.5832093 -3.5832093
"I.12.5.csv"	17	-0.0059716272
3 1 -3.5832093 8.3156714 -15.607142 -0.351071 5.2904674 0.96917455 2.1118114 0.55652724 6 0 0 0 0.078299722 0 1 0 277944.52 4 -3.5832093 -3.5832093 -3.5832093 -3.5832093
"I.12.5.csv"	19	0.0012819007
3 1 -3.5832093 8.3156714 -15.607142 -0.351071 5.2904674 0.96917455 2.1118114 0.55652724 6 0 0 0 0.078299722 0 1 0 277944.52 4 -3.5832093 -3.5832093 -3.5832093 -3.5832093
"I.12.5.csv"	19	-0.0059716272
3 1 -3.5832093 8.3156714 -15.607142 -0.351071 5.2904674 0.96917455 2.1118114 0.55652724 6 0 0 0 0.078299722 0 1 0 277944.52 4 -3.5832093 -3.5832093 -3.5832093 -3.5832093
"I.13.12.csv"	1	-188.23551
2 1 16.009145 33.820781 0.68577 20 3.3211278 0.88389953 16.342677 1.5008536 5 0 0 0 0.18991679 1 1 1 75286.803 4 16.009145 16.009145 16.009145 16.009145
"I.13.12.csv"	12	-188.23551
2 1 16.009145 33.820781 0.68577 20 3.3211278 0.88389953 16.342677 1.5008536 5 0 0 0 0.18991679 1 1 1 75286.803 4 16.009145 16.009145 16.009145 16.009145
"I.13.12.csv"	12	-0.30820103
2 1 16.009145 33.820781 0.68577 20 3.3211278 0.88389953 16.342677 1.5008536 5 0 0 0 0.18991679 1 1 1 75286.803 4 16.009145 16.009145 16.009145 16.009145
"I.13.12.csv"	21	-0.10788292
2 1 16.009145 33.820781 0.68577 20 3.3211278 0.88389953 16.342677 1.5008536 5 0 0 0 0.18991679 1 1 1 75286.803 4 16.009145 16.009145 16.009145 16.009145
"I.13.12.csv"	2	-0.10788292
2 1 16.009145 33.820781 0.68577 20 3.3211278 0.88389953 16.342677 1.5008536 5 0 0 0 0.18991679 1 1 1 75286.803 4 16.009145 16.009145 16.009145 16.009145
"I.13.12.csv"	12	-0.10788292
2 1 16.009145 33.820781 0.68577 20 3.3211278 0.88389953 16.342677 1.5008536 5 0 0 0 0.18991679 1 1 1 75286.803 4 16.009145 16.009145 16.009145 16.009145
"I.13.12.csv"	4	-0.10788292
2 1 16.009145 33.820781 0.68577 20 3.3211278 0.88389953 16.342677 1.5008536 5 0 0 0 0.18991679 1 1 1 75286.803 4 16.009145 16.009145 16.009145 16.009145
"I.13.12.csv"	3	-0.10788292
2 1 16.009145 33.820781 0.68577 20 3.3211278 0.88389953 16.342677 1.5008536 5 0 0 0 0.18991679 1 1 1 75286.803 4 16.009145 16.009145 16.009145 16.009145
"I.13.12.csv"	14	-0.1148292
2 1 16.009145 33.820781 0.68577 20 3.3211278 0.88389953 16.342677 1.5008536 5 0 0 0 0.18991679 1 1 1 75286.803 4 16.009145 16.009145 16.009145 16.009145
"I.13.12.csv"	21	-0.1148292
2 1 16.009145 33.820781 0.68577 20 3.3211278 0.88389953 16.342677 1.5008536 5 0 0 0 0.18991679 1 1 1 75286.803 4 16.009145 16.009145 16.009145 16.009145
"I.13.12.csv"	2	-0.1148292
2 1 16.009145 33.820781 0.68577 20 3.3211278 0.88389953 16.342677 1.5008536 5 0 0 0 0.18991679 1 1 1 75286.803 4 16.009145 16.009145 16.009145 16.009145
"I.13.12.csv"	12	-0.1148292
2 1 16.009145 33.820781 0.68577 20 3.3211278 0.88389953 16.342677 1.5008536 5 0 0 0 0.18991679 1 1 1 75286.803 4 16.009145 16.009145 16.009145 16.009145
"I.13.12.csv"	4	0.031422111
2 1 16.009145 33.820781 0.68577 20 3.3211278 0.88389953 16.342677 1.5008536 5 0 0 0 0.18991679 1 1 1 75286.803 4 16.009145 16.009145 16.009145 16.009145
"I.13.12.csv"	3	-0.1148292
2 1 16.009145 33.820781 0.68577 20 3.3211278 0.88389953 16.342677 1.5008536 5 0 0 0 0.18991679 1 1 1 75286.803 4 16.009145 16.009145 16.009145 16.009145
"I.14.3.csv"	3	0.00095337808
4 1 2.9074616 0.77588742 1.109107 4.795993 4.1856254 0.99797908 0.5215219 0.089972473 11 0 0 0 0.056237949 0 1 1 103853.93 4 2.9074616 2.9074616 2.9074616 2.9074616
"I.14.3.csv"	1	-0.072490778
4 1 2.9074616 0.77588742 1.109107 4.795993 4.1856254 0.99797908 0.5215219 0.089972473 11 0 0 0 0.056237949 0 1 1 103853.93 4 2.9074616 2.9074616 2.9074616 2.9074616
"I.14.3.csv"	12	-0.072490778
4 1 2.9074616 0.77588742 1.109107 4.795993 4.1856254 0.99797908 0.5215219 0.089972473 11 0 0 0 0.056237949 0 1 1 103853.93 4 2.9074616 2.9074616 2.9074616 2.9074616
"I.14.3.csv"	19	0.013504637
4 1 2.9074616 0.77588742 1.109107 4.795993 4.1856254 0.99797908 0.5215219 0.089972473 11 0 0 0 0.056237949 0 1 1 103853.93 4 2.9074616 2.9074616 2.9074616 2.9074616
"I.14.3.csv"	4	-0.0015318463
4 1 2.9074616 0.77588742 1.109107 4.795993 4.1856254 0.99797908 0.5215219 0.089972473 11 0 0 0 0.056237949 0 1 1 103853.93 4 2.9074616 2.9074616 2.9074616 2.9074616
"I.14.3.csv"	21	-0.0015318463
4 1 2.9074616 0.77588742 1.109107 4.795993 4.1856254 0.99797908 0.5215219 0.089972473 11 0 0 0 0.056237949 0 1 1 103853.93 4 2.9074616 2.9074616 2.9074616 2.9074616
"I.14.3.csv"	3	-0.0015318463
4 1 2.9074616 0.77588742 1.109107 4.795993 4.1856254 0.99797908 0.5215219 0.089972473 11 0 0 0 0.056237949 0 1 1 103853.93 4 2.9074616 2.9074616 2.9074616 2.9074616
"I.14.3.csv"	1	-0.0015318463
4 1 2.9074616 0.77588742 1.109107 4.795993 4.1856254 0.99797908 0.5215219 0.089972473 11 0 0 0 0.056237949 0 1 1 103853.93 4 2.9074616 2.9074616 2.9074616 2.9074616
"I.14.3.csv"	12	-0.0015318463
4 1 2.9074616 0.77588742 1.109107 4.795993 4.1856254 0.99797908 0.5215219 0.089972473 11 0 0 0 0.056237949 0 1 1 103853.93 4 2.9074616 2.9074616 2.9074616 2.9074616
"I.14.3.csv"	2	-0.0015318463
4 1 2.9074616 0.77588742 1.109107 4.795993 4.1856254 0.99797908 0.5215219 0.089972473 11 0 0 0 0.056237949 0 1 1 103853.93 4 2.9074616 2.9074616 2.9074616 2.9074616
"I.14.3.csv"	17	0.00033433232
4 1 2.9074616 0.77588742 1.109107 4.795993 4.1856254 0.99797908 0.5215219 0.089972473 11 0 0 0 0.056237949 0 1 1 103853.93 4 2.9074616 2.9074616 2.9074616 2.9074616
"I.14.3.csv"	17	-0.0015318463
4 1 2.9074616 0.77588742 1.109107 4.795993 4.1856254 0.99797908 0.5215219 0.089972473 11 0 0 0 0.056237949 0 1 1 103853.93 4 2.9074616 2.9074616 2.9074616 2.9074616
"I.14.3.csv"	19	-0.0015318463
4 1 2.9074616 0.77588742 1.109107 4.795993 4.1856254 0.99797908 0.5215219 0.089972473 11 0 0 0 0.056237949 0 1 1 103853.93 4 2.9074616 2.9074616 2.9074616 2.9074616
"I.14.3.csv"	19	-0.0015318463
4 1 2.9074616 0.77588742 1.109107 4.795993 4.1856254 0.99797908 0.5215219 0.089972473 11 0 0 0 0.056237949 0 1 1 103853.93 4 2.9074616 2.9074616 2.9074616 2.9074616
"I.14.3.csv"	19	-0.0015318463
4 1 2.9074616 0.77588742 1.109107 4.795993 4.1856254 0.99797908 0.5215219 0.089972473 11 0 0 0 0.056237949 0 1 1 103853.93 4 2.9074616 2.9074616 2.9074616 2.9074616
"I.14.3.csv"	19	-0.0015318463
4 1 2.9074616 0.77588742 1.109107 4.795993 4.1856254 0.99797908 0.5215219 0.089972473 11 0 0 0 0.056237949 0 1 1 103853.93 4 2.9074616 2.9074616 2.9074616 2.9074616
"I.14.3.csv"	19	-0.0015318463
4 1 2.9074616 0.77588742 1.109107 4.795993 4.1856254 0.99797908 0.5215219 0.089972473 11 0 0 0 0.056237949 0 1 1 103853.93 4 2.9074616 2.9074616 2.9074616 2.9074616
"I.14.3.csv"	19	-0.0015318463
4 1 2.9074616 0.77588742 1.109107 4.795993 4.1856254 0.99797908 0.5215219 0.089972473 11 0 0 0 0.056237949 0 1 1 103853.93 4 2.9074616 2.9074616 2.9074616 2.9074616
"I.14.3.csv"	4	-0.00048912808
4 1 2.9074616 0.77588742 1.109107 4.795993 4.1856254 0.99797908 0.5215219 0.089972473 11 0 0 0 0.056237949 0 1 1 103853.93 4 2.9074616 2.9074616 2.9074616 2.9074616
"I.14.3.csv"	21	-0.00048912808
4 1 2.9074616 0.77588742 1.109107 4.795993 4.1856254 0.99797908 0.5215219 0.089972473 11 0 0 0 0.056237949 0 1 1 103853.93 4 2.9074616 2.9074616 2.9074616 2.9074616
"I.14.3.csv"	3	-0.00048912808
4 1 2.9074616 0.77588742 1.109107 4.795993 4.1856254 0.99797908 0.5215219 0.089972473 11 0 0 0 0.056237949 0 1 1 103853.93 4 2.9074616 2.9074616 2.9074616 2.9074616
"I.14.3.csv"	1	-0.00048912808
4 1 2.9074616 0.77588742 1.109107 4.795993 4.1856254 0.99797908 0.5215219 0.089972473 11 0 0 0 0.056237949 0 1 1 103853.93 4 2.9074616 2.9074616 2.9074616 2.9074616
"I.14.3.csv"	12	-0.00048912808
4 1 2.9074616 0.77588742 1.109107 4.795993 4.1856254 0.99797908 0.5215219 0.089972473 11 0 0 0 0.056237949 0 1 1 103853.93 4 2.9074616 2.9074616 2.9074616 2.9074616
"I.14.3.csv"	2	-0.00048912808
4 1 2.9074616 0.77588742 1.109107 4.795993 4.1856254 0.99797908 0.5215219 0.089972473 11 0 0 0 0.056237949 0 1 1 103853.93 4 2.9074616 2.9074616 2.9074616 2.9074616
"I.14.3.csv"	17	0.00027845453
4 1 2.9074616 0.77588742 1.109107 4.795993 4.1856254 0.99797908 0.5215219 0.089972473 11 0 0 0 0.056237949 0 1 1 103853.93 4 2.9074616 2.9074616 2.9074616 2.9074616
"I.14.3.csv"	19	-0.00048912808
4 1 2.9074616 0.77588742 1.109107 4.795993 4.1856254 0.99797908 0.5215219 0.089972473 11 0 0 0 0.056237949 0 1 1 103853.93 4 2.9074616 2.9074616 2.9074616 2.9074616
"I.14.3.csv"	19	-0.00048912808
4 1 2.9074616 0.77588742 1.109107 4.795993 4.1856254 0.99797908 0.5215219 0.089972473 11 0 0 0 0.056237949 0 1 1 103853.93 4 2.9074616 2.9074616 2.9074616 2.9074616
"I.14.3.csv"	19	-0.00048912808
4 1 2.9074616 0.77588742 1.109107 4.795993 4.1856254 0.99797908 0.5215219 0.089972473 11 0 0 0 0.056237949 0 1 1 103853.93 4 2.9074616 2.9074616 2.9074616 2.9074616
"I.14.3.csv"	19	-0.00048912808
4 1 2.9074616 0.77588742 1.109107 4.795993 4.1856254 0.99797908 0.5215219 0.089972473 11 0 0 0 0.056237949 0 1 1 103853.93 4 2.9074616 2.9074616 2.9074616 2.9074616
"I.14.3.csv"	19	0.000288984
4 1 2.9074616 0.77588742 1.109107 4.795993 4.1856254 0.99797908 0.5215219 0.089972473 11 0 0 0 0.056237949 0 1 1 103853.93 4 2.9074616 2.9074616 2.9074616 2.9074616
"I.14.3.csv"	19	-0.00048912808
4 1 2.9074616 0.77588742 1.109107 4.795993 4.1856254 0.99797908 0.5215219 0.089972473 11 0 0 0 0.056237949 0 1 1 103853.93 4 2.9074616 2.9074616 2.9074616 2.9074616
"I.15.3.csv"	1	-0.0062469605
2 1 0.025554206 0.1710316 -0.850368 0.825208 4.0515944 0.99115571 0.3919805 0.93523596 3 1 0 0 0.011762934 0 1 0 206435.25 4 0.025554206 0.025554206 0.025554206 0.025554206
"I.15.3.csv"	12	-0.0062469605
2 1 0.025554206 0.1710316 -0.850368 0.825208 4.0515944 0.99115571 0.3919805 0.93523596 3 1 0 0 0.011762934 0 1 0 206435.25 4 0.025554206 0.025554206 0.025554206 0.025554206
"I.15.3.csv"	2	0.00016883577
2 1 0.025554206 0.1710316 -0.850368 0.825208 4.0515944 0.99115571 0.3919805 0.93523596 3 1 0 0 0.011762934 0 1 0 206435.25 4 0.025554206 0.025554206 0.025554206 0.025554206
"I.15.3.csv"	21	-8.2778642e-05
2 1 0.025554206 0.1710316 -0.850368 0.825208 4.0515944 0.99115571 0.3919805 0.93523596 3 1 0 0 0.011762934 0 1 0 206435.25 4 0.025554206 0.025554206 0.025554206 0.025554206
"I.15.3.csv"	3	-8.2778642e-05
2 1 0.025554206 0.1710316 -0.850368 0.825208 4.0515944 0.99115571 0.3919805 0.93523596 3 1 0 0 0.011762934 0 1 0 206435.25 4 0.025554206 0.025554206 0.025554206 0.025554206
"I.15.3.csv"	12	-8.2778642e-05
2 1 0.025554206 0.1710316 -0.850368 0.825208 4.0515944 0.99115571 0.3919805 0.93523596 3 1 0 0 0.011762934 0 1 0 206435.25 4 0.025554206 0.025554206 0.025554206 0.025554206
"I.15.3.csv"	17	-8.2778642e-05
2 1 0.025554206 0.1710316 -0.850368 0.825208 4.0515944 0.99115571 0.3919805 0.93523596 3 1 0 0 0.011762934 0 1 0 206435.25 4 0.025554206 0.025554206 0.025554206 0.025554206
"I.15.3.csv"	17	-8.2778642e-05
2 1 0.025554206 0.1710316 -0.850368 0.825208 4.0515944 0.99115571 0.3919805 0.93523596 3 1 0 0 0.011762934 0 1 0 206435.25 4 0.025554206 0.025554206 0.025554206 0.025554206
"I.15.3.csv"	4	-8.2778642e-05
2 1 0.025554206 0.1710316 -0.850368 0.825208 4.0515944 0.99115571 0.3919805 0.93523596 3 1 0 0 0.011762934 0 1 0 206435.25 4 0.025554206 0.025554206 0.025554206 0.025554206
"I.15.3.csv"	2	-8.2778642e-05
2 1 0.025554206 0.1710316 -0.850368 0.825208 4.0515944 0.99115571 0.3919805 0.93523596 3 1 0 0 0.011762934 0 1 0 206435.25 4 0.025554206 0.025554206 0.025554206 0.025554206
"I.15.10.csv"	12	-0.00049535853
2 1 0.76914304 0.031307175 0.207361 0.991983 4.4344376 0.99982337 1.1500491 1.0050371 5 0 0 0 0.069111716 0 1 1 35711.333 4 0.76914304 0.76914304 0.76914304 0.76914304
"I.15.10.csv"	1	-0.00049535853
2 1 0.76914304 0.031307175 0.207361 0.991983 4.4344376 0.99982337 1.1500491 1.0050371 5 0 0 0 0.069111716 0 1 1 35711.333 4 0.76914304 0.76914304 0.76914304 0.76914304
"I.15.10.csv"	21	1.4327998e-06
2 1 0.76914304 0.031307175 0.207361 0.991983 4.4344376 0.99982337 1.1500491 1.0050371 5 0 0 0 0.069111716 0 1 1 35711.333 4 0.76914304 0.76914304 0.76914304 0.76914304
"I.15.10.csv"	12	-1.8890087e-05
2 1 0.76914304 0.031307175 0.207361 0.991983 4.4344376 0.99982337 1.1500491 1.0050371 5 0 0 0 0.069111716 0 1 1 35711.333 4 0.76914304 0.76914304 0.76914304 0.76914304
"I.15.10.csv"	21	-4.885272e-06
2 1 0.76914304 0.031307175 0.207361 0.991983 4.4344376 0.99982337 1.1500491 1.0050371 5 0 0 0 0.069111716 0 1 1 35711.333 4 0.76914304 0.76914304 0.76914304 0.76914304
"I.15.10.csv"	3	-4.885272e-06
2 1 0.76914304 0.031307175 0.207361 0.991983 4.4344376 0.99982337 1.1500491 1.0050371 5 0 0 0 0.069111716 0 1 1 35711.333 4 0.76914304 0.76914304 0.76914304 0.76914304
"I.15.10.csv"	12	-4.885272e-06
2 1 0.76914304 0.031307175 0.207361 0.991983 4.4344376 0.99982337 1.1500491 1.0050371 5 0 0 0 0.069111716 0 1 1 35711.333 4 0.76914304 0.76914304 0.76914304 0.76914304
"I.15.10.csv"	4	-4.885272e-06
2 1 0.76914304 0.031307175 0.207361 0.991983 4.4344376 0.99982337 1.1500491 1.0050371 5 0 0 0 0.069111716 0 1 1 35711.333 4 0.76914304 0.76914304 0.76914304 0.76914304
"I.15.10.csv"	2	-4.885272e-06
2 1 0.76914304 0.031307175 0.207361 0.991983 4.4344376 0.99982337 1.1500491 1.0050371 5 0 0 0 0.069111716 0 1 1 35711.333 4 0.76914304 0.76914304 0.76914304 0.76914304
"I.18.4.csv"	1	-0.49659028
3 1 3.8898177 8.3569575 0.27381 15.572249 5.2920388 0.97302998 2.0332923 0.57136964 6 0 0 0 0.10575565 0 1 1 240239.67 4 3.8898177 3.8898177 3.8898177 3.8898177
"I.18.4.csv"	12	-0.49659028
3 1 3.8898177 8.3569575 0.27381 15.572249 5.2920388 0.97302998 2.0332923 0.57136964 6 0 0 0 0.10575565 0 1 1 240239.67 4 3.8898177 3.8898177 3.8898177 3.8898177
"I.18.14.csv"	19	2.1428305
3 1 16.249432 26.752155 2.634911 20 3.3573578 0.92150229 11.138443 0.90922277 8 0 0 0 0.10543857 1 1 1 198346.63 4 16.249432 16.249432 16.249432 16.249432
"I.18.14.csv"	19	-15.525858
3 1 16.249432 26.752155 2.634911 20 3.3573578 0.92150229 11.138443 0.90922277 8 0 0 0 0.10543857 1 1 1 198346.63 4 16.249432 16.249432 16.249432 16.249432
"I.18.14.csv"	19	-15.525858
3 1 16.249432 26.752155 2.634911 20 3.3573578 0.92150229 11.138443 0.90922277 8 0 0 0 0.10543857 1 1 1 198346.63 4 16.249432 16.249432 16.249432 16.249432
"I.18.14.csv"	21	-0.051413256
3 1 16.249432 26.752155 2.634911 20 3.3573578 0.92150229 11.138443 0.90922277 8 0 0 0 0.10543857 1 1 1 198346.63 4 16.249432 16.249432 16.249432 16.249432
"I.18.14.csv"	3	-0.051413256
3 1 16.249432 26.752155 2.634911 20 3.3573578 0.92150229 11.138443 0.90922277 8 0 0 0 0.10543857 1 1 1 198346.63 4 16.249432 16.249432 16.249432 16.249432
"I.18.14.csv"	4	-0.051413256
3 1 16.249432 26.752155 2.634911 20 3.3573578 0.92150229 11.138443 0.90922277 8 0 0 0 0.10543857 1 1 1 198346.63 4 16.249432 16.249432 16.249432 16.249432
"I.18.14.csv"	17	-0.051413256
3 1 16.249432 26.752155 2.634911 20 3.3573578 0.92150229 11.138443 0.90922277 8 0 0 0 0.10543857 1 1 1 198346.63 4 16.249432 16.249432 16.249432 16.249432
"I.18.14.csv"	17	-0.051413256
3 1 16.249432 26.752155 2.634911 20 3.3573578 0.92150229 11.138443 0.90922277 8 0 0 0 0.10543857 1 1 1 198346.63 4 16.249432 16.249432 16.249432 16.249432
"I.18.14.csv"	19	-0.051413256
3 1 16.249432 26.752155 2.634911 20 3.3573578 0.92150229 11.138443 0.90922277 8 0 0 0 0.10543857 1 1 1 198346.63 4 16.249432 16.249432 16.249432 16.249432
"I.18.14.csv"	19	-0.051413256
3 1 16.249432 26.752155 2.634911 20 3.3573578 0.92150229 11.138443 0.90922277 8 0 0 0 0.10543857 1 1 1 198346.63 4 16.249432 16.249432 16.249432 16.249432
"I.18.14.csv"	19	-0.051413256
3 1 16.249432 26.752155 2.634911 20 3.3573578 0.92150229 11.138443 0.90922277 8 0 0 0 0.10543857 1 1 1 198346.63 4 16.249432 16.249432 16.249432 16.249432
"I.18.14.csv"	19	-0.051413256
3 1 16.249432 26.752155 2.634911 20 3.3573578 0.92150229 11.138443 0.90922277 8 0 0 0 0.10543857 1 1 1 198346.63 4 16.249432 16.249432 16.249432 16.249432
"I.18.14.csv"	19	-0.051413256
3 1 16.249432 26.752155 2.634911 20 3.3573578 0.92150229 11.138443 0.90922277 8 0 0 0 0.10543857 1 1 1 198346.63 4 16.249432 16.249432 16.249432 16.249432
"I.18.14.csv"	19	-0.051413256
3 1 16.249432 26.752155 2.634911 20 3.3573578 0.92150229 11.138443 0.90922277 8 0 0 0 0.10543857 1 1 1 198346.63 4 16.249432 16.249432 16.249432 16.249432
"I.18.14.csv"	19	-0.051413256
3 1 16.249432 26.752155 2.634911 20 3.3573578 0.92150229 11.138443 0.90922277 8 0 0 0 0.10543857 1 1 1 198346.63 4 16.249432 16.249432 16.249432 16.249432
"I.18.14.csv"	19	-0.051413256
3 1 16.249432 26.752155 2.634911 20 3.3573578 0.92150229 11.138443 0.90922277 8 0 0 0 0.10543857 1 1 1 198346.63 4 16.249432 16.249432 16.249432 16.249432
"I.18.14.csv"	19	-0.051413256
3 1 16.249432 26.752155 2.634911 20 3.3573578 0.92150229 11.138443 0.90922277 8 0 0 0 0.10543857 1 1 1 198346.63 4 16.249432 16.249432 16.249432 16.249432
"I.18.14.csv"	21	-0.033754032
3 1 16.249432 26.752155 2.634911 20 3.3573578 0.92150229 11.138443 0.90922277 8 0 0 0 0.10543857 1 1 1 198346.63 4 16.249432 16.249432 16.249432 16.249432
"I.18.14.csv"	3	-0.033754032
3 1 16.249432 26.752155 2.634911 20 3.3573578 0.92150229 11.138443 0.90922277 8 0 0 0 0.10543857 1 1 1 198346.63 4 16.249432 16.249432 16.249432 16.249432
"I.18.14.csv"	4	-0.033754032
3 1 16.249432 26.752155 2.634911 20 3.3573578 0.92150229 11.138443 0.90922277 8 0 0 0 0.10543857 1 1 1 198346.63 4 16.249432 16.249432 16.249432 16.249432
"I.18.14.csv"	17	-0.033754032
3 1 16.249432 26.752155 2.634911 20 3.3573578 0.92150229 11.138443 0.90922277 8 0 0 0 0.10543857 1 1 1 198346.63 4 16.249432 16.249432 16.249432 16.249432
"I.18.14.csv"	17	-0.033754032
3 1 16.249432 26.752155 2.634911 20 3.3573578 0.92150229 11.138443 0.90922277 8 0 0 0 0.10543857 1 1 1 198346.63 4 16.249432 16.249432 16.249432 16.249432
"I.18.14.csv"	19	-0.033754032
3 1 16.249432 26.752155 2.634911 20 3.3573578 0.92150229 11.138443 0.90922277 8 0 0 0 0.10543857 1 1 1 198346.63 4 16.249432 16.249432 16.249432 16.249432
"I.18.14.csv"	19	-0.033754032
3 1 16.249432 26.752155 2.634911 20 3.3573578 0.92150229 11.138443 0.90922277 8 0 0 0 0.10543857 1 1 1 198346.63 4 16.249432 16.249432 16.249432 16.249432
"I.18.14.csv"	19	-0.033754032
3 1 16.249432 26.752155 2.634911 20 3.3573578 0.92150229 11.138443 0.90922277 8 0 0 0 0.10543857 1 1 1 198346.63 4 16.249432 16.249432 16.249432 16.249432
"I.18.14.csv"	19	-0.033754032
3 1 16.249432 26.752155 2.634911 20 3.3573578 0.92150229 11.138443 0.90922277 8 0 0 0 0.10543857 1 1 1 198346.63 4 16.249432 16.249432 16.249432 16.249432
"I.18.14.csv"	19	-0.033754032
3 1 16.249432 26.752155 2.634911 20 3.3573578 0.92150229 11.138443 0.90922277 8 0 0 0 0.10543857 1 1 1 198346.63 4 16.249432 16.249432 16.249432 16.249432
"I.18.14.csv"	19	-0.033754032
3 1 16.249432 26.752155 2.634911 20 3.3573578 0.92150229 11.138443 0.90922277 8 0 0 0 0.10543857 1 1 1 198346.63 4 16.249432 16.249432 16.249432 16.249432
"I.18.14.csv"	19	-0.033754032
3 1 16.249432 26.752155 2.634911 20 3.3573578 0.92150229 11.138443 0.90922277 8 0 0 0 0.10543857 1 1 1 198346.63 4 16.249432 16.249432 16.249432 16.249432
"I.18.14.csv"	19	-0.033754032
3 1 16.249432 26.752155 2.634911 20 3.3573578 0.92150229 11.138443 0.90922277 8 0 0 0 0.10543857 1 1 1 198346.63 4 16.249432 16.249432 16.249432 16.249432
"I.18.14.csv"	19	-0.033754032
3 1 16.249432 26.752155 2.634911 20 3.3573578 0.92150229 11.138443 0.90922277 8 0 0 0 0.10543857 1 1 1 198346.63 4 16.249432 16.249432 16.249432 16.249432
"I.18.14.csv"	21	-0.025990641
3 1 16.249432 26.752155 2.634911 20 3.3573578 0.92150229 11.138443 0.90922277 8 0 0 0 0.10543857 1 1 1 198346.63 4 16.249432 16.249432 16.249432 16.249432
"I.18.14.csv"	3	-0.025990641
3 1 16.249432 26.752155 2.634911 20 3.3573578 0.92150229 11.138443 0.90922277 8 0 0 0 0.10543857 1 1 1 198346.63 4 16.249432 16.249432 16.249432 16.249432
"I.18.14.csv"	4	-0.025990641
3 1 16.249432 26.752155 2.634911 20 3.3573578 0.92150229 11.138443 0.90922277 8 0 0 0 0.10543857 1 1 1 198346.63 4 16.249432 16.249432 16.249432 16.249432
"I.18.14.csv"	17	-0.025990641
3 1 16.249432 26.752155 2.634911 20 3.3573578 0.92150229 11.138443 0.90922277 8 0 0 0 0.10543857 1 1 1 198346.63 4 16.249432 16.249432 16.249432 16.249432
"I.18.14.csv"	17	-0.025990641
3 1 16.249432 26.752155 2.634911 20 3.3573578 0.92150229 11.138443 0.90922277 8 0 0 0 0.10543857 1 1 1 198346.63 4 16.249432 16.249432 16.249432 16.249432
"I.18.14.csv"	19	-0.025990641
3 1 16.249432 26.752155 2.634911 20 3.3573578 0.92150229 11.138443 0.90922277 8 0 0 0 0.10543857 1 1 1 198346.63 4 16.249432 16.249432 16.249432 16.249432
"I.18.14.csv"	19	-0.025990641
3 1 16.249432 26.752155 2.634911 20 3.3573578 0.92150229 11.138443 0.90922277 8 0 0 0 0.10543857 1 1 1 198346.63 4 16.249432 16.249432 16.249432 16.249432
"I.18.14.csv"	19	-0.025990641
3 1 16.249432 26.752155 2.634911 20 3.3573578 0.92150229 11.138443 0.90922277 8 0 0 0 0.10543857 1 1 1 198346.63 4 16.249432 16.249432 16.249432 16.249432
"I.18.14.csv"	19	-0.025990641
3 1 16.249432 26.752155 2.634911 20 3.3573578 0.92150229 11.138443 0.90922277 8 0 0 0 0.10543857 1 1 1 198346.63 4 16.249432 16.249432 16.249432 16.249432
"I.18.14.csv"	19	-0.025990641
3 1 16.249432 26.752155 2.634911 20 3.3573578 0.92150229 11.138443 0.90922277 8 0 0 0 0.10543857 1 1 1 198346.63 4 16.249432 16.249432 16.249432 16.249432
"I.18.14.csv"	19	-0.025990641
3 1 16.249432 26.752155 2.634911 20 3.3573578 0.92150229 11.138443 0.90922277 8 0 0 0 0.10543857 1 1 1 198346.63 4 16.249432 16.249432 16.249432 16.249432
"I.18.14.csv"	19	-0.025990641
3 1 16.249432 26.752155 2.634911 20 3.3573578 0.92150229 11.138443 0.90922277 8 0 0 0 0.10543857 1 1 1 198346.63 4 16.249432 16.249432 16.249432 16.249432
"I.18.14.csv"	19	-0.025990641
3 1 16.249432 26.752155 2.634911 20 3.3573578 0.92150229 11.138443 0.90922277 8 0 0 0 0.10543857 1 1 1 198346.63 4 16.249432 16.249432 16.249432 16.249432
"I.18.14.csv"	19	-0.025990641
3 1 16.249432 26.752155 2.634911 20 3.3573578 0.92150229 11.138443 0.90922277 8 0 0 0 0.10543857 1 1 1 198346.63 4 16.249432 16.249432 16.249432 16.249432
"I.24.6.csv"	3	8.5198548e-05
2 1 2.4228393 1.203977 0.398689 4.843929 4.0512226 0.99420281 2.5043698 2.5924898 4 1 1 1 -0.039363036 0 1 1 1372371 4 2.4228393 2.4228393 2.4228393 2.4228393
"I.24.6.csv"	1	-0.066714275
2 1 2.4228393 1.203977 0.398689 4.843929 4.0512226 0.99420281 2.5043698 2.5924898 4 1 1 1 -0.039363036 0 1 1 1372371 4 2.4228393 2.4228393 2.4228393 2.4228393
"I.24.6.csv"	12	-0.066714275
2 1 2.4228393 1.203977 0.398689 4.843929 4.0512226 0.99420281 2.5043698 2.5924898 4 1 1 1 -0.039363036 0 1 1 1372371 4 2.4228393 2.4228393 2.4228393 2.4228393
"I.24.6.csv"	21	-0.00027040208
2 1 2.4228393 1.203977 0.398689 4.843929 4.0512226 0.99420281 2.5043698 2.5924898 4 1 1 1 -0.039363036 0 1 1 1372371 4 2.4228393 2.4228393 2.4228393 2.4228393
"I.24.6.csv"	3	-0.00027040208
2 1 2.4228393 1.203977 0.398689 4.843929 4.0512226 0.99420281 2.5043698 2.5924898 4 1 1 1 -0.039363036 0 1 1 1372371 4 2.4228393 2.4228393 2.4228393 2.4228393
"I.24.6.csv"	1	-0.00027040208
2 1 2.4228393 1.203977 0.398689 4.843929 4.0512226 0.99420281 2.5043698 2.5924898 4 1 1 1 -0.039363036 0 1 1 1372371 4 2.4228393 2.4228393 2.4228393 2.4228393
"I.24.6.csv"	12	-0.00027040208
2 1 2.4228393 1.203977 0.398689 4.843929 4.0512226 0.99420281 2.5043698 2.5924898 4 1 1 1 -0.039363036 0 1 1 1372371 4 2.4228393 2.4228393 2.4228393 2.4228393
"I.24.6.csv"	4	-0.00027040208
2 1 2.4228393 1.203977 0.398689 4.843929 4.0512226 0.99420281 2.5043698 2.5924898 4 1 1 1 -0.039363036 0 1 1 1372371 4 2.4228393 2.4228393 2.4228393 2.4228393
"I.24.6.csv"	2	-0.00027040208
2 1 2.4228393 1.203977 0.398689 4.843929 4.0512226 0.99420281 2.5043698 2.5924898 4 1 1 1 -0.039363036 0 1 1 1372371 4 2.4228393 2.4228393 2.4228393 2.4228393
"I.25.9.csv"	1	-0.019264572
2 1 1.3753652 0.22168981 0.607371 2.444098 3.9009622 0.99809271 0.26456261 0.084168347 5 0 0 0 0.035550894 1 1 1 522838.5 4 1.3753652 1.3753652 1.3753652 1.3753652
"I.25.9.csv"	12	-0.019264572
2 1 1.3753652 0.22168981 0.607371 2.444098 3.9009622 0.99809271 0.26456261 0.084168347 5 0 0 0 0.035550894 1 1 1 522838.5 4 1.3753652 1.3753652 1.3753652 1.3753652
"I.25.9.csv"	14	2.7935725e-05
2 1 1.3753652 0.22168981 0.607371 2.444098 3.9009622 0.99809271 0.26456261 0.084168347 5 0 0 0 0.035550894 1 1 1 522838.5 4 1.3753652 1.3753652 1.3753652 1.3753652
"I.25.9.csv"	4	-9.2851847e-05
2 1 1.3753652 0.22168981 0.607371 2.444098 3.9009622 0.99809271 0.26456261 0.084168347 5 0 0 0 0.035550894 1 1 1 522838.5 4 1.3753652 1.3753652 1.3753652 1.3753652
"I.25.9.csv"	21	-9.2851847e-05
2 1 1.3753652 0.22168981 0.607371 2.444098 3.9009622 0.99809271 0.26456261 0.084168347 5 0 0 0 0.035550894 1 1 1 522838.5 4 1.3753652 1.3753652 1.3753652 1.3753652
"I.25.9.csv"	3	-9.2851847e-05
2 1 1.3753652 0.22168981 0.607371 2.444098 3.9009622 0.99809271 0.26456261 0.084168347 5 0 0 0 0.035550894 1 1 1 522838.5 4 1.3753652 1.3753652 1.3753652 1.3753652
"I.25.9.csv"	1	-9.2851847e-05
2 1 1.3753652 0.22168981 0.607371 2.444098 3.9009622 0.99809271 0.26456261 0.084168347 5 0 0 0 0.035550894 1 1 1 522838.5 4 1.3753652 1.3753652 1.3753652 1.3753652
"I.25.9.csv"	12	-9.2851847e-05
2 1 1.3753652 0.22168981 0.607371 2.444098 3.9009622 0.99809271 0.26456261 0.084168347 5 0 0 0 0.035550894 1 1 1 522838.5 4 1.3753652 1.3753652 1.3753652 1.3753652
"I.25.9.csv"	17	-9.2851847e-05
2 1 1.3753652 0.22168981 0.607371 2.444098 3.9009622 0.99809271 0.26456261 0.084168347 5 0 0 0 0.035550894 1 1 1 522838.5 4 1.3753652 1.3753652 1.3753652 1.3753652
"I.25.9.csv"	2	-9.2851847e-05
2 1 1.3753652 0.22168981 0.607371 2.444098 3.9009622 0.99809271 0.26456261 0.084168347 5 0 0 0 0.035550894 1 1 1 522838.5 4 1.3753652 1.3753652 1.3753652 1.3753652
"I.29.16.csv"	19	0.026260697
3 1 0.56533056 2.3955166 -2.877677 2.870823 3.7141115 0.51286016 3.7231024 0.83003132 8 0 0 0 0.41447171 1 1 0 1816652 4 0.56533056 0.56533056 0.56533056 0.56533056
"I.29.16.csv"	4	0.0013405919
3 1 0.56533056 2.3955166 -2.877677 2.870823 3.7141115 0.51286016 3.7231024 0.83003132 8 0 0 0 0.41447171 1 1 0 1816652 4 0.56533056 0.56533056 0.56533056 0.56533056
"I.29.16.csv"	1	0.0085954287
3 1 0.56533056 2.3955166 -2.877677 2.870823 3.7141115 0.51286016 3.7231024 0.83003132 8 0 0 0 0.41447171 1 1 0 1816652 4 0.56533056 0.56533056 0.56533056 0.56533056
"I.29.16.csv"	2	0.0025213032
3 1 0.56533056 2.3955166 -2.877677 2.870823 3.7141115 0.51286016 3.7231024 0.83003132 8 0 0 0 0.41447171 1 1 0 1816652 4 0.56533056 0.56533056 0.56533056 0.56533056
"I.29.16.csv"	12	-0.18447037
3 1 0.56533056 2.3955166 -2.877677 2.870823 3.7141115 0.51286016 3.7231024 0.83003132 8 0 0 0 0.41447171 1 1 0 1816652 4 0.56533056 0.56533056 0.56533056 0.56533056
"I.29.16.csv"	23	0.011077547
3 1 0.56533056 2.3955166 -2.877677 2.870823 3.7141115 0.51286016 3.7231024 0.83003132 8 0 0 0 0.41447171 1 1 0 1816652 4 0.56533056 0.56533056 0.56533056 0.56533056
"I.29.16.csv"	23	0.011077547
3 1 0.56533056 2.3955166 -2.877677 2.870823 3.7141115 0.51286016 3.7231024 0.83003132 8 0 0 0 0.41447171 1 1 0 1816652 4 0.56533056 0.56533056 0.56533056 0.56533056
"I.32.8.csv"	21	0.18844596
3 1 5.2208607 43.643478 0.051101 20 3.0196684 0.9364675 9.997737 2.808119 6 0 0 0 0.065999286 1 1 1 1177684.4 4 5.2208607 5.2208607 5.2208607 5.2208607
"I.32.8.csv"	19	-5.6690521
3 1 5.2208607 43.643478 0.051101 20 3.0196684 0.9364675 9.997737 2.808119 6 0 0 0 0.065999286 1 1 1 1177684.4 4 5.2208607 5.2208607 5.2208607 5.2208607
"I.32.8.csv"	19	-5.6690521
3 1 5.2208607 43.643478 0.051101 20 3.0196684 0.9364675 9.997737 2.808119 6 0 0 0 0.065999286 1 1 1 1177684.4 4 5.2208607 5.2208607 5.2208607 5.2208607
"I.32.8.csv"	19	-5.6690521
3 1 5.2208607 43.643478 0.051101 20 3.0196684 0.9364675 9.997737 2.808119 6 0 0 0 0.065999286 1 1 1 1177684.4 4 5.2208607 5.2208607 5.2208607 5.2208607
"I.32.8.csv"	19	-0.28324814
3 1 5.2208607 43.643478 0.051101 20 3.0196684 0.9364675 9.997737 2.808119 6 0 0 0 0.065999286 1 1 1 1177684.4 4 5.2208607 5.2208607 5.2208607 5.2208607
"I.32.8.csv"	4	0.027955518
3 1 5.2208607 43.643478 0.051101 20 3.0196684 0.9364675 9.997737 2.808119 6 0 0 0 0.065999286 1 1 1 1177684.4 4 5.2208607 5.2208607 5.2208607 5.2208607
"I.32.8.csv"	17	0.031113597
3 1 5.2208607 43.643478 0.051101 20 3.0196684 0.9364675 9.997737 2.808119 6 0 0 0 0.065999286 1 1 1 1177684.4 4 5.2208607 5.2208607 5.2208607 5.2208607
"I.32.8.csv"	17	0.042328706
3 1 5.2208607 43.643478 0.051101 20 3.0196684 0.9364675 9.997737 2.808119 6 0 0 0 0.065999286 1 1 1 1177684.4 4 5.2208607 5.2208607 5.2208607 5.2208607
"I.32.8.csv"	21	0.030398577
3 1 5.2208607 43.643478 0.051101 20 3.0196684 0.9364675 9.997737 2.808119 6 0 0 0 0.065999286 1 1 1 1177684.4 4 5.2208607 5.2208607 5.2208607 5.2208607
"I.32.8.csv"	3	0.013663391
3 1 5.2208607 43.643478 0.051101 20 3.0196684 0.9364675 9.997737 2.808119 6 0 0 0 0.065999286 1 1 1 1177684.4 4 5.2208607 5.2208607 5.2208607 5.2208607
"I.32.8.csv"	19	0.037705339
3 1 5.2208607 43.643478 0.051101 20 3.0196684 0.9364675 9.997737 2.808119 6 0 0 0 0.065999286 1 1 1 1177684.4 4 5.2208607 5.2208607 5.2208607 5.2208607
"I.32.8.csv"	19	0.038492664
3 1 5.2208607 43.643478 0.051101 20 3.0196684 0.9364675 9.997737 2.808119 6 0 0 0 0.065999286 1 1 1 1177684.4 4 5.2208607 5.2208607 5.2208607 5.2208607
"I.32.8.csv"	19	0.037380283
3 1 5.2208607 43.643478 0.051101 20 3.0196684 0.9364675 9.997737 2.808119 6 0 0 0 0.065999286 1 1 1 1177684.4 4 5.2208607 5.2208607 5.2208607 5.2208607
"I.32.8.csv"	19	0.033310995
3 1 5.2208607 43.643478 0.051101 20 3.0196684 0.9364675 9.997737 2.808119 6 0 0 0 0.065999286 1 1 1 1177684.4 4 5.2208607 5.2208607 5.2208607 5.2208607
"I.32.8.csv"	19	0.027552415
3 1 5.2208607 43.643478 0.051101 20 3.0196684 0.9364675 9.997737 2.808119 6 0 0 0 0.065999286 1 1 1 1177684.4 4 5.2208607 5.2208607 5.2208607 5.2208607
"I.32.8.csv"	19	0.0376001
3 1 5.2208607 43.643478 0.051101 20 3.0196684 0.9364675 9.997737 2.808119 6 0 0 0 0.065999286 1 1 1 1177684.4 4 5.2208607 5.2208607 5.2208607 5.2208607
"I.32.8.csv"	19	0.030686975
3 1 5.2208607 43.643478 0.051101 20 3.0196684 0.9364675 9.997737 2.808119 6 0 0 0 0.065999286 1 1 1 1177684.4 4 5.2208607 5.2208607 5.2208607 5.2208607
"I.32.8.csv"	19	0.036862277
3 1 5.2208607 43.643478 0.051101 20 3.0196684 0.9364675 9.997737 2.808119 6 0 0 0 0.065999286 1 1 1 1177684.4 4 5.2208607 5.2208607 5.2208607 5.2208607
"I.32.8.csv"	19	0.036262743
3 1 5.2208607 43.643478 0.051101 20 3.0196684 0.9364675 9.997737 2.808119 6 0 0 0 0.065999286 1 1 1 1177684.4 4 5.2208607 5.2208607 5.2208607 5.2208607
"I.34.6.csv"	-1	7.1450207e-06
1 1 0.59944817 0.04867178 0.230261 0.993115 3.4578234 0.99923413 0.80971589 0.010409662 2 0 0 0 0 1 0 1 1.200931 0
"I.34.6.csv"	3	1.0117672e-05
1 1 0.59944817 0.04867178 0.230261 0.993115 3.4578234 0.99923413 0.80971589 0.010409662 2 0 0 0 0 1 0 1 1.200931 0
"I.34.6.csv"	1	-6.0567687e-05
1 1 0.59944817 0.04867178 0.230261 0.993115 3.4578234 0.99923413 0.80971589 0.010409662 2 0 0 0 0 1 0 1 1.200931 0
"I.34.6.csv"	12	-6.0567687e-05
1 1 0.59944817 0.04867178 0.230261 0.993115 3.4578234 0.99923413 0.80971589 0.010409662 2 0 0 0 0 1 0 1 1.200931 0
"I.34.6.csv"	4	2.6986097e-06
1 1 0.59944817 0.04867178 0.230261 0.993115 3.4578234 0.99923413 0.80971589 0.010409662 2 0 0 0 0 1 0 1 1.200931 0
"I.34.6.csv"	2	3.1278151e-06
1 1 0.59944817 0.04867178 0.230261 0.993115 3.4578234 0.99923413 0.80971589 0.010409662 2 0 0 0 0 1 0 1 1.200931 0
"I.43.27.csv"	4	0.00017487016
3 1 0.32244684 0.13223162 0.023461 2.081689 5.6601225 0.93035387 1.1341789 0.17363026 5 0 0 0 0.1221127 0 1 1 30088.75 4 0.32244684 0.32244684 0.32244684 0.32244684
"I.43.27.csv"	19	0.00013295478
3 1 0.32244684 0.13223162 0.023461 2.081689 5.6601225 0.93035387 1.1341789 0.17363026 5 0 0 0 0.1221127 0 1 1 30088.75 4 0.32244684 0.32244684 0.32244684 0.32244684
"I.43.27.csv"	19	0.001801685
3 1 0.32244684 0.13223162 0.023461 2.081689 5.6601225 0.93035387 1.1341789 0.17363026 5 0 0 0 0.1221127 0 1 1 30088.75 4 0.32244684 0.32244684 0.32244684 0.32244684
"I.47.23.csv"	4	0.0002423962
2 1 1.0381841 0.11173876 0.472179 2.08782 4.8332909 0.99229898 0.43291467 0.055661812 4 0 0 0 0.043725647 0 1 1 77803.8 4 1.0381841 1.0381841 1.0381841 1.0381841
"I.47.23.csv"	3	0.00010814626
2 1 1.0381841 0.11173876 0.472179 2.08782 4.8332909 0.99229898 0.43291467 0.055661812 4 0 0 0 0.043725647 0 1 1 77803.8 4 1.0381841 1.0381841 1.0381841 1.0381841
"I.47.23.csv"	1	-0.0038592204
2 1 1.0381841 0.11173876 0.472179 2.08782 4.8332909 0.99229898 0.43291467 0.055661812 4 0 0 0 0.043725647 0 1 1 77803.8 4 1.0381841 1.0381841 1.0381841 1.0381841
"I.47.23.csv"	12	-0.0038592204
2 1 1.0381841 0.11173876 0.472179 2.08782 4.8332909 0.99229898 0.43291467 0.055661812 4 0 0 0 0.043725647 0 1 1 77803.8 4 1.0381841 1.0381841 1.0381841 1.0381841
"I.47.23.csv"	3	-1.1490562e-05
2 1 1.0381841 0.11173876 0.472179 2.08782 4.8332909 0.99229898 0.43291467 0.055661812 4 0 0 0 0.043725647 0 1 1 77803.8 4 1.0381841 1.0381841 1.0381841 1.0381841
"I.47.23.csv"	1	-1.1490562e-05
2 1 1.0381841 0.11173876 0.472179 2.08782 4.8332909 0.99229898 0.43291467 0.055661812 4 0 0 0 0.043725647 0 1 1 77803.8 4 1.0381841 1.0381841 1.0381841 1.0381841
"I.47.23.csv"	12	-1.1490562e-05
2 1 1.0381841 0.11173876 0.472179 2.08782 4.8332909 0.99229898 0.43291467 0.055661812 4 0 0 0 0.043725647 0 1 1 77803.8 4 1.0381841 1.0381841 1.0381841 1.0381841
"II.11.27.csv"	4	-1.3640812
3 1 5.2457093 16.355152 0.367316 20 4.8545881 0.98791937 9.2665215 2.9638506 6 0 0 0 0.13800945 0 1 1 153975.82 4 5.2457093 5.2457093 5.2457093 5.2457093
"II.11.27.csv"	21	0.069905345
3 1 5.2457093 16.355152 0.367316 20 4.8545881 0.98791937 9.2665215 2.9638506 6 0 0 0 0.13800945 0 1 1 153975.82 4 5.2457093 5.2457093 5.2457093 5.2457093
"II.11.27.csv"	1	-1.3640812
3 1 5.2457093 16.355152 0.367316 20 4.8545881 0.98791937 9.2665215 2.9638506 6 0 0 0 0.13800945 0 1 1 153975.82 4 5.2457093 5.2457093 5.2457093 5.2457093
"II.11.27.csv"	12	-1.3640812
3 1 5.2457093 16.355152 0.367316 20 4.8545881 0.98791937 9.2665215 2.9638506 6 0 0 0 0.13800945 0 1 1 153975.82 4 5.2457093 5.2457093 5.2457093 5.2457093
"II.11.27.csv"	2	-1.3640812
3 1 5.2457093 16.355152 0.367316 20 4.8545881 0.98791937 9.2665215 2.9638506 6 0 0 0 0.13800945 0 1 1 153975.82 4 5.2457093 5.2457093 5.2457093 5.2457093
"II.11.27.csv"	4	-0.007029445
3 1 5.2457093 16.355152 0.367316 20 4.8545881 0.98791937 9.2665215 2.9638506 6 0 0 0 0.13800945 0 1 1 153975.82 4 5.2457093 5.2457093 5.2457093 5.2457093
"II.11.27.csv"	3	-0.007029445
3 1 5.2457093 16.355152 0.367316 20 4.8545881 0.98791937 9.2665215 2.9638506 6 0 0 0 0.13800945 0 1 1 153975.82 4 5.2457093 5.2457093 5.2457093 5.2457093
"II.11.27.csv"	21	-0.007029445
3 1 5.2457093 16.355152 0.367316 20 4.8545881 0.98791937 9.2665215 2.9638506 6 0 0 0 0.13800945 0 1 1 153975.82 4 5.2457093 5.2457093 5.2457093 5.2457093
"II.11.27.csv"	12	-0.007029445
3 1 5.2457093 16.355152 0.367316 20 4.8545881 0.98791937 9.2665215 2.9638506 6 0 0 0 0.13800945 0 1 1 153975.82 4 5.2457093 5.2457093 5.2457093 5.2457093
"II.11.27.csv"	2	-0.007029445
3 1 5.2457093 16.355152 0.367316 20 4.8545881 0.98791937 9.2665215 2.9638506 6 0 0 0 0.13800945 0 1 1 153975.82 4 5.2457093 5.2457093 5.2457093 5.2457093
"II.11.27.csv"	17	-0.007029445
3 1 5.2457093 16.355152 0.367316 20 4.8545881 0.98791937 9.2665215 2.9638506 6 0 0 0 0.13800945 0 1 1 153975.82 4 5.2457093 5.2457093 5.2457093 5.2457093
"II.11.27.csv"	19	-0.007029445
3 1 5.2457093 16.355152 0.367316 20 4.8545881 0.98791937 9.2665215 2.9638506 6 0 0 0 0.13800945 0 1 1 153975.82 4 5.2457093 5.2457093 5.2457093 5.2457093
"II.11.27.csv"	19	-0.007029445
3 1 5.2457093 16.355152 0.367316 20 4.8545881 0.98791937 9.2665215 2.9638506 6 0 0 0 0.13800945 0 1 1 153975.82 4 5.2457093 5.2457093 5.2457093 5.2457093
"II.11.27.csv"	14	-0.001280803
3 1 5.2457093 16.355152 0.367316 20 4.8545881 0.98791937 9.2665215 2.9638506 6 0 0 0 0.13800945 0 1 1 153975.82 4 5.2457093 5.2457093 5.2457093 5.2457093
"II.11.27.csv"	4	-0.001280803
3 1 5.2457093 16.355152 0.367316 20 4.8545881 0.98791937 9.2665215 2.9638506 6 0 0 0 0.13800945 0 1 1 153975.82 4 5.2457093 5.2457093 5.2457093 5.2457093
"II.11.27.csv"	3	-0.001280803
3 1 5.2457093 16.355152 0.367316 20 4.8545881 0.98791937 9.2665215 2.9638506 6 0 0 0 0.13800945 0 1 1 153975.82 4 5.2457093 5.2457093 5.2457093 5.2457093
"II.11.27.csv"	21	-0.001280803
3 1 5.2457093 16.355152 0.367316 20 4.8545881 0.98791937 9.2665215 2.9638506 6 0 0 0 0.13800945 0 1 1 153975.82 4 5.2457093 5.2457093 5.2457093 5.2457093
"II.11.27.csv"	12	-0.001280803
3 1 5.2457093 16.355152 0.367316 20 4.8545881 0.98791937 9.2665215 2.9638506 6 0 0 0 0.13800945 0 1 1 153975.82 4 5.2457093 5.2457093 5.2457093 5.2457093
"II.11.27.csv"	2	-0.001280803
3 1 5.2457093 16.355152 0.367316 20 4.8545881 0.98791937 9.2665215 2.9638506 6 0 0 0 0.13800945 0 1 1 153975.82 4 5.2457093 5.2457093 5.2457093 5.2457093
"II.34.29a.csv"	1	-2.6697234
2 1 11.691659 44.571673 0.640203 20 2.8998219 0.92985298 8.7787677 0.73691696 4 0 0 0 0.082829967 1 1 1 151234.53 4 11.691659 11.691659 11.691659 11.691659
"II.34.29a.csv"	12	-2.6697234
2 1 11.691659 44.571673 0.640203 20 2.8998219 0.92985298 8.7787677 0.73691696 4 0 0 0 0.082829967 1 1 1 151234.53 4 11.691659 11.691659 11.691659 11.691659
"III.4.33.csv"	4	0.0073858701
2 1 2.2755705 3.806557 0.116787 9.814019 4.9702887 0.97164378 1.5049883 0.45181698 5 0 0 0 0.09428832 0 1 1 29561.532 4 2.2755705 2.2755705 2.2755705 2.2755705
"III.4.33.csv"	1	-0.13947239
2 1 2.2755705 3.806557 0.116787 9.814019 4.9702887 0.97164378 1.5049883 0.45181698 5 0 0 0 0.09428832 0 1 1 29561.532 4 2.2755705 2.2755705 2.2755705 2.2755705
"III.4.33.csv"	12	-0.13947239
2 1 2.2755705 3.806557 0.116787 9.814019 4.9702887 0.97164378 1.5049883 0.45181698 5 0 0 0 0.09428832 0 1 1 29561.532 4 2.2755705 2.2755705 2.2755705 2.2755705
"III.4.33.csv"	17	-0.00015679977
2 1 2.2755705 3.806557 0.116787 9.814019 4.9702887 0.97164378 1.5049883 0.45181698 5 0 0 0 0.09428832 0 1 1 29561.532 4 2.2755705 2.2755705 2.2755705 2.2755705
"III.4.33.csv"	17	-0.00015679977
2 1 2.2755705 3.806557 0.116787 9.814019 4.9702887 0.97164378 1.5049883 0.45181698 5 0 0 0 0.09428832 0 1 1 29561.532 4 2.2755705 2.2755705 2.2755705 2.2755705
"III.4.33.csv"	4	5.4521675e-05
2 1 2.2755705 3.806557 0.116787 9.814019 4.9702887 0.97164378 1.5049883 0.45181698 5 0 0 0 0.09428832 0 1 1 29561.532 4 2.2755705 2.2755705 2.2755705 2.2755705
"III.4.33.csv"	21	-0.00015679977
2 1 2.2755705 3.806557 0.116787 9.814019 4.9702887 0.97164378 1.5049883 0.45181698 5 0 0 0 0.09428832 0 1 1 29561.532 4 2.2755705 2.2755705 2.2755705 2.2755705
"III.4.33.csv"	2	-0.00015679977
2 1 2.2755705 3.806557 0.116787 9.814019 4.9702887 0.97164378 1.5049883 0.45181698 5 0 0 0 0.09428832 0 1 1 29561.532 4 2.2755705 2.2755705 2.2755705 2.2755705
"III.4.33.csv"	12	-0.00015679977
2 1 2.2755705 3.806557 0.116787 9.814019 4.9702887 0.97164378 1.5049883 0.45181698 5 0 0 0 0.09428832 0 1 1 29561.532 4 2.2755705 2.2755705 2.2755705 2.2755705
"III.4.33.csv"	1	-0.00015679977
2 1 2.2755705 3.806557 0.116787 9.814019 4.9702887 0.97164378 1.5049883 0.45181698 5 0 0 0 0.09428832 0 1 1 29561.532 4 2.2755705 2.2755705 2.2755705 2.2755705
"III.4.33.csv"	3	-0.00015679977
2 1 2.2755705 3.806557 0.116787 9.814019 4.9702887 0.97164378 1.5049883 0.45181698 5 0 0 0 0.09428832 0 1 1 29561.532 4 2.2755705 2.2755705 2.2755705 2.2755705
"III.10.19.csv"	3	0.0023182822
2 1 4.3370695 1.2220848 1.717497 6.895726 4.6841477 0.99954884 0.70940823 0.11131171 5 0 0 0 0.054891033 0 1 1 20285.376 4 4.3370695 4.3370695 4.3370695 4.3370695
"III.10.19.csv"	1	-0.024517274
2 1 4.3370695 1.2220848 1.717497 6.895726 4.6841477 0.99954884 0.70940823 0.11131171 5 0 0 0 0.054891033 0 1 1 20285.376 4 4.3370695 4.3370695 4.3370695 4.3370695
"III.10.19.csv"	12	-0.024517274
2 1 4.3370695 1.2220848 1.717497 6.895726 4.6841477 0.99954884 0.70940823 0.11131171 5 0 0 0 0.054891033 0 1 1 20285.376 4 4.3370695 4.3370695 4.3370695 4.3370695
"III.10.19.csv"	12	-0.00035473449
2 1 4.3370695 1.2220848 1.717497 6.895726 4.6841477 0.99954884 0.70940823 0.11131171 5 0 0 0 0.054891033 0 1 1 20285.376 4 4.3370695 4.3370695 4.3370695 4.3370695
"III.10.19.csv"	17	1.2321962e-05
2 1 4.3370695 1.2220848 1.717497 6.895726 4.6841477 0.99954884 0.70940823 0.11131171 5 0 0 0 0.054891033 0 1 1 20285.376 4 4.3370695 4.3370695 4.3370695 4.3370695
"I.48.20.csv"	4	0.0020520125
3 1 7.1178725 9.6424435 2.156104 15.293954 4.2308804 0.99980702 0.73649373 1.0424792 7 1 0 1 0.050828983 0 1 1 378863.91 4 7.1178725 7.1178725 7.1178725 7.1178725
"I.48.20.csv"	3	0.0053701726
3 1 7.1178725 9.6424435 2.156104 15.293954 4.2308804 0.99980702 0.73649373 1.0424792 7 1 0 1 0.050828983 0 1 1 378863.91 4 7.1178725 7.1178725 7.1178725 7.1178725
"I.48.20.csv"	1	-0.18221218
3 1 7.1178725 9.6424435 2.156104 15.293954 4.2308804 0.99980702 0.73649373 1.0424792 7 1 0 1 0.050828983 0 1 1 378863.91 4 7.1178725 7.1178725 7.1178725 7.1178725
"I.48.20.csv"	12	-0.18221218
3 1 7.1178725 9.6424435 2.156104 15.293954 4.2308804 0.99980702 0.73649373 1.0424792 7 1 0 1 0.050828983 0 1 1 378863.91 4 7.1178725 7.1178725 7.1178725 7.1178725
"I.48.20.csv"	19	0.015752569
3 1 7.1178725 9.6424435 2.156104 15.293954 4.2308804 0.99980702 0.73649373 1.0424792 7 1 0 1 0.050828983 0 1 1 378863.91 4 7.1178725 7.1178725 7.1178725 7.1178725
"I.48.20.csv"	19	-0.18221218
3 1 7.1178725 9.6424435 2.156104 15.293954 4.2308804 0.99980702 0.73649373 1.0424792 7 1 0 1 0.050828983 0 1 1 378863.91 4 7.1178725 7.1178725 7.1178725 7.1178725
"I.48.20.csv"	19	0.0039161163
3 1 7.1178725 9.6424435 2.156104 15.293954 4.2308804 0.99980702 0.73649373 1.0424792 7 1 0 1 0.050828983 0 1 1 378863.91 4 7.1178725 7.1178725 7.1178725 7.1178725
"I.48.20.csv"	4	-0.00050147439
3 1 7.1178725 9.6424435 2.156104 15.293954 4.2308804 0.99980702 0.73649373 1.0424792 7 1 0 1 0.050828983 0 1 1 378863.91 4 7.1178725 7.1178725 7.1178725 7.1178725
"I.48.20.csv"	21	-0.00050147439
3 1 7.1178725 9.6424435 2.156104 15.293954 4.2308804 0.99980702 0.73649373 1.0424792 7 1 0 1 0.050828983 0 1 1 378863.91 4 7.1178725 7.1178725 7.1178725 7.1178725
"I.48.20.csv"	12	-0.00050147439
3 1 7.1178725 9.6424435 2.156104 15.293954 4.2308804 0.99980702 0.73649373 1.0424792 7 1 0 1 0.050828983 0 1 1 378863.91 4 7.1178725 7.1178725 7.1178725 7.1178725
"I.48.20.csv"	1	-0.00050147439
3 1 7.1178725 9.6424435 2.156104 15.293954 4.2308804 0.99980702 0.73649373 1.0424792 7 1 0 1 0.050828983 0 1 1 378863.91 4 7.1178725 7.1178725 7.1178725 7.1178725
"I.48.20.csv"	3	-0.00050147439
3 1 7.1178725 9.6424435 2.156104 15.293954 4.2308804 0.99980702 0.73649373 1.0424792 7 1 0 1 0.050828983 0 1 1 378863.91 4 7.1178725 7.1178725 7.1178725 7.1178725
"I.48.20.csv"	4	-0.00053931353
3 1 7.1178725 9.6424435 2.156104 15.293954 4.2308804 0.99980702 0.73649373 1.0424792 7 1 0 1 0.050828983 0 1 1 378863.91 4 7.1178725 7.1178725 7.1178725 7.1178725
"I.48.20.csv"	21	-0.00053931353
3 1 7.1178725 9.6424435 2.156104 15.293954 4.2308804 0.99980702 0.73649373 1.0424792 7 1 0 1 0.050828983 0 1 1 378863.91 4 7.1178725 7.1178725 7.1178725 7.1178725
"I.48.20.csv"	2	-0.00053931353
3 1 7.1178725 9.6424435 2.156104 15.293954 4.2308804 0.99980702 0.73649373 1.0424792 7 1 0 1 0.050828983 0 1 1 378863.91 4 7.1178725 7.1178725 7.1178725 7.1178725
"I.48.20.csv"	12	-0.00053931353
3 1 7.1178725 9.6424435 2.156104 15.293954 4.2308804 0.99980702 0.73649373 1.0424792 7 1 0 1 0.050828983 0 1 1 378863.91 4 7.1178725 7.1178725 7.1178725 7.1178725
"I.48.20.csv"	3	-0.00053931353
3 1 7.1178725 9.6424435 2.156104 15.293954 4.2308804 0.99980702 0.73649373 1.0424792 7 1 0 1 0.050828983 0 1 1 378863.91 4 7.1178725 7.1178725 7.1178725 7.1178725
"I.48.20.csv"	14	1.1020744e-05
3 1 7.1178725 9.6424435 2.156104 15.293954 4.2308804 0.99980702 0.73649373 1.0424792 7 1 0 1 0.050828983 0 1 1 378863.91 4 7.1178725 7.1178725 7.1178725 7.1178725
"I.48.20.csv"	21	3.9203953e-05
3 1 7.1178725 9.6424435 2.156104 15.293954 4.2308804 0.99980702 0.73649373 1.0424792 7 1 0 1 0.050828983 0 1 1 378863.91 4 7.1178725 7.1178725 7.1178725 7.1178725
"I.48.20.csv"	2	-0.00028614457
3 1 7.1178725 9.6424435 2.156104 15.293954 4.2308804 0.99980702 0.73649373 1.0424792 7 1 0 1 0.050828983 0 1 1 378863.91 4 7.1178725 7.1178725 7.1178725 7.1178725
"I.48.20.csv"	12	-0.00028614457
3 1 7.1178725 9.6424435 2.156104 15.293954 4.2308804 0.99980702 0.73649373 1.0424792 7 1 0 1 0.050828983 0 1 1 378863.91 4 7.1178725 7.1178725 7.1178725 7.1178725
"I.48.20.csv"	4	-0.00028614457
3 1 7.1178725 9.6424435 2.156104 15.293954 4.2308804 0.99980702 0.73649373 1.0424792 7 1 0 1 0.050828983 0 1 1 378863.91 4 7.1178725 7.1178725 7.1178725 7.1178725
"I.48.20.csv"	3	3.9203953e-05
3 1 7.1178725 9.6424435 2.156104 15.293954 4.2308804 0.99980702 0.73649373 1.0424792 7 1 0 1 0.050828983 0 1 1 378863.91 4 7.1178725 7.1178725 7.1178725 7.1178725
"bench_d1_step.csv"	1	-0.0014858071
1 1 0.025 0.999375 -1 1 2.0006253 0.7592696 0.49550142 0.025500839 2 0 0 0 0 1 1 0 22.83105 0
"bench_d1_step.csv"	14	-0.0014858071
1 1 0.025 0.999375 -1 1 2.0006253 0.7592696 0.49550142 0.025500839 2 0 0 0 0 1 1 0 22.83105 0
"bench_d1_step.csv"	12	-0.0014858071
1 1 0.025 0.999375 -1 1 2.0006253 0.7592696 0.49550142 0.025500839 2 0 0 0 0 1 1 0 22.83105 0
"bench_d1_step.csv"	1	-0.00055771029
1 1 0.025 0.999375 -1 1 2.0006253 0.7592696 0.49550142 0.025500839 2 0 0 0 0 1 1 0 22.83105 0
"bench_d1_step.csv"	14	-0.00055771029
1 1 0.025 0.999375 -1 1 2.0006253 0.7592696 0.49550142 0.025500839 2 0 0 0 0 1 1 0 22.83105 0
"bench_d1_step.csv"	12	-0.00055771029
1 1 0.025 0.999375 -1 1 2.0006253 0.7592696 0.49550142 0.025500839 2 0 0 0 0 1 1 0 22.83105 0
"bench_d1_step.csv"	1	-0.00023341386
1 1 0.025 0.999375 -1 1 2.0006253 0.7592696 0.49550142 0.025500839 2 0 0 0 0 1 1 0 22.83105 0
"bench_d1_step.csv"	14	-0.00023341386
1 1 0.025 0.999375 -1 1 2.0006253 0.7592696 0.49550142 0.025500839 2 0 0 0 0 1 1 0 22.83105 0
"bench_d1_step.csv"	12	-0.00023341386
1 1 0.025 0.999375 -1 1 2.0006253 0.7592696 0.49550142 0.025500839 2 0 0 0 0 1 1 0 22.83105 0
"bench_d1_step.csv"	2	0.0006121482
1 1 0.025 0.999375 -1 1 2.0006253 0.7592696 0.49550142 0.025500839 2 0 0 0 0 1 1 0 22.83105 0
"bench_d1_step.csv"	1	-8.1333328e-05
1 1 0.025 0.999375 -1 1 2.0006253 0.7592696 0.49550142 0.025500839 2 0 0 0 0 1 1 0 22.83105 0
"bench_d1_step.csv"	14	-8.1333328e-05
1 1 0.025 0.999375 -1 1 2.0006253 0.7592696 0.49550142 0.025500839 2 0 0 0 0 1 1 0 22.83105 0
"bench_d1_step.csv"	12	-8.1333328e-05
1 1 0.025 0.999375 -1 1 2.0006253 0.7592696 0.49550142 0.025500839 2 0 0 0 0 1 1 0 22.83105 0
"bench_d1_step.csv"	2	0.00073969082
1 1 0.025 0.999375 -1 1 2.0006253 0.7592696 0.49550142 0.025500839 2 0 0 0 0 1 1 0 22.83105 0
"bench_d1_step.csv"	1	-7.2162796e-05
1 1 0.025 0.999375 -1 1 2.0006253 0.7592696 0.49550142 0.025500839 2 0 0 0 0 1 1 0 22.83105 0
"bench_d1_step.csv"	14	-7.2162796e-05
1 1 0.025 0.999375 -1 1 2.0006253 0.7592696 0.49550142 0.025500839 2 0 0 0 0 1 1 0 22.83105 0
"bench_d1_step.csv"	12	-7.2162796e-05
1 1 0.025 0.999375 -1 1 2.0006253 0.7592696 0.49550142 0.025500839 2 0 0 0 0 1 1 0 22.83105 0
"bench_d1_step.csv"	2	0.0010418993
1 1 0.025 0.999375 -1 1 2.0006253 0.7592696 0.49550142 0.025500839 2 0 0 0 0 1 1 0 22.83105 0
"bench_d2_mod3.csv"	1	0.058268651
1 1 0.072916667 0.68218316 -1 1 2.4214723 0.063190812 0.20738845 0.0030910244 2 0 0 0 0 1 1 0 253.91758 0
"bench_d2_mod3.csv"	12	0.043687951
1 1 0.072916667 0.68218316 -1 1 2.4214723 0.063190812 0.20738845 0.0030910244 2 0 0 0 0 1 1 0 253.91758 0
"bench_d2_mod3.csv"	12	0.041467431
1 1 0.072916667 0.68218316 -1 1 2.4214723 0.063190812 0.20738845 0.0030910244 2 0 0 0 0 1 1 0 253.91758 0
"bench_d2_mod3.csv"	1	0.048509602
1 1 0.072916667 0.68218316 -1 1 2.4214723 0.063190812 0.20738845 0.0030910244 2 0 0 0 0 1 1 0 253.91758 0
"bench_d2_mod3.csv"	11	0.045403841
1 1 0.072916667 0.68218316 -1 1 2.4214723 0.063190812 0.20738845 0.0030910244 2 0 0 0 0 1 1 0 253.91758 0
"bench_d2_mod3.csv"	21	-0.58449107
1 1 0.072916667 0.68218316 -1 1 2.4214723 0.063190812 0.20738845 0.0030910244 2 0 0 0 0 1 1 0 253.91758 0
"bench_d2_mod3.csv"	12	-0.58449107
1 1 0.072916667 0.68218316 -1 1 2.4214723 0.063190812 0.20738845 0.0030910244 2 0 0 0 0 1 1 0 253.91758 0
"bench_d3_two_sines.csv"	23	0.010888051
1 1 -0.016240104 0.28703882 -0.9945 0.9975 3.7180824 0.050123654 0.059007946 0.018409106 2 0 0 0 0 1 0 0 6.837766 0
"bench_d3_two_sines.csv"	23	0.010888051
1 1 -0.016240104 0.28703882 -0.9945 0.9975 3.7180824 0.050123654 0.059007946 0.018409106 2 0 0 0 0 1 0 0 6.837766 0
"bench_d3_two_sines.csv"	2	0.00056461606
1 1 -0.016240104 0.28703882 -0.9945 0.9975 3.7180824 0.050123654 0.059007946 0.018409106 2 0 0 0 0 1 0 0 6.837766 0
"bench_d3_two_sines.csv"	12	0.010791278
1 1 -0.016240104 0.28703882 -0.9945 0.9975 3.7180824 0.050123654 0.059007946 0.018409106 2 0 0 0 0 1 0 0 6.837766 0
"bench_d3_two_sines.csv"	4	0.0023399968
1 1 -0.016240104 0.28703882 -0.9945 0.9975 3.7180824 0.050123654 0.059007946 0.018409106 2 0 0 0 0 1 0 0 6.837766 0
"bench_d3_two_sines.csv"	3	0.00075516128
1 1 -0.016240104 0.28703882 -0.9945 0.9975 3.7180824 0.050123654 0.059007946 0.018409106 2 0 0 0 0 1 0 0 6.837766 0
"bench_d3_two_sines.csv"	23	-0.21398127
1 1 -0.016240104 0.28703882 -0.9945 0.9975 3.7180824 0.050123654 0.059007946 0.018409106 2 0 0 0 0 1 0 0 6.837766 0
"bench_d3_two_sines.csv"	23	-0.21398127
1 1 -0.016240104 0.28703882 -0.9945 0.9975 3.7180824 0.050123654 0.059007946 0.018409106 2 0 0 0 0 1 0 0 6.837766 0
"bench_d3_two_sines.csv"	1	0.013910686
1 1 -0.016240104 0.28703882 -0.9945 0.9975 3.7180824 0.050123654 0.059007946 0.018409106 2 0 0 0 0 1 0 0 6.837766 0
"bench_d3_two_sines.csv"	11	0.0080569881
1 1 -0.016240104 0.28703882 -0.9945 0.9975 3.7180824 0.050123654 0.059007946 0.018409106 2 0 0 0 0 1 0 0 6.837766 0
"bench_d3_two_sines.csv"	12	-0.21398127
1 1 -0.016240104 0.28703882 -0.9945 0.9975 3.7180824 0.050123654 0.059007946 0.018409106 2 0 0 0 0 1 0 0 6.837766 0
"bench_d3_two_sines.csv"	4	4.8659494e-05
1 1 -0.016240104 0.28703882 -0.9945 0.9975 3.7180824 0.050123654 0.059007946 0.018409106 2 0 0 0 0 1 0 0 6.837766 0
"bench_d3_two_sines.csv"	3	0.0001768953
1 1 -0.016240104 0.28703882 -0.9945 0.9975 3.7180824 0.050123654 0.059007946 0.018409106 2 0 0 0 0 1 0 0 6.837766 0
"bench_d3_two_sines.csv"	23	0.0054595888
1 1 -0.016240104 0.28703882 -0.9945 0.9975 3.7180824 0.050123654 0.059007946 0.018409106 2 0 0 0 0 1 0 0 6.837766 0
"bench_d3_two_sines.csv"	23	0.0054595888
1 1 -0.016240104 0.28703882 -0.9945 0.9975 3.7180824 0.050123654 0.059007946 0.018409106 2 0 0 0 0 1 0 0 6.837766 0
"bench_d3_two_sines.csv"	1	-0.20304059
1 1 -0.016240104 0.28703882 -0.9945 0.9975 3.7180824 0.050123654 0.059007946 0.018409106 2 0 0 0 0 1 0 0 6.837766 0
"bench_d3_two_sines.csv"	2	0.0091664989
1 1 -0.016240104 0.28703882 -0.9945 0.9975 3.7180824 0.050123654 0.059007946 0.018409106 2 0 0 0 0 1 0 0 6.837766 0
"bench_d3_two_sines.csv"	3	0.0075674195
1 1 -0.016240104 0.28703882 -0.9945 0.9975 3.7180824 0.050123654 0.059007946 0.018409106 2 0 0 0 0 1 0 0 6.837766 0
"bench_d3_two_sines.csv"	4	0.0082077357
1 1 -0.016240104 0.28703882 -0.9945 0.9975 3.7180824 0.050123654 0.059007946 0.018409106 2 0 0 0 0 1 0 0 6.837766 0
"bench_d3_two_sines.csv"	23	0.0075874832
1 1 -0.016240104 0.28703882 -0.9945 0.9975 3.7180824 0.050123654 0.059007946 0.018409106 2 0 0 0 0 1 0 0 6.837766 0
"bench_d3_two_sines.csv"	23	0.0075874832
1 1 -0.016240104 0.28703882 -0.9945 0.9975 3.7180824 0.050123654 0.059007946 0.018409106 2 0 0 0 0 1 0 0 6.837766 0
"bench_d3_two_sines.csv"	1	-0.20086945
1 1 -0.016240104 0.28703882 -0.9945 0.9975 3.7180824 0.050123654 0.059007946 0.018409106 2 0 0 0 0 1 0 0 6.837766 0
"bench_d3_two_sines.csv"	2	0.012274852
1 1 -0.016240104 0.28703882 -0.9945 0.9975 3.7180824 0.050123654 0.059007946 0.018409106 2 0 0 0 0 1 0 0 6.837766 0
"bench_d3_two_sines.csv"	3	0.0093948403
1 1 -0.016240104 0.28703882 -0.9945 0.9975 3.7180824 0.050123654 0.059007946 0.018409106 2 0 0 0 0 1 0 0 6.837766 0
"bench_d3_two_sines.csv"	4	0.0098576998
1 1 -0.016240104 0.28703882 -0.9945 0.9975 3.7180824 0.050123654 0.059007946 0.018409106 2 0 0 0 0 1 0 0 6.837766 0
"bench_d3_two_sines.csv"	23	0.0061178747
1 1 -0.016240104 0.28703882 -0.9945 0.9975 3.7180824 0.050123654 0.059007946 0.018409106 2 0 0 0 0 1 0 0 6.837766 0
"bench_d3_two_sines.csv"	23	0.0061178747
1 1 -0.016240104 0.28703882 -0.9945 0.9975 3.7180824 0.050123654 0.059007946 0.018409106 2 0 0 0 0 1 0 0 6.837766 0
"bench_d3_two_sines.csv"	1	-0.20249583
1 1 -0.016240104 0.28703882 -0.9945 0.9975 3.7180824 0.050123654 0.059007946 0.018409106 2 0 0 0 0 1 0 0 6.837766 0
"bench_d3_two_sines.csv"	2	-0.20249583
1 1 -0.016240104 0.28703882 -0.9945 0.9975 3.7180824 0.050123654 0.059007946 0.018409106 2 0 0 0 0 1 0 0 6.837766 0
"bench_d3_two_sines.csv"	3	-0.20249583
1 1 -0.016240104 0.28703882 -0.9945 0.9975 3.7180824 0.050123654 0.059007946 0.018409106 2 0 0 0 0 1 0 0 6.837766 0
"bench_d3_two_sines.csv"	4	-0.20249583
1 1 -0.016240104 0.28703882 -0.9945 0.9975 3.7180824 0.050123654 0.059007946 0.018409106 2 0 0 0 0 1 0 0 6.837766 0
"bench_d3_two_sines.csv"	23	0.0069876086
1 1 -0.016240104 0.28703882 -0.9945 0.9975 3.7180824 0.050123654 0.059007946 0.018409106 2 0 0 0 0 1 0 0 6.837766 0
"bench_d3_two_sines.csv"	23	0.0069876086
1 1 -0.016240104 0.28703882 -0.9945 0.9975 3.7180824 0.050123654 0.059007946 0.018409106 2 0 0 0 0 1 0 0 6.837766 0
"bench_d3_two_sines.csv"	1	0.050129612
1 1 -0.016240104 0.28703882 -0.9945 0.9975 3.7180824 0.050123654 0.059007946 0.018409106 2 0 0 0 0 1 0 0 6.837766 0
"bench_d3_two_sines.csv"	2	-0.20149957
1 1 -0.016240104 0.28703882 -0.9945 0.9975 3.7180824 0.050123654 0.059007946 0.018409106 2 0 0 0 0 1 0 0 6.837766 0
"bench_d3_two_sines.csv"	3	-0.20149957
1 1 -0.016240104 0.28703882 -0.9945 0.9975 3.7180824 0.050123654 0.059007946 0.018409106 2 0 0 0 0 1 0 0 6.837766 0
"bench_d3_two_sines.csv"	4	-0.20149957
1 1 -0.016240104 0.28703882 -0.9945 0.9975 3.7180824 0.050123654 0.059007946 0.018409106 2 0 0 0 0 1 0 0 6.837766 0
"bench_d3_two_sines.csv"	23	0.0074084424
1 1 -0.016240104 0.28703882 -0.9945 0.9975 3.7180824 0.050123654 0.059007946 0.018409106 2 0 0 0 0 1 0 0 6.837766 0
"bench_d3_two_sines.csv"	23	0.0074084424
1 1 -0.016240104 0.28703882 -0.9945 0.9975 3.7180824 0.050123654 0.059007946 0.018409106 2 0 0 0 0 1 0 0 6.837766 0
"bench_d3_two_sines.csv"	1	-0.20120398
1 1 -0.016240104 0.28703882 -0.9945 0.9975 3.7180824 0.050123654 0.059007946 0.018409106 2 0 0 0 0 1 0 0 6.837766 0
"bench_d3_two_sines.csv"	2	-0.20120398
1 1 -0.016240104 0.28703882 -0.9945 0.9975 3.7180824 0.050123654 0.059007946 0.018409106 2 0 0 0 0 1 0 0 6.837766 0
"bench_d3_two_sines.csv"	3	-0.20120398
1 1 -0.016240104 0.28703882 -0.9945 0.9975 3.7180824 0.050123654 0.059007946 0.018409106 2 0 0 0 0 1 0 0 6.837766 0
"bench_d3_two_sines.csv"	4	-0.20120398
1 1 -0.016240104 0.28703882 -0.9945 0.9975 3.7180824 0.050123654 0.059007946 0.018409106 2 0 0 0 0 1 0 0 6.837766 0
"bench_d3_two_sines.csv"	23	0.0066295242
1 1 -0.016240104 0.28703882 -0.9945 0.9975 3.7180824 0.050123654 0.059007946 0.018409106 2 0 0 0 0 1 0 0 6.837766 0
"bench_d3_two_sines.csv"	23	0.0066295242
1 1 -0.016240104 0.28703882 -0.9945 0.9975 3.7180824 0.050123654 0.059007946 0.018409106 2 0 0 0 0 1 0 0 6.837766 0
"bench_d3_two_sines.csv"	1	-0.20220163
1 1 -0.016240104 0.28703882 -0.9945 0.9975 3.7180824 0.050123654 0.059007946 0.018409106 2 0 0 0 0 1 0 0 6.837766 0
"bench_d3_two_sines.csv"	2	0.012379928
1 1 -0.016240104 0.28703882 -0.9945 0.9975 3.7180824 0.050123654 0.059007946 0.018409106 2 0 0 0 0 1 0 0 6.837766 0
"bench_d3_two_sines.csv"	3	0.0110216
1 1 -0.016240104 0.28703882 -0.9945 0.9975 3.7180824 0.050123654 0.059007946 0.018409106 2 0 0 0 0 1 0 0 6.837766 0
"bench_d3_two_sines.csv"	4	0.011713362
1 1 -0.016240104 0.28703882 -0.9945 0.9975 3.7180824 0.050123654 0.059007946 0.018409106 2 0 0 0 0 1 0 0 6.837766 0
"bench_d3_two_sines.csv"	23	0.0050491786
1 1 -0.016240104 0.28703882 -0.9945 0.9975 3.7180824 0.050123654 0.059007946 0.018409106 2 0 0 0 0 1 0 0 6.837766 0
"bench_d3_two_sines.csv"	23	0.0050491786
1 1 -0.016240104 0.28703882 -0.9945 0.9975 3.7180824 0.050123654 0.059007946 0.018409106 2 0 0 0 0 1 0 0 6.837766 0
"bench_d3_two_sines.csv"	1	0.0040848344
1 1 -0.016240104 0.28703882 -0.9945 0.9975 3.7180824 0.050123654 0.059007946 0.018409106 2 0 0 0 0 1 0 0 6.837766 0
"bench_d3_two_sines.csv"	2	0.010848219
1 1 -0.016240104 0.28703882 -0.9945 0.9975 3.7180824 0.050123654 0.059007946 0.018409106 2 0 0 0 0 1 0 0 6.837766 0
"bench_d3_two_sines.csv"	3	0.0097633406
1 1 -0.016240104 0.28703882 -0.9945 0.9975 3.7180824 0.050123654 0.059007946 0.018409106 2 0 0 0 0 1 0 0 6.837766 0
"bench_d3_two_sines.csv"	4	0.01035244
1 1 -0.016240104 0.28703882 -0.9945 0.9975 3.7180824 0.050123654 0.059007946 0.018409106 2 0 0 0 0 1 0 0 6.837766 0
"bench_d3_two_sines.csv"	23	0.0068283594
1 1 -0.016240104 0.28703882 -0.9945 0.9975 3.7180824 0.050123654 0.059007946 0.018409106 2 0 0 0 0 1 0 0 6.837766 0
"bench_d3_two_sines.csv"	23	0.0068283594
1 1 -0.016240104 0.28703882 -0.9945 0.9975 3.7180824 0.050123654 0.059007946 0.018409106 2 0 0 0 0 1 0 0 6.837766 0
"bench_d3_two_sines.csv"	1	0.0093030061
1 1 -0.016240104 0.28703882 -0.9945 0.9975 3.7180824 0.050123654 0.059007946 0.018409106 2 0 0 0 0 1 0 0 6.837766 0
"bench_d3_two_sines.csv"	2	0.01239799
1 1 -0.016240104 0.28703882 -0.9945 0.9975 3.7180824 0.050123654 0.059007946 0.018409106 2 0 0 0 0 1 0 0 6.837766 0
"bench_d3_two_sines.csv"	3	0.010833494
1 1 -0.016240104 0.28703882 -0.9945 0.9975 3.7180824 0.050123654 0.059007946 0.018409106 2 0 0 0 0 1 0 0 6.837766 0
"bench_d3_two_sines.csv"	4	0.011606103
1 1 -0.016240104 0.28703882 -0.9945 0.9975 3.7180824 0.050123654 0.059007946 0.018409106 2 0 0 0 0 1 0 0 6.837766 0
"bench_d3_two_sines.csv"	23	0.0079671104
1 1 -0.016240104 0.28703882 -0.9945 0.9975 3.7180824 0.050123654 0.059007946 0.018409106 2 0 0 0 0 1 0 0 6.837766 0
"bench_d3_two_sines.csv"	23	0.0079671104
1 1 -0.016240104 0.28703882 -0.9945 0.9975 3.7180824 0.050123654 0.059007946 0.018409106 2 0 0 0 0 1 0 0 6.837766 0
"bench_d3_two_sines.csv"	1	-0.20082345
1 1 -0.016240104 0.28703882 -0.9945 0.9975 3.7180824 0.050123654 0.059007946 0.018409106 2 0 0 0 0 1 0 0 6.837766 0
"bench_d3_two_sines.csv"	2	-0.20082345
1 1 -0.016240104 0.28703882 -0.9945 0.9975 3.7180824 0.050123654 0.059007946 0.018409106 2 0 0 0 0 1 0 0 6.837766 0
"bench_d3_two_sines.csv"	3	-0.20082345
1 1 -0.016240104 0.28703882 -0.9945 0.9975 3.7180824 0.050123654 0.059007946 0.018409106 2 0 0 0 0 1 0 0 6.837766 0
"bench_d3_two_sines.csv"	4	-0.20082345
1 1 -0.016240104 0.28703882 -0.9945 0.9975 3.7180824 0.050123654 0.059007946 0.018409106 2 0 0 0 0 1 0 0 6.837766 0
"bench_d3_two_sines.csv"	23	0.0065798223
1 1 -0.016240104 0.28703882 -0.9945 0.9975 3.7180824 0.050123654 0.059007946 0.018409106 2 0 0 0 0 1 0 0 6.837766 0
"bench_d3_two_sines.csv"	23	0.0065798223
1 1 -0.016240104 0.28703882 -0.9945 0.9975 3.7180824 0.050123654 0.059007946 0.018409106 2 0 0 0 0 1 0 0 6.837766 0
"bench_d3_two_sines.csv"	1	0.0070011497
1 1 -0.016240104 0.28703882 -0.9945 0.9975 3.7180824 0.050123654 0.059007946 0.018409106 2 0 0 0 0 1 0 0 6.837766 0
"bench_d3_two_sines.csv"	2	0.011533213
1 1 -0.016240104 0.28703882 -0.9945 0.9975 3.7180824 0.050123654 0.059007946 0.018409106 2 0 0 0 0 1 0 0 6.837766 0
"bench_d3_two_sines.csv"	3	0.01130278
1 1 -0.016240104 0.28703882 -0.9945 0.9975 3.7180824 0.050123654 0.059007946 0.018409106 2 0 0 0 0 1 0 0 6.837766 0
"bench_d3_two_sines.csv"	4	0.011940403
1 1 -0.016240104 0.28703882 -0.9945 0.9975 3.7180824 0.050123654 0.059007946 0.018409106 2 0 0 0 0 1 0 0 6.837766 0
"bench_d3_two_sines.csv"	23	0.0064411048
1 1 -0.016240104 0.28703882 -0.9945 0.9975 3.7180824 0.050123654 0.059007946 0.018409106 2 0 0 0 0 1 0 0 6.837766 0
"bench_d3_two_sines.csv"	23	0.0064411048
1 1 -0.016240104 0.28703882 -0.9945 0.9975 3.7180824 0.050123654 0.059007946 0.018409106 2 0 0 0 0 1 0 0 6.837766 0
"bench_d3_two_sines.csv"	1	-0.20236427
1 1 -0.016240104 0.28703882 -0.9945 0.9975 3.7180824 0.050123654 0.059007946 0.018409106 2 0 0 0 0 1 0 0 6.837766 0
"bench_d3_two_sines.csv"	2	-0.20236427
1 1 -0.016240104 0.28703882 -0.9945 0.9975 3.7180824 0.050123654 0.059007946 0.018409106 2 0 0 0 0 1 0 0 6.837766 0
"bench_d3_two_sines.csv"	3	-0.20236427
1 1 -0.016240104 0.28703882 -0.9945 0.9975 3.7180824 0.050123654 0.059007946 0.018409106 2 0 0 0 0 1 0 0 6.837766 0
"bench_d3_two_sines.csv"	4	-0.20236427
1 1 -0.016240104 0.28703882 -0.9945 0.9975 3.7180824 0.050123654 0.059007946 0.018409106 2 0 0 0 0 1 0 0 6.837766 0
"bench_d3_two_sines.csv"	23	0.0077175258
1 1 -0.016240104 0.28703882 -0.9945 0.9975 3.7180824 0.050123654 0.059007946 0.018409106 2 0 0 0 0 1 0 0 6.837766 0
"bench_d3_two_sines.csv"	23	0.0077175258
1 1 -0.016240104 0.28703882 -0.9945 0.9975 3.7180824 0.050123654 0.059007946 0.018409106 2 0 0 0 0 1 0 0 6.837766 0
"bench_d3_two_sines.csv"	1	-0.20124095
1 1 -0.016240104 0.28703882 -0.9945 0.9975 3.7180824 0.050123654 0.059007946 0.018409106 2 0 0 0 0 1 0 0 6.837766 0
"bench_d3_two_sines.csv"	2	-0.20124095
1 1 -0.016240104 0.28703882 -0.9945 0.9975 3.7180824 0.050123654 0.059007946 0.018409106 2 0 0 0 0 1 0 0 6.837766 0
"bench_d3_two_sines.csv"	3	-0.20124095
1 1 -0.016240104 0.28703882 -0.9945 0.9975 3.7180824 0.050123654 0.059007946 0.018409106 2 0 0 0 0 1 0 0 6.837766 0
"bench_d3_two_sines.csv"	4	-0.20124095
1 1 -0.016240104 0.28703882 -0.9945 0.9975 3.7180824 0.050123654 0.059007946 0.018409106 2 0 0 0 0 1 0 0 6.837766 0
"bench_d3_two_sines.csv"	23	0.0071543972
1 1 -0.016240104 0.28703882 -0.9945 0.9975 3.7180824 0.050123654 0.059007946 0.018409106 2 0 0 0 0 1 0 0 6.837766 0
"bench_d3_two_sines.csv"	23	0.0071543972
1 1 -0.016240104 0.28703882 -0.9945 0.9975 3.7180824 0.050123654 0.059007946 0.018409106 2 0 0 0 0 1 0 0 6.837766 0
"bench_d3_two_sines.csv"	1	-0.20182277
1 1 -0.016240104 0.28703882 -0.9945 0.9975 3.7180824 0.050123654 0.059007946 0.018409106 2 0 0 0 0 1 0 0 6.837766 0
"bench_d3_two_sines.csv"	2	-0.20182277
1 1 -0.016240104 0.28703882 -0.9945 0.9975 3.7180824 0.050123654 0.059007946 0.018409106 2 0 0 0 0 1 0 0 6.837766 0
"bench_d3_two_sines.csv"	3	-0.20182277
1 1 -0.016240104 0.28703882 -0.9945 0.9975 3.7180824 0.050123654 0.059007946 0.018409106 2 0 0 0 0 1 0 0 6.837766 0
"bench_d3_two_sines.csv"	4	-0.20182277
1 1 -0.016240104 0.28703882 -0.9945 0.9975 3.7180824 0.050123654 0.059007946 0.018409106 2 0 0 0 0 1 0 0 6.837766 0
"bench_d3_two_sines.csv"	23	0.0053843542
1 1 -0.016240104 0.28703882 -0.9945 0.9975 3.7180824 0.050123654 0.059007946 0.018409106 2 0 0 0 0 1 0 0 6.837766 0
"bench_d3_two_sines.csv"	23	0.0053843542
1 1 -0.016240104 0.28703882 -0.9945 0.9975 3.7180824 0.050123654 0.059007946 0.018409106 2 0 0 0 0 1 0 0 6.837766 0
"bench_d3_two_sines.csv"	1	-0.20368014
1 1 -0.016240104 0.28703882 -0.9945 0.9975 3.7180824 0.050123654 0.059007946 0.018409106 2 0 0 0 0 1 0 0 6.837766 0
"bench_d3_two_sines.csv"	2	-0.20368014
1 1 -0.016240104 0.28703882 -0.9945 0.9975 3.7180824 0.050123654 0.059007946 0.018409106 2 0 0 0 0 1 0 0 6.837766 0
"bench_d3_two_sines.csv"	3	-0.20368014
1 1 -0.016240104 0.28703882 -0.9945 0.9975 3.7180824 0.050123654 0.059007946 0.018409106 2 0 0 0 0 1 0 0 6.837766 0
"bench_d3_two_sines.csv"	4	-0.20368014
1 1 -0.016240104 0.28703882 -0.9945 0.9975 3.7180824 0.050123654 0.059007946 0.018409106 2 0 0 0 0 1 0 0 6.837766 0
"bench_d3_two_sines.csv"	23	0.0069540124
1 1 -0.016240104 0.28703882 -0.9945 0.9975 3.7180824 0.050123654 0.059007946 0.018409106 2 0 0 0 0 1 0 0 6.837766 0
"bench_d3_two_sines.csv"	23	0.0069540124
1 1 -0.016240104 0.28703882 -0.9945 0.9975 3.7180824 0.050123654 0.059007946 0.018409106 2 0 0 0 0 1 0 0 6.837766 0
"bench_d3_two_sines.csv"	1	-0.20186516
1 1 -0.016240104 0.28703882 -0.9945 0.9975 3.7180824 0.050123654 0.059007946 0.018409106 2 0 0 0 0 1 0 0 6.837766 0
"bench_d3_two_sines.csv"	2	-0.20186516
1 1 -0.016240104 0.28703882 -0.9945 0.9975 3.7180824 0.050123654 0.059007946 0.018409106 2 0 0 0 0 1 0 0 6.837766 0
"bench_d3_two_sines.csv"	3	-0.20186516
1 1 -0.016240104 0.28703882 -0.9945 0.9975 3.7180824 0.050123654 0.059007946 0.018409106 2 0 0 0 0 1 0 0 6.837766 0
"bench_d3_two_sines.csv"	4	-0.20186516
1 1 -0.016240104 0.28703882 -0.9945 0.9975 3.7180824 0.050123654 0.059007946 0.018409106 2 0 0 0 0 1 0 0 6.837766 0
"bench_d3_two_sines.csv"	23	0.0053055678
1 1 -0.016240104 0.28703882 -0.9945 0.9975 3.7180824 0.050123654 0.059007946 0.018409106 2 0 0 0 0 1 0 0 6.837766 0
"bench_d3_two_sines.csv"	23	0.0053055678
1 1 -0.016240104 0.28703882 -0.9945 0.9975 3.7180824 0.050123654 0.059007946 0.018409106 2 0 0 0 0 1 0 0 6.837766 0
"bench_d3_two_sines.csv"	1	0.0076289283
1 1 -0.016240104 0.28703882 -0.9945 0.9975 3.7180824 0.050123654 0.059007946 0.018409106 2 0 0 0 0 1 0 0 6.837766 0
"bench_d3_two_sines.csv"	2	0.010892213
1 1 -0.016240104 0.28703882 -0.9945 0.9975 3.7180824 0.050123654 0.059007946 0.018409106 2 0 0 0 0 1 0 0 6.837766 0
"bench_d3_two_sines.csv"	3	0.010714418
1 1 -0.016240104 0.28703882 -0.9945 0.9975 3.7180824 0.050123654 0.059007946 0.018409106 2 0 0 0 0 1 0 0 6.837766 0
"bench_d3_two_sines.csv"	4	0.01135423
1 1 -0.016240104 0.28703882 -0.9945 0.9975 3.7180824 0.050123654 0.059007946 0.018409106 2 0 0 0 0 1 0 0 6.837766 0
"bench_d3_two_sines.csv"	23	0.0084503794
1 1 -0.016240104 0.28703882 -0.9945 0.9975 3.7180824 0.050123654 0.059007946 0.018409106 2 0 0 0 0 1 0 0 6.837766 0
"bench_d3_two_sines.csv"	23	0.0084503794
1 1 -0.016240104 0.28703882 -0.9945 0.9975 3.7180824 0.050123654 0.059007946 0.018409106 2 0 0 0 0 1 0 0 6.837766 0
"bench_d3_two_sines.csv"	1	0.010700545
1 1 -0.016240104 0.28703882 -0.9945 0.9975 3.7180824 0.050123654 0.059007946 0.018409106 2 0 0 0 0 1 0 0 6.837766 0
"bench_d3_two_sines.csv"	2	0.014113154
1 1 -0.016240104 0.28703882 -0.9945 0.9975 3.7180824 0.050123654 0.059007946 0.018409106 2 0 0 0 0 1 0 0 6.837766 0
"bench_d3_two_sines.csv"	3	0.013295133
1 1 -0.016240104 0.28703882 -0.9945 0.9975 3.7180824 0.050123654 0.059007946 0.018409106 2 0 0 0 0 1 0 0 6.837766 0
"bench_d3_two_sines.csv"	4	0.014095057
1 1 -0.016240104 0.28703882 -0.9945 0.9975 3.7180824 0.050123654 0.059007946 0.018409106 2 0 0 0 0 1 0 0 6.837766 0
"bench_d3_two_sines.csv"	23	0.0066500936
1 1 -0.016240104 0.28703882 -0.9945 0.9975 3.7180824 0.050123654 0.059007946 0.018409106 2 0 0 0 0 1 0 0 6.837766 0
"bench_d3_two_sines.csv"	23	0.0066500936
1 1 -0.016240104 0.28703882 -0.9945 0.9975 3.7180824 0.050123654 0.059007946 0.018409106 2 0 0 0 0 1 0 0 6.837766 0
"bench_d3_two_sines.csv"	1	-0.20251361
1 1 -0.016240104 0.28703882 -0.9945 0.9975 3.7180824 0.050123654 0.059007946 0.018409106 2 0 0 0 0 1 0 0 6.837766 0
"bench_d3_two_sines.csv"	2	-0.20251361
1 1 -0.016240104 0.28703882 -0.9945 0.9975 3.7180824 0.050123654 0.059007946 0.018409106 2 0 0 0 0 1 0 0 6.837766 0
"bench_d3_two_sines.csv"	3	-0.20251361
1 1 -0.016240104 0.28703882 -0.9945 0.9975 3.7180824 0.050123654 0.059007946 0.018409106 2 0 0 0 0 1 0 0 6.837766 0
"bench_d3_two_sines.csv"	4	-0.20251361
1 1 -0.016240104 0.28703882 -0.9945 0.9975 3.7180824 0.050123654 0.059007946 0.018409106 2 0 0 0 0 1 0 0 6.837766 0
"bench_d3_two_sines.csv"	23	0.006485563
1 1 -0.016240104 0.28703882 -0.9945 0.9975 3.7180824 0.050123654 0.059007946 0.018409106 2 0 0 0 0 1 0 0 6.837766 0
"bench_d3_two_sines.csv"	23	0.006485563
1 1 -0.016240104 0.28703882 -0.9945 0.9975 3.7180824 0.050123654 0.059007946 0.018409106 2 0 0 0 0 1 0 0 6.837766 0
"bench_d3_two_sines.csv"	1	-0.20279108
1 1 -0.016240104 0.28703882 -0.9945 0.9975 3.7180824 0.050123654 0.059007946 0.018409106 2 0 0 0 0 1 0 0 6.837766 0
"bench_d3_two_sines.csv"	2	-0.20279108
1 1 -0.016240104 0.28703882 -0.9945 0.9975 3.7180824 0.050123654 0.059007946 0.018409106 2 0 0 0 0 1 0 0 6.837766 0
"bench_d3_two_sines.csv"	3	-0.20279108
1 1 -0.016240104 0.28703882 -0.9945 0.9975 3.7180824 0.050123654 0.059007946 0.018409106 2 0 0 0 0 1 0 0 6.837766 0
"bench_d3_two_sines.csv"	4	-0.20279108
1 1 -0.016240104 0.28703882 -0.9945 0.9975 3.7180824 0.050123654 0.059007946 0.018409106 2 0 0 0 0 1 0 0 6.837766 0
"bench_d3_two_sines.csv"	23	0.0055041726
1 1 -0.016240104 0.28703882 -0.9945 0.9975 3.7180824 0.050123654 0.059007946 0.018409106 2 0 0 0 0 1 0 0 6.837766 0
"bench_d3_two_sines.csv"	23	0.0055041726
1 1 -0.016240104 0.28703882 -0.9945 0.9975 3.7180824 0.050123654 0.059007946 0.018409106 2 0 0 0 0 1 0 0 6.837766 0
"bench_d3_two_sines.csv"	1	0.0079701927
1 1 -0.016240104 0.28703882 -0.9945 0.9975 3.7180824 0.050123654 0.059007946 0.018409106 2 0 0 0 0 1 0 0 6.837766 0
"bench_d3_two_sines.csv"	2	0.011781153
1 1 -0.016240104 0.28703882 -0.9945 0.9975 3.7180824 0.050123654 0.059007946 0.018409106 2 0 0 0 0 1 0 0 6.837766 0
"bench_d3_two_sines.csv"	3	0.010605725
1 1 -0.016240104 0.28703882 -0.9945 0.9975 3.7180824 0.050123654 0.059007946 0.018409106 2 0 0 0 0 1 0 0 6.837766 0
"bench_d3_two_sines.csv"	4	0.011192079
1 1 -0.016240104 0.28703882 -0.9945 0.9975 3.7180824 0.050123654 0.059007946 0.018409106 2 0 0 0 0 1 0 0 6.837766 0
"bench_d3_two_sines.csv"	23	0.0069776305
1 1 -0.016240104 0.28703882 -0.9945 0.9975 3.7180824 0.050123654 0.059007946 0.018409106 2 0 0 0 0 1 0 0 6.837766 0
"bench_d3_two_sines.csv"	23	0.0069776305
1 1 -0.016240104 0.28703882 -0.9945 0.9975 3.7180824 0.050123654 0.059007946 0.018409106 2 0 0 0 0 1 0 0 6.837766 0
"bench_d3_two_sines.csv"	1	0.0083715355
1 1 -0.016240104 0.28703882 -0.9945 0.9975 3.7180824 0.050123654 0.059007946 0.018409106 2 0 0 0 0 1 0 0 6.837766 0
"bench_d3_two_sines.csv"	2	0.012619334
1 1 -0.016240104 0.28703882 -0.9945 0.9975 3.7180824 0.050123654 0.059007946 0.018409106 2 0 0 0 0 1 0 0 6.837766 0
"bench_d3_two_sines.csv"	3	0.010872351
1 1 -0.016240104 0.28703882 -0.9945 0.9975 3.7180824 0.050123654 0.059007946 0.018409106 2 0 0 0 0 1 0 0 6.837766 0
"bench_d3_two_sines.csv"	4	0.011543793
1 1 -0.016240104 0.28703882 -0.9945 0.9975 3.7180824 0.050123654 0.059007946 0.018409106 2 0 0 0 0 1 0 0 6.837766 0
"bench_d3_two_sines.csv"	23	0.0074552858
1 1 -0.016240104 0.28703882 -0.9945 0.9975 3.7180824 0.050123654 0.059007946 0.018409106 2 0 0 0 0 1 0 0 6.837766 0
"bench_d3_two_sines.csv"	23	0.0074552858
1 1 -0.016240104 0.28703882 -0.9945 0.9975 3.7180824 0.050123654 0.059007946 0.018409106 2 0 0 0 0 1 0 0 6.837766 0
"bench_d3_two_sines.csv"	1	0.0088421452
1 1 -0.016240104 0.28703882 -0.9945 0.9975 3.7180824 0.050123654 0.059007946 0.018409106 2 0 0 0 0 1 0 0 6.837766 0
"bench_d3_two_sines.csv"	2	0.012713372
1 1 -0.016240104 0.28703882 -0.9945 0.9975 3.7180824 0.050123654 0.059007946 0.018409106 2 0 0 0 0 1 0 0 6.837766 0
"bench_d3_two_sines.csv"	3	0.011061819
1 1 -0.016240104 0.28703882 -0.9945 0.9975 3.7180824 0.050123654 0.059007946 0.018409106 2 0 0 0 0 1 0 0 6.837766 0
"bench_d3_two_sines.csv"	4	0.011767486
1 1 -0.016240104 0.28703882 -0.9945 0.9975 3.7180824 0.050123654 0.059007946 0.018409106 2 0 0 0 0 1 0 0 6.837766 0
"bench_d3_two_sines.csv"	23	0.0057312958
1 1 -0.016240104 0.28703882 -0.9945 0.9975 3.7180824 0.050123654 0.059007946 0.018409106 2 0 0 0 0 1 0 0 6.837766 0
"bench_d3_two_sines.csv"	23	0.0057312958
1 1 -0.016240104 0.28703882 -0.9945 0.9975 3.7180824 0.050123654 0.059007946 0.018409106 2 0 0 0 0 1 0 0 6.837766 0
"bench_d3_two_sines.csv"	1	-0.20353136
1 1 -0.016240104 0.28703882 -0.9945 0.9975 3.7180824 0.050123654 0.059007946 0.018409106 2 0 0 0 0 1 0 0 6.837766 0
"bench_d3_two_sines.csv"	2	-0.20353136
1 1 -0.016240104 0.28703882 -0.9945 0.9975 3.7180824 0.050123654 0.059007946 0.018409106 2 0 0 0 0 1 0 0 6.837766 0
"bench_d3_two_sines.csv"	3	-0.20353136
1 1 -0.016240104 0.28703882 -0.9945 0.9975 3.7180824 0.050123654 0.059007946 0.018409106 2 0 0 0 0 1 0 0 6.837766 0
"bench_d3_two_sines.csv"	4	-0.20353136
1 1 -0.016240104 0.28703882 -0.9945 0.9975 3.7180824 0.050123654 0.059007946 0.018409106 2 0 0 0 0 1 0 0 6.837766 0
"bench_d3_two_sines.csv"	23	0.0075995267
1 1 -0.016240104 0.28703882 -0.9945 0.9975 3.7180824 0.050123654 0.059007946 0.018409106 2 0 0 0 0 1 0 0 6.837766 0
"bench_d3_two_sines.csv"	23	0.0075995267
1 1 -0.016240104 0.28703882 -0.9945 0.9975 3.7180824 0.050123654 0.059007946 0.018409106 2 0 0 0 0 1 0 0 6.837766 0
"bench_d3_two_sines.csv"	1	-0.20222617
1 1 -0.016240104 0.28703882 -0.9945 0.9975 3.7180824 0.050123654 0.059007946 0.018409106 2 0 0 0 0 1 0 0 6.837766 0
"bench_d3_two_sines.csv"	2	-0.20222617
1 1 -0.016240104 0.28703882 -0.9945 0.9975 3.7180824 0.050123654 0.059007946 0.018409106 2 0 0 0 0 1 0 0 6.837766 0
"bench_d3_two_sines.csv"	3	-0.20222617
1 1 -0.016240104 0.28703882 -0.9945 0.9975 3.7180824 0.050123654 0.059007946 0.018409106 2 0 0 0 0 1 0 0 6.837766 0
"bench_d3_two_sines.csv"	4	-0.20222617
1 1 -0.016240104 0.28703882 -0.9945 0.9975 3.7180824 0.050123654 0.059007946 0.018409106 2 0 0 0 0 1 0 0 6.837766 0
"bench_d3_two_sines.csv"	23	0.0053322856
1 1 -0.016240104 0.28703882 -0.9945 0.9975 3.7180824 0.050123654 0.059007946 0.018409106 2 0 0 0 0 1 0 0 6.837766 0
"bench_d3_two_sines.csv"	23	0.0053322856
1 1 -0.016240104 0.28703882 -0.9945 0.9975 3.7180824 0.050123654 0.059007946 0.018409106 2 0 0 0 0 1 0 0 6.837766 0
"bench_d3_two_sines.csv"	1	0.0070918279
1 1 -0.016240104 0.28703882 -0.9945 0.9975 3.7180824 0.050123654 0.059007946 0.018409106 2 0 0 0 0 1 0 0 6.837766 0
"bench_d3_two_sines.csv"	2	0.011656513
1 1 -0.016240104 0.28703882 -0.9945 0.9975 3.7180824 0.050123654 0.059007946 0.018409106 2 0 0 0 0 1 0 0 6.837766 0
"bench_d3_two_sines.csv"	3	0.010317708
1 1 -0.016240104 0.28703882 -0.9945 0.9975 3.7180824 0.050123654 0.059007946 0.018409106 2 0 0 0 0 1 0 0 6.837766 0
"bench_d3_two_sines.csv"	4	0.01093698
1 1 -0.016240104 0.28703882 -0.9945 0.9975 3.7180824 0.050123654 0.059007946 0.018409106 2 0 0 0 0 1 0 0 6.837766 0
"bench_d3_two_sines.csv"	23	0.0065252842
1 1 -0.016240104 0.28703882 -0.9945 0.9975 3.7180824 0.050123654 0.059007946 0.018409106 2 0 0 0 0 1 0 0 6.837766 0
"bench_d3_two_sines.csv"	23	0.0065252842
1 1 -0.016240104 0.28703882 -0.9945 0.9975 3.7180824 0.050123654 0.059007946 0.018409106 2 0 0 0 0 1 0 0 6.837766 0
"bench_d3_two_sines.csv"	1	0.0075555547
1 1 -0.016240104 0.28703882 -0.9945 0.9975 3.7180824 0.050123654 0.059007946 0.018409106 2 0 0 0 0 1 0 0 6.837766 0
"bench_d3_two_sines.csv"	2	0.011286
1 1 -0.016240104 0.28703882 -0.9945 0.9975 3.7180824 0.050123654 0.059007946 0.018409106 2 0 0 0 0 1 0 0 6.837766 0
"bench_d3_two_sines.csv"	3	0.011686808
1 1 -0.016240104 0.28703882 -0.9945 0.9975 3.7180824 0.050123654 0.059007946 0.018409106 2 0 0 0 0 1 0 0 6.837766 0
"bench_d3_two_sines.csv"	4	0.012520216
1 1 -0.016240104 0.28703882 -0.9945 0.9975 3.7180824 0.050123654 0.059007946 0.018409106 2 0 0 0 0 1 0 0 6.837766 0
"bench_d4_irrelevant12.csv"	21	0.00029756467
12 1 0.013485417 0.11653132 -0.9203 0.8811 5.2770211 0.99999999 9.0028344e-06 0.99999939 25 1 0 1 0.92718644 0 1 0 9732 4 0.25002923 -0.2963 -0.23299683 0.25685873
"bench_d4_irrelevant12.csv"	2	0.00064353868
12 1 0.013485417 0.11653132 -0.9203 0.8811 5.2770211 0.99999999 9.0028344e-06 0.99999939 25 1 0 1 0.92718644 0 1 0 9732 4 0.25002923 -0.2963 -0.23299683 0.25685873
"bench_d4_irrelevant12.csv"	1	-0.087932181
12 1 0.013485417 0.11653132 -0.9203 0.8811 5.2770211 0.99999999 9.0028344e-06 0.99999939 25 1 0 1 0.92718644 0 1 0 9732 4 0.25002923 -0.2963 -0.23299683 0.25685873
"bench_d4_irrelevant12.csv"	3	0.0019461043
12 1 0.013485417 0.11653132 -0.9203 0.8811 5.2770211 0.99999999 9.0028344e-06 0.99999939 25 1 0 1 0.92718644 0 1 0 9732 4 0.25002923 -0.2963 -0.23299683 0.25685873
"bench_d4_irrelevant12.csv"	3	-0.00076673523
12 1 0.013485417 0.11653132 -0.9203 0.8811 5.2770211 0.99999999 9.0028344e-06 0.99999939 25 1 0 1 0.92718644 0 1 0 9732 4 0.25002923 -0.2963 -0.23299683 0.25685873
"bench_d4_irrelevant12.csv"	1	-0.00076673523
12 1 0.013485417 0.11653132 -0.9203 0.8811 5.2770211 0.99999999 9.0028344e-06 0.99999939 25 1 0 1 0.92718644 0 1 0 9732 4 0.25002923 -0.2963 -0.23299683 0.25685873
"bench_d4_irrelevant12.csv"	12	-0.00076673523
12 1 0.013485417 0.11653132 -0.9203 0.8811 5.2770211 0.99999999 9.0028344e-06 0.99999939 25 1 0 1 0.92718644 0 1 0 9732 4 0.25002923 -0.2963 -0.23299683 0.25685873
"bench_d4_irrelevant12.csv"	1	-0.00045604037
12 1 0.013485417 0.11653132 -0.9203 0.8811 5.2770211 0.99999999 9.0028344e-06 0.99999939 25 1 0 1 0.92718644 0 1 0 9732 4 0.25002923 -0.2963 -0.23299683 0.25685873
"bench_d4_irrelevant12.csv"	12	-0.00045604037
12 1 0.013485417 0.11653132 -0.9203 0.8811 5.2770211 0.99999999 9.0028344e-06 0.99999939 25 1 0 1 0.92718644 0 1 0 9732 4 0.25002923 -0.2963 -0.23299683 0.25685873
"bench_d5_extrap_cliff.csv"	3	0.00035858098
1 1 0.32036562 0.081704311 0.0002 0.9996 3.4963658 0.99999998 6.6155339e-07 1.0000116 2 1 0 0 0 1 0 1 2 0
"bench_d5_extrap_cliff.csv"	12	0.0023428521
1 1 0.32036562 0.081704311 0.0002 0.9996 3.4963658 0.99999998 6.6155339e-07 1.0000116 2 1 0 0 0 1 0 1 2 0
"bench_d5_extrap_cliff.csv"	21	-0.0001064149
1 1 0.32036562 0.081704311 0.0002 0.9996 3.4963658 0.99999998 6.6155339e-07 1.0000116 2 1 0 0 0 1 0 1 2 0
"bench_d5_extrap_cliff.csv"	12	-0.0001064149
1 1 0.32036562 0.081704311 0.0002 0.9996 3.4963658 0.99999998 6.6155339e-07 1.0000116 2 1 0 0 0 1 0 1 2 0
"bench_d5_extrap_cliff.csv"	2	-0.0001064149
1 1 0.32036562 0.081704311 0.0002 0.9996 3.4963658 0.99999998 6.6155339e-07 1.0000116 2 1 0 0 0 1 0 1 2 0
"F1.csv"	3	0.091313792
5 1 -4.4814126 42.411409 -20 6.646495 4.0916525 0.99998019 2.2985052 1.6985165 7 0 0 0 0.047627194 0 1 0 733989.29 4 -0.53820162 -0.22870514 -8.9216011 -9.4503059
"F1.csv"	2	0.2059607
5 1 -4.4814126 42.411409 -20 6.646495 4.0916525 0.99998019 2.2985052 1.6985165 7 0 0 0 0.047627194 0 1 0 733989.29 4 -0.53820162 -0.22870514 -8.9216011 -9.4503059
"F1.csv"	12	-21.972669
5 1 -4.4814126 42.411409 -20 6.646495 4.0916525 0.99998019 2.2985052 1.6985165 7 0 0 0 0.047627194 0 1 0 733989.29 4 -0.53820162 -0.22870514 -8.9216011 -9.4503059
"F1.csv"	1	-21.972669
5 1 -4.4814126 42.411409 -20 6.646495 4.0916525 0.99998019 2.2985052 1.6985165 7 0 0 0 0.047627194 0 1 0 733989.29 4 -0.53820162 -0.22870514 -8.9216011 -9.4503059
"F1.csv"	12	-0.48214902
5 1 -4.4814126 42.411409 -20 6.646495 4.0916525 0.99998019 2.2985052 1.6985165 7 0 0 0 0.047627194 0 1 0 733989.29 4 -0.53820162 -0.22870514 -8.9216011 -9.4503059
"F1.csv"	3	-0.01417827
5 1 -4.4814126 42.411409 -20 6.646495 4.0916525 0.99998019 2.2985052 1.6985165 7 0 0 0 0.047627194 0 1 0 733989.29 4 -0.53820162 -0.22870514 -8.9216011 -9.4503059
"F1.csv"	21	-0.01417827
5 1 -4.4814126 42.411409 -20 6.646495 4.0916525 0.99998019 2.2985052 1.6985165 7 0 0 0 0.047627194 0 1 0 733989.29 4 -0.53820162 -0.22870514 -8.9216011 -9.4503059
"F1.csv"	2	-0.01417827
5 1 -4.4814126 42.411409 -20 6.646495 4.0916525 0.99998019 2.2985052 1.6985165 7 0 0 0 0.047627194 0 1 0 733989.29 4 -0.53820162 -0.22870514 -8.9216011 -9.4503059
"F1.csv"	12	-0.01417827
5 1 -4.4814126 42.411409 -20 6.646495 4.0916525 0.99998019 2.2985052 1.6985165 7 0 0 0 0.047627194 0 1 0 733989.29 4 -0.53820162 -0.22870514 -8.9216011 -9.4503059
"F1.csv"	4	-0.01417827
5 1 -4.4814126 42.411409 -20 6.646495 4.0916525 0.99998019 2.2985052 1.6985165 7 0 0 0 0.047627194 0 1 0 733989.29 4 -0.53820162 -0.22870514 -8.9216011 -9.4503059
"F1.csv"	1	-0.01417827
5 1 -4.4814126 42.411409 -20 6.646495 4.0916525 0.99998019 2.2985052 1.6985165 7 0 0 0 0.047627194 0 1 0 733989.29 4 -0.53820162 -0.22870514 -8.9216011 -9.4503059
"F1.csv"	3	-0.0088137294
5 1 -4.4814126 42.411409 -20 6.646495 4.0916525 0.99998019 2.2985052 1.6985165 7 0 0 0 0.047627194 0 1 0 733989.29 4 -0.53820162 -0.22870514 -8.9216011 -9.4503059
"bench_d6_seq_parity.csv"	7	-2.1725352e-06
1 1 0.5125 0.24984375 0 1 2.0006253 0.00024362876 0.015739894 0 0 0 0 0 0 1 0 1 1 0
"bench_d6_seq_parity.csv"	11	-2.1725352e-06
1 1 0.5125 0.24984375 0 1 2.0006253 0.00024362876 0.015739894 0 0 0 0 0 0 1 0 1 1 0
"bench_d6_seq_parity.csv"	11	-2.1725352e-06
1 1 0.5125 0.24984375 0 1 2.0006253 0.00024362876 0.015739894 0 0 0 0 0 0 1 0 1 1 0
"bench_d6_seq_parity.csv"	1	-2.1725352e-06
1 1 0.5125 0.24984375 0 1 2.0006253 0.00024362876 0.015739894 0 0 0 0 0 0 1 0 1 1 0
"bench_d6_seq_parity.csv"	4	-2.1725352e-06
1 1 0.5125 0.24984375 0 1 2.0006253 0.00024362876 0.015739894 0 0 0 0 0 0 1 0 1 1 0
"bench_d6_seq_parity.csv"	2	-2.1725352e-06
1 1 0.5125 0.24984375 0 1 2.0006253 0.00024362876 0.015739894 0 0 0 0 0 0 1 0 1 1 0
"bench_d6_seq_parity.csv"	7	-9.4857298e-07
1 1 0.5125 0.24984375 0 1 2.0006253 0.00024362876 0.015739894 0 0 0 0 0 0 1 0 1 1 0
"bench_d6_seq_parity.csv"	11	-9.4857298e-07
1 1 0.5125 0.24984375 0 1 2.0006253 0.00024362876 0.015739894 0 0 0 0 0 0 1 0 1 1 0
"bench_d6_seq_parity.csv"	11	-9.4857298e-07
1 1 0.5125 0.24984375 0 1 2.0006253 0.00024362876 0.015739894 0 0 0 0 0 0 1 0 1 1 0
"bench_d6_seq_parity.csv"	1	-9.4857298e-07
1 1 0.5125 0.24984375 0 1 2.0006253 0.00024362876 0.015739894 0 0 0 0 0 0 1 0 1 1 0
"bench_d6_seq_parity.csv"	4	-9.4857298e-07
1 1 0.5125 0.24984375 0 1 2.0006253 0.00024362876 0.015739894 0 0 0 0 0 0 1 0 1 1 0
"bench_d6_seq_parity.csv"	2	-9.4857298e-07
1 1 0.5125 0.24984375 0 1 2.0006253 0.00024362876 0.015739894 0 0 0 0 0 0 1 0 1 1 0
"bench_d6_seq_parity.csv"	7	-8.1388394e-08
1 1 0.5125 0.24984375 0 1 2.0006253 0.00024362876 0.015739894 0 0 0 0 0 0 1 0 1 1 0
"bench_d6_seq_parity.csv"	11	-8.1388394e-08
1 1 0.5125 0.24984375 0 1 2.0006253 0.00024362876 0.015739894 0 0 0 0 0 0 1 0 1 1 0
"bench_d6_seq_parity.csv"	11	-8.1388394e-08
1 1 0.5125 0.24984375 0 1 2.0006253 0.00024362876 0.015739894 0 0 0 0 0 0 1 0 1 1 0
"bench_d6_seq_parity.csv"	1	-8.1388394e-08
1 1 0.5125 0.24984375 0 1 2.0006253 0.00024362876 0.015739894 0 0 0 0 0 0 1 0 1 1 0
"bench_d6_seq_parity.csv"	3	-8.1388394e-08
1 1 0.5125 0.24984375 0 1 2.0006253 0.00024362876 0.015739894 0 0 0 0 0 0 1 0 1 1 0
"bench_d6_seq_parity.csv"	4	-8.1388394e-08
1 1 0.5125 0.24984375 0 1 2.0006253 0.00024362876 0.015739894 0 0 0 0 0 0 1 0 1 1 0
"bench_d6_seq_parity.csv"	2	-8.1388394e-08
1 1 0.5125 0.24984375 0 1 2.0006253 0.00024362876 0.015739894 0 0 0 0 0 0 1 0 1 1 0
"bench_d6_seq_parity.csv"	7	-2.1860133e-07
1 1 0.5125 0.24984375 0 1 2.0006253 0.00024362876 0.015739894 0 0 0 0 0 0 1 0 1 1 0
"bench_d6_seq_parity.csv"	11	-2.1860133e-07
1 1 0.5125 0.24984375 0 1 2.0006253 0.00024362876 0.015739894 0 0 0 0 0 0 1 0 1 1 0
"bench_d6_seq_parity.csv"	11	-2.1860133e-07
1 1 0.5125 0.24984375 0 1 2.0006253 0.00024362876 0.015739894 0 0 0 0 0 0 1 0 1 1 0
"bench_d6_seq_parity.csv"	1	-2.1860133e-07
1 1 0.5125 0.24984375 0 1 2.0006253 0.00024362876 0.015739894 0 0 0 0 0 0 1 0 1 1 0
"bench_d6_seq_parity.csv"	3	5.1645583e-08
1 1 0.5125 0.24984375 0 1 2.0006253 0.00024362876 0.015739894 0 0 0 0 0 0 1 0 1 1 0
"bench_d6_seq_parity.csv"	4	-2.1860133e-07
1 1 0.5125 0.24984375 0 1 2.0006253 0.00024362876 0.015739894 0 0 0 0 0 0 1 0 1 1 0
"bench_d6_seq_parity.csv"	2	-2.1860133e-07
1 1 0.5125 0.24984375 0 1 2.0006253 0.00024362876 0.015739894 0 0 0 0 0 0 1 0 1 1 0
"bench_d6_seq_parity.csv"	7	-5.0351121e-07
1 1 0.5125 0.24984375 0 1 2.0006253 0.00024362876 0.015739894 0 0 0 0 0 0 1 0 1 1 0
"bench_d6_seq_parity.csv"	11	-5.0351121e-07
1 1 0.5125 0.24984375 0 1 2.0006253 0.00024362876 0.015739894 0 0 0 0 0 0 1 0 1 1 0
"bench_d6_seq_parity.csv"	11	-5.0351121e-07
1 1 0.5125 0.24984375 0 1 2.0006253 0.00024362876 0.015739894 0 0 0 0 0 0 1 0 1 1 0
"bench_d6_seq_parity.csv"	1	-5.0351121e-07
1 1 0.5125 0.24984375 0 1 2.0006253 0.00024362876 0.015739894 0 0 0 0 0 0 1 0 1 1 0
"bench_d6_seq_parity.csv"	4	-5.0351121e-07
1 1 0.5125 0.24984375 0 1 2.0006253 0.00024362876 0.015739894 0 0 0 0 0 0 1 0 1 1 0
"bench_d6_seq_parity.csv"	2	-5.0351121e-07
1 1 0.5125 0.24984375 0 1 2.0006253 0.00024362876 0.015739894 0 0 0 0 0 0 1 0 1 1 0
"bench_d6_seq_parity.csv"	7	-8.1388394e-08
1 1 0.5125 0.24984375 0 1 2.0006253 0.00024362876 0.015739894 0 0 0 0 0 0 1 0 1 1 0
"bench_d6_seq_parity.csv"	11	-8.1388394e-08
1 1 0.5125 0.24984375 0 1 2.0006253 0.00024362876 0.015739894 0 0 0 0 0 0 1 0 1 1 0
"bench_d6_seq_parity.csv"	11	-8.1388394e-08
1 1 0.5125 0.24984375 0 1 2.0006253 0.00024362876 0.015739894 0 0 0 0 0 0 1 0 1 1 0
"bench_d6_seq_parity.csv"	1	-8.1388394e-08
1 1 0.5125 0.24984375 0 1 2.0006253 0.00024362876 0.015739894 0 0 0 0 0 0 1 0 1 1 0
"bench_d6_seq_parity.csv"	4	-8.1388394e-08
1 1 0.5125 0.24984375 0 1 2.0006253 0.00024362876 0.015739894 0 0 0 0 0 0 1 0 1 1 0
"bench_d6_seq_parity.csv"	2	-8.1388394e-08
1 1 0.5125 0.24984375 0 1 2.0006253 0.00024362876 0.015739894 0 0 0 0 0 0 1 0 1 1 0
"bench_d6_seq_parity.csv"	7	-2.1860133e-07
1 1 0.5125 0.24984375 0 1 2.0006253 0.00024362876 0.015739894 0 0 0 0 0 0 1 0 1 1 0
"bench_d6_seq_parity.csv"	11	-2.1860133e-07
1 1 0.5125 0.24984375 0 1 2.0006253 0.00024362876 0.015739894 0 0 0 0 0 0 1 0 1 1 0
"bench_d6_seq_parity.csv"	11	-2.1860133e-07
1 1 0.5125 0.24984375 0 1 2.0006253 0.00024362876 0.015739894 0 0 0 0 0 0 1 0 1 1 0
"bench_d6_seq_parity.csv"	1	-2.1860133e-07
1 1 0.5125 0.24984375 0 1 2.0006253 0.00024362876 0.015739894 0 0 0 0 0 0 1 0 1 1 0
"bench_d6_seq_parity.csv"	4	-2.1860133e-07
1 1 0.5125 0.24984375 0 1 2.0006253 0.00024362876 0.015739894 0 0 0 0 0 0 1 0 1 1 0
"bench_d6_seq_parity.csv"	2	-2.1860133e-07
1 1 0.5125 0.24984375 0 1 2.0006253 0.00024362876 0.015739894 0 0 0 0 0 0 1 0 1 1 0
"bench_d6_seq_parity.csv"	7	-5.0351121e-07
1 1 0.5125 0.24984375 0 1 2.0006253 0.00024362876 0.015739894 0 0 0 0 0 0 1 0 1 1 0
"bench_d6_seq_parity.csv"	11	-5.0351121e-07
1 1 0.5125 0.24984375 0 1 2.0006253 0.00024362876 0.015739894 0 0 0 0 0 0 1 0 1 1 0
"bench_d6_seq_parity.csv"	11	-5.0351121e-07
1 1 0.5125 0.24984375 0 1 2.0006253 0.00024362876 0.015739894 0 0 0 0 0 0 1 0 1 1 0
"bench_d6_seq_parity.csv"	1	-5.0351121e-07
1 1 0.5125 0.24984375 0 1 2.0006253 0.00024362876 0.015739894 0 0 0 0 0 0 1 0 1 1 0
"bench_d6_seq_parity.csv"	4	-5.0351121e-07
1 1 0.5125 0.24984375 0 1 2.0006253 0.00024362876 0.015739894 0 0 0 0 0 0 1 0 1 1 0
"bench_d6_seq_parity.csv"	2	-5.0351121e-07
1 1 0.5125 0.24984375 0 1 2.0006253 0.00024362876 0.015739894 0 0 0 0 0 0 1 0 1 1 0
"bench_d6_seq_parity.csv"	7	-9.4857298e-07
1 1 0.5125 0.24984375 0 1 2.0006253 0.00024362876 0.015739894 0 0 0 0 0 0 1 0 1 1 0
"bench_d6_seq_parity.csv"	11	-9.4857298e-07
1 1 0.5125 0.24984375 0 1 2.0006253 0.00024362876 0.015739894 0 0 0 0 0 0 1 0 1 1 0
"bench_d6_seq_parity.csv"	11	-9.4857298e-07
1 1 0.5125 0.24984375 0 1 2.0006253 0.00024362876 0.015739894 0 0 0 0 0 0 1 0 1 1 0
"bench_d6_seq_parity.csv"	1	-9.4857298e-07
1 1 0.5125 0.24984375 0 1 2.0006253 0.00024362876 0.015739894 0 0 0 0 0 0 1 0 1 1 0
"bench_d6_seq_parity.csv"	4	-9.4857298e-07
1 1 0.5125 0.24984375 0 1 2.0006253 0.00024362876 0.015739894 0 0 0 0 0 0 1 0 1 1 0
"bench_d6_seq_parity.csv"	2	-9.4857298e-07
1 1 0.5125 0.24984375 0 1 2.0006253 0.00024362876 0.015739894 0 0 0 0 0 0 1 0 1 1 0
"bench_d6_seq_parity.csv"	7	-8.1388394e-08
1 1 0.5125 0.24984375 0 1 2.0006253 0.00024362876 0.015739894 0 0 0 0 0 0 1 0 1 1 0
"bench_d6_seq_parity.csv"	11	-8.1388394e-08
1 1 0.5125 0.24984375 0 1 2.0006253 0.00024362876 0.015739894 0 0 0 0 0 0 1 0 1 1 0
"bench_d6_seq_parity.csv"	11	-8.1388394e-08
1 1 0.5125 0.24984375 0 1 2.0006253 0.00024362876 0.015739894 0 0 0 0 0 0 1 0 1 1 0
"bench_d6_seq_parity.csv"	1	-8.1388394e-08
1 1 0.5125 0.24984375 0 1 2.0006253 0.00024362876 0.015739894 0 0 0 0 0 0 1 0 1 1 0
"bench_d6_seq_parity.csv"	4	-8.1388394e-08
1 1 0.5125 0.24984375 0 1 2.0006253 0.00024362876 0.015739894 0 0 0 0 0 0 1 0 1 1 0
"bench_d6_seq_parity.csv"	2	-8.1388394e-08
1 1 0.5125 0.24984375 0 1 2.0006253 0.00024362876 0.015739894 0 0 0 0 0 0 1 0 1 1 0
"bench_d7_multiout.csv"	21	0.0030032236
1 1 -0.014156875 0.34220909 -0.9989 0.9986 3.4146093 1 1 0 0 0 0 0 0 1 0 0 1 0
"bench_d7_multiout.csv"	1	-0.081309184
1 1 -0.014156875 0.34220909 -0.9989 0.9986 3.4146093 1 1 0 0 0 0 0 0 1 0 0 1 0
"bench_d7_multiout.csv"	12	-0.081309184
1 1 -0.014156875 0.34220909 -0.9989 0.9986 3.4146093 1 1 0 0 0 0 0 0 1 0 0 1 0
"bench_d7_multiout.csv"	3	-0.080767714
1 1 -0.013864375 0.27874218 -0.8409 0.8407 3.1850874 0.99780023 0.90157662 0.0059597746 2 0 0 0 0 1 0 0 1.0714286 0
"bench_d7_multiout.csv"	21	6.0989945e-05
1 1 -0.013864375 0.27874218 -0.8409 0.8407 3.1850874 0.99780023 0.90157662 0.0059597746 2 0 0 0 0 1 0 0 1.0714286 0
"bench_d7_multiout.csv"	1	-0.080767714
1 1 -0.013864375 0.27874218 -0.8409 0.8407 3.1850874 0.99780023 0.90157662 0.0059597746 2 0 0 0 0 1 0 0 1.0714286 0
"bench_d7_multiout.csv"	4	1.1330817e-05
1 1 -0.013864375 0.27874218 -0.8409 0.8407 3.1850874 0.99780023 0.90157662 0.0059597746 2 0 0 0 0 1 0 0 1.0714286 0
"bench_d7_multiout.csv"	12	-0.080767714
1 1 -0.013864375 0.27874218 -0.8409 0.8407 3.1850874 0.99780023 0.90157662 0.0059597746 2 0 0 0 0 1 0 0 1.0714286 0
"bench_d7_multiout.csv"	2	2.1952581e-05
1 1 -0.013864375 0.27874218 -0.8409 0.8407 3.1850874 0.99780023 0.90157662 0.0059597746 2 0 0 0 0 1 0 0 1.0714286 0
"bench_d7_multiout.csv"	3	-0.0807448
1 1 0.34241437 0.092526997 0 0.9977 3.2799388 0.99999998 3.1214461e-06 1.0000211 2 1 0 0 0 1 0 1 2 0
"bench_d7_multiout.csv"	3	0.00027525161
1 1 -0.014156875 0.34220909 -0.9989 0.9986 3.4146093 1 1 0 0 0 0 0 0 1 0 0 1 0
"bench_d7_multiout.csv"	1	-0.080978111
1 1 -0.014156875 0.34220909 -0.9989 0.9986 3.4146093 1 1 0 0 0 0 0 0 1 0 0 1 0
"bench_d7_multiout.csv"	2	0.0066883447
1 1 -0.014156875 0.34220909 -0.9989 0.9986 3.4146093 1 1 0 0 0 0 0 0 1 0 0 1 0
"bench_d7_multiout.csv"	3	1.5952324e-05
1 1 -0.014156875 0.34220909 -0.9989 0.9986 3.4146093 1 1 0 0 0 0 0 0 1 0 0 1 0
"bench_d7_multiout.csv"	21	0.00012153057
1 1 -0.014156875 0.34220909 -0.9989 0.9986 3.4146093 1 1 0 0 0 0 0 0 1 0 0 1 0
"bench_d7_multiout.csv"	1	0.0028547773
1 1 -0.014156875 0.34220909 -0.9989 0.9986 3.4146093 1 1 0 0 0 0 0 0 1 0 0 1 0
"bench_d7_multiout.csv"	4	4.9717062e-05
1 1 -0.014156875 0.34220909 -0.9989 0.9986 3.4146093 1 1 0 0 0 0 0 0 1 0 0 1 0
"bench_d7_multiout.csv"	12	-0.080739184
1 1 -0.014156875 0.34220909 -0.9989 0.9986 3.4146093 1 1 0 0 0 0 0 0 1 0 0 1 0
"bench_d7_multiout.csv"	2	7.6625063e-05
1 1 -0.014156875 0.34220909 -0.9989 0.9986 3.4146093 1 1 0 0 0 0 0 0 1 0 0 1 0
"bench_d7_multiout.csv"	3	0.0023923426
1 1 -0.014156875 0.34220909 -0.9989 0.9986 3.4146093 1 1 0 0 0 0 0 0 1 0 0 1 0
"bench_d7_multiout.csv"	1	0.00064380705
1 1 -0.014156875 0.34220909 -0.9989 0.9986 3.4146093 1 1 0 0 0 0 0 0 1 0 0 1 0
"bench_d8_compose_absprod.csv"	3	-0.00030298472
2 1 0.25878073 0.047252464 0.0008 0.9891 4.5464934 0.76645681 0.0083178219 0.21114386 3 1 0 0 0.15122402 0 1 1 2517 4 0.24656724 0.2809175 0.26212449 0.25120444
"bench_d8_compose_absprod.csv"	2	-0.00030298472
2 1 0.25878073 0.047252464 0.0008 0.9891 4.5464934 0.76645681 0.0083178219 0.21114386 3 1 0 0 0.15122402 0 1 1 2517 4 0.24656724 0.2809175 0.26212449 0.25120444
"bench_d8_compose_absprod.csv"	1	-0.00030298472
2 1 0.25878073 0.047252464 0.0008 0.9891 4.5464934 0.76645681 0.0083178219 0.21114386 3 1 0 0 0.15122402 0 1 1 2517 4 0.24656724 0.2809175 0.26212449 0.25120444
"bench_d8_compose_absprod.csv"	3	-0.00014490085
2 1 0.25878073 0.047252464 0.0008 0.9891 4.5464934 0.76645681 0.0083178219 0.21114386 3 1 0 0 0.15122402 0 1 1 2517 4 0.24656724 0.2809175 0.26212449 0.25120444
"bench_d8_compose_absprod.csv"	4	-0.00014490085
2 1 0.25878073 0.047252464 0.0008 0.9891 4.5464934 0.76645681 0.0083178219 0.21114386 3 1 0 0 0.15122402 0 1 1 2517 4 0.24656724 0.2809175 0.26212449 0.25120444
"bench_d8_compose_absprod.csv"	1	-0.00014490085
2 1 0.25878073 0.047252464 0.0008 0.9891 4.5464934 0.76645681 0.0083178219 0.21114386 3 1 0 0 0.15122402 0 1 1 2517 4 0.24656724 0.2809175 0.26212449 0.25120444
"bench_d8_compose_absprod.csv"	2	-0.00014490085
2 1 0.25878073 0.047252464 0.0008 0.9891 4.5464934 0.76645681 0.0083178219 0.21114386 3 1 0 0 0.15122402 0 1 1 2517 4 0.24656724 0.2809175 0.26212449 0.25120444
"bench_d8_compose_absprod.csv"	3	-0.00010497916
2 1 0.25878073 0.047252464 0.0008 0.9891 4.5464934 0.76645681 0.0083178219 0.21114386 3 1 0 0 0.15122402 0 1 1 2517 4 0.24656724 0.2809175 0.26212449 0.25120444
"bench_d8_compose_absprod.csv"	9	2.1205355e-05
2 1 0.25878073 0.047252464 0.0008 0.9891 4.5464934 0.76645681 0.0083178219 0.21114386 3 1 0 0 0.15122402 0 1 1 2517 4 0.24656724 0.2809175 0.26212449 0.25120444
"bench_d8_compose_absprod.csv"	1	-0.00010497916
2 1 0.25878073 0.047252464 0.0008 0.9891 4.5464934 0.76645681 0.0083178219 0.21114386 3 1 0 0 0.15122402 0 1 1 2517 4 0.24656724 0.2809175 0.26212449 0.25120444
"bench_d8_compose_absprod.csv"	2	-0.00010497916
2 1 0.25878073 0.047252464 0.0008 0.9891 4.5464934 0.76645681 0.0083178219 0.21114386 3 1 0 0 0.15122402 0 1 1 2517 4 0.24656724 0.2809175 0.26212449 0.25120444
"bench_d8_compose_absprod.csv"	3	-7.1378774e-05
2 1 0.25878073 0.047252464 0.0008 0.9891 4.5464934 0.76645681 0.0083178219 0.21114386 3 1 0 0 0.15122402 0 1 1 2517 4 0.24656724 0.2809175 0.26212449 0.25120444
"bench_d8_compose_absprod.csv"	2	8.7827133e-05
2 1 0.25878073 0.047252464 0.0008 0.9891 4.5464934 0.76645681 0.0083178219 0.21114386 3 1 0 0 0.15122402 0 1 1 2517 4 0.24656724 0.2809175 0.26212449 0.25120444
"bench_d8_compose_absprod.csv"	4	3.5161979e-05
2 1 0.25878073 0.047252464 0.0008 0.9891 4.5464934 0.76645681 0.0083178219 0.21114386 3 1 0 0 0.15122402 0 1 1 2517 4 0.24656724 0.2809175 0.26212449 0.25120444
"bench_d8_compose_absprod.csv"	1	9.6611628e-05
2 1 0.25878073 0.047252464 0.0008 0.9891 4.5464934 0.76645681 0.0083178219 0.21114386 3 1 0 0 0.15122402 0 1 1 2517 4 0.24656724 0.2809175 0.26212449 0.25120444
"bench_d8_compose_absprod.csv"	3	-0.00019818019
2 1 0.25878073 0.047252464 0.0008 0.9891 4.5464934 0.76645681 0.0083178219 0.21114386 3 1 0 0 0.15122402 0 1 1 2517 4 0.24656724 0.2809175 0.26212449 0.25120444
"bench_d8_compose_absprod.csv"	21	-0.00019818019
2 1 0.25878073 0.047252464 0.0008 0.9891 4.5464934 0.76645681 0.0083178219 0.21114386 3 1 0 0 0.15122402 0 1 1 2517 4 0.24656724 0.2809175 0.26212449 0.25120444
"bench_d8_compose_absprod.csv"	2	-0.00019818019
2 1 0.25878073 0.047252464 0.0008 0.9891 4.5464934 0.76645681 0.0083178219 0.21114386 3 1 0 0 0.15122402 0 1 1 2517 4 0.24656724 0.2809175 0.26212449 0.25120444
"bench_d8_compose_absprod.csv"	12	-0.00019818019
2 1 0.25878073 0.047252464 0.0008 0.9891 4.5464934 0.76645681 0.0083178219 0.21114386 3 1 0 0 0.15122402 0 1 1 2517 4 0.24656724 0.2809175 0.26212449 0.25120444
"bench_d8_compose_absprod.csv"	3	-0.00010969336
2 1 0.25878073 0.047252464 0.0008 0.9891 4.5464934 0.76645681 0.0083178219 0.21114386 3 1 0 0 0.15122402 0 1 1 2517 4 0.24656724 0.2809175 0.26212449 0.25120444
"bench_d8_compose_absprod.csv"	9	-0.00010969336
2 1 0.25878073 0.047252464 0.0008 0.9891 4.5464934 0.76645681 0.0083178219 0.21114386 3 1 0 0 0.15122402 0 1 1 2517 4 0.24656724 0.2809175 0.26212449 0.25120444
"bench_d8_compose_absprod.csv"	21	1.4477477e-05
2 1 0.25878073 0.047252464 0.0008 0.9891 4.5464934 0.76645681 0.0083178219 0.21114386 3 1 0 0 0.15122402 0 1 1 2517 4 0.24656724 0.2809175 0.26212449 0.25120444
"bench_d8_compose_absprod.csv"	14	7.7184003e-06
2 1 0.25878073 0.047252464 0.0008 0.9891 4.5464934 0.76645681 0.0083178219 0.21114386 3 1 0 0 0.15122402 0 1 1 2517 4 0.24656724 0.2809175 0.26212449 0.25120444
"bench_d8_compose_absprod.csv"	4	4.3659434e-05
2 1 0.25878073 0.047252464 0.0008 0.9891 4.5464934 0.76645681 0.0083178219 0.21114386 3 1 0 0 0.15122402 0 1 1 2517 4 0.24656724 0.2809175 0.26212449 0.25120444
"bench_d8_compose_absprod.csv"	12	-0.00010969336
2 1 0.25878073 0.047252464 0.0008 0.9891 4.5464934 0.76645681 0.0083178219 0.21114386 3 1 0 0 0.15122402 0 1 1 2517 4 0.24656724 0.2809175 0.26212449 0.25120444
"bench_d8_compose_absprod.csv"	2	1.6179884e-05
2 1 0.25878073 0.047252464 0.0008 0.9891 4.5464934 0.76645681 0.0083178219 0.21114386 3 1 0 0 0.15122402 0 1 1 2517 4 0.24656724 0.2809175 0.26212449 0.25120444
"bench_d8_compose_absprod.csv"	3	-0.00010969336
2 1 0.25878073 0.047252464 0.0008 0.9891 4.5464934 0.76645681 0.0083178219 0.21114386 3 1 0 0 0.15122402 0 1 1 2517 4 0.24656724 0.2809175 0.26212449 0.25120444
"bench_d8_compose_absprod.csv"	3	1.6418504e-05
2 1 0.25878073 0.047252464 0.0008 0.9891 4.5464934 0.76645681 0.0083178219 0.21114386 3 1 0 0 0.15122402 0 1 1 2517 4 0.24656724 0.2809175 0.26212449 0.25120444
"bench_d8_compose_absprod.csv"	2	1.4076566e-05
2 1 0.25878073 0.047252464 0.0008 0.9891 4.5464934 0.76645681 0.0083178219 0.21114386 3 1 0 0 0.15122402 0 1 1 2517 4 0.24656724 0.2809175 0.26212449 0.25120444
"bench_d8_compose_absprod.csv"	3	-5.1203057e-05
2 1 0.25878073 0.047252464 0.0008 0.9891 4.5464934 0.76645681 0.0083178219 0.21114386 3 1 0 0 0.15122402 0 1 1 2517 4 0.24656724 0.2809175 0.26212449 0.25120444
"bench_d8_compose_absprod.csv"	9	1.5893498e-05
2 1 0.25878073 0.047252464 0.0008 0.9891 4.5464934 0.76645681 0.0083178219 0.21114386 3 1 0 0 0.15122402 0 1 1 2517 4 0.24656724 0.2809175 0.26212449 0.25120444
"bench_d8_compose_absprod.csv"	1	-5.1203057e-05
2 1 0.25878073 0.047252464 0.0008 0.9891 4.5464934 0.76645681 0.0083178219 0.21114386 3 1 0 0 0.15122402 0 1 1 2517 4 0.24656724 0.2809175 0.26212449 0.25120444
"bench_d8_compose_absprod.csv"	4	-5.1203057e-05
2 1 0.25878073 0.047252464 0.0008 0.9891 4.5464934 0.76645681 0.0083178219 0.21114386 3 1 0 0 0.15122402 0 1 1 2517 4 0.24656724 0.2809175 0.26212449 0.25120444
"bench_d8_compose_absprod.csv"	2	-5.1203057e-05
2 1 0.25878073 0.047252464 0.0008 0.9891 4.5464934 0.76645681 0.0083178219 0.21114386 3 1 0 0 0.15122402 0 1 1 2517 4 0.24656724 0.2809175 0.26212449 0.25120444
"bench_d8_compose_absprod.csv"	3	-5.1203057e-05
2 1 0.25878073 0.047252464 0.0008 0.9891 4.5464934 0.76645681 0.0083178219 0.21114386 3 1 0 0 0.15122402 0 1 1 2517 4 0.24656724 0.2809175 0.26212449 0.25120444
"bench_d8_compose_absprod.csv"	9	1.4819048e-05
2 1 0.25878073 0.047252464 0.0008 0.9891 4.5464934 0.76645681 0.0083178219 0.21114386 3 1 0 0 0.15122402 0 1 1 2517 4 0.24656724 0.2809175 0.26212449 0.25120444
"bench_d8_compose_absprod.csv"	2	-5.1203057e-05
2 1 0.25878073 0.047252464 0.0008 0.9891 4.5464934 0.76645681 0.0083178219 0.21114386 3 1 0 0 0.15122402 0 1 1 2517 4 0.24656724 0.2809175 0.26212449 0.25120444
"bench_d8_compose_absprod.csv"	4	4.17823e-05
2 1 0.25878073 0.047252464 0.0008 0.9891 4.5464934 0.76645681 0.0083178219 0.21114386 3 1 0 0 0.15122402 0 1 1 2517 4 0.24656724 0.2809175 0.26212449 0.25120444
"bench_d8_compose_absprod.csv"	1	-5.1203057e-05
2 1 0.25878073 0.047252464 0.0008 0.9891 4.5464934 0.76645681 0.0083178219 0.21114386 3 1 0 0 0.15122402 0 1 1 2517 4 0.24656724 0.2809175 0.26212449 0.25120444
"bench_d9_noise.csv"	2	3.5934258e-06
2 1 0.687605 0.20096334 -0.4084 1.8768 5.0976005 0.80375493 0.012271562 1.0302447 4 1 1 1 0.024495631 0 1 0 8498 4 0.6713 0.72735 0.61117021 0.75532857
"bench_d9_noise.csv"	12	-0.20873467
2 1 0.687605 0.20096334 -0.4084 1.8768 5.0976005 0.80375493 0.012271562 1.0302447 4 1 1 1 0.024495631 0 1 0 8498 4 0.6713 0.72735 0.61117021 0.75532857
"bench_d9_noise.csv"	1	-0.20873467
2 1 0.687605 0.20096334 -0.4084 1.8768 5.0976005 0.80375493 0.012271562 1.0302447 4 1 1 1 0.024495631 0 1 0 8498 4 0.6713 0.72735 0.61117021 0.75532857
"bench_d9_noise.csv"	21	-0.059911319
2 1 0.687605 0.20096334 -0.4084 1.8768 5.0976005 0.80375493 0.012271562 1.0302447 4 1 1 1 0.024495631 0 1 0 8498 4 0.6713 0.72735 0.61117021 0.75532857
"bench_d9_noise.csv"	1	-0.059911319
2 1 0.687605 0.20096334 -0.4084 1.8768 5.0976005 0.80375493 0.012271562 1.0302447 4 1 1 1 0.024495631 0 1 0 8498 4 0.6713 0.72735 0.61117021 0.75532857
"bench_d9_noise.csv"	12	-0.059911319
2 1 0.687605 0.20096334 -0.4084 1.8768 5.0976005 0.80375493 0.012271562 1.0302447 4 1 1 1 0.024495631 0 1 0 8498 4 0.6713 0.72735 0.61117021 0.75532857
"bench_d9_noise.csv"	4	0.00087253544
2 1 0.687605 0.20096334 -0.4084 1.8768 5.0976005 0.80375493 0.012271562 1.0302447 4 1 1 1 0.024495631 0 1 0 8498 4 0.6713 0.72735 0.61117021 0.75532857
"bench_d9_noise.csv"	2	0.001330315
2 1 0.687605 0.20096334 -0.4084 1.8768 5.0976005 0.80375493 0.012271562 1.0302447 4 1 1 1 0.024495631 0 1 0 8498 4 0.6713 0.72735 0.61117021 0.75532857
"bench_d9_noise.csv"	1	0.0020401421
2 1 0.687605 0.20096334 -0.4084 1.8768 5.0976005 0.80375493 0.012271562 1.0302447 4 1 1 1 0.024495631 0 1 0 8498 4 0.6713 0.72735 0.61117021 0.75532857
"bench_d9_noise.csv"	21	-0.060117491
2 1 0.687605 0.20096334 -0.4084 1.8768 5.0976005 0.80375493 0.012271562 1.0302447 4 1 1 1 0.024495631 0 1 0 8498 4 0.6713 0.72735 0.61117021 0.75532857
"bench_d9_noise.csv"	1	-0.060117491
2 1 0.687605 0.20096334 -0.4084 1.8768 5.0976005 0.80375493 0.012271562 1.0302447 4 1 1 1 0.024495631 0 1 0 8498 4 0.6713 0.72735 0.61117021 0.75532857
"bench_d9_noise.csv"	12	-0.060117491
2 1 0.687605 0.20096334 -0.4084 1.8768 5.0976005 0.80375493 0.012271562 1.0302447 4 1 1 1 0.024495631 0 1 0 8498 4 0.6713 0.72735 0.61117021 0.75532857
"bench_d9_noise.csv"	4	0.0022613057
2 1 0.687605 0.20096334 -0.4084 1.8768 5.0976005 0.80375493 0.012271562 1.0302447 4 1 1 1 0.024495631 0 1 0 8498 4 0.6713 0.72735 0.61117021 0.75532857
"bench_d9_noise.csv"	21	-0.053848295
2 1 0.687605 0.20096334 -0.4084 1.8768 5.0976005 0.80375493 0.012271562 1.0302447 4 1 1 1 0.024495631 0 1 0 8498 4 0.6713 0.72735 0.61117021 0.75532857
"bench_d9_noise.csv"	3	0.0020574401
2 1 0.687605 0.20096334 -0.4084 1.8768 5.0976005 0.80375493 0.012271562 1.0302447 4 1 1 1 0.024495631 0 1 0 8498 4 0.6713 0.72735 0.61117021 0.75532857
"bench_d9_noise.csv"	14	0.0013337114
2 1 0.687605 0.20096334 -0.4084 1.8768 5.0976005 0.80375493 0.012271562 1.0302447 4 1 1 1 0.024495631 0 1 0 8498 4 0.6713 0.72735 0.61117021 0.75532857
"bench_d9_noise.csv"	1	-0.053848295
2 1 0.687605 0.20096334 -0.4084 1.8768 5.0976005 0.80375493 0.012271562 1.0302447 4 1 1 1 0.024495631 0 1 0 8498 4 0.6713 0.72735 0.61117021 0.75532857
"bench_d9_noise.csv"	12	-0.053848295
2 1 0.687605 0.20096334 -0.4084 1.8768 5.0976005 0.80375493 0.012271562 1.0302447 4 1 1 1 0.024495631 0 1 0 8498 4 0.6713 0.72735 0.61117021 0.75532857
"bench_d9_noise.csv"	2	0.0014432692
2 1 0.687605 0.20096334 -0.4084 1.8768 5.0976005 0.80375493 0.012271562 1.0302447 4 1 1 1 0.024495631 0 1 0 8498 4 0.6713 0.72735 0.61117021 0.75532857
"bench_d9_noise.csv"	4	0.0019679794
2 1 0.687605 0.20096334 -0.4084 1.8768 5.0976005 0.80375493 0.012271562 1.0302447 4 1 1 1 0.024495631 0 1 0 8498 4 0.6713 0.72735 0.61117021 0.75532857
"bench_d9_noise.csv"	21	-0.053990377
2 1 0.687605 0.20096334 -0.4084 1.8768 5.0976005 0.80375493 0.012271562 1.0302447 4 1 1 1 0.024495631 0 1 0 8498 4 0.6713 0.72735 0.61117021 0.75532857
"bench_d9_noise.csv"	3	0.0020335196
2 1 0.687605 0.20096334 -0.4084 1.8768 5.0976005 0.80375493 0.012271562 1.0302447 4 1 1 1 0.024495631 0 1 0 8498 4 0.6713 0.72735 0.61117021 0.75532857
"bench_d9_noise.csv"	14	0.0018165356
2 1 0.687605 0.20096334 -0.4084 1.8768 5.0976005 0.80375493 0.012271562 1.0302447 4 1 1 1 0.024495631 0 1 0 8498 4 0.6713 0.72735 0.61117021 0.75532857
"bench_d9_noise.csv"	1	-0.053990377
2 1 0.687605 0.20096334 -0.4084 1.8768 5.0976005 0.80375493 0.012271562 1.0302447 4 1 1 1 0.024495631 0 1 0 8498 4 0.6713 0.72735 0.61117021 0.75532857
"bench_d9_noise.csv"	12	-0.053990377
2 1 0.687605 0.20096334 -0.4084 1.8768 5.0976005 0.80375493 0.012271562 1.0302447 4 1 1 1 0.024495631 0 1 0 8498 4 0.6713 0.72735 0.61117021 0.75532857
"bench_d9_noise.csv"	2	0.0014128103
2 1 0.687605 0.20096334 -0.4084 1.8768 5.0976005 0.80375493 0.012271562 1.0302447 4 1 1 1 0.024495631 0 1 0 8498 4 0.6713 0.72735 0.61117021 0.75532857
"bench_d9_noise.csv"	4	0.0022887385
2 1 0.687605 0.20096334 -0.4084 1.8768 5.0976005 0.80375493 0.012271562 1.0302447 4 1 1 1 0.024495631 0 1 0 8498 4 0.6713 0.72735 0.61117021 0.75532857
"bench_d9_noise.csv"	21	-0.053878849
2 1 0.687605 0.20096334 -0.4084 1.8768 5.0976005 0.80375493 0.012271562 1.0302447 4 1 1 1 0.024495631 0 1 0 8498 4 0.6713 0.72735 0.61117021 0.75532857
"bench_d9_noise.csv"	3	0.0020546062
2 1 0.687605 0.20096334 -0.4084 1.8768 5.0976005 0.80375493 0.012271562 1.0302447 4 1 1 1 0.024495631 0 1 0 8498 4 0.6713 0.72735 0.61117021 0.75532857
"bench_d9_noise.csv"	14	0.0012273015
2 1 0.687605 0.20096334 -0.4084 1.8768 5.0976005 0.80375493 0.012271562 1.0302447 4 1 1 1 0.024495631 0 1 0 8498 4 0.6713 0.72735 0.61117021 0.75532857
"bench_d9_noise.csv"	1	-0.053878849
2 1 0.687605 0.20096334 -0.4084 1.8768 5.0976005 0.80375493 0.012271562 1.0302447 4 1 1 1 0.024495631 0 1 0 8498 4 0.6713 0.72735 0.61117021 0.75532857
"bench_d9_noise.csv"	12	-0.053878849
2 1 0.687605 0.20096334 -0.4084 1.8768 5.0976005 0.80375493 0.012271562 1.0302447 4 1 1 1 0.024495631 0 1 0 8498 4 0.6713 0.72735 0.61117021 0.75532857
"bench_d9_noise.csv"	2	0.0022200381
2 1 0.687605 0.20096334 -0.4084 1.8768 5.0976005 0.80375493 0.012271562 1.0302447 4 1 1 1 0.024495631 0 1 0 8498 4 0.6713 0.72735 0.61117021 0.75532857
"bench_d9_noise.csv"	4	0.0018989588
2 1 0.687605 0.20096334 -0.4084 1.8768 5.0976005 0.80375493 0.012271562 1.0302447 4 1 1 1 0.024495631 0 1 0 8498 4 0.6713 0.72735 0.61117021 0.75532857
"bench_d9_noise.csv"	21	-0.053963738
2 1 0.687605 0.20096334 -0.4084 1.8768 5.0976005 0.80375493 0.012271562 1.0302447 4 1 1 1 0.024495631 0 1 0 8498 4 0.6713 0.72735 0.61117021 0.75532857
"bench_d9_noise.csv"	3	0.0020386275
2 1 0.687605 0.20096334 -0.4084 1.8768 5.0976005 0.80375493 0.012271562 1.0302447 4 1 1 1 0.024495631 0 1 0 8498 4 0.6713 0.72735 0.61117021 0.75532857
"bench_d9_noise.csv"	1	-0.053963738
2 1 0.687605 0.20096334 -0.4084 1.8768 5.0976005 0.80375493 0.012271562 1.0302447 4 1 1 1 0.024495631 0 1 0 8498 4 0.6713 0.72735 0.61117021 0.75532857
"bench_d9_noise.csv"	12	-0.053963738
2 1 0.687605 0.20096334 -0.4084 1.8768 5.0976005 0.80375493 0.012271562 1.0302447 4 1 1 1 0.024495631 0 1 0 8498 4 0.6713 0.72735 0.61117021 0.75532857
"bench_d9_noise.csv"	2	0.0019411268
2 1 0.687605 0.20096334 -0.4084 1.8768 5.0976005 0.80375493 0.012271562 1.0302447 4 1 1 1 0.024495631 0 1 0 8498 4 0.6713 0.72735 0.61117021 0.75532857
"bench_t21_three_region.csv"	1	-0.056921319
1 1 -0.090277778 0.60990548 -1 1 2.560936 0.88482661 0.72766943 0.031415412 2 0 0 0 0 1 1 0 45.334863 0
"bench_t21_three_region.csv"	12	-0.056921319
1 1 -0.090277778 0.60990548 -1 1 2.560936 0.88482661 0.72766943 0.031415412 2 0 0 0 0 1 1 0 45.334863 0
"bench_t21_three_region.csv"	3	0.00018215232
1 1 -0.090277778 0.60990548 -1 1 2.560936 0.88482661 0.72766943 0.031415412 2 0 0 0 0 1 1 0 45.334863 0
"bench_t21_three_region.csv"	1	-0.056349231
1 1 -0.090277778 0.60990548 -1 1 2.560936 0.88482661 0.72766943 0.031415412 2 0 0 0 0 1 1 0 45.334863 0
"bench_t21_three_region.csv"	12	-0.056349231
1 1 -0.090277778 0.60990548 -1 1 2.560936 0.88482661 0.72766943 0.031415412 2 0 0 0 0 1 1 0 45.334863 0
"bench_t21_three_region.csv"	4	0.00028551406
1 1 -0.090277778 0.60990548 -1 1 2.560936 0.88482661 0.72766943 0.031415412 2 0 0 0 0 1 1 0 45.334863 0
"bench_t21_three_region.csv"	2	0.0010298721
1 1 -0.090277778 0.60990548 -1 1 2.560936 0.88482661 0.72766943 0.031415412 2 0 0 0 0 1 1 0 45.334863 0
"bench_t21_three_region.csv"	1	-0.056637003
1 1 -0.090277778 0.60990548 -1 1 2.560936 0.88482661 0.72766943 0.031415412 2 0 0 0 0 1 1 0 45.334863 0
"bench_t21_three_region.csv"	12	-0.056637003
1 1 -0.090277778 0.60990548 -1 1 2.560936 0.88482661 0.72766943 0.031415412 2 0 0 0 0 1 1 0 45.334863 0
"bench_t21_three_region.csv"	4	9.7883179e-05
1 1 -0.090277778 0.60990548 -1 1 2.560936 0.88482661 0.72766943 0.031415412 2 0 0 0 0 1 1 0 45.334863 0
"bench_t21_three_region.csv"	2	0.00027191913
1 1 -0.090277778 0.60990548 -1 1 2.560936 0.88482661 0.72766943 0.031415412 2 0 0 0 0 1 1 0 45.334863 0
"bench_t21_three_region.csv"	3	-0.041845397
1 1 -0.090277778 0.60990548 -1 1 2.560936 0.88482661 0.72766943 0.031415412 2 0 0 0 0 1 1 0 45.334863 0
"bench_t21_three_region.csv"	23	-0.041845397
1 1 -0.090277778 0.60990548 -1 1 2.560936 0.88482661 0.72766943 0.031415412 2 0 0 0 0 1 1 0 45.334863 0
"bench_t21_three_region.csv"	23	-0.041845397
1 1 -0.090277778 0.60990548 -1 1 2.560936 0.88482661 0.72766943 0.031415412 2 0 0 0 0 1 1 0 45.334863 0
"bench_t21_three_region.csv"	1	-0.041845397
1 1 -0.090277778 0.60990548 -1 1 2.560936 0.88482661 0.72766943 0.031415412 2 0 0 0 0 1 1 0 45.334863 0
"bench_t21_three_region.csv"	4	-0.041845397
1 1 -0.090277778 0.60990548 -1 1 2.560936 0.88482661 0.72766943 0.031415412 2 0 0 0 0 1 1 0 45.334863 0
"bench_t21_three_region.csv"	2	-0.041845397
1 1 -0.090277778 0.60990548 -1 1 2.560936 0.88482661 0.72766943 0.031415412 2 0 0 0 0 1 1 0 45.334863 0
"bench_t21_three_region.csv"	3	-0.041309608
1 1 -0.090277778 0.60990548 -1 1 2.560936 0.88482661 0.72766943 0.031415412 2 0 0 0 0 1 1 0 45.334863 0
"bench_t21_three_region.csv"	23	-0.041309608
1 1 -0.090277778 0.60990548 -1 1 2.560936 0.88482661 0.72766943 0.031415412 2 0 0 0 0 1 1 0 45.334863 0
"bench_t21_three_region.csv"	23	-0.041309608
1 1 -0.090277778 0.60990548 -1 1 2.560936 0.88482661 0.72766943 0.031415412 2 0 0 0 0 1 1 0 45.334863 0
"bench_t21_three_region.csv"	1	-0.041309608
1 1 -0.090277778 0.60990548 -1 1 2.560936 0.88482661 0.72766943 0.031415412 2 0 0 0 0 1 1 0 45.334863 0
"bench_t21_three_region.csv"	4	-0.041309608
1 1 -0.090277778 0.60990548 -1 1 2.560936 0.88482661 0.72766943 0.031415412 2 0 0 0 0 1 1 0 45.334863 0
"bench_t21_three_region.csv"	2	-0.041309608
1 1 -0.090277778 0.60990548 -1 1 2.560936 0.88482661 0.72766943 0.031415412 2 0 0 0 0 1 1 0 45.334863 0
"bench_t21_three_region.csv"	3	-0.041070206
1 1 -0.090277778 0.60990548 -1 1 2.560936 0.88482661 0.72766943 0.031415412 2 0 0 0 0 1 1 0 45.334863 0
"bench_t21_three_region.csv"	23	-0.041070206
1 1 -0.090277778 0.60990548 -1 1 2.560936 0.88482661 0.72766943 0.031415412 2 0 0 0 0 1 1 0 45.334863 0
"bench_t21_three_region.csv"	23	-0.041070206
1 1 -0.090277778 0.60990548 -1 1 2.560936 0.88482661 0.72766943 0.031415412 2 0 0 0 0 1 1 0 45.334863 0
"bench_t21_three_region.csv"	1	-0.041070206
1 1 -0.090277778 0.60990548 -1 1 2.560936 0.88482661 0.72766943 0.031415412 2 0 0 0 0 1 1 0 45.334863 0
"bench_t21_three_region.csv"	4	-0.041070206
1 1 -0.090277778 0.60990548 -1 1 2.560936 0.88482661 0.72766943 0.031415412 2 0 0 0 0 1 1 0 45.334863 0
"bench_t21_three_region.csv"	2	-0.041070206
1 1 -0.090277778 0.60990548 -1 1 2.560936 0.88482661 0.72766943 0.031415412 2 0 0 0 0 1 1 0 45.334863 0
"bench_t21_three_region.csv"	3	-0.04125332
1 1 -0.090277778 0.60990548 -1 1 2.560936 0.88482661 0.72766943 0.031415412 2 0 0 0 0 1 1 0 45.334863 0
"bench_t21_three_region.csv"	23	-0.04125332
1 1 -0.090277778 0.60990548 -1 1 2.560936 0.88482661 0.72766943 0.031415412 2 0 0 0 0 1 1 0 45.334863 0
"bench_t21_three_region.csv"	23	-0.04125332
1 1 -0.090277778 0.60990548 -1 1 2.560936 0.88482661 0.72766943 0.031415412 2 0 0 0 0 1 1 0 45.334863 0
"bench_t21_three_region.csv"	1	-0.04125332
1 1 -0.090277778 0.60990548 -1 1 2.560936 0.88482661 0.72766943 0.031415412 2 0 0 0 0 1 1 0 45.334863 0
"bench_t21_three_region.csv"	4	-0.04125332
1 1 -0.090277778 0.60990548 -1 1 2.560936 0.88482661 0.72766943 0.031415412 2 0 0 0 0 1 1 0 45.334863 0
"bench_t21_three_region.csv"	2	-0.04125332
1 1 -0.090277778 0.60990548 -1 1 2.560936 0.88482661 0.72766943 0.031415412 2 0 0 0 0 1 1 0 45.334863 0
"bench_t21_three_region.csv"	3	-0.044466617
1 1 -0.090277778 0.60990548 -1 1 2.560936 0.88482661 0.72766943 0.031415412 2 0 0 0 0 1 1 0 45.334863 0
"bench_t21_three_region.csv"	23	-0.044466617
1 1 -0.090277778 0.60990548 -1 1 2.560936 0.88482661 0.72766943 0.031415412 2 0 0 0 0 1 1 0 45.334863 0
"bench_t21_three_region.csv"	23	-0.044466617
1 1 -0.090277778 0.60990548 -1 1 2.560936 0.88482661 0.72766943 0.031415412 2 0 0 0 0 1 1 0 45.334863 0
"bench_t21_three_region.csv"	1	-0.044466617
1 1 -0.090277778 0.60990548 -1 1 2.560936 0.88482661 0.72766943 0.031415412 2 0 0 0 0 1 1 0 45.334863 0
"bench_t21_three_region.csv"	4	-0.044466617
1 1 -0.090277778 0.60990548 -1 1 2.560936 0.88482661 0.72766943 0.031415412 2 0 0 0 0 1 1 0 45.334863 0
"bench_t21_three_region.csv"	2	-0.044466617
1 1 -0.090277778 0.60990548 -1 1 2.560936 0.88482661 0.72766943 0.031415412 2 0 0 0 0 1 1 0 45.334863 0
"bench_t21_three_region.csv"	3	-0.0083009199
1 1 -0.090277778 0.60990548 -1 1 2.560936 0.88482661 0.72766943 0.031415412 2 0 0 0 0 1 1 0 45.334863 0
"bench_t21_three_region.csv"	21	0.027279346
1 1 -0.090277778 0.60990548 -1 1 2.560936 0.88482661 0.72766943 0.031415412 2 0 0 0 0 1 1 0 45.334863 0
"bench_t21_three_region.csv"	1	0.025928604
1 1 -0.090277778 0.60990548 -1 1 2.560936 0.88482661 0.72766943 0.031415412 2 0 0 0 0 1 1 0 45.334863 0
"bench_t21_three_region.csv"	14	0.012176469
1 1 -0.090277778 0.60990548 -1 1 2.560936 0.88482661 0.72766943 0.031415412 2 0 0 0 0 1 1 0 45.334863 0
"bench_t21_three_region.csv"	12	-0.0083009199
1 1 -0.090277778 0.60990548 -1 1 2.560936 0.88482661 0.72766943 0.031415412 2 0 0 0 0 1 1 0 45.334863 0
"bench_t21_three_region.csv"	4	0.028602999
1 1 -0.090277778 0.60990548 -1 1 2.560936 0.88482661 0.72766943 0.031415412 2 0 0 0 0 1 1 0 45.334863 0
"bench_t21_three_region.csv"	2	0.02771215
1 1 -0.090277778 0.60990548 -1 1 2.560936 0.88482661 0.72766943 0.031415412 2 0 0 0 0 1 1 0 45.334863 0
"bench_t21_three_region.csv"	3	-0.0083009199
1 1 -0.090277778 0.60990548 -1 1 2.560936 0.88482661 0.72766943 0.031415412 2 0 0 0 0 1 1 0 45.334863 0
"bench_t21_three_region.csv"	21	0.027473899
1 1 -0.090277778 0.60990548 -1 1 2.560936 0.88482661 0.72766943 0.031415412 2 0 0 0 0 1 1 0 45.334863 0
"bench_t21_three_region.csv"	1	0.024908001
1 1 -0.090277778 0.60990548 -1 1 2.560936 0.88482661 0.72766943 0.031415412 2 0 0 0 0 1 1 0 45.334863 0
"bench_t21_three_region.csv"	14	0.0090093492
1 1 -0.090277778 0.60990548 -1 1 2.560936 0.88482661 0.72766943 0.031415412 2 0 0 0 0 1 1 0 45.334863 0
"bench_t21_three_region.csv"	12	-0.0083009199
1 1 -0.090277778 0.60990548 -1 1 2.560936 0.88482661 0.72766943 0.031415412 2 0 0 0 0 1 1 0 45.334863 0
"bench_t21_three_region.csv"	4	0.02834284
1 1 -0.090277778 0.60990548 -1 1 2.560936 0.88482661 0.72766943 0.031415412 2 0 0 0 0 1 1 0 45.334863 0
"bench_t21_three_region.csv"	2	0.027719
1 1 -0.090277778 0.60990548 -1 1 2.560936 0.88482661 0.72766943 0.031415412 2 0 0 0 0 1 1 0 45.334863 0
"bench_t21_three_region.csv"	3	-0.0074307606
1 1 -0.090277778 0.60990548 -1 1 2.560936 0.88482661 0.72766943 0.031415412 2 0 0 0 0 1 1 0 45.334863 0
"bench_t21_three_region.csv"	21	0.028254773
1 1 -0.090277778 0.60990548 -1 1 2.560936 0.88482661 0.72766943 0.031415412 2 0 0 0 0 1 1 0 45.334863 0
"bench_t21_three_region.csv"	1	0.026367865
1 1 -0.090277778 0.60990548 -1 1 2.560936 0.88482661 0.72766943 0.031415412 2 0 0 0 0 1 1 0 45.334863 0
"bench_t21_three_region.csv"	14	0.010330126
1 1 -0.090277778 0.60990548 -1 1 2.560936 0.88482661 0.72766943 0.031415412 2 0 0 0 0 1 1 0 45.334863 0
"bench_t21_three_region.csv"	12	-0.0074307606
1 1 -0.090277778 0.60990548 -1 1 2.560936 0.88482661 0.72766943 0.031415412 2 0 0 0 0 1 1 0 45.334863 0
"bench_t21_three_region.csv"	4	0.029158562
1 1 -0.090277778 0.60990548 -1 1 2.560936 0.88482661 0.72766943 0.031415412 2 0 0 0 0 1 1 0 45.334863 0
"bench_t21_three_region.csv"	2	0.028302286
1 1 -0.090277778 0.60990548 -1 1 2.560936 0.88482661 0.72766943 0.031415412 2 0 0 0 0 1 1 0 45.334863 0
"bench_t21_three_region.csv"	3	-0.0074307606
1 1 -0.090277778 0.60990548 -1 1 2.560936 0.88482661 0.72766943 0.031415412 2 0 0 0 0 1 1 0 45.334863 0
"bench_t21_three_region.csv"	21	0.028277582
1 1 -0.090277778 0.60990548 -1 1 2.560936 0.88482661 0.72766943 0.031415412 2 0 0 0 0 1 1 0 45.334863 0
"bench_t21_three_region.csv"	1	0.025041609
1 1 -0.090277778 0.60990548 -1 1 2.560936 0.88482661 0.72766943 0.031415412 2 0 0 0 0 1 1 0 45.334863 0
"bench_t21_three_region.csv"	14	0.0098762868
1 1 -0.090277778 0.60990548 -1 1 2.560936 0.88482661 0.72766943 0.031415412 2 0 0 0 0 1 1 0 45.334863 0
"bench_t21_three_region.csv"	12	-0.0074307606
1 1 -0.090277778 0.60990548 -1 1 2.560936 0.88482661 0.72766943 0.031415412 2 0 0 0 0 1 1 0 45.334863 0
"bench_t21_three_region.csv"	4	0.029421864
1 1 -0.090277778 0.60990548 -1 1 2.560936 0.88482661 0.72766943 0.031415412 2 0 0 0 0 1 1 0 45.334863 0
"bench_t21_three_region.csv"	2	0.028310367
1 1 -0.090277778 0.60990548 -1 1 2.560936 0.88482661 0.72766943 0.031415412 2 0 0 0 0 1 1 0 45.334863 0
"bench_t21_three_region.csv"	3	-0.0078725803
1 1 -0.090277778 0.60990548 -1 1 2.560936 0.88482661 0.72766943 0.031415412 2 0 0 0 0 1 1 0 45.334863 0
"bench_t21_three_region.csv"	21	0.027704763
1 1 -0.090277778 0.60990548 -1 1 2.560936 0.88482661 0.72766943 0.031415412 2 0 0 0 0 1 1 0 45.334863 0
"bench_t21_three_region.csv"	1	0.0257164
1 1 -0.090277778 0.60990548 -1 1 2.560936 0.88482661 0.72766943 0.031415412 2 0 0 0 0 1 1 0 45.334863 0
"bench_t21_three_region.csv"	14	0.010502941
1 1 -0.090277778 0.60990548 -1 1 2.560936 0.88482661 0.72766943 0.031415412 2 0 0 0 0 1 1 0 45.334863 0
"bench_t21_three_region.csv"	12	-0.0078725803
1 1 -0.090277778 0.60990548 -1 1 2.560936 0.88482661 0.72766943 0.031415412 2 0 0 0 0 1 1 0 45.334863 0
"bench_t21_three_region.csv"	4	0.028434503
1 1 -0.090277778 0.60990548 -1 1 2.560936 0.88482661 0.72766943 0.031415412 2 0 0 0 0 1 1 0 45.334863 0
"bench_t21_three_region.csv"	2	0.027984733
1 1 -0.090277778 0.60990548 -1 1 2.560936 0.88482661 0.72766943 0.031415412 2 0 0 0 0 1 1 0 45.334863 0
"bench_t21_three_region.csv"	3	-0.0078725803
1 1 -0.090277778 0.60990548 -1 1 2.560936 0.88482661 0.72766943 0.031415412 2 0 0 0 0 1 1 0 45.334863 0
"bench_t21_three_region.csv"	21	0.027842933
1 1 -0.090277778 0.60990548 -1 1 2.560936 0.88482661 0.72766943 0.031415412 2 0 0 0 0 1 1 0 45.334863 0
"bench_t21_three_region.csv"	1	0.024594202
1 1 -0.090277778 0.60990548 -1 1 2.560936 0.88482661 0.72766943 0.031415412 2 0 0 0 0 1 1 0 45.334863 0
"bench_t21_three_region.csv"	14	0.0095966972
1 1 -0.090277778 0.60990548 -1 1 2.560936 0.88482661 0.72766943 0.031415412 2 0 0 0 0 1 1 0 45.334863 0
"bench_t21_three_region.csv"	12	-0.0078725803
1 1 -0.090277778 0.60990548 -1 1 2.560936 0.88482661 0.72766943 0.031415412 2 0 0 0 0 1 1 0 45.334863 0
"bench_t21_three_region.csv"	4	0.028830376
1 1 -0.090277778 0.60990548 -1 1 2.560936 0.88482661 0.72766943 0.031415412 2 0 0 0 0 1 1 0 45.334863 0
"bench_t21_three_region.csv"	2	0.028515012
1 1 -0.090277778 0.60990548 -1 1 2.560936 0.88482661 0.72766943 0.031415412 2 0 0 0 0 1 1 0 45.334863 0
"bench_t21_three_region.csv"	3	-0.0074272402
1 1 -0.090277778 0.60990548 -1 1 2.560936 0.88482661 0.72766943 0.031415412 2 0 0 0 0 1 1 0 45.334863 0
"bench_t21_three_region.csv"	21	0.028188188
1 1 -0.090277778 0.60990548 -1 1 2.560936 0.88482661 0.72766943 0.031415412 2 0 0 0 0 1 1 0 45.334863 0
"bench_t21_three_region.csv"	1	0.025744216
1 1 -0.090277778 0.60990548 -1 1 2.560936 0.88482661 0.72766943 0.031415412 2 0 0 0 0 1 1 0 45.334863 0
"bench_t21_three_region.csv"	14	0.010421478
1 1 -0.090277778 0.60990548 -1 1 2.560936 0.88482661 0.72766943 0.031415412 2 0 0 0 0 1 1 0 45.334863 0
"bench_t21_three_region.csv"	12	-0.0074272402
1 1 -0.090277778 0.60990548 -1 1 2.560936 0.88482661 0.72766943 0.031415412 2 0 0 0 0 1 1 0 45.334863 0
"bench_t21_three_region.csv"	4	0.028813857
1 1 -0.090277778 0.60990548 -1 1 2.560936 0.88482661 0.72766943 0.031415412 2 0 0 0 0 1 1 0 45.334863 0
"bench_t21_three_region.csv"	2	0.028422229
1 1 -0.090277778 0.60990548 -1 1 2.560936 0.88482661 0.72766943 0.031415412 2 0 0 0 0 1 1 0 45.334863 0
"bench_t21_three_region.csv"	3	-0.0074272402
1 1 -0.090277778 0.60990548 -1 1 2.560936 0.88482661 0.72766943 0.031415412 2 0 0 0 0 1 1 0 45.334863 0
"bench_t21_three_region.csv"	21	0.028210075
1 1 -0.090277778 0.60990548 -1 1 2.560936 0.88482661 0.72766943 0.031415412 2 0 0 0 0 1 1 0 45.334863 0
"bench_t21_three_region.csv"	1	0.024934568
1 1 -0.090277778 0.60990548 -1 1 2.560936 0.88482661 0.72766943 0.031415412 2 0 0 0 0 1 1 0 45.334863 0
"bench_t21_three_region.csv"	14	0.0088575645
1 1 -0.090277778 0.60990548 -1 1 2.560936 0.88482661 0.72766943 0.031415412 2 0 0 0 0 1 1 0 45.334863 0
"bench_t21_three_region.csv"	12	-0.0074272402
1 1 -0.090277778 0.60990548 -1 1 2.560936 0.88482661 0.72766943 0.031415412 2 0 0 0 0 1 1 0 45.334863 0
"bench_t21_three_region.csv"	4	0.029222007
1 1 -0.090277778 0.60990548 -1 1 2.560936 0.88482661 0.72766943 0.031415412 2 0 0 0 0 1 1 0 45.334863 0
"bench_t21_three_region.csv"	2	0.028375628
1 1 -0.090277778 0.60990548 -1 1 2.560936 0.88482661 0.72766943 0.031415412 2 0 0 0 0 1 1 0 45.334863 0
"bench_t21_three_region.csv"	3	-0.0076283861
1 1 -0.090277778 0.60990548 -1 1 2.560936 0.88482661 0.72766943 0.031415412 2 0 0 0 0 1 1 0 45.334863 0
"bench_t21_three_region.csv"	21	0.027929526
1 1 -0.090277778 0.60990548 -1 1 2.560936 0.88482661 0.72766943 0.031415412 2 0 0 0 0 1 1 0 45.334863 0
"bench_t21_three_region.csv"	1	0.025377884
1 1 -0.090277778 0.60990548 -1 1 2.560936 0.88482661 0.72766943 0.031415412 2 0 0 0 0 1 1 0 45.334863 0
"bench_t21_three_region.csv"	14	0.010779612
1 1 -0.090277778 0.60990548 -1 1 2.560936 0.88482661 0.72766943 0.031415412 2 0 0 0 0 1 1 0 45.334863 0
"bench_t21_three_region.csv"	12	-0.0076283861
1 1 -0.090277778 0.60990548 -1 1 2.560936 0.88482661 0.72766943 0.031415412 2 0 0 0 0 1 1 0 45.334863 0
"bench_t21_three_region.csv"	4	0.029052629
1 1 -0.090277778 0.60990548 -1 1 2.560936 0.88482661 0.72766943 0.031415412 2 0 0 0 0 1 1 0 45.334863 0
"bench_t21_three_region.csv"	2	0.028484089
1 1 -0.090277778 0.60990548 -1 1 2.560936 0.88482661 0.72766943 0.031415412 2 0 0 0 0 1 1 0 45.334863 0
"bench_t21_three_region.csv"	3	-0.0076283861
1 1 -0.090277778 0.60990548 -1 1 2.560936 0.88482661 0.72766943 0.031415412 2 0 0 0 0 1 1 0 45.334863 0
"bench_t21_three_region.csv"	21	0.028006305
1 1 -0.090277778 0.60990548 -1 1 2.560936 0.88482661 0.72766943 0.031415412 2 0 0 0 0 1 1 0 45.334863 0
"bench_t21_three_region.csv"	1	0.024603671
1 1 -0.090277778 0.60990548 -1 1 2.560936 0.88482661 0.72766943 0.031415412 2 0 0 0 0 1 1 0 45.334863 0
"bench_t21_three_region.csv"	14	0.0093071593
1 1 -0.090277778 0.60990548 -1 1 2.560936 0.88482661 0.72766943 0.031415412 2 0 0 0 0 1 1 0 45.334863 0
"bench_t21_three_region.csv"	12	-0.0076283861
1 1 -0.090277778 0.60990548 -1 1 2.560936 0.88482661 0.72766943 0.031415412 2 0 0 0 0 1 1 0 45.334863 0
"bench_t21_three_region.csv"	4	0.029228202
1 1 -0.090277778 0.60990548 -1 1 2.560936 0.88482661 0.72766943 0.031415412 2 0 0 0 0 1 1 0 45.334863 0
"bench_t21_three_region.csv"	2	0.028165133
1 1 -0.090277778 0.60990548 -1 1 2.560936 0.88482661 0.72766943 0.031415412 2 0 0 0 0 1 1 0 45.334863 0
"bench_t21_three_region.csv"	3	-0.035762238
1 1 -0.090277778 0.60990548 -1 1 2.560936 0.88482661 0.72766943 0.031415412 2 0 0 0 0 1 1 0 45.334863 0
"bench_t21_three_region.csv"	1	-0.035762238
1 1 -0.090277778 0.60990548 -1 1 2.560936 0.88482661 0.72766943 0.031415412 2 0 0 0 0 1 1 0 45.334863 0
"bench_t21_three_region.csv"	12	-0.035762238
1 1 -0.090277778 0.60990548 -1 1 2.560936 0.88482661 0.72766943 0.031415412 2 0 0 0 0 1 1 0 45.334863 0
"bench_t21_three_region.csv"	4	5.4391364e-05
1 1 -0.090277778 0.60990548 -1 1 2.560936 0.88482661 0.72766943 0.031415412 2 0 0 0 0 1 1 0 45.334863 0
"bench_t21_three_region.csv"	2	1.9322409e-05
1 1 -0.090277778 0.60990548 -1 1 2.560936 0.88482661 0.72766943 0.031415412 2 0 0 0 0 1 1 0 45.334863 0
"bench_t21_three_region.csv"	3	-0.0020015797
1 1 -0.090277778 0.60990548 -1 1 2.560936 0.88482661 0.72766943 0.031415412 2 0 0 0 0 1 1 0 45.334863 0
"bench_t21_three_region.csv"	21	-0.0020015797
1 1 -0.090277778 0.60990548 -1 1 2.560936 0.88482661 0.72766943 0.031415412 2 0 0 0 0 1 1 0 45.334863 0
"bench_t21_three_region.csv"	1	0.024421529
1 1 -0.090277778 0.60990548 -1 1 2.560936 0.88482661 0.72766943 0.031415412 2 0 0 0 0 1 1 0 45.334863 0
"bench_t21_three_region.csv"	14	0.017917886
1 1 -0.090277778 0.60990548 -1 1 2.560936 0.88482661 0.72766943 0.031415412 2 0 0 0 0 1 1 0 45.334863 0
"bench_t21_three_region.csv"	12	-0.0020015797
1 1 -0.090277778 0.60990548 -1 1 2.560936 0.88482661 0.72766943 0.031415412 2 0 0 0 0 1 1 0 45.334863 0
"bench_t21_three_region.csv"	2	0.02311942
1 1 -0.090277778 0.60990548 -1 1 2.560936 0.88482661 0.72766943 0.031415412 2 0 0 0 0 1 1 0 45.334863 0
"bench_t23_quadratic.csv"	2	0.012723717
2 1 2.570105 2.6362594 0.0277 7.2445 4.4447834 1 1.6187067e-05 1.0000011 4 1 1 1 0.0076210031 0 1 1 39492 4 2.6497385 2.3012439 2.4265 2.9371842
"bench_t23_quadratic.csv"	12	-2.4881164
2 1 2.570105 2.6362594 0.0277 7.2445 4.4447834 1 1.6187067e-05 1.0000011 4 1 1 1 0.0076210031 0 1 1 39492 4 2.6497385 2.3012439 2.4265 2.9371842
"bench_t23_quadratic.csv"	1	-2.4881164
2 1 2.570105 2.6362594 0.0277 7.2445 4.4447834 1 1.6187067e-05 1.0000011 4 1 1 1 0.0076210031 0 1 1 39492 4 2.6497385 2.3012439 2.4265 2.9371842
"bench_t23_quadratic.csv"	3	0.0052440923
2 1 2.570105 2.6362594 0.0277 7.2445 4.4447834 1 1.6187067e-05 1.0000011 4 1 1 1 0.0076210031 0 1 1 39492 4 2.6497385 2.3012439 2.4265 2.9371842
"bench_t23_quadratic.csv"	3	-0.036439124
2 1 2.570105 2.6362594 0.0277 7.2445 4.4447834 1 1.6187067e-05 1.0000011 4 1 1 1 0.0076210031 0 1 1 39492 4 2.6497385 2.3012439 2.4265 2.9371842
"bench_t23_quadratic.csv"	21	-0.036439124
2 1 2.570105 2.6362594 0.0277 7.2445 4.4447834 1 1.6187067e-05 1.0000011 4 1 1 1 0.0076210031 0 1 1 39492 4 2.6497385 2.3012439 2.4265 2.9371842
"bench_t23_quadratic.csv"	12	-0.036439124
2 1 2.570105 2.6362594 0.0277 7.2445 4.4447834 1 1.6187067e-05 1.0000011 4 1 1 1 0.0076210031 0 1 1 39492 4 2.6497385 2.3012439 2.4265 2.9371842
"bench_t23_quadratic.csv"	1	-0.036439124
2 1 2.570105 2.6362594 0.0277 7.2445 4.4447834 1 1.6187067e-05 1.0000011 4 1 1 1 0.0076210031 0 1 1 39492 4 2.6497385 2.3012439 2.4265 2.9371842
"bench_t24_quadrant_xor.csv"	12	-0.47092833
2 1 -0.48937313 0.70707373 -3.3758 0 4.0146192 0.94450868 0.012442984 0.50141908 5 1 0 1 0.68178191 0 1 0 23913 4 0 -1.000461 -1.1297212 0
"bench_t24_quadrant_xor.csv"	1	-0.47092833
2 1 -0.48937313 0.70707373 -3.3758 0 4.0146192 0.94450868 0.012442984 0.50141908 5 1 0 1 0.68178191 0 1 0 23913 4 0 -1.000461 -1.1297212 0
"bench_t24_quadrant_xor.csv"	3	-0.47092833
2 1 -0.48937313 0.70707373 -3.3758 0 4.0146192 0.94450868 0.012442984 0.50141908 5 1 0 1 0.68178191 0 1 0 23913 4 0 -1.000461 -1.1297212 0
"bench_t24_quadrant_xor.csv"	3	-0.010759469
2 1 -0.48937313 0.70707373 -3.3758 0 4.0146192 0.94450868 0.012442984 0.50141908 5 1 0 1 0.68178191 0 1 0 23913 4 0 -1.000461 -1.1297212 0
"bench_t24_quadrant_xor.csv"	21	-0.010759469
2 1 -0.48937313 0.70707373 -3.3758 0 4.0146192 0.94450868 0.012442984 0.50141908 5 1 0 1 0.68178191 0 1 0 23913 4 0 -1.000461 -1.1297212 0
"bench_t24_quadrant_xor.csv"	14	0.0015354319
2 1 -0.48937313 0.70707373 -3.3758 0 4.0146192 0.94450868 0.012442984 0.50141908 5 1 0 1 0.68178191 0 1 0 23913 4 0 -1.000461 -1.1297212 0
"bench_t24_quadrant_xor.csv"	1	-0.010759469
2 1 -0.48937313 0.70707373 -3.3758 0 4.0146192 0.94450868 0.012442984 0.50141908 5 1 0 1 0.68178191 0 1 0 23913 4 0 -1.000461 -1.1297212 0
"bench_t24_quadrant_xor.csv"	12	-0.010759469
2 1 -0.48937313 0.70707373 -3.3758 0 4.0146192 0.94450868 0.012442984 0.50141908 5 1 0 1 0.68178191 0 1 0 23913 4 0 -1.000461 -1.1297212 0
"bench_t24_quadrant_xor.csv"	3	-0.0091082654
2 1 -0.48937313 0.70707373 -3.3758 0 4.0146192 0.94450868 0.012442984 0.50141908 5 1 0 1 0.68178191 0 1 0 23913 4 0 -1.000461 -1.1297212 0
"bench_t24_quadrant_xor.csv"	1	-0.0091082654
2 1 -0.48937313 0.70707373 -3.3758 0 4.0146192 0.94450868 0.012442984 0.50141908 5 1 0 1 0.68178191 0 1 0 23913 4 0 -1.000461 -1.1297212 0
"bench_t24_quadrant_xor.csv"	2	-0.0091082654
2 1 -0.48937313 0.70707373 -3.3758 0 4.0146192 0.94450868 0.012442984 0.50141908 5 1 0 1 0.68178191 0 1 0 23913 4 0 -1.000461 -1.1297212 0
"bench_lorenz3.csv"	20	-0.16506605
3 1 1.1914968 0.18349082 0.270583 2.118551 4.3140709 0.95737158 1.6499974 4.1691251 7 1 0 1 -0.089899531 0 1 1 32254.579 4 1.2023059 1.0383851 1.0134335 1.2191964
"bench_lorenz3.csv"	2	0.00050512124
3 1 1.1914968 0.18349082 0.270583 2.118551 4.3140709 0.95737158 1.6499974 4.1691251 7 1 0 1 -0.089899531 0 1 1 32254.579 4 1.2023059 1.0383851 1.0134335 1.2191964
"bench_lorenz3.csv"	12	-0.16506605
3 1 1.1914968 0.18349082 0.270583 2.118551 4.3140709 0.95737158 1.6499974 4.1691251 7 1 0 1 -0.089899531 0 1 1 32254.579 4 1.2023059 1.0383851 1.0134335 1.2191964
"bench_lorenz3.csv"	1	-0.16506605
3 1 1.1914968 0.18349082 0.270583 2.118551 4.3140709 0.95737158 1.6499974 4.1691251 7 1 0 1 -0.089899531 0 1 1 32254.579 4 1.2023059 1.0383851 1.0134335 1.2191964
"bench_lorenz3.csv"	10	-0.16506605
3 1 1.1914968 0.18349082 0.270583 2.118551 4.3140709 0.95737158 1.6499974 4.1691251 7 1 0 1 -0.089899531 0 1 1 32254.579 4 1.2023059 1.0383851 1.0134335 1.2191964
"bench_lorenz3.csv"	1	0.00026963598
3 1 -0.045644478 0.16299878 -0.836911 0.846565 4.1697954 0.9934217 0.91451898 0.34466063 9 0 0 0 0.092330605 0 1 0 31910.316 4 0.3921339 0.0067767692 -0.02092725 -0.3608232
"bench_lorenz3.csv"	3	0.00056906822
3 1 -0.045644478 0.16299878 -0.836911 0.846565 4.1697954 0.9934217 0.91451898 0.34466063 9 0 0 0 0.092330605 0 1 0 31910.316 4 0.3921339 0.0067767692 -0.02092725 -0.3608232
"bench_lorenz3.csv"	1	9.4321219e-05
3 1 -0.045644478 0.16299878 -0.836911 0.846565 4.1697954 0.9934217 0.91451898 0.34466063 9 0 0 0 0.092330605 0 1 0 31910.316 4 0.3921339 0.0067767692 -0.02092725 -0.3608232
"bench_lorenz3.csv"	12	-0.060113075
3 1 -0.045644478 0.16299878 -0.836911 0.846565 4.1697954 0.9934217 0.91451898 0.34466063 9 0 0 0 0.092330605 0 1 0 31910.316 4 0.3921339 0.0067767692 -0.02092725 -0.3608232
"bench_lorenz3.csv"	3	0.00086272158
3 1 -0.045644478 0.16299878 -0.836911 0.846565 4.1697954 0.9934217 0.91451898 0.34466063 9 0 0 0 0.092330605 0 1 0 31910.316 4 0.3921339 0.0067767692 -0.02092725 -0.3608232
"bench_lorenz3.csv"	1	2.4871309e-05
3 1 -0.045644478 0.16299878 -0.836911 0.846565 4.1697954 0.9934217 0.91451898 0.34466063 9 0 0 0 0.092330605 0 1 0 31910.316 4 0.3921339 0.0067767692 -0.02092725 -0.3608232
"bench_lorenz3.csv"	2	0.00024894341
3 1 -0.045644478 0.16299878 -0.836911 0.846565 4.1697954 0.9934217 0.91451898 0.34466063 9 0 0 0 0.092330605 0 1 0 31910.316 4 0.3921339 0.0067767692 -0.02092725 -0.3608232
"bench_lorenz3.csv"	4	7.6945567e-05
3 1 -0.045644478 0.16299878 -0.836911 0.846565 4.1697954 0.9934217 0.91451898 0.34466063 9 0 0 0 0.092330605 0 1 0 31910.316 4 0.3921339 0.0067767692 -0.02092725 -0.3608232
"bench_lorenz3.csv"	1	0.00049123084
3 1 -0.045644478 0.16299878 -0.836911 0.846565 4.1697954 0.9934217 0.91451898 0.34466063 9 0 0 0 0.092330605 0 1 0 31910.316 4 0.3921339 0.0067767692 -0.02092725 -0.3608232
"bench_lorenz3.csv"	12	-0.058645448
3 1 -0.045644478 0.16299878 -0.836911 0.846565 4.1697954 0.9934217 0.91451898 0.34466063 9 0 0 0 0.092330605 0 1 0 31910.316 4 0.3921339 0.0067767692 -0.02092725 -0.3608232
"bench_lorenz3.csv"	12	-0.057935006
3 1 -0.045644478 0.16299878 -0.836911 0.846565 4.1697954 0.9934217 0.91451898 0.34466063 9 0 0 0 0.092330605 0 1 0 31910.316 4 0.3921339 0.0067767692 -0.02092725 -0.3608232
"bench_lorenz3.csv"	3	0.00047670568
3 1 -0.045644478 0.16299878 -0.836911 0.846565 4.1697954 0.9934217 0.91451898 0.34466063 9 0 0 0 0.092330605 0 1 0 31910.316 4 0.3921339 0.0067767692 -0.02092725 -0.3608232
"bench_lorenz3.csv"	1	0.0027102712
3 1 -0.045644478 0.16299878 -0.836911 0.846565 4.1697954 0.9934217 0.91451898 0.34466063 9 0 0 0 0.092330605 0 1 0 31910.316 4 0.3921339 0.0067767692 -0.02092725 -0.3608232
"bench_lorenz3.csv"	2	0.001061548
3 1 -0.045644478 0.16299878 -0.836911 0.846565 4.1697954 0.9934217 0.91451898 0.34466063 9 0 0 0 0.092330605 0 1 0 31910.316 4 0.3921339 0.0067767692 -0.02092725 -0.3608232
"bench_lorenz3.csv"	3	0.00013510689
3 1 -0.045644478 0.16299878 -0.836911 0.846565 4.1697954 0.9934217 0.91451898 0.34466063 9 0 0 0 0.092330605 0 1 0 31910.316 4 0.3921339 0.0067767692 -0.02092725 -0.3608232
"bench_lorenz3.csv"	3	0.0014968415
3 1 -0.045644478 0.16299878 -0.836911 0.846565 4.1697954 0.9934217 0.91451898 0.34466063 9 0 0 0 0.092330605 0 1 0 31910.316 4 0.3921339 0.0067767692 -0.02092725 -0.3608232
"bench_lorenz3.csv"	1	0.0028686154
3 1 -0.045644478 0.16299878 -0.836911 0.846565 4.1697954 0.9934217 0.91451898 0.34466063 9 0 0 0 0.092330605 0 1 0 31910.316 4 0.3921339 0.0067767692 -0.02092725 -0.3608232
"bench_lorenz3.csv"	2	0.0010749646
3 1 -0.045644478 0.16299878 -0.836911 0.846565 4.1697954 0.9934217 0.91451898 0.34466063 9 0 0 0 0.092330605 0 1 0 31910.316 4 0.3921339 0.0067767692 -0.02092725 -0.3608232
"bench_lorenz3.csv"	19	0.0013802877
3 1 -0.045644478 0.16299878 -0.836911 0.846565 4.1697954 0.9934217 0.91451898 0.34466063 9 0 0 0 0.092330605 0 1 0 31910.316 4 0.3921339 0.0067767692 -0.02092725 -0.3608232
"bench_lorenz3.csv"	4	0.00016087046
3 1 -0.045644478 0.16299878 -0.836911 0.846565 4.1697954 0.9934217 0.91451898 0.34466063 9 0 0 0 0.092330605 0 1 0 31910.316 4 0.3921339 0.0067767692 -0.02092725 -0.3608232
"bench_lorenz3.csv"	22	0.0011915111
3 1 -0.045644478 0.16299878 -0.836911 0.846565 4.1697954 0.9934217 0.91451898 0.34466063 9 0 0 0 0.092330605 0 1 0 31910.316 4 0.3921339 0.0067767692 -0.02092725 -0.3608232
"bench_lorenz3.csv"	21	0.00020069959
3 1 -0.045644478 0.16299878 -0.836911 0.846565 4.1697954 0.9934217 0.91451898 0.34466063 9 0 0 0 0.092330605 0 1 0 31910.316 4 0.3921339 0.0067767692 -0.02092725 -0.3608232
"bench_lorenz3.csv"	3	-0.057201241
3 1 -0.045644478 0.16299878 -0.836911 0.846565 4.1697954 0.9934217 0.91451898 0.34466063 9 0 0 0 0.092330605 0 1 0 31910.316 4 0.3921339 0.0067767692 -0.02092725 -0.3608232
"bench_lorenz3.csv"	4	0.0016855874
3 1 -0.045644478 0.16299878 -0.836911 0.846565 4.1697954 0.9934217 0.91451898 0.34466063 9 0 0 0 0.092330605 0 1 0 31910.316 4 0.3921339 0.0067767692 -0.02092725 -0.3608232
"bench_lorenz3.csv"	3	-0.057317788
3 1 -0.045644478 0.16299878 -0.836911 0.846565 4.1697954 0.9934217 0.91451898 0.34466063 9 0 0 0 0.092330605 0 1 0 31910.316 4 0.3921339 0.0067767692 -0.02092725 -0.3608232
"bench_lorenz3.csv"	1	0.0041727734
3 1 -0.045644478 0.16299878 -0.836911 0.846565 4.1697954 0.9934217 0.91451898 0.34466063 9 0 0 0 0.092330605 0 1 0 31910.316 4 0.3921339 0.0067767692 -0.02092725 -0.3608232
"bench_lorenz3.csv"	2	-0.057317788
3 1 -0.045644478 0.16299878 -0.836911 0.846565 4.1697954 0.9934217 0.91451898 0.34466063 9 0 0 0 0.092330605 0 1 0 31910.316 4 0.3921339 0.0067767692 -0.02092725 -0.3608232
"bench_lorenz3.csv"	19	0.0014474501
3 1 -0.045644478 0.16299878 -0.836911 0.846565 4.1697954 0.9934217 0.91451898 0.34466063 9 0 0 0 0.092330605 0 1 0 31910.316 4 0.3921339 0.0067767692 -0.02092725 -0.3608232
"bench_lorenz3.csv"	19	0.0013038786
3 1 -0.045644478 0.16299878 -0.836911 0.846565 4.1697954 0.9934217 0.91451898 0.34466063 9 0 0 0 0.092330605 0 1 0 31910.316 4 0.3921339 0.0067767692 -0.02092725 -0.3608232
"bench_lorenz3.csv"	4	0.0016903551
3 1 -0.045644478 0.16299878 -0.836911 0.846565 4.1697954 0.9934217 0.91451898 0.34466063 9 0 0 0 0.092330605 0 1 0 31910.316 4 0.3921339 0.0067767692 -0.02092725 -0.3608232
"bench_lorenz3.csv"	2	-0.057281542
3 1 -0.045644478 0.16299878 -0.836911 0.846565 4.1697954 0.9934217 0.91451898 0.34466063 9 0 0 0 0.092330605 0 1 0 31910.316 4 0.3921339 0.0067767692 -0.02092725 -0.3608232
"bench_lorenz3.csv"	1	-0.057281542
3 1 -0.045644478 0.16299878 -0.836911 0.846565 4.1697954 0.9934217 0.91451898 0.34466063 9 0 0 0 0.092330605 0 1 0 31910.316 4 0.3921339 0.0067767692 -0.02092725 -0.3608232
"bench_lorenz3.csv"	3	-0.057281542
3 1 -0.045644478 0.16299878 -0.836911 0.846565 4.1697954 0.9934217 0.91451898 0.34466063 9 0 0 0 0.092330605 0 1 0 31910.316 4 0.3921339 0.0067767692 -0.02092725 -0.3608232
"bench_lorenz3.csv"	4	0.0017698902
3 1 -0.045644478 0.16299878 -0.836911 0.846565 4.1697954 0.9934217 0.91451898 0.34466063 9 0 0 0 0.092330605 0 1 0 31910.316 4 0.3921339 0.0067767692 -0.02092725 -0.3608232
"bench_lorenz3.csv"	3	-0.05728153
3 1 -0.045644478 0.16299878 -0.836911 0.846565 4.1697954 0.9934217 0.91451898 0.34466063 9 0 0 0 0.092330605 0 1 0 31910.316 4 0.3921339 0.0067767692 -0.02092725 -0.3608232
"bench_lorenz3.csv"	1	-0.05728153
3 1 -0.045644478 0.16299878 -0.836911 0.846565 4.1697954 0.9934217 0.91451898 0.34466063 9 0 0 0 0.092330605 0 1 0 31910.316 4 0.3921339 0.0067767692 -0.02092725 -0.3608232
"bench_lorenz3.csv"	2	-0.05728153
3 1 -0.045644478 0.16299878 -0.836911 0.846565 4.1697954 0.9934217 0.91451898 0.34466063 9 0 0 0 0.092330605 0 1 0 31910.316 4 0.3921339 0.0067767692 -0.02092725 -0.3608232
"bench_lorenz3.csv"	19	0.0020921353
3 1 -0.045644478 0.16299878 -0.836911 0.846565 4.1697954 0.9934217 0.91451898 0.34466063 9 0 0 0 0.092330605 0 1 0 31910.316 4 0.3921339 0.0067767692 -0.02092725 -0.3608232
"bench_lorenz3.csv"	4	0.0017163767
3 1 -0.045644478 0.16299878 -0.836911 0.846565 4.1697954 0.9934217 0.91451898 0.34466063 9 0 0 0 0.092330605 0 1 0 31910.316 4 0.3921339 0.0067767692 -0.02092725 -0.3608232
"bench_lorenz3.csv"	3	-0.057402056
3 1 -0.045644478 0.16299878 -0.836911 0.846565 4.1697954 0.9934217 0.91451898 0.34466063 9 0 0 0 0.092330605 0 1 0 31910.316 4 0.3921339 0.0067767692 -0.02092725 -0.3608232
"bench_lorenz3.csv"	1	0.0041497548
3 1 -0.045644478 0.16299878 -0.836911 0.846565 4.1697954 0.9934217 0.91451898 0.34466063 9 0 0 0 0.092330605 0 1 0 31910.316 4 0.3921339 0.0067767692 -0.02092725 -0.3608232
"bench_lorenz3.csv"	2	-0.057402056
3 1 -0.045644478 0.16299878 -0.836911 0.846565 4.1697954 0.9934217 0.91451898 0.34466063 9 0 0 0 0.092330605 0 1 0 31910.316 4 0.3921339 0.0067767692 -0.02092725 -0.3608232
"bench_lorenz3.csv"	19	0.0016792106
3 1 -0.045644478 0.16299878 -0.836911 0.846565 4.1697954 0.9934217 0.91451898 0.34466063 9 0 0 0 0.092330605 0 1 0 31910.316 4 0.3921339 0.0067767692 -0.02092725 -0.3608232
"bench_lorenz3.csv"	4	0.0016944482
3 1 -0.045644478 0.16299878 -0.836911 0.846565 4.1697954 0.9934217 0.91451898 0.34466063 9 0 0 0 0.092330605 0 1 0 31910.316 4 0.3921339 0.0067767692 -0.02092725 -0.3608232
"bench_lorenz3.csv"	21	0.0007612285
3 1 -0.045644478 0.16299878 -0.836911 0.846565 4.1697954 0.9934217 0.91451898 0.34466063 9 0 0 0 0.092330605 0 1 0 31910.316 4 0.3921339 0.0067767692 -0.02092725 -0.3608232
"bench_lorenz3.csv"	3	-0.057361113
3 1 -0.045644478 0.16299878 -0.836911 0.846565 4.1697954 0.9934217 0.91451898 0.34466063 9 0 0 0 0.092330605 0 1 0 31910.316 4 0.3921339 0.0067767692 -0.02092725 -0.3608232
"bench_lorenz3.csv"	1	0.0051151504
3 1 -0.045644478 0.16299878 -0.836911 0.846565 4.1697954 0.9934217 0.91451898 0.34466063 9 0 0 0 0.092330605 0 1 0 31910.316 4 0.3921339 0.0067767692 -0.02092725 -0.3608232
"bench_lorenz3.csv"	12	-0.057361113
3 1 -0.045644478 0.16299878 -0.836911 0.846565 4.1697954 0.9934217 0.91451898 0.34466063 9 0 0 0 0.092330605 0 1 0 31910.316 4 0.3921339 0.0067767692 -0.02092725 -0.3608232
"bench_lorenz3.csv"	2	0.0015495239
3 1 -0.045644478 0.16299878 -0.836911 0.846565 4.1697954 0.9934217 0.91451898 0.34466063 9 0 0 0 0.092330605 0 1 0 31910.316 4 0.3921339 0.0067767692 -0.02092725 -0.3608232
"bench_t31_three_way_product.csv"	21	0.082274911
3 1 -0.18893938 1.9350375 -4.0528 5.4421 6.8256766 0.054211083 0.14069601 0.18384195 7 1 0 1 0.10247061 0 1 0 35949.5 4 -0.28061053 -0.17536939 -0.12730244 -0.17983125
"bench_t31_three_way_product.csv"	12	-1.964723
3 1 -0.18893938 1.9350375 -4.0528 5.4421 6.8256766 0.054211083 0.14069601 0.18384195 7 1 0 1 0.10247061 0 1 0 35949.5 4 -0.28061053 -0.17536939 -0.12730244 -0.17983125
"bench_t31_three_way_product.csv"	1	-1.964723
3 1 -0.18893938 1.9350375 -4.0528 5.4421 6.8256766 0.054211083 0.14069601 0.18384195 7 1 0 1 0.10247061 0 1 0 35949.5 4 -0.28061053 -0.17536939 -0.12730244 -0.17983125
"bench_t31_three_way_product.csv"	21	-0.028534268
3 1 -0.18893938 1.9350375 -4.0528 5.4421 6.8256766 0.054211083 0.14069601 0.18384195 7 1 0 1 0.10247061 0 1 0 35949.5 4 -0.28061053 -0.17536939 -0.12730244 -0.17983125
"bench_t31_three_way_product.csv"	2	0.0018661528
3 1 -0.18893938 1.9350375 -4.0528 5.4421 6.8256766 0.054211083 0.14069601 0.18384195 7 1 0 1 0.10247061 0 1 0 35949.5 4 -0.28061053 -0.17536939 -0.12730244 -0.17983125
"bench_t31_three_way_product.csv"	12	-0.028534268
3 1 -0.18893938 1.9350375 -4.0528 5.4421 6.8256766 0.054211083 0.14069601 0.18384195 7 1 0 1 0.10247061 0 1 0 35949.5 4 -0.28061053 -0.17536939 -0.12730244 -0.17983125
"bench_t31_three_way_product.csv"	21	-0.004419937
3 1 -0.18893938 1.9350375 -4.0528 5.4421 6.8256766 0.054211083 0.14069601 0.18384195 7 1 0 1 0.10247061 0 1 0 35949.5 4 -0.28061053 -0.17536939 -0.12730244 -0.17983125
"bench_t31_three_way_product.csv"	14	0.00021453464
3 1 -0.18893938 1.9350375 -4.0528 5.4421 6.8256766 0.054211083 0.14069601 0.18384195 7 1 0 1 0.10247061 0 1 0 35949.5 4 -0.28061053 -0.17536939 -0.12730244 -0.17983125
"bench_t31_three_way_product.csv"	1	-0.004419937
3 1 -0.18893938 1.9350375 -4.0528 5.4421 6.8256766 0.054211083 0.14069601 0.18384195 7 1 0 1 0.10247061 0 1 0 35949.5 4 -0.28061053 -0.17536939 -0.12730244 -0.17983125
"bench_t31_three_way_product.csv"	12	-0.004419937
3 1 -0.18893938 1.9350375 -4.0528 5.4421 6.8256766 0.054211083 0.14069601 0.18384195 7 1 0 1 0.10247061 0 1 0 35949.5 4 -0.28061053 -0.17536939 -0.12730244 -0.17983125
"bench_t32_sine_of_product.csv"	3	4.0146219e-05
2 1 -0.044210625 0.32921804 -0.9982 0.9945 3.4729626 0.95736865 0.015084718 0.70612474 5 1 0 1 0.91456671 1 1 0 13443 4 0.45940244 -0.45981765 -0.42774386 0.50378571
"bench_t32_sine_of_product.csv"	3	-0.0012418391
2 1 -0.044210625 0.32921804 -0.9982 0.9945 3.4729626 0.95736865 0.015084718 0.70612474 5 1 0 1 0.91456671 1 1 0 13443 4 0.45940244 -0.45981765 -0.42774386 0.50378571
"bench_t32_sine_of_product.csv"	23	-0.0012418391
2 1 -0.044210625 0.32921804 -0.9982 0.9945 3.4729626 0.95736865 0.015084718 0.70612474 5 1 0 1 0.91456671 1 1 0 13443 4 0.45940244 -0.45981765 -0.42774386 0.50378571
"bench_t32_sine_of_product.csv"	23	-0.0012418391
2 1 -0.044210625 0.32921804 -0.9982 0.9945 3.4729626 0.95736865 0.015084718 0.70612474 5 1 0 1 0.91456671 1 1 0 13443 4 0.45940244 -0.45981765 -0.42774386 0.50378571
"bench_t32_sine_of_product.csv"	1	-0.0012418391
2 1 -0.044210625 0.32921804 -0.9982 0.9945 3.4729626 0.95736865 0.015084718 0.70612474 5 1 0 1 0.91456671 1 1 0 13443 4 0.45940244 -0.45981765 -0.42774386 0.50378571
"bench_t32_sine_of_product.csv"	2	-0.0012418391
2 1 -0.044210625 0.32921804 -0.9982 0.9945 3.4729626 0.95736865 0.015084718 0.70612474 5 1 0 1 0.91456671 1 1 0 13443 4 0.45940244 -0.45981765 -0.42774386 0.50378571
"bench_t33_absolute_value.csv"	12	-0.69232623
1 1 1.3677206 0.79872904 0.0028 2.9688 3.3187261 0.93982292 0.0037719473 0.31430261 2 1 0 0 0 1 0 1 1 0
"bench_t33_absolute_value.csv"	3	0.00035177681
1 1 1.3677206 0.79872904 0.0028 2.9688 3.3187261 0.93982292 0.0037719473 0.31430261 2 1 0 0 0 1 0 1 1 0
"bench_t33_absolute_value.csv"	21	-0.009869895
1 1 1.3677206 0.79872904 0.0028 2.9688 3.3187261 0.93982292 0.0037719473 0.31430261 2 1 0 0 0 1 0 1 1 0
"bench_t33_absolute_value.csv"	4	0.00017943183
1 1 1.3677206 0.79872904 0.0028 2.9688 3.3187261 0.93982292 0.0037719473 0.31430261 2 1 0 0 0 1 0 1 1 0
"bench_t33_absolute_value.csv"	12	-0.009869895
1 1 1.3677206 0.79872904 0.0028 2.9688 3.3187261 0.93982292 0.0037719473 0.31430261 2 1 0 0 0 1 0 1 1 0
"bench_t33_absolute_value.csv"	2	0.00028317311
1 1 1.3677206 0.79872904 0.0028 2.9688 3.3187261 0.93982292 0.0037719473 0.31430261 2 1 0 0 0 1 0 1 1 0
"bench_t34_xor3_parity.csv"	23	0.0096348882
3 1 0.51875 0.24964844 0 1 2.0014077 0.047576463 1.4322857 1.6133508 4 1 0 0 0.01432966 1 1 1 10000 4 0.51875 0.51875 0.51875 0.51875
"bench_t34_xor3_parity.csv"	23	0.0096348882
3 1 0.51875 0.24964844 0 1 2.0014077 0.047576463 1.4322857 1.6133508 4 1 0 0 0.01432966 1 1 1 10000 4 0.51875 0.51875 0.51875 0.51875
"bench_t34_xor3_parity.csv"	1	4.4170472e-05
3 1 0.51875 0.24964844 0 1 2.0014077 0.047576463 1.4322857 1.6133508 4 1 0 0 0.01432966 1 1 1 10000 4 0.51875 0.51875 0.51875 0.51875
"bench_t34_xor3_parity.csv"	21	0.00017003476
3 1 0.51875 0.24964844 0 1 2.0014077 0.047576463 1.4322857 1.6133508 4 1 0 0 0.01432966 1 1 1 10000 4 0.51875 0.51875 0.51875 0.51875
"bench_t34_xor3_parity.csv"	2	0.0018450044
3 1 0.51875 0.24964844 0 1 2.0014077 0.047576463 1.4322857 1.6133508 4 1 0 0 0.01432966 1 1 1 10000 4 0.51875 0.51875 0.51875 0.51875
"bench_t34_xor3_parity.csv"	12	0.009367777
3 1 0.51875 0.24964844 0 1 2.0014077 0.047576463 1.4322857 1.6133508 4 1 0 0 0.01432966 1 1 1 10000 4 0.51875 0.51875 0.51875 0.51875
"bench_t34_xor3_parity.csv"	5	0.00064391327
3 1 0.51875 0.24964844 0 1 2.0014077 0.047576463 1.4322857 1.6133508 4 1 0 0 0.01432966 1 1 1 10000 4 0.51875 0.51875 0.51875 0.51875
"bench_t34_xor3_parity.csv"	4	6.5306765e-05
3 1 0.51875 0.24964844 0 1 2.0014077 0.047576463 1.4322857 1.6133508 4 1 0 0 0.01432966 1 1 1 10000 4 0.51875 0.51875 0.51875 0.51875
"bench_t34_xor3_parity.csv"	3	0.0069160611
3 1 0.51875 0.24964844 0 1 2.0014077 0.047576463 1.4322857 1.6133508 4 1 0 0 0.01432966 1 1 1 10000 4 0.51875 0.51875 0.51875 0.51875
"bench_t34_xor3_parity.csv"	3	-0.0016847886
3 1 0.51875 0.24964844 0 1 2.0014077 0.047576463 1.4322857 1.6133508 4 1 0 0 0.01432966 1 1 1 10000 4 0.51875 0.51875 0.51875 0.51875
"bench_t34_xor3_parity.csv"	23	-0.0016847886
3 1 0.51875 0.24964844 0 1 2.0014077 0.047576463 1.4322857 1.6133508 4 1 0 0 0.01432966 1 1 1 10000 4 0.51875 0.51875 0.51875 0.51875
"bench_t34_xor3_parity.csv"	23	-0.0016847886
3 1 0.51875 0.24964844 0 1 2.0014077 0.047576463 1.4322857 1.6133508 4 1 0 0 0.01432966 1 1 1 10000 4 0.51875 0.51875 0.51875 0.51875
"bench_t34_xor3_parity.csv"	1	-0.0016847886
3 1 0.51875 0.24964844 0 1 2.0014077 0.047576463 1.4322857 1.6133508 4 1 0 0 0.01432966 1 1 1 10000 4 0.51875 0.51875 0.51875 0.51875
"bench_t34_xor3_parity.csv"	21	-0.0016847886
3 1 0.51875 0.24964844 0 1 2.0014077 0.047576463 1.4322857 1.6133508 4 1 0 0 0.01432966 1 1 1 10000 4 0.51875 0.51875 0.51875 0.51875
"bench_t34_xor3_parity.csv"	12	-0.0016847886
3 1 0.51875 0.24964844 0 1 2.0014077 0.047576463 1.4322857 1.6133508 4 1 0 0 0.01432966 1 1 1 10000 4 0.51875 0.51875 0.51875 0.51875
"F2.csv"	23	-0.59786393
5 1 -1.8124331 16.780947 -9.715478 6.452461 3.9468118 0.99502242 2.3028764 0.23919626 7 0 0 0 0.084806724 1 1 0 1887760 4 1.5993946 1.8230861 -5.2274489 -5.2937454
"F2.csv"	23	-0.59786393
5 1 -1.8124331 16.780947 -9.715478 6.452461 3.9468118 0.99502242 2.3028764 0.23919626 7 0 0 0 0.084806724 1 1 0 1887760 4 1.5993946 1.8230861 -5.2274489 -5.2937454
"F2.csv"	4	0.010244018
5 1 -1.8124331 16.780947 -9.715478 6.452461 3.9468118 0.99502242 2.3028764 0.23919626 7 0 0 0 0.084806724 1 1 0 1887760 4 1.5993946 1.8230861 -5.2274489 -5.2937454
"F2.csv"	1	-0.59786393
5 1 -1.8124331 16.780947 -9.715478 6.452461 3.9468118 0.99502242 2.3028764 0.23919626 7 0 0 0 0.084806724 1 1 0 1887760 4 1.5993946 1.8230861 -5.2274489 -5.2937454
"F2.csv"	21	0.071419831
5 1 -1.8124331 16.780947 -9.715478 6.452461 3.9468118 0.99502242 2.3028764 0.23919626 7 0 0 0 0.084806724 1 1 0 1887760 4 1.5993946 1.8230861 -5.2274489 -5.2937454
"F2.csv"	12	-0.59786393
5 1 -1.8124331 16.780947 -9.715478 6.452461 3.9468118 0.99502242 2.3028764 0.23919626 7 0 0 0 0.084806724 1 1 0 1887760 4 1.5993946 1.8230861 -5.2274489 -5.2937454
"F2.csv"	12	-0.037279067
5 1 -1.8124331 16.780947 -9.715478 6.452461 3.9468118 0.99502242 2.3028764 0.23919626 7 0 0 0 0.084806724 1 1 0 1887760 4 1.5993946 1.8230861 -5.2274489 -5.2937454
"F2.csv"	3	-0.0051693939
5 1 -1.8124331 16.780947 -9.715478 6.452461 3.9468118 0.99502242 2.3028764 0.23919626 7 0 0 0 0.084806724 1 1 0 1887760 4 1.5993946 1.8230861 -5.2274489 -5.2937454
"F2.csv"	1	-0.0051693939
5 1 -1.8124331 16.780947 -9.715478 6.452461 3.9468118 0.99502242 2.3028764 0.23919626 7 0 0 0 0.084806724 1 1 0 1887760 4 1.5993946 1.8230861 -5.2274489 -5.2937454
"F2.csv"	21	0.0016701073
5 1 -1.8124331 16.780947 -9.715478 6.452461 3.9468118 0.99502242 2.3028764 0.23919626 7 0 0 0 0.084806724 1 1 0 1887760 4 1.5993946 1.8230861 -5.2274489 -5.2937454
"F2.csv"	4	-0.0051693939
5 1 -1.8124331 16.780947 -9.715478 6.452461 3.9468118 0.99502242 2.3028764 0.23919626 7 0 0 0 0.084806724 1 1 0 1887760 4 1.5993946 1.8230861 -5.2274489 -5.2937454
"F2.csv"	12	-0.0051693939
5 1 -1.8124331 16.780947 -9.715478 6.452461 3.9468118 0.99502242 2.3028764 0.23919626 7 0 0 0 0.084806724 1 1 0 1887760 4 1.5993946 1.8230861 -5.2274489 -5.2937454
"F2.csv"	12	-0.0068942168
5 1 -1.8124331 16.780947 -9.715478 6.452461 3.9468118 0.99502242 2.3028764 0.23919626 7 0 0 0 0.084806724 1 1 0 1887760 4 1.5993946 1.8230861 -5.2274489 -5.2937454
"F2.csv"	3	-0.004220294
5 1 -1.8124331 16.780947 -9.715478 6.452461 3.9468118 0.99502242 2.3028764 0.23919626 7 0 0 0 0.084806724 1 1 0 1887760 4 1.5993946 1.8230861 -5.2274489 -5.2937454
"F2.csv"	1	-0.004220294
5 1 -1.8124331 16.780947 -9.715478 6.452461 3.9468118 0.99502242 2.3028764 0.23919626 7 0 0 0 0.084806724 1 1 0 1887760 4 1.5993946 1.8230861 -5.2274489 -5.2937454
"F2.csv"	21	-0.004220294
5 1 -1.8124331 16.780947 -9.715478 6.452461 3.9468118 0.99502242 2.3028764 0.23919626 7 0 0 0 0.084806724 1 1 0 1887760 4 1.5993946 1.8230861 -5.2274489 -5.2937454
"F2.csv"	4	-0.004220294
5 1 -1.8124331 16.780947 -9.715478 6.452461 3.9468118 0.99502242 2.3028764 0.23919626 7 0 0 0 0.084806724 1 1 0 1887760 4 1.5993946 1.8230861 -5.2274489 -5.2937454
"F2.csv"	12	-0.004220294
5 1 -1.8124331 16.780947 -9.715478 6.452461 3.9468118 0.99502242 2.3028764 0.23919626 7 0 0 0 0.084806724 1 1 0 1887760 4 1.5993946 1.8230861 -5.2274489 -5.2937454
"F3.csv"	23	-4.2562203
5 1 0.040027654 21.455983 -8.876917 8.996855 3.8587088 0.93513721 2.2680722 0.56694769 11 0 0 0 0.17304334 1 1 0 636738.69 4 1.814289 5.3503867 -1.7603622 -5.1891716
"F3.csv"	23	-4.2562203
5 1 0.040027654 21.455983 -8.876917 8.996855 3.8587088 0.93513721 2.2680722 0.56694769 11 0 0 0 0.17304334 1 1 0 636738.69 4 1.814289 5.3503867 -1.7603622 -5.1891716
"F3.csv"	1	-4.2562203
5 1 0.040027654 21.455983 -8.876917 8.996855 3.8587088 0.93513721 2.2680722 0.56694769 11 0 0 0 0.17304334 1 1 0 636738.69 4 1.814289 5.3503867 -1.7603622 -5.1891716
"F3.csv"	21	0.78447239
5 1 0.040027654 21.455983 -8.876917 8.996855 3.8587088 0.93513721 2.2680722 0.56694769 11 0 0 0 0.17304334 1 1 0 636738.69 4 1.814289 5.3503867 -1.7603622 -5.1891716
"F3.csv"	12	-4.2562203
5 1 0.040027654 21.455983 -8.876917 8.996855 3.8587088 0.93513721 2.2680722 0.56694769 11 0 0 0 0.17304334 1 1 0 636738.69 4 1.814289 5.3503867 -1.7603622 -5.1891716
"F3.csv"	3	-0.027562489
5 1 0.040027654 21.455983 -8.876917 8.996855 3.8587088 0.93513721 2.2680722 0.56694769 11 0 0 0 0.17304334 1 1 0 636738.69 4 1.814289 5.3503867 -1.7603622 -5.1891716
"F3.csv"	12	-0.027562489
5 1 0.040027654 21.455983 -8.876917 8.996855 3.8587088 0.93513721 2.2680722 0.56694769 11 0 0 0 0.17304334 1 1 0 636738.69 4 1.814289 5.3503867 -1.7603622 -5.1891716
"F3.csv"	3	-0.002366419
5 1 0.040027654 21.455983 -8.876917 8.996855 3.8587088 0.93513721 2.2680722 0.56694769 11 0 0 0 0.17304334 1 1 0 636738.69 4 1.814289 5.3503867 -1.7603622 -5.1891716
"F3.csv"	23	7.2726816e-05
5 1 0.040027654 21.455983 -8.876917 8.996855 3.8587088 0.93513721 2.2680722 0.56694769 11 0 0 0 0.17304334 1 1 0 636738.69 4 1.814289 5.3503867 -1.7603622 -5.1891716
"F3.csv"	23	7.2726816e-05
5 1 0.040027654 21.455983 -8.876917 8.996855 3.8587088 0.93513721 2.2680722 0.56694769 11 0 0 0 0.17304334 1 1 0 636738.69 4 1.814289 5.3503867 -1.7603622 -5.1891716
"F3.csv"	4	-0.002366419
5 1 0.040027654 21.455983 -8.876917 8.996855 3.8587088 0.93513721 2.2680722 0.56694769 11 0 0 0 0.17304334 1 1 0 636738.69 4 1.814289 5.3503867 -1.7603622 -5.1891716
"F3.csv"	1	-0.002366419
5 1 0.040027654 21.455983 -8.876917 8.996855 3.8587088 0.93513721 2.2680722 0.56694769 11 0 0 0 0.17304334 1 1 0 636738.69 4 1.814289 5.3503867 -1.7603622 -5.1891716
"F3.csv"	21	-0.002366419
5 1 0.040027654 21.455983 -8.876917 8.996855 3.8587088 0.93513721 2.2680722 0.56694769 11 0 0 0 0.17304334 1 1 0 636738.69 4 1.814289 5.3503867 -1.7603622 -5.1891716
"F3.csv"	12	-0.002366419
5 1 0.040027654 21.455983 -8.876917 8.996855 3.8587088 0.93513721 2.2680722 0.56694769 11 0 0 0 0.17304334 1 1 0 636738.69 4 1.814289 5.3503867 -1.7603622 -5.1891716
"F4.csv"	4	0.025506488
5 1 0.090698203 19.638173 -9.258208 9.507367 4.2345897 0.78325772 2.3028519 0.047171002 14 0 0 0 0.070620649 0 1 0 192190.07 4 3.0863705 2.6728798 -3.0074174 -2.9651749
"F4.csv"	8	0.1090136
5 1 0.090698203 19.638173 -9.258208 9.507367 4.2345897 0.78325772 2.3028519 0.047171002 14 0 0 0 0.070620649 0 1 0 192190.07 4 3.0863705 2.6728798 -3.0074174 -2.9651749
"F4.csv"	21	0.059305854
5 1 0.090698203 19.638173 -9.258208 9.507367 4.2345897 0.78325772 2.3028519 0.047171002 14 0 0 0 0.070620649 0 1 0 192190.07 4 3.0863705 2.6728798 -3.0074174 -2.9651749
"F4.csv"	1	-4.5596555
5 1 0.090698203 19.638173 -9.258208 9.507367 4.2345897 0.78325772 2.3028519 0.047171002 14 0 0 0 0.070620649 0 1 0 192190.07 4 3.0863705 2.6728798 -3.0074174 -2.9651749
"F4.csv"	12	-4.5596555
5 1 0.090698203 19.638173 -9.258208 9.507367 4.2345897 0.78325772 2.3028519 0.047171002 14 0 0 0 0.070620649 0 1 0 192190.07 4 3.0863705 2.6728798 -3.0074174 -2.9651749
"F4.csv"	3	-0.60415531
5 1 0.090698203 19.638173 -9.258208 9.507367 4.2345897 0.78325772 2.3028519 0.047171002 14 0 0 0 0.070620649 0 1 0 192190.07 4 3.0863705 2.6728798 -3.0074174 -2.9651749
"F4.csv"	12	-0.60415531
5 1 0.090698203 19.638173 -9.258208 9.507367 4.2345897 0.78325772 2.3028519 0.047171002 14 0 0 0 0.070620649 0 1 0 192190.07 4 3.0863705 2.6728798 -3.0074174 -2.9651749
"F4.csv"	3	-0.24633039
5 1 0.090698203 19.638173 -9.258208 9.507367 4.2345897 0.78325772 2.3028519 0.047171002 14 0 0 0 0.070620649 0 1 0 192190.07 4 3.0863705 2.6728798 -3.0074174 -2.9651749
"F4.csv"	21	-0.24633039
5 1 0.090698203 19.638173 -9.258208 9.507367 4.2345897 0.78325772 2.3028519 0.047171002 14 0 0 0 0.070620649 0 1 0 192190.07 4 3.0863705 2.6728798 -3.0074174 -2.9651749
"F4.csv"	1	0.013762009
5 1 0.090698203 19.638173 -9.258208 9.507367 4.2345897 0.78325772 2.3028519 0.047171002 14 0 0 0 0.070620649 0 1 0 192190.07 4 3.0863705 2.6728798 -3.0074174 -2.9651749
"F4.csv"	4	-0.24633039
5 1 0.090698203 19.638173 -9.258208 9.507367 4.2345897 0.78325772 2.3028519 0.047171002 14 0 0 0 0.070620649 0 1 0 192190.07 4 3.0863705 2.6728798 -3.0074174 -2.9651749
"F4.csv"	12	-0.24633039
5 1 0.090698203 19.638173 -9.258208 9.507367 4.2345897 0.78325772 2.3028519 0.047171002 14 0 0 0 0.070620649 0 1 0 192190.07 4 3.0863705 2.6728798 -3.0074174 -2.9651749
"bench_lorenz.csv"	22	-0.029707881
1 1 -0.045644478 0.16299878 -0.836911 0.846565 4.1697954 0.78949246 0.91634809 0.12848162 2 0 0 0 0 0 1 0 11166.833 0
"bench_lorenz.csv"	20	0.00088595923
1 1 -0.045644478 0.16299878 -0.836911 0.846565 4.1697954 0.78949246 0.91634809 0.12848162 2 0 0 0 0 0 1 0 11166.833 0
"bench_lorenz.csv"	1	-0.029707881
1 1 -0.045644478 0.16299878 -0.836911 0.846565 4.1697954 0.78949246 0.91634809 0.12848162 2 0 0 0 0 0 1 0 11166.833 0
"bench_lorenz.csv"	12	-0.029707881
1 1 -0.045644478 0.16299878 -0.836911 0.846565 4.1697954 0.78949246 0.91634809 0.12848162 2 0 0 0 0 0 1 0 11166.833 0
"bench_lorenz.csv"	10	-0.029707881
1 1 -0.045644478 0.16299878 -0.836911 0.846565 4.1697954 0.78949246 0.91634809 0.12848162 2 0 0 0 0 0 1 0 11166.833 0
"bench_lorenz.csv"	22	-0.029552487
1 1 -0.045644478 0.16299878 -0.836911 0.846565 4.1697954 0.78949246 0.91634809 0.12848162 2 0 0 0 0 0 1 0 11166.833 0
"bench_lorenz.csv"	20	0.00089466421
1 1 -0.045644478 0.16299878 -0.836911 0.846565 4.1697954 0.78949246 0.91634809 0.12848162 2 0 0 0 0 0 1 0 11166.833 0
"bench_lorenz.csv"	3	3.7681606e-05
1 1 -0.045644478 0.16299878 -0.836911 0.846565 4.1697954 0.78949246 0.91634809 0.12848162 2 0 0 0 0 0 1 0 11166.833 0
"bench_lorenz.csv"	1	-0.029552487
1 1 -0.045644478 0.16299878 -0.836911 0.846565 4.1697954 0.78949246 0.91634809 0.12848162 2 0 0 0 0 0 1 0 11166.833 0
"bench_lorenz.csv"	12	-0.029552487
1 1 -0.045644478 0.16299878 -0.836911 0.846565 4.1697954 0.78949246 0.91634809 0.12848162 2 0 0 0 0 0 1 0 11166.833 0
"bench_lorenz.csv"	4	3.2037303e-05
1 1 -0.045644478 0.16299878 -0.836911 0.846565 4.1697954 0.78949246 0.91634809 0.12848162 2 0 0 0 0 0 1 0 11166.833 0
"bench_lorenz.csv"	2	5.6880092e-07
1 1 -0.045644478 0.16299878 -0.836911 0.846565 4.1697954 0.78949246 0.91634809 0.12848162 2 0 0 0 0 0 1 0 11166.833 0
"bench_lorenz.csv"	10	-0.029552487
1 1 -0.045644478 0.16299878 -0.836911 0.846565 4.1697954 0.78949246 0.91634809 0.12848162 2 0 0 0 0 0 1 0 11166.833 0
"bench_lorenz.csv"	22	-0.029677232
1 1 -0.045644478 0.16299878 -0.836911 0.846565 4.1697954 0.78949246 0.91634809 0.12848162 2 0 0 0 0 0 1 0 11166.833 0
"bench_lorenz.csv"	20	-0.029677232
1 1 -0.045644478 0.16299878 -0.836911 0.846565 4.1697954 0.78949246 0.91634809 0.12848162 2 0 0 0 0 0 1 0 11166.833 0
"bench_lorenz.csv"	3	5.3466216e-05
1 1 -0.045644478 0.16299878 -0.836911 0.846565 4.1697954 0.78949246 0.91634809 0.12848162 2 0 0 0 0 0 1 0 11166.833 0
"bench_lorenz.csv"	1	-0.029677232
1 1 -0.045644478 0.16299878 -0.836911 0.846565 4.1697954 0.78949246 0.91634809 0.12848162 2 0 0 0 0 0 1 0 11166.833 0
"bench_lorenz.csv"	12	-0.029677232
1 1 -0.045644478 0.16299878 -0.836911 0.846565 4.1697954 0.78949246 0.91634809 0.12848162 2 0 0 0 0 0 1 0 11166.833 0
"bench_lorenz.csv"	10	-0.029677232
1 1 -0.045644478 0.16299878 -0.836911 0.846565 4.1697954 0.78949246 0.91634809 0.12848162 2 0 0 0 0 0 1 0 11166.833 0
"bench_lorenz.csv"	22	0.015231247
1 1 -0.045644478 0.16299878 -0.836911 0.846565 4.1697954 0.78949246 0.91634809 0.12848162 2 0 0 0 0 0 1 0 11166.833 0
"bench_lorenz.csv"	3	1.2509753e-05
1 1 -0.045644478 0.16299878 -0.836911 0.846565 4.1697954 0.78949246 0.91634809 0.12848162 2 0 0 0 0 0 1 0 11166.833 0
"bench_lorenz.csv"	1	-0.029730666
1 1 -0.045644478 0.16299878 -0.836911 0.846565 4.1697954 0.78949246 0.91634809 0.12848162 2 0 0 0 0 0 1 0 11166.833 0
"bench_lorenz.csv"	12	-0.029730666
1 1 -0.045644478 0.16299878 -0.836911 0.846565 4.1697954 0.78949246 0.91634809 0.12848162 2 0 0 0 0 0 1 0 11166.833 0
"bench_lorenz.csv"	10	-0.029730666
1 1 -0.045644478 0.16299878 -0.836911 0.846565 4.1697954 0.78949246 0.91634809 0.12848162 2 0 0 0 0 0 1 0 11166.833 0
"bench_lorenz.csv"	3	-0.025334645
1 1 -0.045644478 0.16299878 -0.836911 0.846565 4.1697954 0.78949246 0.91634809 0.12848162 2 0 0 0 0 0 1 0 11166.833 0
"bench_lorenz.csv"	4	-0.025334645
1 1 -0.045644478 0.16299878 -0.836911 0.846565 4.1697954 0.78949246 0.91634809 0.12848162 2 0 0 0 0 0 1 0 11166.833 0
"bench_lorenz.csv"	2	-0.025334645
1 1 -0.045644478 0.16299878 -0.836911 0.846565 4.1697954 0.78949246 0.91634809 0.12848162 2 0 0 0 0 0 1 0 11166.833 0
"bench_lorenz.csv"	3	-0.025531467
1 1 -0.045644478 0.16299878 -0.836911 0.846565 4.1697954 0.78949246 0.91634809 0.12848162 2 0 0 0 0 0 1 0 11166.833 0
"bench_lorenz.csv"	4	-0.025531467
1 1 -0.045644478 0.16299878 -0.836911 0.846565 4.1697954 0.78949246 0.91634809 0.12848162 2 0 0 0 0 0 1 0 11166.833 0
"bench_lorenz.csv"	2	-0.025531467
1 1 -0.045644478 0.16299878 -0.836911 0.846565 4.1697954 0.78949246 0.91634809 0.12848162 2 0 0 0 0 0 1 0 11166.833 0
"bench_lorenz.csv"	3	-0.025667577
1 1 -0.045644478 0.16299878 -0.836911 0.846565 4.1697954 0.78949246 0.91634809 0.12848162 2 0 0 0 0 0 1 0 11166.833 0
"bench_lorenz.csv"	4	-0.025667577
1 1 -0.045644478 0.16299878 -0.836911 0.846565 4.1697954 0.78949246 0.91634809 0.12848162 2 0 0 0 0 0 1 0 11166.833 0
"bench_lorenz.csv"	2	-0.025667577
1 1 -0.045644478 0.16299878 -0.836911 0.846565 4.1697954 0.78949246 0.91634809 0.12848162 2 0 0 0 0 0 1 0 11166.833 0
"bench_lorenz.csv"	3	-0.025766174
1 1 -0.045644478 0.16299878 -0.836911 0.846565 4.1697954 0.78949246 0.91634809 0.12848162 2 0 0 0 0 0 1 0 11166.833 0
"bench_lorenz.csv"	4	-0.025766174
1 1 -0.045644478 0.16299878 -0.836911 0.846565 4.1697954 0.78949246 0.91634809 0.12848162 2 0 0 0 0 0 1 0 11166.833 0
"bench_lorenz.csv"	2	-0.025766174
1 1 -0.045644478 0.16299878 -0.836911 0.846565 4.1697954 0.78949246 0.91634809 0.12848162 2 0 0 0 0 0 1 0 11166.833 0
"bench_lorenz.csv"	3	-0.025813009
1 1 -0.045644478 0.16299878 -0.836911 0.846565 4.1697954 0.78949246 0.91634809 0.12848162 2 0 0 0 0 0 1 0 11166.833 0
"bench_lorenz.csv"	4	-0.025813009
1 1 -0.045644478 0.16299878 -0.836911 0.846565 4.1697954 0.78949246 0.91634809 0.12848162 2 0 0 0 0 0 1 0 11166.833 0
"bench_lorenz.csv"	2	-0.025813009
1 1 -0.045644478 0.16299878 -0.836911 0.846565 4.1697954 0.78949246 0.91634809 0.12848162 2 0 0 0 0 0 1 0 11166.833 0
"bench_lorenz.csv"	22	-0.02627659
1 1 -0.045644478 0.16299878 -0.836911 0.846565 4.1697954 0.78949246 0.91634809 0.12848162 2 0 0 0 0 0 1 0 11166.833 0
"bench_lorenz.csv"	20	-0.02627659
1 1 -0.045644478 0.16299878 -0.836911 0.846565 4.1697954 0.78949246 0.91634809 0.12848162 2 0 0 0 0 0 1 0 11166.833 0
"bench_lorenz.csv"	21	-0.02627659
1 1 -0.045644478 0.16299878 -0.836911 0.846565 4.1697954 0.78949246 0.91634809 0.12848162 2 0 0 0 0 0 1 0 11166.833 0
"bench_lorenz.csv"	3	-0.02627659
1 1 -0.045644478 0.16299878 -0.836911 0.846565 4.1697954 0.78949246 0.91634809 0.12848162 2 0 0 0 0 0 1 0 11166.833 0
"bench_lorenz.csv"	14	-0.02627659
1 1 -0.045644478 0.16299878 -0.836911 0.846565 4.1697954 0.78949246 0.91634809 0.12848162 2 0 0 0 0 0 1 0 11166.833 0
"bench_lorenz.csv"	1	-0.02627659
1 1 -0.045644478 0.16299878 -0.836911 0.846565 4.1697954 0.78949246 0.91634809 0.12848162 2 0 0 0 0 0 1 0 11166.833 0
"bench_lorenz.csv"	12	-0.02627659
1 1 -0.045644478 0.16299878 -0.836911 0.846565 4.1697954 0.78949246 0.91634809 0.12848162 2 0 0 0 0 0 1 0 11166.833 0
"bench_lorenz.csv"	4	-0.02627659
1 1 -0.045644478 0.16299878 -0.836911 0.846565 4.1697954 0.78949246 0.91634809 0.12848162 2 0 0 0 0 0 1 0 11166.833 0
"bench_lorenz.csv"	2	-0.02627659
1 1 -0.045644478 0.16299878 -0.836911 0.846565 4.1697954 0.78949246 0.91634809 0.12848162 2 0 0 0 0 0 1 0 11166.833 0
"bench_lorenz.csv"	10	-0.02627659
1 1 -0.045644478 0.16299878 -0.836911 0.846565 4.1697954 0.78949246 0.91634809 0.12848162 2 0 0 0 0 0 1 0 11166.833 0
"bench_lorenz.csv"	22	-0.026299729
1 1 -0.045644478 0.16299878 -0.836911 0.846565 4.1697954 0.78949246 0.91634809 0.12848162 2 0 0 0 0 0 1 0 11166.833 0
"bench_lorenz.csv"	20	-0.026299729
1 1 -0.045644478 0.16299878 -0.836911 0.846565 4.1697954 0.78949246 0.91634809 0.12848162 2 0 0 0 0 0 1 0 11166.833 0
"bench_lorenz.csv"	21	-0.026299729
1 1 -0.045644478 0.16299878 -0.836911 0.846565 4.1697954 0.78949246 0.91634809 0.12848162 2 0 0 0 0 0 1 0 11166.833 0
"bench_lorenz.csv"	3	-0.026299729
1 1 -0.045644478 0.16299878 -0.836911 0.846565 4.1697954 0.78949246 0.91634809 0.12848162 2 0 0 0 0 0 1 0 11166.833 0
"bench_lorenz.csv"	14	-0.026299729
1 1 -0.045644478 0.16299878 -0.836911 0.846565 4.1697954 0.78949246 0.91634809 0.12848162 2 0 0 0 0 0 1 0 11166.833 0
"bench_lorenz.csv"	1	-0.026299729
1 1 -0.045644478 0.16299878 -0.836911 0.846565 4.1697954 0.78949246 0.91634809 0.12848162 2 0 0 0 0 0 1 0 11166.833 0
"bench_lorenz.csv"	12	-0.026299729
1 1 -0.045644478 0.16299878 -0.836911 0.846565 4.1697954 0.78949246 0.91634809 0.12848162 2 0 0 0 0 0 1 0 11166.833 0
"bench_lorenz.csv"	4	-0.026299729
1 1 -0.045644478 0.16299878 -0.836911 0.846565 4.1697954 0.78949246 0.91634809 0.12848162 2 0 0 0 0 0 1 0 11166.833 0
"bench_lorenz.csv"	2	-0.026299729
1 1 -0.045644478 0.16299878 -0.836911 0.846565 4.1697954 0.78949246 0.91634809 0.12848162 2 0 0 0 0 0 1 0 11166.833 0
"bench_lorenz.csv"	10	-0.026299729
1 1 -0.045644478 0.16299878 -0.836911 0.846565 4.1697954 0.78949246 0.91634809 0.12848162 2 0 0 0 0 0 1 0 11166.833 0
"bench_lorenz.csv"	22	-0.02630724
1 1 -0.045644478 0.16299878 -0.836911 0.846565 4.1697954 0.78949246 0.91634809 0.12848162 2 0 0 0 0 0 1 0 11166.833 0
"bench_lorenz.csv"	20	-0.02630724
1 1 -0.045644478 0.16299878 -0.836911 0.846565 4.1697954 0.78949246 0.91634809 0.12848162 2 0 0 0 0 0 1 0 11166.833 0
"bench_lorenz.csv"	21	-0.02630724
1 1 -0.045644478 0.16299878 -0.836911 0.846565 4.1697954 0.78949246 0.91634809 0.12848162 2 0 0 0 0 0 1 0 11166.833 0
"bench_lorenz.csv"	3	-0.02630724
1 1 -0.045644478 0.16299878 -0.836911 0.846565 4.1697954 0.78949246 0.91634809 0.12848162 2 0 0 0 0 0 1 0 11166.833 0
"bench_lorenz.csv"	14	-0.02630724
1 1 -0.045644478 0.16299878 -0.836911 0.846565 4.1697954 0.78949246 0.91634809 0.12848162 2 0 0 0 0 0 1 0 11166.833 0
"bench_lorenz.csv"	1	-0.02630724
1 1 -0.045644478 0.16299878 -0.836911 0.846565 4.1697954 0.78949246 0.91634809 0.12848162 2 0 0 0 0 0 1 0 11166.833 0
"bench_lorenz.csv"	12	-0.02630724
1 1 -0.045644478 0.16299878 -0.836911 0.846565 4.1697954 0.78949246 0.91634809 0.12848162 2 0 0 0 0 0 1 0 11166.833 0
"bench_lorenz.csv"	4	-0.02630724
1 1 -0.045644478 0.16299878 -0.836911 0.846565 4.1697954 0.78949246 0.91634809 0.12848162 2 0 0 0 0 0 1 0 11166.833 0
"bench_lorenz.csv"	2	-0.02630724
1 1 -0.045644478 0.16299878 -0.836911 0.846565 4.1697954 0.78949246 0.91634809 0.12848162 2 0 0 0 0 0 1 0 11166.833 0
"bench_lorenz.csv"	10	-0.02630724
1 1 -0.045644478 0.16299878 -0.836911 0.846565 4.1697954 0.78949246 0.91634809 0.12848162 2 0 0 0 0 0 1 0 11166.833 0
"bench_lorenz.csv"	22	-0.026325544
1 1 -0.045644478 0.16299878 -0.836911 0.846565 4.1697954 0.78949246 0.91634809 0.12848162 2 0 0 0 0 0 1 0 11166.833 0
"bench_lorenz.csv"	20	-0.026325544
1 1 -0.045644478 0.16299878 -0.836911 0.846565 4.1697954 0.78949246 0.91634809 0.12848162 2 0 0 0 0 0 1 0 11166.833 0
"bench_lorenz.csv"	21	-0.026325544
1 1 -0.045644478 0.16299878 -0.836911 0.846565 4.1697954 0.78949246 0.91634809 0.12848162 2 0 0 0 0 0 1 0 11166.833 0
"bench_lorenz.csv"	3	-0.026325544
1 1 -0.045644478 0.16299878 -0.836911 0.846565 4.1697954 0.78949246 0.91634809 0.12848162 2 0 0 0 0 0 1 0 11166.833 0
"bench_lorenz.csv"	14	-0.026325544
1 1 -0.045644478 0.16299878 -0.836911 0.846565 4.1697954 0.78949246 0.91634809 0.12848162 2 0 0 0 0 0 1 0 11166.833 0
"bench_lorenz.csv"	1	-0.026325544
1 1 -0.045644478 0.16299878 -0.836911 0.846565 4.1697954 0.78949246 0.91634809 0.12848162 2 0 0 0 0 0 1 0 11166.833 0
"bench_lorenz.csv"	12	-0.026325544
1 1 -0.045644478 0.16299878 -0.836911 0.846565 4.1697954 0.78949246 0.91634809 0.12848162 2 0 0 0 0 0 1 0 11166.833 0
"bench_lorenz.csv"	4	-0.026325544
1 1 -0.045644478 0.16299878 -0.836911 0.846565 4.1697954 0.78949246 0.91634809 0.12848162 2 0 0 0 0 0 1 0 11166.833 0
"bench_lorenz.csv"	2	-0.026325544
1 1 -0.045644478 0.16299878 -0.836911 0.846565 4.1697954 0.78949246 0.91634809 0.12848162 2 0 0 0 0 0 1 0 11166.833 0
"bench_lorenz.csv"	10	-0.026325544
1 1 -0.045644478 0.16299878 -0.836911 0.846565 4.1697954 0.78949246 0.91634809 0.12848162 2 0 0 0 0 0 1 0 11166.833 0
"bench_lorenz.csv"	22	-0.026333931
1 1 -0.045644478 0.16299878 -0.836911 0.846565 4.1697954 0.78949246 0.91634809 0.12848162 2 0 0 0 0 0 1 0 11166.833 0
"bench_lorenz.csv"	20	-0.026333931
1 1 -0.045644478 0.16299878 -0.836911 0.846565 4.1697954 0.78949246 0.91634809 0.12848162 2 0 0 0 0 0 1 0 11166.833 0
"bench_lorenz.csv"	21	-0.026333931
1 1 -0.045644478 0.16299878 -0.836911 0.846565 4.1697954 0.78949246 0.91634809 0.12848162 2 0 0 0 0 0 1 0 11166.833 0
"bench_lorenz.csv"	3	-0.026333931
1 1 -0.045644478 0.16299878 -0.836911 0.846565 4.1697954 0.78949246 0.91634809 0.12848162 2 0 0 0 0 0 1 0 11166.833 0
"bench_lorenz.csv"	14	-0.026333931
1 1 -0.045644478 0.16299878 -0.836911 0.846565 4.1697954 0.78949246 0.91634809 0.12848162 2 0 0 0 0 0 1 0 11166.833 0
"bench_lorenz.csv"	1	-0.026333931
1 1 -0.045644478 0.16299878 -0.836911 0.846565 4.1697954 0.78949246 0.91634809 0.12848162 2 0 0 0 0 0 1 0 11166.833 0
"bench_lorenz.csv"	12	-0.026333931
1 1 -0.045644478 0.16299878 -0.836911 0.846565 4.1697954 0.78949246 0.91634809 0.12848162 2 0 0 0 0 0 1 0 11166.833 0
"bench_lorenz.csv"	4	-0.026333931
1 1 -0.045644478 0.16299878 -0.836911 0.846565 4.1697954 0.78949246 0.91634809 0.12848162 2 0 0 0 0 0 1 0 11166.833 0
"bench_lorenz.csv"	2	-0.026333931
1 1 -0.045644478 0.16299878 -0.836911 0.846565 4.1697954 0.78949246 0.91634809 0.12848162 2 0 0 0 0 0 1 0 11166.833 0
"bench_lorenz.csv"	10	-0.026333931
1 1 -0.045644478 0.16299878 -0.836911 0.846565 4.1697954 0.78949246 0.91634809 0.12848162 2 0 0 0 0 0 1 0 11166.833 0
"bench_lorenz.csv"	22	-0.026508455
1 1 -0.045644478 0.16299878 -0.836911 0.846565 4.1697954 0.78949246 0.91634809 0.12848162 2 0 0 0 0 0 1 0 11166.833 0
"bench_lorenz.csv"	20	-0.026508455
1 1 -0.045644478 0.16299878 -0.836911 0.846565 4.1697954 0.78949246 0.91634809 0.12848162 2 0 0 0 0 0 1 0 11166.833 0
"bench_lorenz.csv"	21	-0.026508455
1 1 -0.045644478 0.16299878 -0.836911 0.846565 4.1697954 0.78949246 0.91634809 0.12848162 2 0 0 0 0 0 1 0 11166.833 0
"bench_lorenz.csv"	3	-0.026508455
1 1 -0.045644478 0.16299878 -0.836911 0.846565 4.1697954 0.78949246 0.91634809 0.12848162 2 0 0 0 0 0 1 0 11166.833 0
"bench_lorenz.csv"	14	-0.026508455
1 1 -0.045644478 0.16299878 -0.836911 0.846565 4.1697954 0.78949246 0.91634809 0.12848162 2 0 0 0 0 0 1 0 11166.833 0
"bench_lorenz.csv"	1	-0.026508455
1 1 -0.045644478 0.16299878 -0.836911 0.846565 4.1697954 0.78949246 0.91634809 0.12848162 2 0 0 0 0 0 1 0 11166.833 0
"bench_lorenz.csv"	12	-0.026508455
1 1 -0.045644478 0.16299878 -0.836911 0.846565 4.1697954 0.78949246 0.91634809 0.12848162 2 0 0 0 0 0 1 0 11166.833 0
"bench_lorenz.csv"	4	-0.026508455
1 1 -0.045644478 0.16299878 -0.836911 0.846565 4.1697954 0.78949246 0.91634809 0.12848162 2 0 0 0 0 0 1 0 11166.833 0
"bench_lorenz.csv"	2	-0.026508455
1 1 -0.045644478 0.16299878 -0.836911 0.846565 4.1697954 0.78949246 0.91634809 0.12848162 2 0 0 0 0 0 1 0 11166.833 0
"bench_lorenz.csv"	10	-0.026508455
1 1 -0.045644478 0.16299878 -0.836911 0.846565 4.1697954 0.78949246 0.91634809 0.12848162 2 0 0 0 0 0 1 0 11166.833 0
"bench_lorenz.csv"	3	-0.026210882
1 1 -0.045644478 0.16299878 -0.836911 0.846565 4.1697954 0.78949246 0.91634809 0.12848162 2 0 0 0 0 0 1 0 11166.833 0
"bench_lorenz.csv"	4	-0.026210882
1 1 -0.045644478 0.16299878 -0.836911 0.846565 4.1697954 0.78949246 0.91634809 0.12848162 2 0 0 0 0 0 1 0 11166.833 0
"bench_lorenz.csv"	2	-0.026210882
1 1 -0.045644478 0.16299878 -0.836911 0.846565 4.1697954 0.78949246 0.91634809 0.12848162 2 0 0 0 0 0 1 0 11166.833 0
"bench_lorenz.csv"	22	-0.026506746
1 1 -0.045644478 0.16299878 -0.836911 0.846565 4.1697954 0.78949246 0.91634809 0.12848162 2 0 0 0 0 0 1 0 11166.833 0
"bench_lorenz.csv"	20	-0.026506746
1 1 -0.045644478 0.16299878 -0.836911 0.846565 4.1697954 0.78949246 0.91634809 0.12848162 2 0 0 0 0 0 1 0 11166.833 0
"bench_lorenz.csv"	21	-0.026506746
1 1 -0.045644478 0.16299878 -0.836911 0.846565 4.1697954 0.78949246 0.91634809 0.12848162 2 0 0 0 0 0 1 0 11166.833 0
"bench_lorenz.csv"	3	-0.026506746
1 1 -0.045644478 0.16299878 -0.836911 0.846565 4.1697954 0.78949246 0.91634809 0.12848162 2 0 0 0 0 0 1 0 11166.833 0
"bench_lorenz.csv"	14	-0.026506746
1 1 -0.045644478 0.16299878 -0.836911 0.846565 4.1697954 0.78949246 0.91634809 0.12848162 2 0 0 0 0 0 1 0 11166.833 0
"bench_lorenz.csv"	1	-0.026506746
1 1 -0.045644478 0.16299878 -0.836911 0.846565 4.1697954 0.78949246 0.91634809 0.12848162 2 0 0 0 0 0 1 0 11166.833 0
"bench_lorenz.csv"	12	-0.026506746
1 1 -0.045644478 0.16299878 -0.836911 0.846565 4.1697954 0.78949246 0.91634809 0.12848162 2 0 0 0 0 0 1 0 11166.833 0
"bench_lorenz.csv"	4	-0.026506746
1 1 -0.045644478 0.16299878 -0.836911 0.846565 4.1697954 0.78949246 0.91634809 0.12848162 2 0 0 0 0 0 1 0 11166.833 0
"bench_lorenz.csv"	2	-0.026506746
1 1 -0.045644478 0.16299878 -0.836911 0.846565 4.1697954 0.78949246 0.91634809 0.12848162 2 0 0 0 0 0 1 0 11166.833 0
"bench_lorenz.csv"	10	-0.026506746
1 1 -0.045644478 0.16299878 -0.836911 0.846565 4.1697954 0.78949246 0.91634809 0.12848162 2 0 0 0 0 0 1 0 11166.833 0
"bench_lorenz.csv"	3	-0.026207963
1 1 -0.045644478 0.16299878 -0.836911 0.846565 4.1697954 0.78949246 0.91634809 0.12848162 2 0 0 0 0 0 1 0 11166.833 0
"bench_lorenz.csv"	4	-0.026207963
1 1 -0.045644478 0.16299878 -0.836911 0.846565 4.1697954 0.78949246 0.91634809 0.12848162 2 0 0 0 0 0 1 0 11166.833 0
"bench_lorenz.csv"	2	-0.026207963
1 1 -0.045644478 0.16299878 -0.836911 0.846565 4.1697954 0.78949246 0.91634809 0.12848162 2 0 0 0 0 0 1 0 11166.833 0
"bench_lorenz.csv"	22	-0.02651366
1 1 -0.045644478 0.16299878 -0.836911 0.846565 4.1697954 0.78949246 0.91634809 0.12848162 2 0 0 0 0 0 1 0 11166.833 0
"bench_lorenz.csv"	20	-0.02651366
1 1 -0.045644478 0.16299878 -0.836911 0.846565 4.1697954 0.78949246 0.91634809 0.12848162 2 0 0 0 0 0 1 0 11166.833 0
"bench_lorenz.csv"	21	-0.02651366
1 1 -0.045644478 0.16299878 -0.836911 0.846565 4.1697954 0.78949246 0.91634809 0.12848162 2 0 0 0 0 0 1 0 11166.833 0
"bench_lorenz.csv"	3	-0.02651366
1 1 -0.045644478 0.16299878 -0.836911 0.846565 4.1697954 0.78949246 0.91634809 0.12848162 2 0 0 0 0 0 1 0 11166.833 0
"bench_lorenz.csv"	14	-0.02651366
1 1 -0.045644478 0.16299878 -0.836911 0.846565 4.1697954 0.78949246 0.91634809 0.12848162 2 0 0 0 0 0 1 0 11166.833 0
"bench_lorenz.csv"	1	-0.02651366
1 1 -0.045644478 0.16299878 -0.836911 0.846565 4.1697954 0.78949246 0.91634809 0.12848162 2 0 0 0 0 0 1 0 11166.833 0
"bench_lorenz.csv"	12	-0.02651366
1 1 -0.045644478 0.16299878 -0.836911 0.846565 4.1697954 0.78949246 0.91634809 0.12848162 2 0 0 0 0 0 1 0 11166.833 0
"bench_lorenz.csv"	4	-0.02651366
1 1 -0.045644478 0.16299878 -0.836911 0.846565 4.1697954 0.78949246 0.91634809 0.12848162 2 0 0 0 0 0 1 0 11166.833 0
"bench_lorenz.csv"	2	-0.02651366
1 1 -0.045644478 0.16299878 -0.836911 0.846565 4.1697954 0.78949246 0.91634809 0.12848162 2 0 0 0 0 0 1 0 11166.833 0
"bench_lorenz.csv"	10	-0.02651366
1 1 -0.045644478 0.16299878 -0.836911 0.846565 4.1697954 0.78949246 0.91634809 0.12848162 2 0 0 0 0 0 1 0 11166.833 0
"bench_lorenz.csv"	3	-0.026213029
1 1 -0.045644478 0.16299878 -0.836911 0.846565 4.1697954 0.78949246 0.91634809 0.12848162 2 0 0 0 0 0 1 0 11166.833 0
"bench_lorenz.csv"	4	-0.026213029
1 1 -0.045644478 0.16299878 -0.836911 0.846565 4.1697954 0.78949246 0.91634809 0.12848162 2 0 0 0 0 0 1 0 11166.833 0
"bench_lorenz.csv"	2	-0.026213029
1 1 -0.045644478 0.16299878 -0.836911 0.846565 4.1697954 0.78949246 0.91634809 0.12848162 2 0 0 0 0 0 1 0 11166.833 0
"bench_lorenz.csv"	22	-0.026521987
1 1 -0.045644478 0.16299878 -0.836911 0.846565 4.1697954 0.78949246 0.91634809 0.12848162 2 0 0 0 0 0 1 0 11166.833 0
"bench_lorenz.csv"	20	-0.026521987
1 1 -0.045644478 0.16299878 -0.836911 0.846565 4.1697954 0.78949246 0.91634809 0.12848162 2 0 0 0 0 0 1 0 11166.833 0
"bench_lorenz.csv"	21	-0.026521987
1 1 -0.045644478 0.16299878 -0.836911 0.846565 4.1697954 0.78949246 0.91634809 0.12848162 2 0 0 0 0 0 1 0 11166.833 0
"bench_lorenz.csv"	3	-0.026521987
1 1 -0.045644478 0.16299878 -0.836911 0.846565 4.1697954 0.78949246 0.91634809 0.12848162 2 0 0 0 0 0 1 0 11166.833 0
"bench_lorenz.csv"	14	-0.026521987
1 1 -0.045644478 0.16299878 -0.836911 0.846565 4.1697954 0.78949246 0.91634809 0.12848162 2 0 0 0 0 0 1 0 11166.833 0
"bench_lorenz.csv"	1	-0.026521987
1 1 -0.045644478 0.16299878 -0.836911 0.846565 4.1697954 0.78949246 0.91634809 0.12848162 2 0 0 0 0 0 1 0 11166.833 0
"bench_lorenz.csv"	12	-0.026521987
1 1 -0.045644478 0.16299878 -0.836911 0.846565 4.1697954 0.78949246 0.91634809 0.12848162 2 0 0 0 0 0 1 0 11166.833 0
"bench_lorenz.csv"	4	-0.026521987
1 1 -0.045644478 0.16299878 -0.836911 0.846565 4.1697954 0.78949246 0.91634809 0.12848162 2 0 0 0 0 0 1 0 11166.833 0
"bench_lorenz.csv"	2	-0.026521987
1 1 -0.045644478 0.16299878 -0.836911 0.846565 4.1697954 0.78949246 0.91634809 0.12848162 2 0 0 0 0 0 1 0 11166.833 0
"bench_lorenz.csv"	10	-0.026521987
1 1 -0.045644478 0.16299878 -0.836911 0.846565 4.1697954 0.78949246 0.91634809 0.12848162 2 0 0 0 0 0 1 0 11166.833 0
"bench_lorenz.csv"	22	-0.026510346
1 1 -0.045644478 0.16299878 -0.836911 0.846565 4.1697954 0.78949246 0.91634809 0.12848162 2 0 0 0 0 0 1 0 11166.833 0
"bench_lorenz.csv"	20	-0.026510346
1 1 -0.045644478 0.16299878 -0.836911 0.846565 4.1697954 0.78949246 0.91634809 0.12848162 2 0 0 0 0 0 1 0 11166.833 0
"bench_lorenz.csv"	21	-0.026510346
1 1 -0.045644478 0.16299878 -0.836911 0.846565 4.1697954 0.78949246 0.91634809 0.12848162 2 0 0 0 0 0 1 0 11166.833 0
"bench_lorenz.csv"	3	-0.026510346
1 1 -0.045644478 0.16299878 -0.836911 0.846565 4.1697954 0.78949246 0.91634809 0.12848162 2 0 0 0 0 0 1 0 11166.833 0
"bench_lorenz.csv"	14	-0.026510346
1 1 -0.045644478 0.16299878 -0.836911 0.846565 4.1697954 0.78949246 0.91634809 0.12848162 2 0 0 0 0 0 1 0 11166.833 0
"bench_lorenz.csv"	1	-0.026510346
1 1 -0.045644478 0.16299878 -0.836911 0.846565 4.1697954 0.78949246 0.91634809 0.12848162 2 0 0 0 0 0 1 0 11166.833 0
"bench_lorenz.csv"	12	-0.026510346
1 1 -0.045644478 0.16299878 -0.836911 0.846565 4.1697954 0.78949246 0.91634809 0.12848162 2 0 0 0 0 0 1 0 11166.833 0
"bench_lorenz.csv"	4	-0.026510346
1 1 -0.045644478 0.16299878 -0.836911 0.846565 4.1697954 0.78949246 0.91634809 0.12848162 2 0 0 0 0 0 1 0 11166.833 0
"bench_lorenz.csv"	2	-0.026510346
1 1 -0.045644478 0.16299878 -0.836911 0.846565 4.1697954 0.78949246 0.91634809 0.12848162 2 0 0 0 0 0 1 0 11166.833 0
"bench_lorenz.csv"	10	-0.026510346
1 1 -0.045644478 0.16299878 -0.836911 0.846565 4.1697954 0.78949246 0.91634809 0.12848162 2 0 0 0 0 0 1 0 11166.833 0
"bench_lorenz.csv"	22	-0.028299013
1 1 -0.045644478 0.16299878 -0.836911 0.846565 4.1697954 0.78949246 0.91634809 0.12848162 2 0 0 0 0 0 1 0 11166.833 0
"bench_lorenz.csv"	20	-0.028299013
1 1 -0.045644478 0.16299878 -0.836911 0.846565 4.1697954 0.78949246 0.91634809 0.12848162 2 0 0 0 0 0 1 0 11166.833 0
"bench_lorenz.csv"	21	-0.028299013
1 1 -0.045644478 0.16299878 -0.836911 0.846565 4.1697954 0.78949246 0.91634809 0.12848162 2 0 0 0 0 0 1 0 11166.833 0
"bench_lorenz.csv"	3	-0.028299013
1 1 -0.045644478 0.16299878 -0.836911 0.846565 4.1697954 0.78949246 0.91634809 0.12848162 2 0 0 0 0 0 1 0 11166.833 0
"bench_lorenz.csv"	14	-0.028299013
1 1 -0.045644478 0.16299878 -0.836911 0.846565 4.1697954 0.78949246 0.91634809 0.12848162 2 0 0 0 0 0 1 0 11166.833 0
"bench_lorenz.csv"	1	-0.028299013
1 1 -0.045644478 0.16299878 -0.836911 0.846565 4.1697954 0.78949246 0.91634809 0.12848162 2 0 0 0 0 0 1 0 11166.833 0
"bench_lorenz.csv"	12	-0.028299013
1 1 -0.045644478 0.16299878 -0.836911 0.846565 4.1697954 0.78949246 0.91634809 0.12848162 2 0 0 0 0 0 1 0 11166.833 0
"bench_lorenz.csv"	4	-0.028299013
1 1 -0.045644478 0.16299878 -0.836911 0.846565 4.1697954 0.78949246 0.91634809 0.12848162 2 0 0 0 0 0 1 0 11166.833 0
"bench_lorenz.csv"	2	-0.028299013
1 1 -0.045644478 0.16299878 -0.836911 0.846565 4.1697954 0.78949246 0.91634809 0.12848162 2 0 0 0 0 0 1 0 11166.833 0
"bench_lorenz.csv"	10	-0.028299013
1 1 -0.045644478 0.16299878 -0.836911 0.846565 4.1697954 0.78949246 0.91634809 0.12848162 2 0 0 0 0 0 1 0 11166.833 0
"bench_lorenz.csv"	3	-0.028549767
1 1 -0.045644478 0.16299878 -0.836911 0.846565 4.1697954 0.78949246 0.91634809 0.12848162 2 0 0 0 0 0 1 0 11166.833 0
"bench_lorenz.csv"	1	-0.028549767
1 1 -0.045644478 0.16299878 -0.836911 0.846565 4.1697954 0.78949246 0.91634809 0.12848162 2 0 0 0 0 0 1 0 11166.833 0
"bench_lorenz.csv"	4	-0.028549767
1 1 -0.045644478 0.16299878 -0.836911 0.846565 4.1697954 0.78949246 0.91634809 0.12848162 2 0 0 0 0 0 1 0 11166.833 0
"bench_lorenz.csv"	2	-0.028549767
1 1 -0.045644478 0.16299878 -0.836911 0.846565 4.1697954 0.78949246 0.91634809 0.12848162 2 0 0 0 0 0 1 0 11166.833 0
"bench_lorenz.csv"	22	-0.028549767
1 1 -0.045644478 0.16299878 -0.836911 0.846565 4.1697954 0.78949246 0.91634809 0.12848162 2 0 0 0 0 0 1 0 11166.833 0
"bench_lorenz.csv"	22	-0.027904081
1 1 -0.045644478 0.16299878 -0.836911 0.846565 4.1697954 0.78949246 0.91634809 0.12848162 2 0 0 0 0 0 1 0 11166.833 0
"bench_lorenz.csv"	20	-0.027904081
1 1 -0.045644478 0.16299878 -0.836911 0.846565 4.1697954 0.78949246 0.91634809 0.12848162 2 0 0 0 0 0 1 0 11166.833 0
"bench_lorenz.csv"	21	-0.027904081
1 1 -0.045644478 0.16299878 -0.836911 0.846565 4.1697954 0.78949246 0.91634809 0.12848162 2 0 0 0 0 0 1 0 11166.833 0
"bench_lorenz.csv"	3	-0.027904081
1 1 -0.045644478 0.16299878 -0.836911 0.846565 4.1697954 0.78949246 0.91634809 0.12848162 2 0 0 0 0 0 1 0 11166.833 0
"bench_lorenz.csv"	14	-0.027904081
1 1 -0.045644478 0.16299878 -0.836911 0.846565 4.1697954 0.78949246 0.91634809 0.12848162 2 0 0 0 0 0 1 0 11166.833 0
"bench_lorenz.csv"	1	-0.027904081
1 1 -0.045644478 0.16299878 -0.836911 0.846565 4.1697954 0.78949246 0.91634809 0.12848162 2 0 0 0 0 0 1 0 11166.833 0
"bench_lorenz.csv"	12	-0.027904081
1 1 -0.045644478 0.16299878 -0.836911 0.846565 4.1697954 0.78949246 0.91634809 0.12848162 2 0 0 0 0 0 1 0 11166.833 0
"bench_lorenz.csv"	4	-0.027904081
1 1 -0.045644478 0.16299878 -0.836911 0.846565 4.1697954 0.78949246 0.91634809 0.12848162 2 0 0 0 0 0 1 0 11166.833 0
"bench_lorenz.csv"	2	-0.027904081
1 1 -0.045644478 0.16299878 -0.836911 0.846565 4.1697954 0.78949246 0.91634809 0.12848162 2 0 0 0 0 0 1 0 11166.833 0
"bench_lorenz.csv"	10	-0.027904081
1 1 -0.045644478 0.16299878 -0.836911 0.846565 4.1697954 0.78949246 0.91634809 0.12848162 2 0 0 0 0 0 1 0 11166.833 0
"bench_lorenz.csv"	3	-0.028169663
1 1 -0.045644478 0.16299878 -0.836911 0.846565 4.1697954 0.78949246 0.91634809 0.12848162 2 0 0 0 0 0 1 0 11166.833 0
"bench_lorenz.csv"	1	-0.028169663
1 1 -0.045644478 0.16299878 -0.836911 0.846565 4.1697954 0.78949246 0.91634809 0.12848162 2 0 0 0 0 0 1 0 11166.833 0
"bench_lorenz.csv"	4	-0.028169663
1 1 -0.045644478 0.16299878 -0.836911 0.846565 4.1697954 0.78949246 0.91634809 0.12848162 2 0 0 0 0 0 1 0 11166.833 0
"bench_lorenz.csv"	2	-0.028169663
1 1 -0.045644478 0.16299878 -0.836911 0.846565 4.1697954 0.78949246 0.91634809 0.12848162 2 0 0 0 0 0 1 0 11166.833 0
"bench_lorenz.csv"	3	-0.028169663
1 1 -0.045644478 0.16299878 -0.836911 0.846565 4.1697954 0.78949246 0.91634809 0.12848162 2 0 0 0 0 0 1 0 11166.833 0
"bench_lorenz.csv"	3	-0.027020462
1 1 -0.045644478 0.16299878 -0.836911 0.846565 4.1697954 0.78949246 0.91634809 0.12848162 2 0 0 0 0 0 1 0 11166.833 0
"bench_lorenz.csv"	1	-0.027020462
1 1 -0.045644478 0.16299878 -0.836911 0.846565 4.1697954 0.78949246 0.91634809 0.12848162 2 0 0 0 0 0 1 0 11166.833 0
"bench_lorenz.csv"	4	-0.027020462
1 1 -0.045644478 0.16299878 -0.836911 0.846565 4.1697954 0.78949246 0.91634809 0.12848162 2 0 0 0 0 0 1 0 11166.833 0
"bench_lorenz.csv"	2	-0.027020462
1 1 -0.045644478 0.16299878 -0.836911 0.846565 4.1697954 0.78949246 0.91634809 0.12848162 2 0 0 0 0 0 1 0 11166.833 0
"bench_lorenz.csv"	3	-0.027124635
1 1 -0.045644478 0.16299878 -0.836911 0.846565 4.1697954 0.78949246 0.91634809 0.12848162 2 0 0 0 0 0 1 0 11166.833 0
"bench_lorenz.csv"	1	-0.027124635
1 1 -0.045644478 0.16299878 -0.836911 0.846565 4.1697954 0.78949246 0.91634809 0.12848162 2 0 0 0 0 0 1 0 11166.833 0
"bench_lorenz.csv"	4	-0.027124635
1 1 -0.045644478 0.16299878 -0.836911 0.846565 4.1697954 0.78949246 0.91634809 0.12848162 2 0 0 0 0 0 1 0 11166.833 0
"bench_lorenz.csv"	2	-0.027124635
1 1 -0.045644478 0.16299878 -0.836911 0.846565 4.1697954 0.78949246 0.91634809 0.12848162 2 0 0 0 0 0 1 0 11166.833 0
"bench_lorenz.csv"	22	-0.027124635
1 1 -0.045644478 0.16299878 -0.836911 0.846565 4.1697954 0.78949246 0.91634809 0.12848162 2 0 0 0 0 0 1 0 11166.833 0
"bench_lorenz.csv"	20	-0.027124635
1 1 -0.045644478 0.16299878 -0.836911 0.846565 4.1697954 0.78949246 0.91634809 0.12848162 2 0 0 0 0 0 1 0 11166.833 0
"bench_lorenz.csv"	21	-0.027124635
1 1 -0.045644478 0.16299878 -0.836911 0.846565 4.1697954 0.78949246 0.91634809 0.12848162 2 0 0 0 0 0 1 0 11166.833 0
"bench_lorenz.csv"	3	-0.027124635
1 1 -0.045644478 0.16299878 -0.836911 0.846565 4.1697954 0.78949246 0.91634809 0.12848162 2 0 0 0 0 0 1 0 11166.833 0
"bench_lorenz.csv"	14	-0.027124635
1 1 -0.045644478 0.16299878 -0.836911 0.846565 4.1697954 0.78949246 0.91634809 0.12848162 2 0 0 0 0 0 1 0 11166.833 0
"bench_lorenz.csv"	1	-0.027124635
1 1 -0.045644478 0.16299878 -0.836911 0.846565 4.1697954 0.78949246 0.91634809 0.12848162 2 0 0 0 0 0 1 0 11166.833 0
"bench_lorenz.csv"	12	-0.027124635
1 1 -0.045644478 0.16299878 -0.836911 0.846565 4.1697954 0.78949246 0.91634809 0.12848162 2 0 0 0 0 0 1 0 11166.833 0
"bench_lorenz.csv"	3	-0.02702849
1 1 -0.045644478 0.16299878 -0.836911 0.846565 4.1697954 0.78949246 0.91634809 0.12848162 2 0 0 0 0 0 1 0 11166.833 0
"bench_lorenz.csv"	1	-0.02702849
1 1 -0.045644478 0.16299878 -0.836911 0.846565 4.1697954 0.78949246 0.91634809 0.12848162 2 0 0 0 0 0 1 0 11166.833 0
"bench_lorenz.csv"	4	-0.02702849
1 1 -0.045644478 0.16299878 -0.836911 0.846565 4.1697954 0.78949246 0.91634809 0.12848162 2 0 0 0 0 0 1 0 11166.833 0
"bench_lorenz.csv"	2	-0.02702849
1 1 -0.045644478 0.16299878 -0.836911 0.846565 4.1697954 0.78949246 0.91634809 0.12848162 2 0 0 0 0 0 1 0 11166.833 0
"bench_lorenz.csv"	3	-0.027060488
1 1 -0.045644478 0.16299878 -0.836911 0.846565 4.1697954 0.78949246 0.91634809 0.12848162 2 0 0 0 0 0 1 0 11166.833 0
"bench_lorenz.csv"	1	-0.027060488
1 1 -0.045644478 0.16299878 -0.836911 0.846565 4.1697954 0.78949246 0.91634809 0.12848162 2 0 0 0 0 0 1 0 11166.833 0
"bench_lorenz.csv"	4	-0.027060488
1 1 -0.045644478 0.16299878 -0.836911 0.846565 4.1697954 0.78949246 0.91634809 0.12848162 2 0 0 0 0 0 1 0 11166.833 0
"bench_lorenz.csv"	2	-0.027060488
1 1 -0.045644478 0.16299878 -0.836911 0.846565 4.1697954 0.78949246 0.91634809 0.12848162 2 0 0 0 0 0 1 0 11166.833 0
"bench_lorenz.csv"	3	-0.026910884
1 1 -0.045644478 0.16299878 -0.836911 0.846565 4.1697954 0.78949246 0.91634809 0.12848162 2 0 0 0 0 0 1 0 11166.833 0
"bench_lorenz.csv"	1	-0.026910884
1 1 -0.045644478 0.16299878 -0.836911 0.846565 4.1697954 0.78949246 0.91634809 0.12848162 2 0 0 0 0 0 1 0 11166.833 0
"bench_lorenz.csv"	4	-0.026910884
1 1 -0.045644478 0.16299878 -0.836911 0.846565 4.1697954 0.78949246 0.91634809 0.12848162 2 0 0 0 0 0 1 0 11166.833 0
"bench_lorenz.csv"	2	-0.026910884
1 1 -0.045644478 0.16299878 -0.836911 0.846565 4.1697954 0.78949246 0.91634809 0.12848162 2 0 0 0 0 0 1 0 11166.833 0
"bench_lorenz.csv"	22	-0.027777627
1 1 -0.045644478 0.16299878 -0.836911 0.846565 4.1697954 0.78949246 0.91634809 0.12848162 2 0 0 0 0 0 1 0 11166.833 0
"bench_lorenz.csv"	20	-0.027777627
1 1 -0.045644478 0.16299878 -0.836911 0.846565 4.1697954 0.78949246 0.91634809 0.12848162 2 0 0 0 0 0 1 0 11166.833 0
"bench_lorenz.csv"	21	-0.027777627
1 1 -0.045644478 0.16299878 -0.836911 0.846565 4.1697954 0.78949246 0.91634809 0.12848162 2 0 0 0 0 0 1 0 11166.833 0
"bench_lorenz.csv"	3	-0.027777627
1 1 -0.045644478 0.16299878 -0.836911 0.846565 4.1697954 0.78949246 0.91634809 0.12848162 2 0 0 0 0 0 1 0 11166.833 0
"bench_lorenz.csv"	14	-0.027777627
1 1 -0.045644478 0.16299878 -0.836911 0.846565 4.1697954 0.78949246 0.91634809 0.12848162 2 0 0 0 0 0 1 0 11166.833 0
"bench_lorenz.csv"	1	-0.027777627
1 1 -0.045644478 0.16299878 -0.836911 0.846565 4.1697954 0.78949246 0.91634809 0.12848162 2 0 0 0 0 0 1 0 11166.833 0
"bench_lorenz.csv"	12	-0.027777627
1 1 -0.045644478 0.16299878 -0.836911 0.846565 4.1697954 0.78949246 0.91634809 0.12848162 2 0 0 0 0 0 1 0 11166.833 0
"bench_lorenz.csv"	4	-0.027777627
1 1 -0.045644478 0.16299878 -0.836911 0.846565 4.1697954 0.78949246 0.91634809 0.12848162 2 0 0 0 0 0 1 0 11166.833 0
"bench_lorenz.csv"	2	-0.027777627
1 1 -0.045644478 0.16299878 -0.836911 0.846565 4.1697954 0.78949246 0.91634809 0.12848162 2 0 0 0 0 0 1 0 11166.833 0
"bench_lorenz.csv"	10	-0.027777627
1 1 -0.045644478 0.16299878 -0.836911 0.846565 4.1697954 0.78949246 0.91634809 0.12848162 2 0 0 0 0 0 1 0 11166.833 0
"bench_lorenz.csv"	22	-0.027723887
1 1 -0.045644478 0.16299878 -0.836911 0.846565 4.1697954 0.78949246 0.91634809 0.12848162 2 0 0 0 0 0 1 0 11166.833 0
"bench_lorenz.csv"	20	-0.027723887
1 1 -0.045644478 0.16299878 -0.836911 0.846565 4.1697954 0.78949246 0.91634809 0.12848162 2 0 0 0 0 0 1 0 11166.833 0
"bench_lorenz.csv"	21	-0.027723887
1 1 -0.045644478 0.16299878 -0.836911 0.846565 4.1697954 0.78949246 0.91634809 0.12848162 2 0 0 0 0 0 1 0 11166.833 0
"bench_lorenz.csv"	3	-0.027723887
1 1 -0.045644478 0.16299878 -0.836911 0.846565 4.1697954 0.78949246 0.91634809 0.12848162 2 0 0 0 0 0 1 0 11166.833 0
"bench_lorenz.csv"	14	-0.027723887
1 1 -0.045644478 0.16299878 -0.836911 0.846565 4.1697954 0.78949246 0.91634809 0.12848162 2 0 0 0 0 0 1 0 11166.833 0
"bench_lorenz.csv"	1	-0.027723887
1 1 -0.045644478 0.16299878 -0.836911 0.846565 4.1697954 0.78949246 0.91634809 0.12848162 2 0 0 0 0 0 1 0 11166.833 0
"bench_lorenz.csv"	12	-0.027723887
1 1 -0.045644478 0.16299878 -0.836911 0.846565 4.1697954 0.78949246 0.91634809 0.12848162 2 0 0 0 0 0 1 0 11166.833 0
"bench_lorenz.csv"	4	-0.027723887
1 1 -0.045644478 0.16299878 -0.836911 0.846565 4.1697954 0.78949246 0.91634809 0.12848162 2 0 0 0 0 0 1 0 11166.833 0
"bench_lorenz.csv"	2	-0.027723887
1 1 -0.045644478 0.16299878 -0.836911 0.846565 4.1697954 0.78949246 0.91634809 0.12848162 2 0 0 0 0 0 1 0 11166.833 0
"bench_lorenz.csv"	10	-0.027723887
1 1 -0.045644478 0.16299878 -0.836911 0.846565 4.1697954 0.78949246 0.91634809 0.12848162 2 0 0 0 0 0 1 0 11166.833 0
"bench_lorenz.csv"	22	-0.027725516
1 1 -0.045644478 0.16299878 -0.836911 0.846565 4.1697954 0.78949246 0.91634809 0.12848162 2 0 0 0 0 0 1 0 11166.833 0
"bench_lorenz.csv"	20	-0.027725516
1 1 -0.045644478 0.16299878 -0.836911 0.846565 4.1697954 0.78949246 0.91634809 0.12848162 2 0 0 0 0 0 1 0 11166.833 0
"bench_lorenz.csv"	21	-0.027725516
1 1 -0.045644478 0.16299878 -0.836911 0.846565 4.1697954 0.78949246 0.91634809 0.12848162 2 0 0 0 0 0 1 0 11166.833 0
"bench_lorenz.csv"	3	-0.027725516
1 1 -0.045644478 0.16299878 -0.836911 0.846565 4.1697954 0.78949246 0.91634809 0.12848162 2 0 0 0 0 0 1 0 11166.833 0
"bench_lorenz.csv"	14	-0.027725516
1 1 -0.045644478 0.16299878 -0.836911 0.846565 4.1697954 0.78949246 0.91634809 0.12848162 2 0 0 0 0 0 1 0 11166.833 0
"bench_lorenz.csv"	1	-0.027725516
1 1 -0.045644478 0.16299878 -0.836911 0.846565 4.1697954 0.78949246 0.91634809 0.12848162 2 0 0 0 0 0 1 0 11166.833 0
"bench_lorenz.csv"	12	-0.027725516
1 1 -0.045644478 0.16299878 -0.836911 0.846565 4.1697954 0.78949246 0.91634809 0.12848162 2 0 0 0 0 0 1 0 11166.833 0
"bench_lorenz.csv"	4	-0.027725516
1 1 -0.045644478 0.16299878 -0.836911 0.846565 4.1697954 0.78949246 0.91634809 0.12848162 2 0 0 0 0 0 1 0 11166.833 0
"bench_lorenz.csv"	2	-0.027725516
1 1 -0.045644478 0.16299878 -0.836911 0.846565 4.1697954 0.78949246 0.91634809 0.12848162 2 0 0 0 0 0 1 0 11166.833 0
"bench_lorenz.csv"	10	-0.027725516
1 1 -0.045644478 0.16299878 -0.836911 0.846565 4.1697954 0.78949246 0.91634809 0.12848162 2 0 0 0 0 0 1 0 11166.833 0
"F5.csv"	3	0.010278958
5 1 -2.3692973 18.373908 -11.608654 6.121462 4.1362884 0.98228238 2.3058985 0.27908258 8 0 0 0 0.052417047 0 1 0 1318993.2 4 1.2195133 1.2285964 -5.6290258 -6.2581256
"F5.csv"	4	0.011454621
5 1 -2.3692973 18.373908 -11.608654 6.121462 4.1362884 0.98228238 2.3058985 0.27908258 8 0 0 0 0.052417047 0 1 0 1318993.2 4 1.2195133 1.2285964 -5.6290258 -6.2581256
"F5.csv"	21	-1.4609713
5 1 -2.3692973 18.373908 -11.608654 6.121462 4.1362884 0.98228238 2.3058985 0.27908258 8 0 0 0 0.052417047 0 1 0 1318993.2 4 1.2195133 1.2285964 -5.6290258 -6.2581256
"F5.csv"	1	-1.4609713
5 1 -2.3692973 18.373908 -11.608654 6.121462 4.1362884 0.98228238 2.3058985 0.27908258 8 0 0 0 0.052417047 0 1 0 1318993.2 4 1.2195133 1.2285964 -5.6290258 -6.2581256
"F5.csv"	12	-1.4609713
5 1 -2.3692973 18.373908 -11.608654 6.121462 4.1362884 0.98228238 2.3058985 0.27908258 8 0 0 0 0.052417047 0 1 0 1318993.2 4 1.2195133 1.2285964 -5.6290258 -6.2581256
"F5.csv"	2	0.061720496
5 1 -2.3692973 18.373908 -11.608654 6.121462 4.1362884 0.98228238 2.3058985 0.27908258 8 0 0 0 0.052417047 0 1 0 1318993.2 4 1.2195133 1.2285964 -5.6290258 -6.2581256
"F5.csv"	12	-0.22570951
5 1 -2.3692973 18.373908 -11.608654 6.121462 4.1362884 0.98228238 2.3058985 0.27908258 8 0 0 0 0.052417047 0 1 0 1318993.2 4 1.2195133 1.2285964 -5.6290258 -6.2581256
"bench_t22_windowed_sine.csv"	1	-0.14184205
1 1 0.0133975 0.28381226 -1 0.9975 3.7494815 0.14396683 0.19987853 0.017302425 2 0 0 0 0 1 0 0 3.0345707 0
"bench_t22_windowed_sine.csv"	12	-0.14184205
1 1 0.0133975 0.28381226 -1 0.9975 3.7494815 0.14396683 0.19987853 0.017302425 2 0 0 0 0 1 0 0 3.0345707 0
"bench_t22_windowed_sine.csv"	3	-0.030013571
1 1 0.0133975 0.28381226 -1 0.9975 3.7494815 0.14396683 0.19987853 0.017302425 2 0 0 0 0 1 0 0 3.0345707 0
"bench_t22_windowed_sine.csv"	1	0.0030994602
1 1 0.0133975 0.28381226 -1 0.9975 3.7494815 0.14396683 0.19987853 0.017302425 2 0 0 0 0 1 0 0 3.0345707 0
"bench_t22_windowed_sine.csv"	4	-0.030013571
1 1 0.0133975 0.28381226 -1 0.9975 3.7494815 0.14396683 0.19987853 0.017302425 2 0 0 0 0 1 0 0 3.0345707 0
"bench_narma10_lag.csv"	4	2.1425614e-05
10 1 0.40559887 0.012009204 0.212925 0.75929 4.9856956 0.59493374 0.84970648 0.90638906 64 1 7 9 0.11856153 0 1 1 265023 4 0.40559887 0.40559887 0.40559887 0.40559887
"bench_narma10_lag.csv"	21	1.3030251e-05
10 1 0.40559887 0.012009204 0.212925 0.75929 4.9856956 0.59493374 0.84970648 0.90638906 64 1 7 9 0.11856153 0 1 1 265023 4 0.40559887 0.40559887 0.40559887 0.40559887
"bench_narma10_lag.csv"	2	1.0704525e-05
10 1 0.40559887 0.012009204 0.212925 0.75929 4.9856956 0.59493374 0.84970648 0.90638906 64 1 7 9 0.11856153 0 1 1 265023 4 0.40559887 0.40559887 0.40559887 0.40559887
"bench_narma10_lag.csv"	12	-0.005727445
10 1 0.40559887 0.012009204 0.212925 0.75929 4.9856956 0.59493374 0.84970648 0.90638906 64 1 7 9 0.11856153 0 1 1 265023 4 0.40559887 0.40559887 0.40559887 0.40559887
"bench_narma10_lag.csv"	1	-0.005727445
10 1 0.40559887 0.012009204 0.212925 0.75929 4.9856956 0.59493374 0.84970648 0.90638906 64 1 7 9 0.11856153 0 1 1 265023 4 0.40559887 0.40559887 0.40559887 0.40559887
"bench_narma10_lag.csv"	3	6.9372374e-06
10 1 0.40559887 0.012009204 0.212925 0.75929 4.9856956 0.59493374 0.84970648 0.90638906 64 1 7 9 0.11856153 0 1 1 265023 4 0.40559887 0.40559887 0.40559887 0.40559887
"bench_narma10_lag.csv"	9	-0.0053579809
10 1 0.40559887 0.012009204 0.212925 0.75929 4.9856956 0.59493374 0.84970648 0.90638906 64 1 7 9 0.11856153 0 1 1 265023 4 0.40559887 0.40559887 0.40559887 0.40559887
"bench_narma10_lag.csv"	20	-0.0053579809
10 1 0.40559887 0.012009204 0.212925 0.75929 4.9856956 0.59493374 0.84970648 0.90638906 64 1 7 9 0.11856153 0 1 1 265023 4 0.40559887 0.40559887 0.40559887 0.40559887
"bench_narma10_lag.csv"	21	1.1658728e-05
10 1 0.40559887 0.012009204 0.212925 0.75929 4.9856956 0.59493374 0.84970648 0.90638906 64 1 7 9 0.11856153 0 1 1 265023 4 0.40559887 0.40559887 0.40559887 0.40559887
"bench_narma10_lag.csv"	2	0.00021747995
10 1 0.40559887 0.012009204 0.212925 0.75929 4.9856956 0.59493374 0.84970648 0.90638906 64 1 7 9 0.11856153 0 1 1 265023 4 0.40559887 0.40559887 0.40559887 0.40559887
"bench_narma10_lag.csv"	12	-0.0053579809
10 1 0.40559887 0.012009204 0.212925 0.75929 4.9856956 0.59493374 0.84970648 0.90638906 64 1 7 9 0.11856153 0 1 1 265023 4 0.40559887 0.40559887 0.40559887 0.40559887
"bench_narma10_lag.csv"	14	-0.0053579809
10 1 0.40559887 0.012009204 0.212925 0.75929 4.9856956 0.59493374 0.84970648 0.90638906 64 1 7 9 0.11856153 0 1 1 265023 4 0.40559887 0.40559887 0.40559887 0.40559887
"bench_narma10_lag.csv"	1	-0.0053579809
10 1 0.40559887 0.012009204 0.212925 0.75929 4.9856956 0.59493374 0.84970648 0.90638906 64 1 7 9 0.11856153 0 1 1 265023 4 0.40559887 0.40559887 0.40559887 0.40559887
"bench_narma10_lag.csv"	10	-0.0053579809
10 1 0.40559887 0.012009204 0.212925 0.75929 4.9856956 0.59493374 0.84970648 0.90638906 64 1 7 9 0.11856153 0 1 1 265023 4 0.40559887 0.40559887 0.40559887 0.40559887
"bench_narma10_lag.csv"	9	-0.0059299237
10 1 0.40559887 0.012009204 0.212925 0.75929 4.9856956 0.59493374 0.84970648 0.90638906 64 1 7 9 0.11856153 0 1 1 265023 4 0.40559887 0.40559887 0.40559887 0.40559887
"bench_narma10_lag.csv"	22	-0.0059299237
10 1 0.40559887 0.012009204 0.212925 0.75929 4.9856956 0.59493374 0.84970648 0.90638906 64 1 7 9 0.11856153 0 1 1 265023 4 0.40559887 0.40559887 0.40559887 0.40559887
"bench_narma10_lag.csv"	20	-0.0059299237
10 1 0.40559887 0.012009204 0.212925 0.75929 4.9856956 0.59493374 0.84970648 0.90638906 64 1 7 9 0.11856153 0 1 1 265023 4 0.40559887 0.40559887 0.40559887 0.40559887
"bench_narma10_lag.csv"	21	-0.0059299237
10 1 0.40559887 0.012009204 0.212925 0.75929 4.9856956 0.59493374 0.84970648 0.90638906 64 1 7 9 0.11856153 0 1 1 265023 4 0.40559887 0.40559887 0.40559887 0.40559887
"bench_narma10_lag.csv"	2	-0.0059299237
10 1 0.40559887 0.012009204 0.212925 0.75929 4.9856956 0.59493374 0.84970648 0.90638906 64 1 7 9 0.11856153 0 1 1 265023 4 0.40559887 0.40559887 0.40559887 0.40559887
"bench_narma10_lag.csv"	12	-0.0059299237
10 1 0.40559887 0.012009204 0.212925 0.75929 4.9856956 0.59493374 0.84970648 0.90638906 64 1 7 9 0.11856153 0 1 1 265023 4 0.40559887 0.40559887 0.40559887 0.40559887
"bench_narma10_lag.csv"	14	-0.0059299237
10 1 0.40559887 0.012009204 0.212925 0.75929 4.9856956 0.59493374 0.84970648 0.90638906 64 1 7 9 0.11856153 0 1 1 265023 4 0.40559887 0.40559887 0.40559887 0.40559887
"bench_narma10_lag.csv"	1	-0.0059299237
10 1 0.40559887 0.012009204 0.212925 0.75929 4.9856956 0.59493374 0.84970648 0.90638906 64 1 7 9 0.11856153 0 1 1 265023 4 0.40559887 0.40559887 0.40559887 0.40559887
"bench_narma10_lag.csv"	10	-0.0059299237
10 1 0.40559887 0.012009204 0.212925 0.75929 4.9856956 0.59493374 0.84970648 0.90638906 64 1 7 9 0.11856153 0 1 1 265023 4 0.40559887 0.40559887 0.40559887 0.40559887
"bench_narma10_lag.csv"	9	-0.0053790212
10 1 0.40559887 0.012009204 0.212925 0.75929 4.9856956 0.59493374 0.84970648 0.90638906 64 1 7 9 0.11856153 0 1 1 265023 4 0.40559887 0.40559887 0.40559887 0.40559887
"bench_narma10_lag.csv"	4	3.0746158e-05
10 1 0.40559887 0.012009204 0.212925 0.75929 4.9856956 0.59493374 0.84970648 0.90638906 64 1 7 9 0.11856153 0 1 1 265023 4 0.40559887 0.40559887 0.40559887 0.40559887
"bench_narma10_lag.csv"	22	-0.0053790212
10 1 0.40559887 0.012009204 0.212925 0.75929 4.9856956 0.59493374 0.84970648 0.90638906 64 1 7 9 0.11856153 0 1 1 265023 4 0.40559887 0.40559887 0.40559887 0.40559887
"bench_narma10_lag.csv"	20	0.000119467
10 1 0.40559887 0.012009204 0.212925 0.75929 4.9856956 0.59493374 0.84970648 0.90638906 64 1 7 9 0.11856153 0 1 1 265023 4 0.40559887 0.40559887 0.40559887 0.40559887
"F6.csv"	23	-0.56934857
5 1 -1.4257725 16.049863 -9.244543 6.213892 3.8586008 0.98648013 2.2894205 0.18896224 7 0 0 0 0.078701161 1 1 0 306817.81 4 2.0486102 2.0632352 -4.7634425 -4.8674429
"F6.csv"	23	-0.56934857
5 1 -1.4257725 16.049863 -9.244543 6.213892 3.8586008 0.98648013 2.2894205 0.18896224 7 0 0 0 0.078701161 1 1 0 306817.81 4 2.0486102 2.0632352 -4.7634425 -4.8674429
"F6.csv"	1	-0.56934857
5 1 -1.4257725 16.049863 -9.244543 6.213892 3.8586008 0.98648013 2.2894205 0.18896224 7 0 0 0 0.078701161 1 1 0 306817.81 4 2.0486102 2.0632352 -4.7634425 -4.8674429
"F6.csv"	21	0.0061852894
5 1 -1.4257725 16.049863 -9.244543 6.213892 3.8586008 0.98648013 2.2894205 0.18896224 7 0 0 0 0.078701161 1 1 0 306817.81 4 2.0486102 2.0632352 -4.7634425 -4.8674429
"F6.csv"	12	-0.56934857
5 1 -1.4257725 16.049863 -9.244543 6.213892 3.8586008 0.98648013 2.2894205 0.18896224 7 0 0 0 0.078701161 1 1 0 306817.81 4 2.0486102 2.0632352 -4.7634425 -4.8674429
"F6.csv"	12	-0.15353795
5 1 -1.4257725 16.049863 -9.244543 6.213892 3.8586008 0.98648013 2.2894205 0.18896224 7 0 0 0 0.078701161 1 1 0 306817.81 4 2.0486102 2.0632352 -4.7634425 -4.8674429
"F6.csv"	3	-0.032749598
5 1 -1.4257725 16.049863 -9.244543 6.213892 3.8586008 0.98648013 2.2894205 0.18896224 7 0 0 0 0.078701161 1 1 0 306817.81 4 2.0486102 2.0632352 -4.7634425 -4.8674429
"F6.csv"	23	0.0017335196
5 1 -1.4257725 16.049863 -9.244543 6.213892 3.8586008 0.98648013 2.2894205 0.18896224 7 0 0 0 0.078701161 1 1 0 306817.81 4 2.0486102 2.0632352 -4.7634425 -4.8674429
"F6.csv"	23	0.0017335196
5 1 -1.4257725 16.049863 -9.244543 6.213892 3.8586008 0.98648013 2.2894205 0.18896224 7 0 0 0 0.078701161 1 1 0 306817.81 4 2.0486102 2.0632352 -4.7634425 -4.8674429
"F6.csv"	4	0.0046970928
5 1 -1.4257725 16.049863 -9.244543 6.213892 3.8586008 0.98648013 2.2894205 0.18896224 7 0 0 0 0.078701161 1 1 0 306817.81 4 2.0486102 2.0632352 -4.7634425 -4.8674429
"F6.csv"	1	-0.032749598
5 1 -1.4257725 16.049863 -9.244543 6.213892 3.8586008 0.98648013 2.2894205 0.18896224 7 0 0 0 0.078701161 1 1 0 306817.81 4 2.0486102 2.0632352 -4.7634425 -4.8674429
"F6.csv"	3	0.00073100683
5 1 -1.4257725 16.049863 -9.244543 6.213892 3.8586008 0.98648013 2.2894205 0.18896224 7 0 0 0 0.078701161 1 1 0 306817.81 4 2.0486102 2.0632352 -4.7634425 -4.8674429
"F6.csv"	23	0.004110205
5 1 -1.4257725 16.049863 -9.244543 6.213892 3.8586008 0.98648013 2.2894205 0.18896224 7 0 0 0 0.078701161 1 1 0 306817.81 4 2.0486102 2.0632352 -4.7634425 -4.8674429
"F6.csv"	23	0.004110205
5 1 -1.4257725 16.049863 -9.244543 6.213892 3.8586008 0.98648013 2.2894205 0.18896224 7 0 0 0 0.078701161 1 1 0 306817.81 4 2.0486102 2.0632352 -4.7634425 -4.8674429
"F6.csv"	1	0.0021778568
5 1 -1.4257725 16.049863 -9.244543 6.213892 3.8586008 0.98648013 2.2894205 0.18896224 7 0 0 0 0.078701161 1 1 0 306817.81 4 2.0486102 2.0632352 -4.7634425 -4.8674429
"F6.csv"	21	0.00162779
5 1 -1.4257725 16.049863 -9.244543 6.213892 3.8586008 0.98648013 2.2894205 0.18896224 7 0 0 0 0.078701161 1 1 0 306817.81 4 2.0486102 2.0632352 -4.7634425 -4.8674429
"F6.csv"	12	-0.12942172
5 1 -1.4257725 16.049863 -9.244543 6.213892 3.8586008 0.98648013 2.2894205 0.18896224 7 0 0 0 0.078701161 1 1 0 306817.81 4 2.0486102 2.0632352 -4.7634425 -4.8674429
"F6.csv"	3	0.0027843398
5 1 -1.4257725 16.049863 -9.244543 6.213892 3.8586008 0.98648013 2.2894205 0.18896224 7 0 0 0 0.078701161 1 1 0 306817.81 4 2.0486102 2.0632352 -4.7634425 -4.8674429
"F6.csv"	12	-0.083212589
5 1 -1.4257725 16.049863 -9.244543 6.213892 3.8586008 0.98648013 2.2894205 0.18896224 7 0 0 0 0.078701161 1 1 0 306817.81 4 2.0486102 2.0632352 -4.7634425 -4.8674429
"F6.csv"	3	0.0016929629
5 1 -1.4257725 16.049863 -9.244543 6.213892 3.8586008 0.98648013 2.2894205 0.18896224 7 0 0 0 0.078701161 1 1 0 306817.81 4 2.0486102 2.0632352 -4.7634425 -4.8674429
"F6.csv"	1	0.00036206678
5 1 -1.4257725 16.049863 -9.244543 6.213892 3.8586008 0.98648013 2.2894205 0.18896224 7 0 0 0 0.078701161 1 1 0 306817.81 4 2.0486102 2.0632352 -4.7634425 -4.8674429
"bench_narma10.csv"	2	3.7617448e-05
1 1 0.40559887 0.012009204 0.212925 0.75929 4.9856956 0.0018001668 0.084730337 0.20576709 2 1 0 0 0 0 1 1 3729.48 0
"bench_narma10.csv"	4	5.4721304e-05
1 1 0.40559887 0.012009204 0.212925 0.75929 4.9856956 0.0018001668 0.084730337 0.20576709 2 1 0 0 0 0 1 1 3729.48 0
"bench_narma10.csv"	3	0.00010733778
1 1 0.40559887 0.012009204 0.212925 0.75929 4.9856956 0.0018001668 0.084730337 0.20576709 2 1 0 0 0 0 1 1 3729.48 0
"bench_narma10.csv"	2	0.00035993158
1 1 0.40559887 0.012009204 0.212925 0.75929 4.9856956 0.0018001668 0.084730337 0.20576709 2 1 0 0 0 0 1 1 3729.48 0
"bench_narma10.csv"	12	0.00032145587
1 1 0.40559887 0.012009204 0.212925 0.75929 4.9856956 0.0018001668 0.084730337 0.20576709 2 1 0 0 0 0 1 1 3729.48 0
"bench_narma10.csv"	4	0.00031603496
1 1 0.40559887 0.012009204 0.212925 0.75929 4.9856956 0.0018001668 0.084730337 0.20576709 2 1 0 0 0 0 1 1 3729.48 0
"bench_narma10.csv"	3	0.00022464537
1 1 0.40559887 0.012009204 0.212925 0.75929 4.9856956 0.0018001668 0.084730337 0.20576709 2 1 0 0 0 0 1 1 3729.48 0
"bench_narma10.csv"	2	2.3251361e-05
1 1 0.40559887 0.012009204 0.212925 0.75929 4.9856956 0.0018001668 0.084730337 0.20576709 2 1 0 0 0 0 1 1 3729.48 0
"bench_narma10.csv"	12	0.00047027244
1 1 0.40559887 0.012009204 0.212925 0.75929 4.9856956 0.0018001668 0.084730337 0.20576709 2 1 0 0 0 0 1 1 3729.48 0
"bench_narma10.csv"	14	0.00042352424
1 1 0.40559887 0.012009204 0.212925 0.75929 4.9856956 0.0018001668 0.084730337 0.20576709 2 1 0 0 0 0 1 1 3729.48 0
"bench_narma10.csv"	3	0.0003102731
1 1 0.40559887 0.012009204 0.212925 0.75929 4.9856956 0.0018001668 0.084730337 0.20576709 2 1 0 0 0 0 1 1 3729.48 0
"bench_narma10.csv"	2	8.483348e-05
1 1 0.40559887 0.012009204 0.212925 0.75929 4.9856956 0.0018001668 0.084730337 0.20576709 2 1 0 0 0 0 1 1 3729.48 0
"bench_narma10.csv"	3	3.331122e-05
1 1 0.40559887 0.012009204 0.212925 0.75929 4.9856956 0.0018001668 0.084730337 0.20576709 2 1 0 0 0 0 1 1 3729.48 0
"F7.csv"	12	-15.291421
5 1 -3.8918825 25.960438 -17.933872 6.207017 4.738024 0.94639215 2.2867505 1.1392658 7 0 0 0 0.044928859 0 1 0 1443330.7 4 -0.67274901 -0.3997827 -7.4130195 -6.6672633
"F7.csv"	1	-15.291421
5 1 -3.8918825 25.960438 -17.933872 6.207017 4.738024 0.94639215 2.2867505 1.1392658 7 0 0 0 0.044928859 0 1 0 1443330.7 4 -0.67274901 -0.3997827 -7.4130195 -6.6672633
"F7.csv"	21	-0.44449556
5 1 -3.8918825 25.960438 -17.933872 6.207017 4.738024 0.94639215 2.2867505 1.1392658 7 0 0 0 0.044928859 0 1 0 1443330.7 4 -0.67274901 -0.3997827 -7.4130195 -6.6672633
"F7.csv"	1	-0.44449556
5 1 -3.8918825 25.960438 -17.933872 6.207017 4.738024 0.94639215 2.2867505 1.1392658 7 0 0 0 0.044928859 0 1 0 1443330.7 4 -0.67274901 -0.3997827 -7.4130195 -6.6672633
"F7.csv"	12	-0.44449556
5 1 -3.8918825 25.960438 -17.933872 6.207017 4.738024 0.94639215 2.2867505 1.1392658 7 0 0 0 0.044928859 0 1 0 1443330.7 4 -0.67274901 -0.3997827 -7.4130195 -6.6672633
"F7.csv"	3	-0.09872516
5 1 -3.8918825 25.960438 -17.933872 6.207017 4.738024 0.94639215 2.2867505 1.1392658 7 0 0 0 0.044928859 0 1 0 1443330.7 4 -0.67274901 -0.3997827 -7.4130195 -6.6672633
"F7.csv"	21	-0.09872516
5 1 -3.8918825 25.960438 -17.933872 6.207017 4.738024 0.94639215 2.2867505 1.1392658 7 0 0 0 0.044928859 0 1 0 1443330.7 4 -0.67274901 -0.3997827 -7.4130195 -6.6672633
"F7.csv"	2	-0.09872516
5 1 -3.8918825 25.960438 -17.933872 6.207017 4.738024 0.94639215 2.2867505 1.1392658 7 0 0 0 0.044928859 0 1 0 1443330.7 4 -0.67274901 -0.3997827 -7.4130195 -6.6672633
"F7.csv"	12	-0.09872516
5 1 -3.8918825 25.960438 -17.933872 6.207017 4.738024 0.94639215 2.2867505 1.1392658 7 0 0 0 0.044928859 0 1 0 1443330.7 4 -0.67274901 -0.3997827 -7.4130195 -6.6672633
"F7.csv"	4	-0.09872516
5 1 -3.8918825 25.960438 -17.933872 6.207017 4.738024 0.94639215 2.2867505 1.1392658 7 0 0 0 0.044928859 0 1 0 1443330.7 4 -0.67274901 -0.3997827 -7.4130195 -6.6672633
"F8.csv"	4	1.2172747
5 1 -3.6554518 26.017362 -20 6.429529 5.1815274 0.82879619 2.2502426 0.86595342 8 0 0 0 0.067076862 0 1 0 1568510.5 4 -0.32357004 -0.45941253 -6.9530149 -6.501142
"F8.csv"	21	0.48511724
5 1 -3.6554518 26.017362 -20 6.429529 5.1815274 0.82879619 2.2502426 0.86595342 8 0 0 0 0.067076862 0 1 0 1568510.5 4 -0.32357004 -0.45941253 -6.9530149 -6.501142
"F8.csv"	2	1.5230318
5 1 -3.6554518 26.017362 -20 6.429529 5.1815274 0.82879619 2.2502426 0.86595342 8 0 0 0 0.067076862 0 1 0 1568510.5 4 -0.32357004 -0.45941253 -6.9530149 -6.501142
"F8.csv"	12	-21.596896
5 1 -3.6554518 26.017362 -20 6.429529 5.1815274 0.82879619 2.2502426 0.86595342 8 0 0 0 0.067076862 0 1 0 1568510.5 4 -0.32357004 -0.45941253 -6.9530149 -6.501142
"F8.csv"	1	-21.596896
5 1 -3.6554518 26.017362 -20 6.429529 5.1815274 0.82879619 2.2502426 0.86595342 8 0 0 0 0.067076862 0 1 0 1568510.5 4 -0.32357004 -0.45941253 -6.9530149 -6.501142
"F8.csv"	21	-4.6770839
5 1 -3.6554518 26.017362 -20 6.429529 5.1815274 0.82879619 2.2502426 0.86595342 8 0 0 0 0.067076862 0 1 0 1568510.5 4 -0.32357004 -0.45941253 -6.9530149 -6.501142
"F8.csv"	12	-4.6770839
5 1 -3.6554518 26.017362 -20 6.429529 5.1815274 0.82879619 2.2502426 0.86595342 8 0 0 0 0.067076862 0 1 0 1568510.5 4 -0.32357004 -0.45941253 -6.9530149 -6.501142
"F8.csv"	1	-4.6770839
5 1 -3.6554518 26.017362 -20 6.429529 5.1815274 0.82879619 2.2502426 0.86595342 8 0 0 0 0.067076862 0 1 0 1568510.5 4 -0.32357004 -0.45941253 -6.9530149 -6.501142
"F8.csv"	3	0.13601789
5 1 -3.6554518 26.017362 -20 6.429529 5.1815274 0.82879619 2.2502426 0.86595342 8 0 0 0 0.067076862 0 1 0 1568510.5 4 -0.32357004 -0.45941253 -6.9530149 -6.501142
"F8.csv"	14	0.80883928
5 1 -3.6554518 26.017362 -20 6.429529 5.1815274 0.82879619 2.2502426 0.86595342 8 0 0 0 0.067076862 0 1 0 1568510.5 4 -0.32357004 -0.45941253 -6.9530149 -6.501142
"F8.csv"	8	0.38368103
5 1 -3.6554518 26.017362 -20 6.429529 5.1815274 0.82879619 2.2502426 0.86595342 8 0 0 0 0.067076862 0 1 0 1568510.5 4 -0.32357004 -0.45941253 -6.9530149 -6.501142
"F8.csv"	21	0.25803162
5 1 -3.6554518 26.017362 -20 6.429529 5.1815274 0.82879619 2.2502426 0.86595342 8 0 0 0 0.067076862 0 1 0 1568510.5 4 -0.32357004 -0.45941253 -6.9530149 -6.501142
"F8.csv"	2	0.1745398
5 1 -3.6554518 26.017362 -20 6.429529 5.1815274 0.82879619 2.2502426 0.86595342 8 0 0 0 0.067076862 0 1 0 1568510.5 4 -0.32357004 -0.45941253 -6.9530149 -6.501142
"F8.csv"	12	-3.9609737
5 1 -3.6554518 26.017362 -20 6.429529 5.1815274 0.82879619 2.2502426 0.86595342 8 0 0 0 0.067076862 0 1 0 1568510.5 4 -0.32357004 -0.45941253 -6.9530149 -6.501142
"F8.csv"	4	0.15325472
5 1 -3.6554518 26.017362 -20 6.429529 5.1815274 0.82879619 2.2502426 0.86595342 8 0 0 0 0.067076862 0 1 0 1568510.5 4 -0.32357004 -0.45941253 -6.9530149 -6.501142
"F8.csv"	1	-3.9609737
5 1 -3.6554518 26.017362 -20 6.429529 5.1815274 0.82879619 2.2502426 0.86595342 8 0 0 0 0.067076862 0 1 0 1568510.5 4 -0.32357004 -0.45941253 -6.9530149 -6.501142
"F8.csv"	3	0.16478164
5 1 -3.6554518 26.017362 -20 6.429529 5.1815274 0.82879619 2.2502426 0.86595342 8 0 0 0 0.067076862 0 1 0 1568510.5 4 -0.32357004 -0.45941253 -6.9530149 -6.501142
"F8.csv"	14	0.31587788
5 1 -3.6554518 26.017362 -20 6.429529 5.1815274 0.82879619 2.2502426 0.86595342 8 0 0 0 0.067076862 0 1 0 1568510.5 4 -0.32357004 -0.45941253 -6.9530149 -6.501142
"F8.csv"	8	0.3641508
5 1 -3.6554518 26.017362 -20 6.429529 5.1815274 0.82879619 2.2502426 0.86595342 8 0 0 0 0.067076862 0 1 0 1568510.5 4 -0.32357004 -0.45941253 -6.9530149 -6.501142
"F8.csv"	21	0.17614274
5 1 -3.6554518 26.017362 -20 6.429529 5.1815274 0.82879619 2.2502426 0.86595342 8 0 0 0 0.067076862 0 1 0 1568510.5 4 -0.32357004 -0.45941253 -6.9530149 -6.501142
"F8.csv"	2	0.33911652
5 1 -3.6554518 26.017362 -20 6.429529 5.1815274 0.82879619 2.2502426 0.86595342 8 0 0 0 0.067076862 0 1 0 1568510.5 4 -0.32357004 -0.45941253 -6.9530149 -6.501142
"F8.csv"	12	-3.9609699
5 1 -3.6554518 26.017362 -20 6.429529 5.1815274 0.82879619 2.2502426 0.86595342 8 0 0 0 0.067076862 0 1 0 1568510.5 4 -0.32357004 -0.45941253 -6.9530149 -6.501142
"F8.csv"	4	0.15456675
5 1 -3.6554518 26.017362 -20 6.429529 5.1815274 0.82879619 2.2502426 0.86595342 8 0 0 0 0.067076862 0 1 0 1568510.5 4 -0.32357004 -0.45941253 -6.9530149 -6.501142
"F9.csv"	23	-162.48211
5 1 -6.9466157 52.387307 -20 6.439904 3.6529762 0.82707448 1.8147175 1.666289 11 0 0 0 0.489177 1 1 0 1350669.4 4 0.86558373 -9.0768482 -12.116433 -6.4819588
"F9.csv"	23	-162.48211
5 1 -6.9466157 52.387307 -20 6.439904 3.6529762 0.82707448 1.8147175 1.666289 11 0 0 0 0.489177 1 1 0 1350669.4 4 0.86558373 -9.0768482 -12.116433 -6.4819588
"F9.csv"	1	-162.48211
5 1 -6.9466157 52.387307 -20 6.439904 3.6529762 0.82707448 1.8147175 1.666289 11 0 0 0 0.489177 1 1 0 1350669.4 4 0.86558373 -9.0768482 -12.116433 -6.4819588
"F9.csv"	12	-162.48211
5 1 -6.9466157 52.387307 -20 6.439904 3.6529762 0.82707448 1.8147175 1.666289 11 0 0 0 0.489177 1 1 0 1350669.4 4 0.86558373 -9.0768482 -12.116433 -6.4819588
"F9.csv"	3	0.28856165
5 1 -6.9466157 52.387307 -20 6.439904 3.6529762 0.82707448 1.8147175 1.666289 11 0 0 0 0.489177 1 1 0 1350669.4 4 0.86558373 -9.0768482 -12.116433 -6.4819588
"F9.csv"	1	-7.1961171
5 1 -6.9466157 52.387307 -20 6.439904 3.6529762 0.82707448 1.8147175 1.666289 11 0 0 0 0.489177 1 1 0 1350669.4 4 0.86558373 -9.0768482 -12.116433 -6.4819588
"F9.csv"	1	-6.3361459
5 1 -6.9466157 52.387307 -20 6.439904 3.6529762 0.82707448 1.8147175 1.666289 11 0 0 0 0.489177 1 1 0 1350669.4 4 0.86558373 -9.0768482 -12.116433 -6.4819588
"F9.csv"	8	0.17560922
5 1 -6.9466157 52.387307 -20 6.439904 3.6529762 0.82707448 1.8147175 1.666289 11 0 0 0 0.489177 1 1 0 1350669.4 4 0.86558373 -9.0768482 -12.116433 -6.4819588
"F9.csv"	21	-6.3361459
5 1 -6.9466157 52.387307 -20 6.439904 3.6529762 0.82707448 1.8147175 1.666289 11 0 0 0 0.489177 1 1 0 1350669.4 4 0.86558373 -9.0768482 -12.116433 -6.4819588
"F9.csv"	1	-5.4761522
5 1 -6.9466157 52.387307 -20 6.439904 3.6529762 0.82707448 1.8147175 1.666289 11 0 0 0 0.489177 1 1 0 1350669.4 4 0.86558373 -9.0768482 -12.116433 -6.4819588
"F9.csv"	3	0.083867952
5 1 -6.9466157 52.387307 -20 6.439904 3.6529762 0.82707448 1.8147175 1.666289 11 0 0 0 0.489177 1 1 0 1350669.4 4 0.86558373 -9.0768482 -12.116433 -6.4819588
"F9.csv"	2	0.16519827
5 1 -6.9466157 52.387307 -20 6.439904 3.6529762 0.82707448 1.8147175 1.666289 11 0 0 0 0.489177 1 1 0 1350669.4 4 0.86558373 -9.0768482 -12.116433 -6.4819588
"F9.csv"	4	0.12090139
5 1 -6.9466157 52.387307 -20 6.439904 3.6529762 0.82707448 1.8147175 1.666289 11 0 0 0 0.489177 1 1 0 1350669.4 4 0.86558373 -9.0768482 -12.116433 -6.4819588
"F9.csv"	3	-4.7209589
5 1 -6.9466157 52.387307 -20 6.439904 3.6529762 0.82707448 1.8147175 1.666289 11 0 0 0 0.489177 1 1 0 1350669.4 4 0.86558373 -9.0768482 -12.116433 -6.4819588
"F9.csv"	23	6.4737623
5 1 -6.9466157 52.387307 -20 6.439904 3.6529762 0.82707448 1.8147175 1.666289 11 0 0 0 0.489177 1 1 0 1350669.4 4 0.86558373 -9.0768482 -12.116433 -6.4819588
"F9.csv"	18	-5.6512804
5 1 -6.9466157 52.387307 -20 6.439904 3.6529762 0.82707448 1.8147175 1.666289 11 0 0 0 0.489177 1 1 0 1350669.4 4 0.86558373 -9.0768482 -12.116433 -6.4819588
"F9.csv"	23	6.4737623
5 1 -6.9466157 52.387307 -20 6.439904 3.6529762 0.82707448 1.8147175 1.666289 11 0 0 0 0.489177 1 1 0 1350669.4 4 0.86558373 -9.0768482 -12.116433 -6.4819588
"F9.csv"	21	-5.6512804
5 1 -6.9466157 52.387307 -20 6.439904 3.6529762 0.82707448 1.8147175 1.666289 11 0 0 0 0.489177 1 1 0 1350669.4 4 0.86558373 -9.0768482 -12.116433 -6.4819588
"F9.csv"	3	15.111721
5 1 -6.9466157 52.387307 -20 6.439904 3.6529762 0.82707448 1.8147175 1.666289 11 0 0 0 0.489177 1 1 0 1350669.4 4 0.86558373 -9.0768482 -12.116433 -6.4819588
"F9.csv"	1	-5.6512804
5 1 -6.9466157 52.387307 -20 6.439904 3.6529762 0.82707448 1.8147175 1.666289 11 0 0 0 0.489177 1 1 0 1350669.4 4 0.86558373 -9.0768482 -12.116433 -6.4819588
"F9.csv"	12	-5.6512804
5 1 -6.9466157 52.387307 -20 6.439904 3.6529762 0.82707448 1.8147175 1.666289 11 0 0 0 0.489177 1 1 0 1350669.4 4 0.86558373 -9.0768482 -12.116433 -6.4819588
"F9.csv"	18	-8.2538839
5 1 -6.9466157 52.387307 -20 6.439904 3.6529762 0.82707448 1.8147175 1.666289 11 0 0 0 0.489177 1 1 0 1350669.4 4 0.86558373 -9.0768482 -12.116433 -6.4819588
"F9.csv"	3	-8.2538839
5 1 -6.9466157 52.387307 -20 6.439904 3.6529762 0.82707448 1.8147175 1.666289 11 0 0 0 0.489177 1 1 0 1350669.4 4 0.86558373 -9.0768482 -12.116433 -6.4819588
"F9.csv"	1	-8.2538839
5 1 -6.9466157 52.387307 -20 6.439904 3.6529762 0.82707448 1.8147175 1.666289 11 0 0 0 0.489177 1 1 0 1350669.4 4 0.86558373 -9.0768482 -12.116433 -6.4819588
"F9.csv"	2	-8.2538839
5 1 -6.9466157 52.387307 -20 6.439904 3.6529762 0.82707448 1.8147175 1.666289 11 0 0 0 0.489177 1 1 0 1350669.4 4 0.86558373 -9.0768482 -12.116433 -6.4819588
"F9.csv"	3	-2.3887298
5 1 -6.9466157 52.387307 -20 6.439904 3.6529762 0.82707448 1.8147175 1.666289 11 0 0 0 0.489177 1 1 0 1350669.4 4 0.86558373 -9.0768482 -12.116433 -6.4819588
"F9.csv"	1	-2.3887298
5 1 -6.9466157 52.387307 -20 6.439904 3.6529762 0.82707448 1.8147175 1.666289 11 0 0 0 0.489177 1 1 0 1350669.4 4 0.86558373 -9.0768482 -12.116433 -6.4819588
"F9.csv"	2	0.19791155
5 1 -6.9466157 52.387307 -20 6.439904 3.6529762 0.82707448 1.8147175 1.666289 11 0 0 0 0.489177 1 1 0 1350669.4 4 0.86558373 -9.0768482 -12.116433 -6.4819588
"F9.csv"	4	-2.3887298
5 1 -6.9466157 52.387307 -20 6.439904 3.6529762 0.82707448 1.8147175 1.666289 11 0 0 0 0.489177 1 1 0 1350669.4 4 0.86558373 -9.0768482 -12.116433 -6.4819588
"bench_d2_mod3.csv"	1	0.058268651
1 1 0.072916667 0.68218316 -1 1 2.4214723 0.063190812 0.20738845 0.0030910244 2 0 0 0 0 1 1 0 253.91758 0
"bench_d2_mod3.csv"	12	0.043687951
1 1 0.072916667 0.68218316 -1 1 2.4214723 0.063190812 0.20738845 0.0030910244 2 0 0 0 0 1 1 0 253.91758 0
"bench_d2_mod3.csv"	12	0.03873877
1 1 0.072916667 0.68218316 -1 1 2.4214723 0.063190812 0.20738845 0.0030910244 2 0 0 0 0 1 1 0 253.91758 0
"bench_d3_two_sines.csv"	23	0.010888051
1 1 -0.016240104 0.28703882 -0.9945 0.9975 3.7180824 0.050123654 0.059007946 0.018409106 2 0 0 0 0 1 0 0 6.837766 0
"bench_d3_two_sines.csv"	23	0.010888051
1 1 -0.016240104 0.28703882 -0.9945 0.9975 3.7180824 0.050123654 0.059007946 0.018409106 2 0 0 0 0 1 0 0 6.837766 0
"bench_d3_two_sines.csv"	2	0.0035179403
1 1 -0.016240104 0.28703882 -0.9945 0.9975 3.7180824 0.050123654 0.059007946 0.018409106 2 0 0 0 0 1 0 0 6.837766 0
"bench_d3_two_sines.csv"	12	0.010791278
1 1 -0.016240104 0.28703882 -0.9945 0.9975 3.7180824 0.050123654 0.059007946 0.018409106 2 0 0 0 0 1 0 0 6.837766 0
"bench_d3_two_sines.csv"	4	0.0041166541
1 1 -0.016240104 0.28703882 -0.9945 0.9975 3.7180824 0.050123654 0.059007946 0.018409106 2 0 0 0 0 1 0 0 6.837766 0
"bench_d3_two_sines.csv"	3	0.00075516128
1 1 -0.016240104 0.28703882 -0.9945 0.9975 3.7180824 0.050123654 0.059007946 0.018409106 2 0 0 0 0 1 0 0 6.837766 0
"bench_d3_two_sines.csv"	2	-0.2262803
1 1 -0.016240104 0.28703882 -0.9945 0.9975 3.7180824 0.050123654 0.059007946 0.018409106 2 0 0 0 0 1 0 0 6.837766 0
"bench_d3_two_sines.csv"	4	-0.2262803
1 1 -0.016240104 0.28703882 -0.9945 0.9975 3.7180824 0.050123654 0.059007946 0.018409106 2 0 0 0 0 1 0 0 6.837766 0
"bench_d3_two_sines.csv"	3	-0.2262803
1 1 -0.016240104 0.28703882 -0.9945 0.9975 3.7180824 0.050123654 0.059007946 0.018409106 2 0 0 0 0 1 0 0 6.837766 0
"bench_d3_two_sines.csv"	2	-0.22637373
1 1 -0.016240104 0.28703882 -0.9945 0.9975 3.7180824 0.050123654 0.059007946 0.018409106 2 0 0 0 0 1 0 0 6.837766 0
"bench_d3_two_sines.csv"	4	-0.22637373
1 1 -0.016240104 0.28703882 -0.9945 0.9975 3.7180824 0.050123654 0.059007946 0.018409106 2 0 0 0 0 1 0 0 6.837766 0
"bench_d3_two_sines.csv"	3	-0.22637373
1 1 -0.016240104 0.28703882 -0.9945 0.9975 3.7180824 0.050123654 0.059007946 0.018409106 2 0 0 0 0 1 0 0 6.837766 0
"bench_d3_two_sines.csv"	2	-0.226306
1 1 -0.016240104 0.28703882 -0.9945 0.9975 3.7180824 0.050123654 0.059007946 0.018409106 2 0 0 0 0 1 0 0 6.837766 0
"bench_d3_two_sines.csv"	4	-0.226306
1 1 -0.016240104 0.28703882 -0.9945 0.9975 3.7180824 0.050123654 0.059007946 0.018409106 2 0 0 0 0 1 0 0 6.837766 0
"bench_d3_two_sines.csv"	3	-0.226306
1 1 -0.016240104 0.28703882 -0.9945 0.9975 3.7180824 0.050123654 0.059007946 0.018409106 2 0 0 0 0 1 0 0 6.837766 0
"bench_d3_two_sines.csv"	2	-0.22614915
1 1 -0.016240104 0.28703882 -0.9945 0.9975 3.7180824 0.050123654 0.059007946 0.018409106 2 0 0 0 0 1 0 0 6.837766 0
"bench_d3_two_sines.csv"	4	-0.22614915
1 1 -0.016240104 0.28703882 -0.9945 0.9975 3.7180824 0.050123654 0.059007946 0.018409106 2 0 0 0 0 1 0 0 6.837766 0
"bench_d3_two_sines.csv"	3	-0.22614915
1 1 -0.016240104 0.28703882 -0.9945 0.9975 3.7180824 0.050123654 0.059007946 0.018409106 2 0 0 0 0 1 0 0 6.837766 0
"bench_d3_two_sines.csv"	2	-0.22232988
1 1 -0.016240104 0.28703882 -0.9945 0.9975 3.7180824 0.050123654 0.059007946 0.018409106 2 0 0 0 0 1 0 0 6.837766 0
"bench_d3_two_sines.csv"	4	-0.22232988
1 1 -0.016240104 0.28703882 -0.9945 0.9975 3.7180824 0.050123654 0.059007946 0.018409106 2 0 0 0 0 1 0 0 6.837766 0
"bench_d3_two_sines.csv"	3	-0.22232988
1 1 -0.016240104 0.28703882 -0.9945 0.9975 3.7180824 0.050123654 0.059007946 0.018409106 2 0 0 0 0 1 0 0 6.837766 0
"bench_d3_two_sines.csv"	2	-0.22179517
1 1 -0.016240104 0.28703882 -0.9945 0.9975 3.7180824 0.050123654 0.059007946 0.018409106 2 0 0 0 0 1 0 0 6.837766 0
"bench_d3_two_sines.csv"	4	-0.22179517
1 1 -0.016240104 0.28703882 -0.9945 0.9975 3.7180824 0.050123654 0.059007946 0.018409106 2 0 0 0 0 1 0 0 6.837766 0
"bench_d3_two_sines.csv"	3	-0.22179517
1 1 -0.016240104 0.28703882 -0.9945 0.9975 3.7180824 0.050123654 0.059007946 0.018409106 2 0 0 0 0 1 0 0 6.837766 0
"bench_d3_two_sines.csv"	2	-0.2212053
1 1 -0.016240104 0.28703882 -0.9945 0.9975 3.7180824 0.050123654 0.059007946 0.018409106 2 0 0 0 0 1 0 0 6.837766 0
"bench_d3_two_sines.csv"	4	-0.2212053
1 1 -0.016240104 0.28703882 -0.9945 0.9975 3.7180824 0.050123654 0.059007946 0.018409106 2 0 0 0 0 1 0 0 6.837766 0
"bench_d3_two_sines.csv"	3	-0.2212053
1 1 -0.016240104 0.28703882 -0.9945 0.9975 3.7180824 0.050123654 0.059007946 0.018409106 2 0 0 0 0 1 0 0 6.837766 0
"bench_d3_two_sines.csv"	2	-0.22196689
1 1 -0.016240104 0.28703882 -0.9945 0.9975 3.7180824 0.050123654 0.059007946 0.018409106 2 0 0 0 0 1 0 0 6.837766 0
"bench_d3_two_sines.csv"	4	-0.22196689
1 1 -0.016240104 0.28703882 -0.9945 0.9975 3.7180824 0.050123654 0.059007946 0.018409106 2 0 0 0 0 1 0 0 6.837766 0
"bench_d3_two_sines.csv"	3	-0.22196689
1 1 -0.016240104 0.28703882 -0.9945 0.9975 3.7180824 0.050123654 0.059007946 0.018409106 2 0 0 0 0 1 0 0 6.837766 0
"bench_d3_two_sines.csv"	2	-0.22135351
1 1 -0.016240104 0.28703882 -0.9945 0.9975 3.7180824 0.050123654 0.059007946 0.018409106 2 0 0 0 0 1 0 0 6.837766 0
"bench_d3_two_sines.csv"	4	-0.22135351
1 1 -0.016240104 0.28703882 -0.9945 0.9975 3.7180824 0.050123654 0.059007946 0.018409106 2 0 0 0 0 1 0 0 6.837766 0
"bench_d3_two_sines.csv"	3	-0.22135351
1 1 -0.016240104 0.28703882 -0.9945 0.9975 3.7180824 0.050123654 0.059007946 0.018409106 2 0 0 0 0 1 0 0 6.837766 0
"bench_d3_two_sines.csv"	2	-0.22190991
1 1 -0.016240104 0.28703882 -0.9945 0.9975 3.7180824 0.050123654 0.059007946 0.018409106 2 0 0 0 0 1 0 0 6.837766 0
"bench_d3_two_sines.csv"	4	-0.22190991
1 1 -0.016240104 0.28703882 -0.9945 0.9975 3.7180824 0.050123654 0.059007946 0.018409106 2 0 0 0 0 1 0 0 6.837766 0
"bench_d3_two_sines.csv"	3	-0.22190991
1 1 -0.016240104 0.28703882 -0.9945 0.9975 3.7180824 0.050123654 0.059007946 0.018409106 2 0 0 0 0 1 0 0 6.837766 0
"bench_d3_two_sines.csv"	2	-0.22210427
1 1 -0.016240104 0.28703882 -0.9945 0.9975 3.7180824 0.050123654 0.059007946 0.018409106 2 0 0 0 0 1 0 0 6.837766 0
"bench_d3_two_sines.csv"	4	-0.22210427
1 1 -0.016240104 0.28703882 -0.9945 0.9975 3.7180824 0.050123654 0.059007946 0.018409106 2 0 0 0 0 1 0 0 6.837766 0
"bench_d3_two_sines.csv"	3	-0.22210427
1 1 -0.016240104 0.28703882 -0.9945 0.9975 3.7180824 0.050123654 0.059007946 0.018409106 2 0 0 0 0 1 0 0 6.837766 0
"bench_d3_two_sines.csv"	2	-0.22132936
1 1 -0.016240104 0.28703882 -0.9945 0.9975 3.7180824 0.050123654 0.059007946 0.018409106 2 0 0 0 0 1 0 0 6.837766 0
"bench_d3_two_sines.csv"	4	-0.22132936
1 1 -0.016240104 0.28703882 -0.9945 0.9975 3.7180824 0.050123654 0.059007946 0.018409106 2 0 0 0 0 1 0 0 6.837766 0
"bench_d3_two_sines.csv"	3	-0.22132936
1 1 -0.016240104 0.28703882 -0.9945 0.9975 3.7180824 0.050123654 0.059007946 0.018409106 2 0 0 0 0 1 0 0 6.837766 0
"bench_d3_two_sines.csv"	2	-0.22173154
1 1 -0.016240104 0.28703882 -0.9945 0.9975 3.7180824 0.050123654 0.059007946 0.018409106 2 0 0 0 0 1 0 0 6.837766 0
"bench_d3_two_sines.csv"	4	-0.22173154
1 1 -0.016240104 0.28703882 -0.9945 0.9975 3.7180824 0.050123654 0.059007946 0.018409106 2 0 0 0 0 1 0 0 6.837766 0
"bench_d3_two_sines.csv"	3	-0.22173154
1 1 -0.016240104 0.28703882 -0.9945 0.9975 3.7180824 0.050123654 0.059007946 0.018409106 2 0 0 0 0 1 0 0 6.837766 0
"bench_d3_two_sines.csv"	2	-0.22186092
1 1 -0.016240104 0.28703882 -0.9945 0.9975 3.7180824 0.050123654 0.059007946 0.018409106 2 0 0 0 0 1 0 0 6.837766 0
"bench_d3_two_sines.csv"	4	-0.22186092
1 1 -0.016240104 0.28703882 -0.9945 0.9975 3.7180824 0.050123654 0.059007946 0.018409106 2 0 0 0 0 1 0 0 6.837766 0
"bench_d3_two_sines.csv"	3	-0.22186092
1 1 -0.016240104 0.28703882 -0.9945 0.9975 3.7180824 0.050123654 0.059007946 0.018409106 2 0 0 0 0 1 0 0 6.837766 0
"bench_d3_two_sines.csv"	2	-0.22139647
1 1 -0.016240104 0.28703882 -0.9945 0.9975 3.7180824 0.050123654 0.059007946 0.018409106 2 0 0 0 0 1 0 0 6.837766 0
"bench_d3_two_sines.csv"	4	-0.22139647
1 1 -0.016240104 0.28703882 -0.9945 0.9975 3.7180824 0.050123654 0.059007946 0.018409106 2 0 0 0 0 1 0 0 6.837766 0
"bench_d3_two_sines.csv"	3	-0.22139647
1 1 -0.016240104 0.28703882 -0.9945 0.9975 3.7180824 0.050123654 0.059007946 0.018409106 2 0 0 0 0 1 0 0 6.837766 0
"bench_d3_two_sines.csv"	2	-0.22213819
1 1 -0.016240104 0.28703882 -0.9945 0.9975 3.7180824 0.050123654 0.059007946 0.018409106 2 0 0 0 0 1 0 0 6.837766 0
"bench_d3_two_sines.csv"	4	-0.22213819
1 1 -0.016240104 0.28703882 -0.9945 0.9975 3.7180824 0.050123654 0.059007946 0.018409106 2 0 0 0 0 1 0 0 6.837766 0
"bench_d3_two_sines.csv"	3	-0.22213819
1 1 -0.016240104 0.28703882 -0.9945 0.9975 3.7180824 0.050123654 0.059007946 0.018409106 2 0 0 0 0 1 0 0 6.837766 0
"bench_d3_two_sines.csv"	2	-0.22152606
1 1 -0.016240104 0.28703882 -0.9945 0.9975 3.7180824 0.050123654 0.059007946 0.018409106 2 0 0 0 0 1 0 0 6.837766 0
"bench_d3_two_sines.csv"	4	-0.22152606
1 1 -0.016240104 0.28703882 -0.9945 0.9975 3.7180824 0.050123654 0.059007946 0.018409106 2 0 0 0 0 1 0 0 6.837766 0
"bench_d3_two_sines.csv"	3	-0.22152606
1 1 -0.016240104 0.28703882 -0.9945 0.9975 3.7180824 0.050123654 0.059007946 0.018409106 2 0 0 0 0 1 0 0 6.837766 0
"bench_d3_two_sines.csv"	2	-0.22273225
1 1 -0.016240104 0.28703882 -0.9945 0.9975 3.7180824 0.050123654 0.059007946 0.018409106 2 0 0 0 0 1 0 0 6.837766 0
"bench_d3_two_sines.csv"	4	-0.22273225
1 1 -0.016240104 0.28703882 -0.9945 0.9975 3.7180824 0.050123654 0.059007946 0.018409106 2 0 0 0 0 1 0 0 6.837766 0
"bench_d3_two_sines.csv"	3	-0.22273225
1 1 -0.016240104 0.28703882 -0.9945 0.9975 3.7180824 0.050123654 0.059007946 0.018409106 2 0 0 0 0 1 0 0 6.837766 0
"bench_d3_two_sines.csv"	2	-0.22174597
1 1 -0.016240104 0.28703882 -0.9945 0.9975 3.7180824 0.050123654 0.059007946 0.018409106 2 0 0 0 0 1 0 0 6.837766 0
"bench_d3_two_sines.csv"	4	-0.22174597
1 1 -0.016240104 0.28703882 -0.9945 0.9975 3.7180824 0.050123654 0.059007946 0.018409106 2 0 0 0 0 1 0 0 6.837766 0
"bench_d3_two_sines.csv"	3	-0.22174597
1 1 -0.016240104 0.28703882 -0.9945 0.9975 3.7180824 0.050123654 0.059007946 0.018409106 2 0 0 0 0 1 0 0 6.837766 0
"bench_d3_two_sines.csv"	2	-0.2208405
1 1 -0.016240104 0.28703882 -0.9945 0.9975 3.7180824 0.050123654 0.059007946 0.018409106 2 0 0 0 0 1 0 0 6.837766 0
"bench_d3_two_sines.csv"	4	-0.2208405
1 1 -0.016240104 0.28703882 -0.9945 0.9975 3.7180824 0.050123654 0.059007946 0.018409106 2 0 0 0 0 1 0 0 6.837766 0
"bench_d3_two_sines.csv"	3	-0.2208405
1 1 -0.016240104 0.28703882 -0.9945 0.9975 3.7180824 0.050123654 0.059007946 0.018409106 2 0 0 0 0 1 0 0 6.837766 0
"bench_d3_two_sines.csv"	2	-0.22256987
1 1 -0.016240104 0.28703882 -0.9945 0.9975 3.7180824 0.050123654 0.059007946 0.018409106 2 0 0 0 0 1 0 0 6.837766 0
"bench_d3_two_sines.csv"	4	-0.22256987
1 1 -0.016240104 0.28703882 -0.9945 0.9975 3.7180824 0.050123654 0.059007946 0.018409106 2 0 0 0 0 1 0 0 6.837766 0
"bench_d3_two_sines.csv"	3	-0.22256987
1 1 -0.016240104 0.28703882 -0.9945 0.9975 3.7180824 0.050123654 0.059007946 0.018409106 2 0 0 0 0 1 0 0 6.837766 0
"bench_d3_two_sines.csv"	2	-0.22179453
1 1 -0.016240104 0.28703882 -0.9945 0.9975 3.7180824 0.050123654 0.059007946 0.018409106 2 0 0 0 0 1 0 0 6.837766 0
"bench_d3_two_sines.csv"	4	-0.22179453
1 1 -0.016240104 0.28703882 -0.9945 0.9975 3.7180824 0.050123654 0.059007946 0.018409106 2 0 0 0 0 1 0 0 6.837766 0
"bench_d3_two_sines.csv"	3	-0.22179453
1 1 -0.016240104 0.28703882 -0.9945 0.9975 3.7180824 0.050123654 0.059007946 0.018409106 2 0 0 0 0 1 0 0 6.837766 0
"bench_d3_two_sines.csv"	2	-0.2201856
1 1 -0.016240104 0.28703882 -0.9945 0.9975 3.7180824 0.050123654 0.059007946 0.018409106 2 0 0 0 0 1 0 0 6.837766 0
"bench_d3_two_sines.csv"	4	-0.2201856
1 1 -0.016240104 0.28703882 -0.9945 0.9975 3.7180824 0.050123654 0.059007946 0.018409106 2 0 0 0 0 1 0 0 6.837766 0
"bench_d3_two_sines.csv"	3	-0.2201856
1 1 -0.016240104 0.28703882 -0.9945 0.9975 3.7180824 0.050123654 0.059007946 0.018409106 2 0 0 0 0 1 0 0 6.837766 0
"bench_d3_two_sines.csv"	2	-0.2217225
1 1 -0.016240104 0.28703882 -0.9945 0.9975 3.7180824 0.050123654 0.059007946 0.018409106 2 0 0 0 0 1 0 0 6.837766 0
"bench_d3_two_sines.csv"	4	-0.2217225
1 1 -0.016240104 0.28703882 -0.9945 0.9975 3.7180824 0.050123654 0.059007946 0.018409106 2 0 0 0 0 1 0 0 6.837766 0
"bench_d3_two_sines.csv"	3	-0.2217225
1 1 -0.016240104 0.28703882 -0.9945 0.9975 3.7180824 0.050123654 0.059007946 0.018409106 2 0 0 0 0 1 0 0 6.837766 0
"bench_d3_two_sines.csv"	2	-0.2221928
1 1 -0.016240104 0.28703882 -0.9945 0.9975 3.7180824 0.050123654 0.059007946 0.018409106 2 0 0 0 0 1 0 0 6.837766 0
"bench_d3_two_sines.csv"	4	-0.2221928
1 1 -0.016240104 0.28703882 -0.9945 0.9975 3.7180824 0.050123654 0.059007946 0.018409106 2 0 0 0 0 1 0 0 6.837766 0
"bench_d3_two_sines.csv"	3	-0.2221928
1 1 -0.016240104 0.28703882 -0.9945 0.9975 3.7180824 0.050123654 0.059007946 0.018409106 2 0 0 0 0 1 0 0 6.837766 0
"bench_d3_two_sines.csv"	2	-0.22233461
1 1 -0.016240104 0.28703882 -0.9945 0.9975 3.7180824 0.050123654 0.059007946 0.018409106 2 0 0 0 0 1 0 0 6.837766 0
"bench_d3_two_sines.csv"	4	-0.22233461
1 1 -0.016240104 0.28703882 -0.9945 0.9975 3.7180824 0.050123654 0.059007946 0.018409106 2 0 0 0 0 1 0 0 6.837766 0
"bench_d3_two_sines.csv"	3	-0.22233461
1 1 -0.016240104 0.28703882 -0.9945 0.9975 3.7180824 0.050123654 0.059007946 0.018409106 2 0 0 0 0 1 0 0 6.837766 0
"bench_d3_two_sines.csv"	2	-0.22242372
1 1 -0.016240104 0.28703882 -0.9945 0.9975 3.7180824 0.050123654 0.059007946 0.018409106 2 0 0 0 0 1 0 0 6.837766 0
"bench_d3_two_sines.csv"	4	-0.22242372
1 1 -0.016240104 0.28703882 -0.9945 0.9975 3.7180824 0.050123654 0.059007946 0.018409106 2 0 0 0 0 1 0 0 6.837766 0
"bench_d3_two_sines.csv"	3	-0.22242372
1 1 -0.016240104 0.28703882 -0.9945 0.9975 3.7180824 0.050123654 0.059007946 0.018409106 2 0 0 0 0 1 0 0 6.837766 0
"bench_d3_two_sines.csv"	2	-0.22209569
1 1 -0.016240104 0.28703882 -0.9945 0.9975 3.7180824 0.050123654 0.059007946 0.018409106 2 0 0 0 0 1 0 0 6.837766 0
"bench_d3_two_sines.csv"	4	-0.22209569
1 1 -0.016240104 0.28703882 -0.9945 0.9975 3.7180824 0.050123654 0.059007946 0.018409106 2 0 0 0 0 1 0 0 6.837766 0
"bench_d3_two_sines.csv"	3	-0.22209569
1 1 -0.016240104 0.28703882 -0.9945 0.9975 3.7180824 0.050123654 0.059007946 0.018409106 2 0 0 0 0 1 0 0 6.837766 0
"bench_d3_two_sines.csv"	2	-0.22254845
1 1 -0.016240104 0.28703882 -0.9945 0.9975 3.7180824 0.050123654 0.059007946 0.018409106 2 0 0 0 0 1 0 0 6.837766 0
"bench_d3_two_sines.csv"	4	-0.22254845
1 1 -0.016240104 0.28703882 -0.9945 0.9975 3.7180824 0.050123654 0.059007946 0.018409106 2 0 0 0 0 1 0 0 6.837766 0
"bench_d3_two_sines.csv"	3	-0.22254845
1 1 -0.016240104 0.28703882 -0.9945 0.9975 3.7180824 0.050123654 0.059007946 0.018409106 2 0 0 0 0 1 0 0 6.837766 0
"bench_d3_two_sines.csv"	2	-0.2222273
1 1 -0.016240104 0.28703882 -0.9945 0.9975 3.7180824 0.050123654 0.059007946 0.018409106 2 0 0 0 0 1 0 0 6.837766 0
"bench_d3_two_sines.csv"	4	-0.2222273
1 1 -0.016240104 0.28703882 -0.9945 0.9975 3.7180824 0.050123654 0.059007946 0.018409106 2 0 0 0 0 1 0 0 6.837766 0
"bench_d3_two_sines.csv"	3	-0.2222273
1 1 -0.016240104 0.28703882 -0.9945 0.9975 3.7180824 0.050123654 0.059007946 0.018409106 2 0 0 0 0 1 0 0 6.837766 0
"bench_d7_multiout.csv"	1	-0.081309184
1 1 -0.014156875 0.34220909 -0.9989 0.9986 3.4146093 1 1 0 0 0 0 0 0 1 0 0 1 0
"bench_d7_multiout.csv"	12	-0.081309184
1 1 -0.014156875 0.34220909 -0.9989 0.9986 3.4146093 1 1 0 0 0 0 0 0 1 0 0 1 0
"bench_d7_multiout.csv"	21	0.0030032236
1 1 -0.014156875 0.34220909 -0.9989 0.9986 3.4146093 1 1 0 0 0 0 0 0 1 0 0 1 0
"bench_d7_multiout.csv"	3	-0.080767714
1 1 -0.013864375 0.27874218 -0.8409 0.8407 3.1850874 0.99780023 0.90157662 0.0059597746 2 0 0 0 0 1 0 0 1.0714286 0
"bench_d7_multiout.csv"	1	-0.080767714
1 1 -0.013864375 0.27874218 -0.8409 0.8407 3.1850874 0.99780023 0.90157662 0.0059597746 2 0 0 0 0 1 0 0 1.0714286 0
"bench_d7_multiout.csv"	4	1.0670076e-05
1 1 -0.013864375 0.27874218 -0.8409 0.8407 3.1850874 0.99780023 0.90157662 0.0059597746 2 0 0 0 0 1 0 0 1.0714286 0
"bench_d7_multiout.csv"	12	-0.080767714
1 1 -0.013864375 0.27874218 -0.8409 0.8407 3.1850874 0.99780023 0.90157662 0.0059597746 2 0 0 0 0 1 0 0 1.0714286 0
"bench_d7_multiout.csv"	21	6.0989945e-05
1 1 -0.013864375 0.27874218 -0.8409 0.8407 3.1850874 0.99780023 0.90157662 0.0059597746 2 0 0 0 0 1 0 0 1.0714286 0
"bench_d7_multiout.csv"	2	2.1952581e-05
1 1 -0.013864375 0.27874218 -0.8409 0.8407 3.1850874 0.99780023 0.90157662 0.0059597746 2 0 0 0 0 1 0 0 1.0714286 0
"bench_d7_multiout.csv"	3	-0.0807448
1 1 0.34241437 0.092526997 0 0.9977 3.2799388 0.99999998 3.1214461e-06 1.0000211 2 1 0 0 0 1 0 1 2 0
"bench_d7_multiout.csv"	3	0.00027525161
1 1 -0.014156875 0.34220909 -0.9989 0.9986 3.4146093 1 1 0 0 0 0 0 0 1 0 0 1 0
"bench_d7_multiout.csv"	1	-0.080978111
1 1 -0.014156875 0.34220909 -0.9989 0.9986 3.4146093 1 1 0 0 0 0 0 0 1 0 0 1 0
"bench_d7_multiout.csv"	2	0.0066883447
1 1 -0.014156875 0.34220909 -0.9989 0.9986 3.4146093 1 1 0 0 0 0 0 0 1 0 0 1 0
"bench_d7_multiout.csv"	3	1.5952324e-05
1 1 -0.014156875 0.34220909 -0.9989 0.9986 3.4146093 1 1 0 0 0 0 0 0 1 0 0 1 0
"bench_d7_multiout.csv"	1	0.0028547773
1 1 -0.014156875 0.34220909 -0.9989 0.9986 3.4146093 1 1 0 0 0 0 0 0 1 0 0 1 0
"bench_d7_multiout.csv"	4	4.3364302e-05
1 1 -0.014156875 0.34220909 -0.9989 0.9986 3.4146093 1 1 0 0 0 0 0 0 1 0 0 1 0
"bench_d7_multiout.csv"	12	-0.080739184
1 1 -0.014156875 0.34220909 -0.9989 0.9986 3.4146093 1 1 0 0 0 0 0 0 1 0 0 1 0
"bench_d7_multiout.csv"	21	0.00012153057
1 1 -0.014156875 0.34220909 -0.9989 0.9986 3.4146093 1 1 0 0 0 0 0 0 1 0 0 1 0
"bench_d7_multiout.csv"	2	7.6625063e-05
1 1 -0.014156875 0.34220909 -0.9989 0.9986 3.4146093 1 1 0 0 0 0 0 0 1 0 0 1 0
"bench_d7_multiout.csv"	3	0.0023923426
1 1 -0.014156875 0.34220909 -0.9989 0.9986 3.4146093 1 1 0 0 0 0 0 0 1 0 0 1 0
"bench_d7_multiout.csv"	1	0.00064380705
1 1 -0.014156875 0.34220909 -0.9989 0.9986 3.4146093 1 1 0 0 0 0 0 0 1 0 0 1 0
"bench_t21_three_region.csv"	1	-0.056921319
1 1 -0.090277778 0.60990548 -1 1 2.560936 0.88482661 0.72766943 0.031415412 2 0 0 0 0 1 1 0 45.334863 0
"bench_t21_three_region.csv"	12	-0.056921319
1 1 -0.090277778 0.60990548 -1 1 2.560936 0.88482661 0.72766943 0.031415412 2 0 0 0 0 1 1 0 45.334863 0
"bench_t21_three_region.csv"	1	-0.056349231
1 1 -0.090277778 0.60990548 -1 1 2.560936 0.88482661 0.72766943 0.031415412 2 0 0 0 0 1 1 0 45.334863 0
"bench_t21_three_region.csv"	3	0.00018215232
1 1 -0.090277778 0.60990548 -1 1 2.560936 0.88482661 0.72766943 0.031415412 2 0 0 0 0 1 1 0 45.334863 0
"bench_t21_three_region.csv"	12	-0.056349231
1 1 -0.090277778 0.60990548 -1 1 2.560936 0.88482661 0.72766943 0.031415412 2 0 0 0 0 1 1 0 45.334863 0
"bench_t21_three_region.csv"	2	0.00040317224
1 1 -0.090277778 0.60990548 -1 1 2.560936 0.88482661 0.72766943 0.031415412 2 0 0 0 0 1 1 0 45.334863 0
"bench_t21_three_region.csv"	4	0.00035160966
1 1 -0.090277778 0.60990548 -1 1 2.560936 0.88482661 0.72766943 0.031415412 2 0 0 0 0 1 1 0 45.334863 0
"bench_t21_three_region.csv"	1	-0.056637003
1 1 -0.090277778 0.60990548 -1 1 2.560936 0.88482661 0.72766943 0.031415412 2 0 0 0 0 1 1 0 45.334863 0
"bench_t21_three_region.csv"	12	-0.056637003
1 1 -0.090277778 0.60990548 -1 1 2.560936 0.88482661 0.72766943 0.031415412 2 0 0 0 0 1 1 0 45.334863 0
"bench_t21_three_region.csv"	2	7.4103359e-05
1 1 -0.090277778 0.60990548 -1 1 2.560936 0.88482661 0.72766943 0.031415412 2 0 0 0 0 1 1 0 45.334863 0
"bench_t21_three_region.csv"	4	0.00012787764
1 1 -0.090277778 0.60990548 -1 1 2.560936 0.88482661 0.72766943 0.031415412 2 0 0 0 0 1 1 0 45.334863 0
"bench_t21_three_region.csv"	1	-0.041845397
1 1 -0.090277778 0.60990548 -1 1 2.560936 0.88482661 0.72766943 0.031415412 2 0 0 0 0 1 1 0 45.334863 0
"bench_t21_three_region.csv"	3	-0.041845397
1 1 -0.090277778 0.60990548 -1 1 2.560936 0.88482661 0.72766943 0.031415412 2 0 0 0 0 1 1 0 45.334863 0
"bench_t21_three_region.csv"	23	-0.041845397
1 1 -0.090277778 0.60990548 -1 1 2.560936 0.88482661 0.72766943 0.031415412 2 0 0 0 0 1 1 0 45.334863 0
"bench_t21_three_region.csv"	23	-0.041845397
1 1 -0.090277778 0.60990548 -1 1 2.560936 0.88482661 0.72766943 0.031415412 2 0 0 0 0 1 1 0 45.334863 0
"bench_t21_three_region.csv"	2	-0.041845397
1 1 -0.090277778 0.60990548 -1 1 2.560936 0.88482661 0.72766943 0.031415412 2 0 0 0 0 1 1 0 45.334863 0
"bench_t21_three_region.csv"	4	-0.041845397
1 1 -0.090277778 0.60990548 -1 1 2.560936 0.88482661 0.72766943 0.031415412 2 0 0 0 0 1 1 0 45.334863 0
"bench_t21_three_region.csv"	1	-0.041309608
1 1 -0.090277778 0.60990548 -1 1 2.560936 0.88482661 0.72766943 0.031415412 2 0 0 0 0 1 1 0 45.334863 0
"bench_t21_three_region.csv"	3	-0.041309608
1 1 -0.090277778 0.60990548 -1 1 2.560936 0.88482661 0.72766943 0.031415412 2 0 0 0 0 1 1 0 45.334863 0
"bench_t21_three_region.csv"	23	-0.041309608
1 1 -0.090277778 0.60990548 -1 1 2.560936 0.88482661 0.72766943 0.031415412 2 0 0 0 0 1 1 0 45.334863 0
"bench_t21_three_region.csv"	23	-0.041309608
1 1 -0.090277778 0.60990548 -1 1 2.560936 0.88482661 0.72766943 0.031415412 2 0 0 0 0 1 1 0 45.334863 0
"bench_t21_three_region.csv"	2	-0.041309608
1 1 -0.090277778 0.60990548 -1 1 2.560936 0.88482661 0.72766943 0.031415412 2 0 0 0 0 1 1 0 45.334863 0
"bench_t21_three_region.csv"	4	-0.041309608
1 1 -0.090277778 0.60990548 -1 1 2.560936 0.88482661 0.72766943 0.031415412 2 0 0 0 0 1 1 0 45.334863 0
"bench_t21_three_region.csv"	1	-0.041070206
1 1 -0.090277778 0.60990548 -1 1 2.560936 0.88482661 0.72766943 0.031415412 2 0 0 0 0 1 1 0 45.334863 0
"bench_t21_three_region.csv"	3	-0.041070206
1 1 -0.090277778 0.60990548 -1 1 2.560936 0.88482661 0.72766943 0.031415412 2 0 0 0 0 1 1 0 45.334863 0
"bench_t21_three_region.csv"	23	-0.041070206
1 1 -0.090277778 0.60990548 -1 1 2.560936 0.88482661 0.72766943 0.031415412 2 0 0 0 0 1 1 0 45.334863 0
"bench_t21_three_region.csv"	23	-0.041070206
1 1 -0.090277778 0.60990548 -1 1 2.560936 0.88482661 0.72766943 0.031415412 2 0 0 0 0 1 1 0 45.334863 0
"bench_t21_three_region.csv"	2	-0.041070206
1 1 -0.090277778 0.60990548 -1 1 2.560936 0.88482661 0.72766943 0.031415412 2 0 0 0 0 1 1 0 45.334863 0
"bench_t21_three_region.csv"	4	-0.041070206
1 1 -0.090277778 0.60990548 -1 1 2.560936 0.88482661 0.72766943 0.031415412 2 0 0 0 0 1 1 0 45.334863 0
"bench_t21_three_region.csv"	1	-0.04125332
1 1 -0.090277778 0.60990548 -1 1 2.560936 0.88482661 0.72766943 0.031415412 2 0 0 0 0 1 1 0 45.334863 0
"bench_t21_three_region.csv"	3	-0.04125332
1 1 -0.090277778 0.60990548 -1 1 2.560936 0.88482661 0.72766943 0.031415412 2 0 0 0 0 1 1 0 45.334863 0
"bench_t21_three_region.csv"	23	-0.04125332
1 1 -0.090277778 0.60990548 -1 1 2.560936 0.88482661 0.72766943 0.031415412 2 0 0 0 0 1 1 0 45.334863 0
"bench_t21_three_region.csv"	23	-0.04125332
1 1 -0.090277778 0.60990548 -1 1 2.560936 0.88482661 0.72766943 0.031415412 2 0 0 0 0 1 1 0 45.334863 0
"bench_t21_three_region.csv"	2	-0.04125332
1 1 -0.090277778 0.60990548 -1 1 2.560936 0.88482661 0.72766943 0.031415412 2 0 0 0 0 1 1 0 45.334863 0
"bench_t21_three_region.csv"	4	-0.04125332
1 1 -0.090277778 0.60990548 -1 1 2.560936 0.88482661 0.72766943 0.031415412 2 0 0 0 0 1 1 0 45.334863 0
"bench_t21_three_region.csv"	1	-0.044466617
1 1 -0.090277778 0.60990548 -1 1 2.560936 0.88482661 0.72766943 0.031415412 2 0 0 0 0 1 1 0 45.334863 0
"bench_t21_three_region.csv"	3	-0.044466617
1 1 -0.090277778 0.60990548 -1 1 2.560936 0.88482661 0.72766943 0.031415412 2 0 0 0 0 1 1 0 45.334863 0
"bench_t21_three_region.csv"	23	-0.044466617
1 1 -0.090277778 0.60990548 -1 1 2.560936 0.88482661 0.72766943 0.031415412 2 0 0 0 0 1 1 0 45.334863 0
"bench_t21_three_region.csv"	23	-0.044466617
1 1 -0.090277778 0.60990548 -1 1 2.560936 0.88482661 0.72766943 0.031415412 2 0 0 0 0 1 1 0 45.334863 0
"bench_t21_three_region.csv"	2	-0.044466617
1 1 -0.090277778 0.60990548 -1 1 2.560936 0.88482661 0.72766943 0.031415412 2 0 0 0 0 1 1 0 45.334863 0
"bench_t21_three_region.csv"	4	-0.044466617
1 1 -0.090277778 0.60990548 -1 1 2.560936 0.88482661 0.72766943 0.031415412 2 0 0 0 0 1 1 0 45.334863 0
"bench_t21_three_region.csv"	1	0.025928604
1 1 -0.090277778 0.60990548 -1 1 2.560936 0.88482661 0.72766943 0.031415412 2 0 0 0 0 1 1 0 45.334863 0
"bench_t21_three_region.csv"	3	-0.0083009199
1 1 -0.090277778 0.60990548 -1 1 2.560936 0.88482661 0.72766943 0.031415412 2 0 0 0 0 1 1 0 45.334863 0
"bench_t21_three_region.csv"	21	0.027279346
1 1 -0.090277778 0.60990548 -1 1 2.560936 0.88482661 0.72766943 0.031415412 2 0 0 0 0 1 1 0 45.334863 0
"bench_t21_three_region.csv"	14	0.012176469
1 1 -0.090277778 0.60990548 -1 1 2.560936 0.88482661 0.72766943 0.031415412 2 0 0 0 0 1 1 0 45.334863 0
"bench_t21_three_region.csv"	12	-0.0083009199
1 1 -0.090277778 0.60990548 -1 1 2.560936 0.88482661 0.72766943 0.031415412 2 0 0 0 0 1 1 0 45.334863 0
"bench_t21_three_region.csv"	2	0.027613848
1 1 -0.090277778 0.60990548 -1 1 2.560936 0.88482661 0.72766943 0.031415412 2 0 0 0 0 1 1 0 45.334863 0
"bench_t21_three_region.csv"	4	0.028377914
1 1 -0.090277778 0.60990548 -1 1 2.560936 0.88482661 0.72766943 0.031415412 2 0 0 0 0 1 1 0 45.334863 0
"bench_t21_three_region.csv"	1	0.024908001
1 1 -0.090277778 0.60990548 -1 1 2.560936 0.88482661 0.72766943 0.031415412 2 0 0 0 0 1 1 0 45.334863 0
"bench_t21_three_region.csv"	3	-0.0083009199
1 1 -0.090277778 0.60990548 -1 1 2.560936 0.88482661 0.72766943 0.031415412 2 0 0 0 0 1 1 0 45.334863 0
"bench_t21_three_region.csv"	21	0.027473899
1 1 -0.090277778 0.60990548 -1 1 2.560936 0.88482661 0.72766943 0.031415412 2 0 0 0 0 1 1 0 45.334863 0
"bench_t21_three_region.csv"	14	0.0090093492
1 1 -0.090277778 0.60990548 -1 1 2.560936 0.88482661 0.72766943 0.031415412 2 0 0 0 0 1 1 0 45.334863 0
"bench_t21_three_region.csv"	12	-0.0083009199
1 1 -0.090277778 0.60990548 -1 1 2.560936 0.88482661 0.72766943 0.031415412 2 0 0 0 0 1 1 0 45.334863 0
"bench_t21_three_region.csv"	2	0.027786191
1 1 -0.090277778 0.60990548 -1 1 2.560936 0.88482661 0.72766943 0.031415412 2 0 0 0 0 1 1 0 45.334863 0
"bench_t21_three_region.csv"	4	0.02834798
1 1 -0.090277778 0.60990548 -1 1 2.560936 0.88482661 0.72766943 0.031415412 2 0 0 0 0 1 1 0 45.334863 0
"bench_t21_three_region.csv"	1	0.026367865
1 1 -0.090277778 0.60990548 -1 1 2.560936 0.88482661 0.72766943 0.031415412 2 0 0 0 0 1 1 0 45.334863 0
"bench_t21_three_region.csv"	3	-0.0074307606
1 1 -0.090277778 0.60990548 -1 1 2.560936 0.88482661 0.72766943 0.031415412 2 0 0 0 0 1 1 0 45.334863 0
"bench_t21_three_region.csv"	21	0.028254773
1 1 -0.090277778 0.60990548 -1 1 2.560936 0.88482661 0.72766943 0.031415412 2 0 0 0 0 1 1 0 45.334863 0
"bench_t21_three_region.csv"	14	0.010330126
1 1 -0.090277778 0.60990548 -1 1 2.560936 0.88482661 0.72766943 0.031415412 2 0 0 0 0 1 1 0 45.334863 0
"bench_t21_three_region.csv"	12	-0.0074307606
1 1 -0.090277778 0.60990548 -1 1 2.560936 0.88482661 0.72766943 0.031415412 2 0 0 0 0 1 1 0 45.334863 0
"bench_t21_three_region.csv"	2	0.028548862
1 1 -0.090277778 0.60990548 -1 1 2.560936 0.88482661 0.72766943 0.031415412 2 0 0 0 0 1 1 0 45.334863 0
"bench_t21_three_region.csv"	4	0.028801582
1 1 -0.090277778 0.60990548 -1 1 2.560936 0.88482661 0.72766943 0.031415412 2 0 0 0 0 1 1 0 45.334863 0
"bench_t21_three_region.csv"	1	0.025041609
1 1 -0.090277778 0.60990548 -1 1 2.560936 0.88482661 0.72766943 0.031415412 2 0 0 0 0 1 1 0 45.334863 0
"bench_t21_three_region.csv"	3	-0.0074307606
1 1 -0.090277778 0.60990548 -1 1 2.560936 0.88482661 0.72766943 0.031415412 2 0 0 0 0 1 1 0 45.334863 0
"bench_t21_three_region.csv"	21	0.028277582
1 1 -0.090277778 0.60990548 -1 1 2.560936 0.88482661 0.72766943 0.031415412 2 0 0 0 0 1 1 0 45.334863 0
"bench_t21_three_region.csv"	14	0.0098762868
1 1 -0.090277778 0.60990548 -1 1 2.560936 0.88482661 0.72766943 0.031415412 2 0 0 0 0 1 1 0 45.334863 0
"bench_t21_three_region.csv"	12	-0.0074307606
1 1 -0.090277778 0.60990548 -1 1 2.560936 0.88482661 0.72766943 0.031415412 2 0 0 0 0 1 1 0 45.334863 0
"bench_t21_three_region.csv"	2	0.026621807
1 1 -0.090277778 0.60990548 -1 1 2.560936 0.88482661 0.72766943 0.031415412 2 0 0 0 0 1 1 0 45.334863 0
"bench_t21_three_region.csv"	4	0.029371623
1 1 -0.090277778 0.60990548 -1 1 2.560936 0.88482661 0.72766943 0.031415412 2 0 0 0 0 1 1 0 45.334863 0
"bench_t21_three_region.csv"	1	0.0257164
1 1 -0.090277778 0.60990548 -1 1 2.560936 0.88482661 0.72766943 0.031415412 2 0 0 0 0 1 1 0 45.334863 0
"bench_t21_three_region.csv"	3	-0.0078725803
1 1 -0.090277778 0.60990548 -1 1 2.560936 0.88482661 0.72766943 0.031415412 2 0 0 0 0 1 1 0 45.334863 0
"bench_t21_three_region.csv"	21	0.027704763
1 1 -0.090277778 0.60990548 -1 1 2.560936 0.88482661 0.72766943 0.031415412 2 0 0 0 0 1 1 0 45.334863 0
"bench_t21_three_region.csv"	14	0.010502941
1 1 -0.090277778 0.60990548 -1 1 2.560936 0.88482661 0.72766943 0.031415412 2 0 0 0 0 1 1 0 45.334863 0
"bench_t21_three_region.csv"	12	-0.0078725803
1 1 -0.090277778 0.60990548 -1 1 2.560936 0.88482661 0.72766943 0.031415412 2 0 0 0 0 1 1 0 45.334863 0
"bench_t21_three_region.csv"	2	0.027997195
1 1 -0.090277778 0.60990548 -1 1 2.560936 0.88482661 0.72766943 0.031415412 2 0 0 0 0 1 1 0 45.334863 0
"bench_t21_three_region.csv"	4	0.028477195
1 1 -0.090277778 0.60990548 -1 1 2.560936 0.88482661 0.72766943 0.031415412 2 0 0 0 0 1 1 0 45.334863 0
"bench_t21_three_region.csv"	1	0.024594202
1 1 -0.090277778 0.60990548 -1 1 2.560936 0.88482661 0.72766943 0.031415412 2 0 0 0 0 1 1 0 45.334863 0
"bench_t21_three_region.csv"	3	-0.0078725803
1 1 -0.090277778 0.60990548 -1 1 2.560936 0.88482661 0.72766943 0.031415412 2 0 0 0 0 1 1 0 45.334863 0
"bench_t21_three_region.csv"	21	0.027842933
1 1 -0.090277778 0.60990548 -1 1 2.560936 0.88482661 0.72766943 0.031415412 2 0 0 0 0 1 1 0 45.334863 0
"bench_t21_three_region.csv"	14	0.0095966972
1 1 -0.090277778 0.60990548 -1 1 2.560936 0.88482661 0.72766943 0.031415412 2 0 0 0 0 1 1 0 45.334863 0
"bench_t21_three_region.csv"	12	-0.0078725803
1 1 -0.090277778 0.60990548 -1 1 2.560936 0.88482661 0.72766943 0.031415412 2 0 0 0 0 1 1 0 45.334863 0
"bench_t21_three_region.csv"	2	0.028104842
1 1 -0.090277778 0.60990548 -1 1 2.560936 0.88482661 0.72766943 0.031415412 2 0 0 0 0 1 1 0 45.334863 0
"bench_t21_three_region.csv"	4	0.028992767
1 1 -0.090277778 0.60990548 -1 1 2.560936 0.88482661 0.72766943 0.031415412 2 0 0 0 0 1 1 0 45.334863 0
"bench_t21_three_region.csv"	1	0.025744216
1 1 -0.090277778 0.60990548 -1 1 2.560936 0.88482661 0.72766943 0.031415412 2 0 0 0 0 1 1 0 45.334863 0
"bench_t21_three_region.csv"	3	-0.0074272402
1 1 -0.090277778 0.60990548 -1 1 2.560936 0.88482661 0.72766943 0.031415412 2 0 0 0 0 1 1 0 45.334863 0
"bench_t21_three_region.csv"	21	0.028188188
1 1 -0.090277778 0.60990548 -1 1 2.560936 0.88482661 0.72766943 0.031415412 2 0 0 0 0 1 1 0 45.334863 0
"bench_t21_three_region.csv"	14	0.010421478
1 1 -0.090277778 0.60990548 -1 1 2.560936 0.88482661 0.72766943 0.031415412 2 0 0 0 0 1 1 0 45.334863 0
"bench_t21_three_region.csv"	12	-0.0074272402
1 1 -0.090277778 0.60990548 -1 1 2.560936 0.88482661 0.72766943 0.031415412 2 0 0 0 0 1 1 0 45.334863 0
"bench_t21_three_region.csv"	2	0.028400206
1 1 -0.090277778 0.60990548 -1 1 2.560936 0.88482661 0.72766943 0.031415412 2 0 0 0 0 1 1 0 45.334863 0
"bench_t21_three_region.csv"	4	0.02935304
1 1 -0.090277778 0.60990548 -1 1 2.560936 0.88482661 0.72766943 0.031415412 2 0 0 0 0 1 1 0 45.334863 0
"bench_t21_three_region.csv"	1	0.024934568
1 1 -0.090277778 0.60990548 -1 1 2.560936 0.88482661 0.72766943 0.031415412 2 0 0 0 0 1 1 0 45.334863 0
"bench_t21_three_region.csv"	3	-0.0074272402
1 1 -0.090277778 0.60990548 -1 1 2.560936 0.88482661 0.72766943 0.031415412 2 0 0 0 0 1 1 0 45.334863 0
"bench_t21_three_region.csv"	21	0.028210075
1 1 -0.090277778 0.60990548 -1 1 2.560936 0.88482661 0.72766943 0.031415412 2 0 0 0 0 1 1 0 45.334863 0
"bench_t21_three_region.csv"	14	0.0088575645
1 1 -0.090277778 0.60990548 -1 1 2.560936 0.88482661 0.72766943 0.031415412 2 0 0 0 0 1 1 0 45.334863 0
"bench_t21_three_region.csv"	12	-0.0074272402
1 1 -0.090277778 0.60990548 -1 1 2.560936 0.88482661 0.72766943 0.031415412 2 0 0 0 0 1 1 0 45.334863 0
"bench_t21_three_region.csv"	2	0.028240449
1 1 -0.090277778 0.60990548 -1 1 2.560936 0.88482661 0.72766943 0.031415412 2 0 0 0 0 1 1 0 45.334863 0
"bench_t21_three_region.csv"	4	0.02928463
1 1 -0.090277778 0.60990548 -1 1 2.560936 0.88482661 0.72766943 0.031415412 2 0 0 0 0 1 1 0 45.334863 0
"bench_t21_three_region.csv"	1	0.025377884
1 1 -0.090277778 0.60990548 -1 1 2.560936 0.88482661 0.72766943 0.031415412 2 0 0 0 0 1 1 0 45.334863 0
"bench_t21_three_region.csv"	3	-0.0076283861
1 1 -0.090277778 0.60990548 -1 1 2.560936 0.88482661 0.72766943 0.031415412 2 0 0 0 0 1 1 0 45.334863 0
"bench_t21_three_region.csv"	21	0.027929526
1 1 -0.090277778 0.60990548 -1 1 2.560936 0.88482661 0.72766943 0.031415412 2 0 0 0 0 1 1 0 45.334863 0
"bench_t21_three_region.csv"	14	0.010779612
1 1 -0.090277778 0.60990548 -1 1 2.560936 0.88482661 0.72766943 0.031415412 2 0 0 0 0 1 1 0 45.334863 0
"bench_t21_three_region.csv"	12	-0.0076283861
1 1 -0.090277778 0.60990548 -1 1 2.560936 0.88482661 0.72766943 0.031415412 2 0 0 0 0 1 1 0 45.334863 0
"bench_t21_three_region.csv"	2	0.02811737
1 1 -0.090277778 0.60990548 -1 1 2.560936 0.88482661 0.72766943 0.031415412 2 0 0 0 0 1 1 0 45.334863 0
"bench_t21_three_region.csv"	4	0.02933519
1 1 -0.090277778 0.60990548 -1 1 2.560936 0.88482661 0.72766943 0.031415412 2 0 0 0 0 1 1 0 45.334863 0
"bench_t21_three_region.csv"	1	0.024603671
1 1 -0.090277778 0.60990548 -1 1 2.560936 0.88482661 0.72766943 0.031415412 2 0 0 0 0 1 1 0 45.334863 0
"bench_t21_three_region.csv"	3	-0.0076283861
1 1 -0.090277778 0.60990548 -1 1 2.560936 0.88482661 0.72766943 0.031415412 2 0 0 0 0 1 1 0 45.334863 0
"bench_t21_three_region.csv"	21	0.028006305
1 1 -0.090277778 0.60990548 -1 1 2.560936 0.88482661 0.72766943 0.031415412 2 0 0 0 0 1 1 0 45.334863 0
"bench_t21_three_region.csv"	14	0.0093071593
1 1 -0.090277778 0.60990548 -1 1 2.560936 0.88482661 0.72766943 0.031415412 2 0 0 0 0 1 1 0 45.334863 0
"bench_t21_three_region.csv"	12	-0.0076283861
1 1 -0.090277778 0.60990548 -1 1 2.560936 0.88482661 0.72766943 0.031415412 2 0 0 0 0 1 1 0 45.334863 0
"bench_t21_three_region.csv"	2	0.028355951
1 1 -0.090277778 0.60990548 -1 1 2.560936 0.88482661 0.72766943 0.031415412 2 0 0 0 0 1 1 0 45.334863 0
"bench_t21_three_region.csv"	4	0.029054448
1 1 -0.090277778 0.60990548 -1 1 2.560936 0.88482661 0.72766943 0.031415412 2 0 0 0 0 1 1 0 45.334863 0
"bench_t21_three_region.csv"	1	-0.035762238
1 1 -0.090277778 0.60990548 -1 1 2.560936 0.88482661 0.72766943 0.031415412 2 0 0 0 0 1 1 0 45.334863 0
"bench_t21_three_region.csv"	3	-0.035762238
1 1 -0.090277778 0.60990548 -1 1 2.560936 0.88482661 0.72766943 0.031415412 2 0 0 0 0 1 1 0 45.334863 0
"bench_t21_three_region.csv"	12	-0.035762238
1 1 -0.090277778 0.60990548 -1 1 2.560936 0.88482661 0.72766943 0.031415412 2 0 0 0 0 1 1 0 45.334863 0
"bench_t21_three_region.csv"	4	0.00026988372
1 1 -0.090277778 0.60990548 -1 1 2.560936 0.88482661 0.72766943 0.031415412 2 0 0 0 0 1 1 0 45.334863 0
"bench_t21_three_region.csv"	1	0.024421529
1 1 -0.090277778 0.60990548 -1 1 2.560936 0.88482661 0.72766943 0.031415412 2 0 0 0 0 1 1 0 45.334863 0
"bench_t21_three_region.csv"	3	-0.0020015797
1 1 -0.090277778 0.60990548 -1 1 2.560936 0.88482661 0.72766943 0.031415412 2 0 0 0 0 1 1 0 45.334863 0
"bench_t21_three_region.csv"	21	-0.0020015797
1 1 -0.090277778 0.60990548 -1 1 2.560936 0.88482661 0.72766943 0.031415412 2 0 0 0 0 1 1 0 45.334863 0
"bench_t21_three_region.csv"	14	0.017917886
1 1 -0.090277778 0.60990548 -1 1 2.560936 0.88482661 0.72766943 0.031415412 2 0 0 0 0 1 1 0 45.334863 0
"bench_t21_three_region.csv"	12	-0.0020015797
1 1 -0.090277778 0.60990548 -1 1 2.560936 0.88482661 0.72766943 0.031415412 2 0 0 0 0 1 1 0 45.334863 0
"bench_t22_windowed_sine.csv"	1	-0.14184205
1 1 0.0133975 0.28381226 -1 0.9975 3.7494815 0.14396683 0.19987853 0.017302425 2 0 0 0 0 1 0 0 3.0345707 0
"bench_t22_windowed_sine.csv"	12	-0.14184205
1 1 0.0133975 0.28381226 -1 0.9975 3.7494815 0.14396683 0.19987853 0.017302425 2 0 0 0 0 1 0 0 3.0345707 0
"bench_t22_windowed_sine.csv"	3	-0.030013571
1 1 0.0133975 0.28381226 -1 0.9975 3.7494815 0.14396683 0.19987853 0.017302425 2 0 0 0 0 1 0 0 3.0345707 0
"bench_t22_windowed_sine.csv"	1	0.0030994602
1 1 0.0133975 0.28381226 -1 0.9975 3.7494815 0.14396683 0.19987853 0.017302425 2 0 0 0 0 1 0 0 3.0345707 0
"bench_t22_windowed_sine.csv"	4	-0.030013571
1 1 0.0133975 0.28381226 -1 0.9975 3.7494815 0.14396683 0.19987853 0.017302425 2 0 0 0 0 1 0 0 3.0345707 0
